EPtot,Etot,EKtot,Bond,Angle
-303443.0191,-260624.7027,42818.3164,509.4316,1028.9462
-303689.1445,-261179.0273,42510.1172,495.1165,1056.2009
-303716.9925,-261090.6526,42626.3398,448.3584,1010.1835
-303846.2327,-261158.2757,42687.957,456.7594,1042.2883
-303631.7116,-261177.0476,42454.6641,511.1515,1074.3841
-303953.9508,-261207.986,42745.9648,501.3975,1057.5067
-303872.9515,-261161.2718,42711.6797,498.7569,1045.245
-303829.3981,-261186.8903,42642.5078,504.2223,1059.7725
-303994.5367,-261296.7633,42697.7734,491.5318,1046.5741
-303976.8421,-261268.6507,42708.1914,493.5612,1019.8918
-304020.4289,-261293.5227,42726.9062,491.0038,1068.3384
-304014.4419,-261273.731,42740.7109,505.5741,1040.5523
-303858.1435,-261212.2099,42645.9336,466.2186,1041.9029
-303971.0205,-261257.3603,42713.6602,491.9436,1054.0636
-303933.2658,-261239.1642,42694.1016,505.7085,1070.3644
-303742.6292,-261137.2503,42605.3789,505.8555,1027.8996
-304177.91,-261265.7147,42912.1953,491.4602,1105.5187
-304099.194,-261257.4947,42841.6992,517.9849,1019.4355
-303866.7406,-261276.8187,42589.9219,497.0064,1005.7466
-304152.8743,-261181.6048,42971.2695,500.7036,1019.7845
-304029.8862,-261323.6831,42706.2031,470.9714,1034.7853
-304023.2472,-261218.0206,42805.2266,517.7211,1034.9493
-303938.9632,-261278.4749,42660.4883,473.0107,1035.9294
-303953.149,-261310.3639,42642.7852,502.7465,1013.591
-303623.9297,-261195.9257,42428.0039,523.5886,1018.2024
-303793.2269,-261178.055,42615.1719,475.0822,1025.7132
-304088.7364,-261322.4161,42766.3203,478.3579,1007.0546
-303924.7273,-261131.7507,42792.9766,494.2309,1000.7711
-303809.9163,-261216.2014,42593.7148,507.3233,1041.512
-303910.0156,-261237.6484,42672.3672,507.1734,1032.5455
-303840.5261,-261273.2018,42567.3242,493.0623,1027.1851
-303947.0375,-261138.557,42808.4805,501.9728,1000.5698
-303890.181,-261234.9857,42655.1953,476.8161,1066.5641
-304047.7793,-261267.0449,42780.7344,492.2721,1032.4893
-303895.1338,-261122.3408,42772.793,464.7089,1056.2516
-303961.9858,-261181.4389,42780.5469,535.6886,1038.6414
-304016.3284,-261300.18,42716.1484,481.1918,1048.5944
-304017.6259,-261254.7509,42762.875,500.4553,1032.888
-303747.8112,-261183.358,42564.4531,499.5918,1042.4975
-304007.449,-261204.7654,42802.6836,484.7647,1041.7022
-303818.9998,-261236.3514,42582.6484,557.6292,1044.3063
-303828.296,-261208.4171,42619.8789,482.9923,1051.3529
-304193.8789,-261245.3789,42948.5,519.9929,1048.7013
-304131.4898,-261293.8726,42837.6172,489.5327,1006.389
-303747.53,-261171.3307,42576.1992,454.9643,1042.2622
-304008.625,-261361.8086,42646.8164,496.7213,1078.7761
-303952.881,-261188.7131,42764.168,496.94,1068.7318
-303902.8215,-261152.8996,42749.9219,479.7808,1049.5662
-304012.3276,-261310.9877,42701.3398,489.2266,1043.6583
-304157.8908,-261211.0939,42946.7969,469.402,1023.7127
-303911.1738,-261129.7441,42781.4297,484.0313,1049.5314
-304018.2799,-261213.7135,42804.5664,492.7694,995.9457
-303979.2815,-261198.6019,42780.6797,498.7945,1038.5217
-303933.3064,-261204.3064,42729.0,515.0075,1082.3332
-304030.2479,-261217.4861,42812.7617,513.9608,1055.6464
-303563.3862,-261219.1674,42344.2188,499.8369,1018.8262
-304116.0055,-261253.0719,42862.9336,500.435,1037.8997
-303967.8879,-261241.0208,42726.8672,532.6164,1056.6412
-303860.5,-261269.9883,42590.5117,463.7292,1037.3382
-304007.9689,-261345.4182,42662.5508,473.7652,1039.972
-303551.5936,-261181.6444,42369.9492,488.5522,1048.8758
-303823.5313,-261233.336,42590.1953,504.1921,1066.9542
-303998.8786,-261285.0622,42713.8164,474.0082,1034.2997
-303941.9188,-261201.2899,42740.6289,486.6663,1057.345
-303707.0626,-261103.5391,42603.5234,482.7839,1052.6746
-303770.1853,-261219.6892,42550.4961,511.6445,1074.9071
-303866.6637,-261237.6989,42628.9648,511.0399,1059.2232
-303558.3129,-261160.8442,42397.4688,497.3179,1087.3117
-303798.6976,-261201.2445,42597.4531,485.2708,993.4664
-303756.562,-261214.0972,42542.4648,506.6228,1038.2324
-303841.5893,-261181.312,42660.2773,484.272,1017.1425
-303891.1445,-261135.7109,42755.4336,521.2225,1016.1098
-303591.6647,-261076.2702,42515.3945,487.1579,1019.0679
-303964.7571,-261209.5969,42755.1602,485.2026,1048.9507
-303831.5952,-261232.8257,42598.7695,508.2367,1039.7
-303759.1923,-261223.0478,42536.1445,505.8965,1033.6598
-303970.2636,-261228.4824,42741.7812,498.7799,1064.0467
-303608.821,-261210.8639,42397.957,472.2959,1100.3062
-304067.0058,-261214.6073,42852.3984,489.2598,1037.9278
-304224.1096,-261255.2034,42968.9062,456.9769,1071.2292
-304048.4005,-261304.7364,42743.6641,496.1151,1022.4117
-303886.7414,-261239.3547,42647.3867,480.6658,1045.6809
-303852.7594,-261296.1812,42556.5781,493.8099,1002.1207
-303999.3951,-261182.5983,42816.7969,496.7155,1041.6677
-304007.6082,-261208.4793,42799.1289,483.8148,1022.8234
-303965.7938,-261219.7704,42746.0234,495.2889,1027.3848
-303917.4234,-261153.6382,42763.7852,502.1469,1036.3622
-303890.8585,-261241.7218,42649.1367,518.9358,1022.3631
-303916.4025,-261149.2424,42767.1602,464.2833,1064.2027
-303908.0098,-261305.3379,42602.6719,512.762,1052.8101
-304097.3038,-261326.4053,42770.8984,493.6529,1025.6252
-304046.2311,-261267.4694,42778.7617,479.0763,1029.2683
-303772.9424,-261199.6494,42573.293,484.041,1070.1012
-303627.7154,-261145.6568,42482.0586,496.4906,1066.8684
-304196.4539,-261283.114,42913.3398,508.9937,1044.9381
-304171.465,-261338.7072,42832.7578,506.0045,1082.116
-303916.7152,-261262.9809,42653.7344,469.9113,1050.2209
-304013.195,-261292.0739,42721.1211,512.6865,1065.7928
-304009.8113,-261310.0457,42699.7656,518.3731,1069.6401
-304160.2186,-261225.2264,42934.9922,492.6299,1040.3458
-303737.7892,-261156.4767,42581.3125,479.4158,1062.7057
-303800.661,-261274.0829,42526.5781,517.349,999.8872
-303822.1843,-261124.0163,42698.168,491.1639,1042.0098
-303917.8957,-261151.798,42766.0977,495.0412,977.5358
-304035.2118,-261335.9267,42699.2852,491.8893,1069.6741
-304013.7052,-261284.3107,42729.3945,501.6662,1003.3234
-303815.3874,-261143.7428,42671.6445,493.458,1030.0273
-303959.5838,-261224.7439,42734.8398,522.2798,1049.0579
-303790.1809,-261290.8254,42499.3555,489.9096,1004.4597
-303823.5538,-261235.9874,42587.5664,485.8019,1022.2361
-303833.0088,-261149.1807,42683.8281,518.0615,1006.1364
-303922.8895,-261121.5653,42801.3242,527.8051,1027.1981
-303559.7826,-261157.0013,42402.7812,493.3021,1027.5417
-303894.7553,-261208.7983,42685.957,485.0704,1020.2439
-303792.8413,-261254.7554,42538.0859,503.3408,1028.9755
-303950.3328,-261172.2078,42778.125,492.3172,1018.6143
-304233.3852,-261308.7055,42924.6797,507.4324,1029.644
-303977.2773,-261233.2577,42744.0195,472.8162,1017.2625
-304188.9307,-261306.6064,42882.3242,498.499,1075.7135
-303993.2626,-261212.5946,42780.668,475.7202,990.8596
-303893.2992,-261163.4945,42729.8047,471.5527,1036.7035
-303967.5257,-261253.5921,42713.9336,484.8717,1064.01
-304105.1052,-261273.5622,42831.543,494.8023,1049.1132
-303716.8909,-261234.3323,42482.5586,492.1894,1000.9353
-303826.9633,-261188.6313,42638.332,491.8139,1011.6711
-303659.4298,-261163.9923,42495.4375,489.1804,1054.2758
-303574.2425,-261191.8558,42382.3867,501.61,1057.8445
-303727.8319,-261233.7851,42494.0469,500.1671,1050.2044
-303904.2269,-261256.0472,42648.1797,505.3739,1012.6074
-303968.4801,-261362.4098,42606.0703,535.8562,1031.0018
-303792.4546,-261308.728,42483.7266,511.2504,1073.1834
-303950.9635,-261252.8346,42698.1289,510.4754,1018.2741
-304040.5341,-261200.8349,42839.6992,492.6646,997.735
-303774.0406,-261261.0093,42513.0312,488.593,1052.0821
-303974.405,-261269.2449,42705.1602,464.1044,1069.4446
-303802.3688,-261173.0368,42629.332,482.2744,1012.669
-303976.25,-261297.9922,42678.2578,536.5764,1054.6327
-304046.2976,-261338.1101,42708.1875,483.7737,1034.5755
-303814.3495,-261175.8417,42638.5078,488.7097,1010.3959
-303740.4343,-261185.1726,42555.2617,518.7175,1029.9271
-304052.294,-261327.3565,42724.9375,492.9511,1038.403
-303932.9015,-261254.2648,42678.6367,500.8157,1041.317
-304007.6626,-261338.3383,42669.3242,499.4044,1059.5069
-303903.9954,-261204.9915,42699.0039,482.2638,1082.72
-303807.7351,-261195.8523,42611.8828,458.9247,1034.7802
-303812.4953,-261083.55,42728.9453,507.0867,1057.7823
-303930.6354,-261134.9088,42795.7266,467.4185,1041.6916
-303834.2885,-261144.5971,42689.6914,506.9609,1037.8612
-303860.9136,-261123.144,42737.7695,495.6927,1043.9699
-303834.0975,-261148.3514,42685.7461,519.4378,1066.7899
-303861.6795,-261375.7224,42485.957,533.6769,1068.8729
-304014.1614,-261291.5794,42722.582,510.5139,1047.9543
-304346.4255,-261179.2888,43167.1367,489.6415,1021.8841
-304092.5769,-261199.6628,42892.9141,493.2316,991.7964
-303849.3769,-261263.4784,42585.8984,501.3523,1024.846
-303815.3557,-261320.3869,42494.9688,508.3505,1051.5593
-303741.2759,-261229.3463,42511.9297,477.7268,1028.8716
-303971.9134,-261235.7103,42736.2031,508.8463,1038.9989
-303788.538,-261158.5341,42630.0039,504.61,1054.5637
-304103.9512,-261289.963,42813.9883,489.015,1041.7618
-303783.6685,-261141.3755,42642.293,525.6527,1048.9878
-303882.9095,-261177.3821,42705.5273,508.1719,1041.8084
-303836.2186,-261169.2264,42666.9922,480.5297,1061.3166
-303558.3025,-261143.8337,42414.4688,468.5794,1063.4157
-303814.1322,-261208.3744,42605.7578,514.9129,1027.0321
-304079.0696,-261203.4446,42875.625,507.3649,991.5675
-304028.6223,-261326.7707,42701.8516,472.4584,1041.0544
-303943.0614,-261349.1512,42593.9102,519.1412,1036.7101
-303882.8927,-261251.2599,42631.6328,478.3627,1099.444
-303861.2842,-261144.6201,42716.6641,502.3938,1020.5898
-304192.7073,-261343.1292,42849.5781,484.4034,1029.9886
-303989.3868,-261260.7813,42728.6055,530.481,1058.1479
-303788.2811,-261231.0936,42557.1875,503.3111,1017.9968
-303918.5887,-261243.6161,42674.9727,502.7215,1051.5861
-303616.6556,-261230.0774,42386.5781,492.9946,1045.9567
-303777.515,-261227.5971,42549.918,526.849,1044.3849
-303865.7841,-261212.5653,42653.2188,487.5348,1024.7324
-304041.9578,-261245.614,42796.3438,503.2447,1020.2333
-303842.1172,-261199.1875,42642.9297,453.0277,1024.4762
-303835.3764,-261160.6928,42674.6836,475.3999,1048.3175
-304059.071,-261212.071,42847.0,467.7192,1098.2638
-303730.3393,-261230.0542,42500.2852,507.7658,1039.0715
-304040.0906,-261345.4422,42694.6484,476.1036,1082.9959
-303796.9102,-261204.918,42591.9922,505.6446,1032.7319
-304102.1329,-261324.5313,42777.6016,537.3962,1067.0647
-303824.6001,-261209.5767,42615.0234,519.8435,1038.0532
-304039.7862,-261224.8995,42814.8867,514.6238,1058.6932
-303919.3332,-261260.8918,42658.4414,471.0788,1067.322
-303852.9565,-261216.6597,42636.2969,495.0248,1040.707
-303828.2881,-261234.503,42593.7852,505.5157,1040.136
-303849.5989,-261158.7708,42690.8281,508.6754,1018.6272
-303876.6029,-261203.6068,42672.9961,488.4833,1022.3895
-304086.8416,-261267.3885,42819.4531,487.9491,989.343
-303983.4213,-261236.769,42746.6523,497.1907,1066.3578
-303907.2061,-261272.2256,42634.9805,502.3021,1053.8588
-303957.4483,-261299.8233,42657.625,485.676,1061.1233
-303984.9327,-261224.3077,42760.625,493.9322,1018.5086
-304016.2345,-261290.0157,42726.2188,476.8678,1064.1956
-303831.1801,-261233.6528,42597.5273,500.8178,1046.1999
-303900.2002,-261198.2354,42701.9648,504.9836,1061.3135
-303852.5609,-261182.8499,42669.7109,520.9084,1060.2103
-303838.1324,-261361.1597,42476.9727,506.2857,1011.3
-303807.3153,-261244.2684,42563.0469,506.4289,1063.3704
-303778.1273,-261230.7835,42547.3438,478.5732,1056.5326
-303737.0937,-261134.4375,42602.6562,467.9062,1032.0033
-303981.9552,-261243.4474,42738.5078,501.9329,1032.4286
-303970.8871,-261348.8246,42622.0625,496.7915,1018.288
-303994.3055,-261300.5594,42693.7461,500.0335,1059.3523
-303944.6518,-261298.351,42646.3008,471.0836,1040.2273
-303841.0464,-261235.5894,42605.457,503.2553,1072.9121
-304077.0024,-261249.4477,42827.5547,483.072,1077.0561
-303904.4667,-261204.0644,42700.4023,499.0665,1074.0514
-303679.2818,-261128.688,42550.5938,494.5245,1032.435
-303808.9528,-261180.6208,42628.332,502.0209,1026.5668
-304074.1388,-261275.4083,42798.7305,485.4573,1014.2954
-304019.1084,-261239.6397,42779.4688,495.3301,1062.3498
-303985.757,-261278.7257,42707.0312,472.2918,1039.8845
-303884.8378,-261220.6386,42664.1992,499.4076,1063.3034
-304365.0892,-261339.7298,43025.3594,489.268,1077.8283
-303720.7295,-261247.456,42473.2734,481.7853,1058.0029
-304037.899,-261249.1412,42788.7578,501.1779,1052.5951
-304126.5224,-261298.4717,42828.0508,491.4653,983.6161
-303785.4592,-261215.2522,42570.207,488.5051,984.916
-303811.6786,-261185.2801,42626.3984,474.2332,1049.652
-303853.3019,-261186.0206,42667.2812,502.211,1031.3915
-303912.0268,-261218.2651,42693.7617,508.4205,1071.2777
-303836.7864,-261238.1848,42598.6016,497.2663,1046.5836
-304069.8926,-261267.8028,42802.0898,477.6988,1047.5713
-303970.7891,-261304.9766,42665.8125,497.0175,1042.2913
-303938.8687,-261239.607,42699.2617,490.8712,1034.1685
-303929.8725,-261134.7592,42795.1133,485.3573,1013.2325
-303957.7489,-261258.62,42699.1289,485.0301,1080.0122
-303828.2197,-261175.1415,42653.0781,480.5236,1014.0499
-304123.1118,-261316.2056,42806.9062,477.3305,1098.085
-303895.5546,-261272.0078,42623.5469,532.4021,995.4752
-304022.8252,-261291.1767,42731.6484,524.3921,1059.5872
-303845.8465,-261270.7371,42575.1094,497.7202,1051.9629
-304158.3619,-261224.5924,42933.7695,475.8277,1011.2809
-303901.6179,-261281.4812,42620.1367,481.152,1050.2383
-304083.2912,-261201.3341,42881.957,473.7071,1027.6417
-303796.4196,-261205.4275,42590.9922,496.5811,1033.8613
-303794.5002,-261252.1252,42542.375,517.8941,1019.7675
-303958.559,-261258.4262,42700.1328,477.058,1053.7563
-304046.405,-261351.0182,42695.3867,491.3313,1047.8737
-303950.6946,-261177.4641,42773.2305,489.6266,1054.1137
-304075.3723,-261381.5988,42693.7734,495.7442,1042.4465
-303956.3554,-261198.8906,42757.4648,505.544,1057.9991
-303878.0579,-261193.6244,42684.4336,501.145,1044.2575
-303921.5798,-261226.8181,42694.7617,517.3351,1062.8197
-304060.9217,-261384.6912,42676.2305,509.3172,1054.1669
-303803.0458,-261183.1395,42619.9062,516.5923,1051.8434
-303919.5532,-261215.7915,42703.7617,506.3277,1024.1245
-303734.1571,-261272.7782,42461.3789,520.6638,1018.8579
-303947.1295,-261320.1099,42627.0195,468.6768,1031.0335
-304090.0397,-261291.4108,42798.6289,512.5037,1011.9203
-303951.8092,-261178.4107,42773.3984,503.9009,1008.8365
-303881.2989,-261178.3693,42702.9297,504.248,1042.1
-304047.1654,-261249.2865,42797.8789,476.6935,1032.2231
-303823.2434,-261262.6028,42560.6406,501.7929,1057.6601
-303749.2979,-261262.8878,42486.4102,509.7669,1085.1385
-303869.3955,-261284.2158,42585.1797,473.9214,1048.567
-303834.6331,-261310.68,42523.9531,482.5207,1115.226
-304102.5275,-261282.8868,42819.6406,487.0038,1015.8012
-303822.5231,-261272.2341,42550.2891,498.9997,1046.6388
-303929.0237,-261253.3401,42675.6836,509.9092,1028.9371
-303757.8882,-261219.5093,42538.3789,475.2146,1026.7667
-303908.2001,-261164.6376,42743.5625,513.8416,1015.3001
-303771.026,-261230.5104,42540.5156,486.7194,1007.2995
-304041.945,-261162.5544,42879.3906,485.2935,1044.0532
-303930.1006,-261317.7334,42612.3672,533.1618,1014.1433
-303916.6245,-261195.2886,42721.3359,524.3276,1020.6616
-303754.029,-261248.947,42505.082,495.7846,1060.5942
-303998.046,-261229.2413,42768.8047,457.9341,1074.6553
-303974.8667,-261258.8901,42715.9766,522.8485,1055.0991
-304048.2923,-261177.3548,42870.9375,505.0756,1033.6815
-303716.928,-261236.842,42480.0859,501.0809,1023.9953
-303892.1026,-261234.1534,42657.9492,492.5233,1055.7548
-303831.5955,-261169.4002,42662.1953,508.7795,1020.0578
-303895.9305,-261158.0633,42737.8672,464.298,1043.456
-303945.2773,-261186.2734,42759.0039,491.2504,1053.6653
-303854.7408,-261213.8384,42640.9023,456.2697,1022.5618
-303932.63,-261218.505,42714.125,483.4085,1015.3631
-303917.8115,-261269.5889,42648.2227,490.259,1060.7952
-303925.9678,-261284.8779,42641.0898,500.1,1026.2387
-304108.7959,-261232.4756,42876.3203,465.3095,1057.8456
-304121.5861,-261237.5548,42884.0312,466.1842,1055.6775
-303928.2279,-261211.7944,42716.4336,513.4409,1034.9988
-303805.3613,-261214.5722,42590.7891,508.2905,1063.9202
-303751.3093,-261204.9733,42546.3359,477.6913,1029.594
-303906.9718,-261140.7921,42766.1797,481.1892,1040.0863
-303863.2194,-261252.2584,42610.9609,507.3304,1039.3058
-303658.9624,-261219.9976,42438.9648,501.9572,1052.4118
-303997.8209,-261182.3756,42815.4453,477.2273,1040.6362
-303915.61,-261181.2389,42734.3711,506.0886,1041.0062
-303835.5316,-261183.0004,42652.5312,510.6031,1029.114
-304177.8766,-261288.9821,42888.8945,495.3331,1017.5558
-303709.582,-261142.7734,42566.8086,515.6493,1073.9322
-304121.0461,-261240.0109,42881.0352,478.1229,1063.5339
-303994.4078,-261236.4195,42757.9883,523.681,1058.8103
-303975.9413,-261253.3046,42722.6367,515.957,1021.93
-303736.3515,-261166.8202,42569.5312,503.4038,1052.8495
-304183.1623,-261158.6115,43024.5508,457.8667,1054.9808
-303912.8273,-261281.0656,42631.7617,529.9255,1044.7199
-304048.6137,-261263.3715,42785.2422,492.8916,1045.0699
-303939.9376,-261292.5939,42647.3438,468.9054,1037.3934
-303691.1419,-261120.6106,42570.5312,499.1514,1045.4406
-303966.6503,-261154.0761,42812.5742,489.3916,1030.791
-303696.4686,-261041.8631,42654.6055,486.6841,1039.8049
-303782.9258,-261146.9258,42636.0,490.3109,1046.5736
-303942.3615,-261175.4943,42766.8672,505.1221,1015.9728
-303718.1401,-261196.187,42521.9531,489.8279,1047.5477
-303756.2018,-261136.3502,42619.8516,478.9838,1022.0302
-304236.9421,-261209.2585,43027.6836,496.0169,1032.983
-303896.6264,-261270.9662,42625.6602,472.7336,1059.1675
-303843.4857,-261228.6341,42614.8516,502.7631,1053.223
-303606.9815,-261178.3174,42428.6641,476.5811,1048.7141
-303647.5027,-261158.159,42489.3438,529.5248,1050.8189
-303807.7532,-261213.6712,42594.082,454.0579,1013.6723
-303799.2633,-261271.3101,42527.9531,514.3373,996.7641
-303791.1213,-261247.7307,42543.3906,498.9699,1040.9715
-303805.7577,-261303.496,42502.2617,492.8855,1069.4967
-304072.2431,-261293.6728,42778.5703,501.7113,1059.2495
-303638.934,-261102.7894,42536.1445,508.7832,1028.384
-303862.773,-261190.2184,42672.5547,503.7939,1043.9594
-304022.7119,-261296.8955,42725.8164,488.9667,1031.9846
-303741.5776,-261167.9019,42573.6758,514.076,1029.3295
-303968.5192,-261261.4724,42707.0469,500.4687,1047.1017
-303803.5845,-261192.9752,42610.6094,452.3222,1045.291
-303788.8442,-261153.6724,42635.1719,482.3394,1062.9389
-303706.1453,-261203.4148,42502.7305,514.0132,1033.5917
-304053.4598,-261335.491,42717.9688,493.8022,1051.1665
-303997.5179,-261321.4671,42676.0508,503.2099,1027.3687
-303846.9347,-261206.0558,42640.8789,496.9674,1045.091
-304019.8268,-261249.4518,42770.375,517.7187,1018.0177
-303861.5457,-261152.6707,42708.875,483.2806,1054.6037
-303788.9118,-261170.1696,42618.7422,492.5943,1022.8834
-303859.735,-261242.5163,42617.2188,490.1447,1064.2769
-303979.511,-261310.8274,42668.6836,515.6273,1052.7281
-303815.6062,-261203.7858,42611.8203,505.4034,1027.1173
-303857.9378,-261229.1097,42628.8281,514.9433,1021.6552
-304156.4272,-261341.7163,42814.7109,496.6396,1033.2736
-303852.9457,-261305.141,42547.8047,517.7637,1040.7548
-304014.8196,-261297.5188,42717.3008,502.1709,1074.1357
-304006.7397,-261230.6499,42776.0898,499.8074,1050.3568
-303971.0429,-261232.3593,42738.6836,481.3268,1019.9705
-303762.3644,-261079.669,42682.6953,497.2644,1028.4563
-303824.9208,-261233.2255,42591.6953,520.6174,1052.9188
-303839.6705,-261168.0065,42671.6641,474.3966,1063.2862
-303990.4465,-261276.9153,42713.5312,521.2917,1011.8514
-304038.6132,-261278.8788,42759.7344,495.7475,1067.7882
-304034.8238,-261256.1871,42778.6367,470.4101,1049.7523
-303888.456,-261215.3037,42673.1523,478.3786,1040.9728
-303713.0106,-261212.5302,42500.4805,505.1647,1058.6178
-303754.9682,-261164.4955,42590.4727,479.236,1051.0558
-303718.349,-261135.8998,42582.4492,507.6028,1009.0635
-304025.7209,-261244.0373,42781.6836,511.4507,1037.7773
-303798.8565,-261193.1104,42605.7461,533.7071,1051.7941
-304080.6617,-261283.8141,42796.8477,500.7614,1028.8165
-303626.3157,-261101.6868,42524.6289,511.9639,1058.7805
-303756.4372,-261132.3669,42624.0703,505.2363,1003.5469
-303874.4225,-261153.9733,42720.4492,513.5097,1048.7597
-303712.9549,-261130.0642,42582.8906,501.8161,1029.0759
-303792.5406,-261110.0875,42682.4531,498.9683,1019.4821
-304021.0206,-261255.4971,42765.5234,504.4102,1071.349
-303793.7754,-261201.3105,42592.4648,515.1371,1073.1732
-304163.0242,-261210.782,42952.2422,490.1442,1079.2029
-303640.3028,-261238.252,42402.0508,496.4355,1035.9749
-303863.3604,-261205.0206,42658.3398,510.9133,1041.2929
-303795.1148,-261161.4742,42633.6406,491.3628,1046.2368
-303801.4915,-261174.3157,42627.1758,520.9532,995.1016
-303995.9649,-261237.0704,42758.8945,478.3753,1014.7299
-303854.2987,-261185.494,42668.8047,504.7084,1000.2146
-304129.1072,-261216.3923,42912.7148,530.6944,1039.4417
-304045.9841,-261276.3552,42769.6289,496.0433,1009.4319
-304084.0073,-261269.1206,42814.8867,512.776,1094.9271
-303798.2448,-261162.6588,42635.5859,492.626,1019.7686
-303915.0056,-261145.2244,42769.7812,507.2263,1002.3455
-303879.4671,-261174.0453,42705.4219,499.6949,1033.9035
-304108.6664,-261303.4281,42805.2383,474.5612,1054.3337
-303837.338,-261307.7013,42529.6367,510.6479,1026.4552
-304047.7134,-261325.893,42721.8203,467.1802,1036.9378
-303930.7294,-261232.8426,42697.8867,517.7725,1020.4034
-304019.2454,-261135.4798,42883.7656,478.1978,1018.2349
-304002.6851,-261226.4312,42776.2539,503.396,1057.3107
-303766.2835,-261207.639,42558.6445,490.176,1050.0907
-303554.1268,-261216.9667,42337.1602,505.6596,1046.6282
-303732.9363,-261266.1317,42466.8047,494.1873,1082.3232
-303855.4766,-261325.4884,42529.9883,506.8335,1030.2059
-304160.0867,-261204.2742,42955.8125,497.322,1017.9797
-303994.4811,-261207.6217,42786.8594,469.8913,1099.3721
-303855.1063,-261224.8641,42630.2422,481.9777,1077.0128
-303938.9958,-261244.9724,42694.0234,465.0484,1041.804
-304187.5072,-261286.2181,42901.2891,488.9914,1039.6035
-303973.1486,-261309.2111,42663.9375,450.5589,995.9817
-303763.6573,-261189.4816,42574.1758,525.2156,1052.889
-303742.4893,-261205.962,42536.5273,459.4645,1033.3673
-303891.4149,-261215.2821,42676.1328,503.7393,1062.5116
-303875.3556,-261217.1915,42658.1641,507.9972,1059.737
-303519.2667,-261095.9816,42423.2852,457.3867,1020.0504
-304101.3631,-261220.6092,42880.7539,517.4214,1082.2609
-304173.7075,-261328.2154,42845.4922,515.8466,1108.3724
-303895.3089,-261233.2972,42662.0117,503.9767,1000.9876
-303800.0362,-261253.3331,42546.7031,483.3041,1041.5045
-303760.0331,-261126.9315,42633.1016,483.495,1058.8066
-304252.4224,-261335.3365,42917.0859,503.994,985.7354
-303877.6803,-261194.3482,42683.332,496.5947,1045.6308
-303855.3722,-261235.7589,42619.6133,492.4926,1083.3325
-303956.0828,-261217.657,42738.4258,487.6592,1033.9446
-304074.6117,-261304.4594,42770.1523,493.3382,1057.6391
-303788.3905,-261170.7616,42617.6289,475.0731,1056.2192
-303681.5233,-261156.1248,42525.3984,491.1403,1036.5331
-304057.3322,-261278.2697,42779.0625,508.5684,1053.2037
-303773.0082,-261264.8714,42508.1367,519.9111,1088.3989
-303948.4874,-261195.4366,42753.0508,467.0333,1040.941
-303922.5996,-261176.8223,42745.7773,511.3896,1000.7695
-303596.2914,-261231.7211,42364.5703,486.5375,1033.6224
-304223.7288,-261307.5139,42916.2148,523.9984,1019.7157
-304027.1221,-261215.626,42811.4961,495.5008,1040.2815
-303812.7958,-261202.159,42610.6367,476.1029,1075.7792
-303920.949,-261190.0115,42730.9375,519.5461,1077.3604
-304029.3127,-261218.6877,42810.625,520.1981,1041.2449
-303833.0775,-261174.9251,42658.1523,497.1827,1058.2982
-303739.2741,-261218.2663,42521.0078,478.46,1032.0842
-303897.4707,-261207.2636,42690.207,500.1996,1036.132
-303924.6179,-261273.7273,42650.8906,484.5042,1054.5962
-304000.9759,-261177.0501,42823.9258,501.5058,1010.6797
-303926.8545,-261108.8662,42817.9883,499.7314,1042.63
-303942.3255,-261202.8294,42739.4961,482.5484,1041.1531
-303939.6225,-261177.7944,42761.8281,464.5151,1057.4704
-304104.7629,-261254.4895,42850.2734,480.9054,1040.5094
-303840.3033,-261198.815,42641.4883,505.0085,1052.5336
-303936.3751,-261238.4883,42697.8867,483.7006,1068.8911
-303774.8157,-261192.0931,42582.7227,459.6266,1099.4034
-303964.0278,-261215.395,42748.6328,526.0382,1053.2201
-303852.3127,-261218.0393,42634.2734,497.0512,1029.9927
-304019.6931,-261264.658,42755.0352,494.5953,1017.0072
-303713.2317,-261123.7043,42589.5273,497.4496,1051.2142
-303681.1448,-261018.2698,42662.875,510.7699,1035.1744
-303977.4867,-261089.7718,42887.7148,488.8279,1058.6596
-304069.8012,-261339.4965,42730.3047,486.5288,1061.2184
-303927.8142,-261176.7946,42751.0195,477.0392,1032.7832
-303844.4737,-261253.1182,42591.3555,502.1964,1059.4965
-304014.0993,-261169.3766,42844.7227,491.6204,1076.4324
-303947.9849,-261231.5318,42716.4531,502.1015,1034.8463
-304181.0324,-261337.6379,42843.3945,495.3444,1033.9085
-303951.2798,-261204.7368,42746.543,489.2104,1006.7754
-303992.3934,-261328.8153,42663.5781,510.5675,1025.7338
-303899.2635,-261262.1658,42637.0977,522.8017,1001.9563
-303967.7675,-261227.2011,42740.5664,475.3479,1029.8663
-303783.8849,-261257.8771,42526.0078,489.2894,1032.5992
-303923.2833,-261143.5177,42779.7656,486.0432,1056.6323
-303949.1812,-261295.107,42654.0742,492.4642,998.7143
-303862.4289,-261208.4016,42654.0273,513.8279,1008.3178
-303870.9931,-261127.372,42743.6211,516.5849,1057.4591
-303863.6066,-261206.3097,42657.2969,467.2027,1038.3275
-304052.3193,-261234.1982,42818.1211,479.5945,1032.5124
-303894.4339,-261268.2972,42626.1367,494.6642,1038.2675
-303815.2399,-261119.3453,42695.8945,494.2112,1047.9297
-303760.5177,-261236.0606,42524.457,508.2655,1023.9544
-303942.3201,-261222.199,42720.1211,491.098,1021.3684
-303982.8964,-261265.0526,42717.8438,479.245,1053.8564
-304027.5748,-261283.1881,42744.3867,542.8841,1041.6463
-303749.1839,-261172.1058,42577.0781,504.9293,1063.327
-303824.6852,-261119.5875,42705.0977,524.9254,1029.2194
-303835.0011,-261256.4191,42578.582,537.5809,1024.1008
-304165.004,-261275.6407,42889.3633,496.5275,994.4703
-303867.3899,-261216.3978,42650.9922,507.5068,1060.7708
-303851.3964,-261197.3104,42654.0859,490.8472,990.5457
-304066.1493,-261307.9696,42758.1797,511.5666,1045.4621
-303790.2774,-261181.6563,42608.6211,478.2821,1034.8028
-303816.7848,-261161.1949,42655.5898,460.5281,1064.2944
-303692.5915,-261212.7946,42479.7969,478.5199,1029.1765
-303913.3804,-261141.6968,42771.6836,483.284,1051.1208
-303614.8992,-261151.4149,42463.4844,533.915,1041.2767
-303798.2856,-261174.5004,42623.7852,501.7447,1038.1436
-303782.6462,-261139.8845,42642.7617,494.1216,1095.213
-303699.2866,-261204.7945,42494.4922,485.4529,1044.274
-303954.7381,-261274.7029,42680.0352,517.1075,1033.5659
-304018.0654,-261204.1709,42813.8945,503.6414,1075.5546
-303990.5222,-261221.784,42768.7383,536.1858,1014.9846
-303750.6588,-261174.0065,42576.6523,494.2022,1061.5983
-303721.9035,-261214.5715,42507.332,468.088,1012.3079
-303786.7069,-261225.4257,42561.2812,503.7592,1041.332
-303989.5629,-261193.4105,42796.1523,516.8755,998.5619
-303961.6975,-261156.5842,42805.1133,458.0161,994.6325
-303909.553,-261156.221,42753.332,481.9107,1061.3521
-303685.0731,-261127.9208,42557.1523,502.7479,1040.677
-303888.214,-261175.0304,42713.1836,543.7089,1047.2155
-303802.1762,-261184.5043,42617.6719,466.6742,1040.0029
-303877.7675,-261222.9042,42654.8633,501.7746,1018.1555
-304032.2866,-261236.7436,42795.543,439.4854,1027.8473
-303639.5227,-261161.343,42478.1797,497.5407,1046.4524
-303845.7406,-261284.5296,42561.2109,506.4551,1039.4398
-303689.7485,-261237.1977,42452.5508,490.6299,1035.1365
-304083.239,-261355.1218,42728.1172,505.2856,1060.7787
-303767.6108,-261197.2593,42570.3516,492.8556,1040.0409
-303861.3071,-261262.0493,42599.2578,531.6317,1066.6048
-303740.3525,-261187.0673,42553.2852,470.5639,1071.423
-304030.6149,-261129.5289,42901.0859,473.4367,1031.0878
-303765.835,-261184.4482,42581.3867,486.0863,1026.787
-303982.9039,-261241.5094,42741.3945,495.9096,1056.1452
-303849.5239,-261095.8482,42753.6758,486.0043,1018.7986
-303933.5729,-261185.1901,42748.3828,488.3612,1027.555
-303702.0822,-261153.4298,42548.6523,478.9952,1028.174
-303733.3646,-261158.5912,42574.7734,478.12,1068.222
-303934.5684,-261166.4121,42768.1562,501.7643,1014.3896
-303901.4036,-261299.0013,42602.4023,521.1047,1038.3101
-303686.6245,-261186.7456,42499.8789,497.1849,1052.752
-304018.83,-261317.9082,42700.9219,534.1133,1029.0862
-303944.5531,-261188.6547,42755.8984,488.7095,1068.8604
-303829.6127,-261262.2416,42567.3711,497.9383,1039.4709
-303809.5054,-261184.8804,42624.625,524.7539,1050.6536
-303740.0724,-261092.0802,42647.9922,488.0354,1043.6769
-304015.0613,-261158.8113,42856.25,493.5074,1062.5968
-303777.568,-261262.2789,42515.2891,523.7125,1087.5881
-303843.4853,-261221.3252,42622.1602,513.7361,1048.7819
-303855.1313,-261165.8735,42689.2578,482.8309,1038.4737
-303893.437,-261248.4058,42645.0312,510.3695,1082.955
-303978.4957,-261256.8433,42721.6523,490.6568,1082.9504
-303969.2947,-261206.2596,42763.0352,492.9371,1031.9065
-303703.9664,-261129.6265,42574.3398,495.275,1041.5699
-303981.2955,-261234.3541,42746.9414,505.3091,1032.6353
-304022.7357,-261108.7357,42914.0,524.4804,1040.5037
-303790.7031,-261229.4727,42561.2305,511.6746,1058.6438
-303644.653,-261210.1921,42434.4609,502.8573,1071.7362
-303749.9122,-261086.7755,42663.1367,498.3739,1014.6075
-303896.4482,-261101.4834,42794.9648,510.6435,1076.6093
-303850.5331,-261243.6503,42606.8828,448.3045,1015.5763
-304145.9931,-261240.5517,42905.4414,465.0759,1041.1868
-304153.6121,-261236.6824,42916.9297,488.1448,1017.4452
-303819.8201,-261241.6873,42578.1328,475.439,996.2507
-303742.0131,-261209.9389,42532.0742,485.8122,1024.5415
-303982.892,-261288.9194,42693.9727,495.1032,1030.4995
-304097.3074,-261225.8035,42871.5039,508.1419,1050.3158
-303853.6068,-261055.2084,42798.3984,477.0157,1043.3717
-303901.7179,-261151.9952,42749.7227,509.6705,991.4379
-303784.1814,-261197.7712,42586.4102,466.5891,1035.6339
-304047.2696,-261171.4962,42875.7734,465.0984,1066.6187
-304031.7268,-261219.8323,42811.8945,512.2324,1037.6875
-303811.73,-261306.3042,42505.4258,503.1311,1041.7834
-303990.6447,-261260.4103,42730.2344,467.2979,1037.236
-303839.5682,-261268.0214,42571.5469,471.7439,1039.9914
-303856.2264,-261138.8944,42717.332,493.7317,991.9874
-303842.642,-261115.0834,42727.5586,462.8977,1044.4105
-304037.5774,-261314.4641,42723.1133,482.3957,1057.682
-303931.7717,-261216.26,42715.5117,475.8894,1060.9505
-303998.5688,-261270.7289,42727.8398,515.7788,1016.2802
-303871.7193,-261216.567,42655.1523,484.3224,1065.5709
-303819.3625,-261133.0382,42686.3242,490.8439,1048.7987
-303848.3183,-261199.1308,42649.1875,447.427,1015.2146
-303935.8366,-261261.9186,42673.918,511.2779,981.3456
-303690.0905,-261151.4772,42538.6133,484.1407,1043.5998
-303967.9881,-261285.6951,42682.293,506.1632,1049.2594
-303642.9903,-261230.0372,42412.9531,483.1862,1061.842
-304147.8623,-261271.2607,42876.6016,496.1055,1020.2055
-303880.5406,-261222.8453,42657.6953,483.1709,1034.9558
-303806.829,-261185.6845,42621.1445,481.7319,1037.3432
-303836.9385,-261228.8526,42608.0859,486.5986,1080.5679
-303550.703,-261099.0155,42451.6875,482.2973,1046.2574
-303980.6194,-261238.9358,42741.6836,544.8517,1057.7263
-303751.9836,-261137.9055,42614.0781,472.3578,1026.2821
-303981.3758,-261205.4305,42775.9453,529.8538,1014.3446
-303951.5134,-261115.7556,42835.7578,510.1919,1030.4954
-304023.3253,-261236.2472,42787.0781,490.7205,1070.7316
-303705.9332,-261233.3746,42472.5586,510.284,1061.6306
-303812.2083,-261124.8645,42687.3438,509.6897,1023.6667
-303811.6241,-261246.253,42565.3711,459.2023,1057.1551
-304012.0321,-261141.0946,42870.9375,496.4936,1064.6992
-303964.9566,-261111.0504,42853.9062,496.722,1047.0071
-303875.488,-261282.406,42593.082,505.0452,1028.8397
-303656.1569,-261213.7585,42442.3984,474.4086,1026.2459
-303830.0058,-261152.6621,42677.3438,529.4586,1029.514
-303989.1825,-261172.3192,42816.8633,470.5511,1006.7038
-303719.4763,-261175.8748,42543.6016,486.0923,1036.6592
-304010.5165,-261366.9774,42643.5391,488.2282,1035.1941
-304173.1085,-261226.8116,42946.2969,501.464,992.7019
-304169.8351,-261268.9523,42900.8828,495.5325,1026.4215
-303798.3187,-261220.057,42578.2617,473.0132,1057.9423
-303752.5683,-261122.166,42630.4023,467.0696,1029.1723
-303636.6442,-261229.1012,42407.543,520.445,1117.3865
-303943.8838,-261179.333,42764.5508,473.8766,1028.1366
-303978.109,-261279.4957,42698.6133,492.4023,1043.5612
-304136.5798,-261237.0798,42899.5,503.5255,1011.348
-304273.5728,-261233.4712,43040.1016,478.0376,1028.5946
-303897.1537,-261217.2358,42679.918,490.8285,1020.9904
-303822.6711,-261286.9445,42535.7266,484.03,1083.0814
-303901.1316,-261260.4715,42640.6602,511.8355,1038.8894
-303952.2737,-261267.3791,42684.8945,471.9223,1043.8702
-303972.3864,-261203.7457,42768.6406,509.1522,1045.9618
-303842.3997,-261259.5677,42582.832,501.8144,1058.5066
-303749.4512,-261168.4082,42581.043,481.5132,1052.8318
-304000.8976,-261142.2843,42858.6133,495.4748,1042.5525
-303867.9983,-261195.7444,42672.2539,499.2881,1036.2145
-303744.9761,-261196.8237,42548.1523,521.097,1039.965
-303896.7461,-261249.7773,42646.9688,489.9918,1023.8218
-303809.2807,-261132.9135,42676.3672,490.2805,1043.4621
-303945.5442,-261105.7278,42839.8164,537.7241,1018.1456
-303704.2087,-261207.6697,42496.5391,522.0995,1071.3541
-303892.1547,-261201.3305,42690.8242,478.3533,1029.1574
-303717.4514,-261130.6155,42586.8359,511.4462,1054.1359
-304040.5597,-261271.8488,42768.7109,477.5159,1088.7503
-303965.3901,-261260.0385,42705.3516,468.7232,1062.4114
-303923.8882,-261172.8999,42750.9883,452.6291,1057.8348
-304085.7168,-261208.7403,42876.9766,472.5633,1037.5777
-303862.1091,-261116.5115,42745.5977,498.379,1036.142
-303679.6938,-261059.9126,42619.7812,528.745,1039.8085
-303938.4565,-261145.3198,42793.1367,493.8962,1039.7233
-303985.1402,-261198.2378,42786.9023,465.4956,1008.5702
-303812.3192,-261119.9208,42692.3984,483.5026,1055.1556
-303720.3512,-261107.234,42613.1172,506.6445,1063.005
-303984.2116,-261234.4225,42749.7891,488.9751,1082.0789
-303809.1279,-261144.2568,42664.8711,484.7239,998.1644
-303829.8119,-261268.5228,42561.2891,477.7225,999.3942
-303990.3089,-261173.8753,42816.4336,509.9734,1011.6238
-304111.3775,-261311.0182,42800.3594,508.1678,1053.9469
-304026.9583,-261245.013,42781.9453,506.0147,1038.6948
-303878.8645,-261159.4661,42719.3984,487.2904,1025.2452
-303980.342,-261253.6624,42726.6797,512.545,1033.0714
-303764.2223,-261215.1559,42549.0664,486.8829,1042.5431
-303956.2347,-261301.8285,42654.4062,503.5045,1011.1397
-303615.2504,-261223.227,42392.0234,494.6559,1054.4377
-304002.9731,-261243.8051,42759.168,483.5735,1084.1266
-303811.0619,-261342.4682,42468.5938,493.2077,1041.7312
-303905.2834,-261060.2131,42845.0703,481.3303,1012.2205
-304018.3077,-261220.1632,42798.1445,486.9052,1021.894
-303652.9988,-261179.8503,42473.1484,494.2336,1051.9187
-303746.8255,-261189.9935,42556.832,518.5342,1027.1624
-303851.8274,-261252.0891,42599.7383,514.9672,1054.2719
-304046.5058,-261135.0449,42911.4609,496.5512,999.9713
-303799.8639,-261161.192,42638.6719,498.1184,1007.4214
-303986.4021,-261283.3943,42703.0078,508.2465,1026.8669
-303951.5514,-261186.0709,42765.4805,514.4808,1028.1805
-303998.3635,-261214.7072,42783.6562,481.4579,1012.7108
-304193.9604,-261242.4799,42951.4805,509.9668,971.5947
-303891.6346,-261246.5135,42645.1211,506.1292,1043.8038
-303944.4151,-261139.1377,42805.2773,469.563,1014.1947
-303827.0859,-261200.4883,42626.5977,473.6792,1056.0011
-304112.9271,-261276.2396,42836.6875,520.7722,1036.3869
-303848.3815,-261220.9596,42627.4219,508.5804,1069.0931
-303886.2304,-261180.8906,42705.3398,507.685,1055.7006
-303763.5389,-261206.0819,42557.457,471.5944,998.2427
-303810.8034,-261178.2722,42632.5312,492.9802,1085.3613
-303772.8354,-261216.6088,42556.2266,497.8047,1031.0625
-303993.0862,-261226.5589,42766.5273,522.3264,1029.9116
-303703.9987,-261206.7995,42497.1992,518.3387,997.3574
-303696.835,-261202.8116,42494.0234,517.4044,1022.1504
-303951.372,-261146.7509,42804.6211,511.5234,1020.5869
-303858.7506,-261115.1725,42743.5781,522.667,1054.8568
-303991.5238,-261200.1762,42791.3477,522.9796,1076.8867
-303959.7462,-261251.3985,42708.3477,540.6583,1080.6217
-303979.8709,-261152.0233,42827.8477,480.1469,965.6376
-304051.6852,-261166.2985,42885.3867,484.298,1056.5484
-303858.2032,-261231.1759,42627.0273,485.8394,1015.3624
-303769.9254,-261163.6442,42606.2812,485.6803,1029.2845
-303634.1933,-261088.5214,42545.6719,476.8083,1010.5606
-303977.2178,-261177.4717,42799.7461,498.3617,1054.6078
-304030.4008,-261287.979,42742.4219,501.9944,1050.3956
-303926.1664,-261249.3695,42676.7969,520.0185,1023.1564
-303751.5939,-261123.0314,42628.5625,489.9594,1041.6058
-303773.8627,-261121.769,42652.0938,484.6197,1032.4867
-303787.3218,-261250.8218,42536.5,473.1821,1066.8063
-304115.3951,-261229.9342,42885.4609,498.3206,1048.0381
-303793.1881,-261129.6451,42663.543,490.4951,1091.632
-303899.3879,-261201.1496,42698.2383,504.6201,1075.7342
-304072.1138,-261267.938,42804.1758,517.5749,1041.2102
-304125.6886,-261173.0207,42952.668,485.4929,1049.2761
-303873.4172,-261354.05,42519.3672,485.6251,1079.461
-303844.6899,-261199.4477,42645.2422,500.6022,1012.5127
-303895.5955,-261328.9275,42566.668,489.8522,1060.3049
-303756.8074,-261312.2176,42444.5898,506.6346,1075.232
-303860.3762,-261225.9505,42634.4258,497.713,1053.8252
-303800.9,-261110.1031,42690.7969,514.9125,1062.4962
-303887.1629,-261164.1629,42723.0,467.3187,1051.0459
-303885.746,-261172.2148,42713.5312,505.6006,1065.7133
-303812.9553,-261323.9162,42489.0391,497.4811,1034.0896
-303862.2528,-261256.1824,42606.0703,524.0718,1033.3539
-304005.6631,-261236.6202,42769.043,497.1285,1024.9017
-303858.2741,-261213.9929,42644.2812,497.5758,1036.4044
-303793.5701,-261186.9333,42606.6367,513.0478,1045.0402
-303807.1085,-261200.6749,42606.4336,512.8753,1081.7986
-304120.0341,-261172.9677,42947.0664,473.1641,1162.077
-303911.825,-261273.8094,42638.0156,516.8104,1062.2276
-303648.8696,-261174.2017,42474.668,480.7088,1044.3065
-303802.5922,-261144.5922,42658.0,506.8609,1008.086
-303827.6796,-261154.1483,42673.5312,492.0735,993.3065
-303859.3183,-261243.3301,42615.9883,480.229,1042.913
-304013.0129,-261226.052,42786.9609,478.8172,1015.1151
-303817.3931,-261226.5923,42590.8008,482.1356,1068.4736
-303975.4167,-261212.9909,42762.4258,496.9651,1014.1249
-303875.2604,-261164.8307,42710.4297,541.7249,1035.9829
-303760.1761,-261166.7971,42593.3789,503.3225,1068.5639
-303966.9869,-261214.3463,42752.6406,507.5951,1002.3774
-304148.7433,-261273.0832,42875.6602,501.6577,1027.9998
-303979.5865,-261226.4928,42753.0938,513.3894,1043.4201
-303744.9747,-261175.0606,42569.9141,499.9187,1045.2595
-303862.9618,-261125.8836,42737.0781,497.9534,1071.1657
-303697.7111,-261134.0978,42563.6133,496.4913,1076.9196
-303706.1528,-261220.2075,42485.9453,505.4858,1087.5017
-303975.3606,-261139.8371,42835.5234,468.3314,1059.7123
-303830.138,-261127.1459,42702.9922,499.4027,1051.8402
-304131.3943,-261259.9802,42871.4141,510.0475,1081.4699
-303880.0299,-261173.2096,42706.8203,488.4741,1069.947
-303962.3733,-261231.7483,42730.625,527.0806,1059.2739
-303807.7791,-261246.0252,42561.7539,482.1194,1028.614
-303945.329,-261236.9501,42708.3789,456.4624,1040.5609
-303825.1639,-261131.1131,42694.0508,471.8292,1045.2941
-304060.9226,-261227.1296,42833.793,548.6914,1061.0146
-304000.5786,-261246.2544,42754.3242,466.6776,1064.2349
-303836.0255,-261207.7912,42628.2344,506.7592,1066.6551
-303727.7008,-261142.4899,42585.2109,484.4438,1067.5304
-303898.3252,-261149.1885,42749.1367,487.3061,1059.8407
-303978.3107,-261148.8771,42829.4336,498.5519,1024.2773
-303793.6906,-261273.9679,42519.7227,496.8966,1057.9619
-303777.955,-261138.7128,42639.2422,522.98,1074.0266
-303980.0002,-261238.8283,42741.1719,496.8453,1025.4265
-303846.6,-261218.4086,42628.1914,489.0044,1021.2572
-304010.2634,-261134.8611,42875.4023,500.7298,1023.1985
-304010.2407,-261256.0962,42754.1445,486.9195,1009.6272
-303907.6751,-261257.1595,42650.5156,506.1032,1049.9837
-303925.7193,-261249.5982,42676.1211,487.5069,1047.3855
-304143.7981,-261211.1106,42932.6875,485.3615,1076.415
-304140.0955,-261279.7791,42860.3164,474.8389,1025.7587
-303987.8264,-261211.8889,42775.9375,486.5885,1023.9107
-303717.3219,-261242.9196,42474.4023,501.646,1076.2465
-303740.6493,-261124.6415,42616.0078,493.6845,1027.5805
-303953.2482,-261185.26,42767.9883,501.0899,996.9824
-303833.5558,-261147.4464,42686.1094,502.9248,1015.7486
-303767.0704,-261084.8946,42682.1758,496.823,1041.9877
-303788.0942,-261128.7973,42659.2969,466.1238,1037.1852
-303609.1023,-261120.6844,42488.418,485.3416,1031.8942
-304011.1155,-261194.5373,42816.5781,477.3452,992.3066
-303882.0587,-261166.6798,42715.3789,467.5833,1068.6606
-303921.4277,-261217.58,42703.8477,503.4427,1072.5102
-304322.2671,-261327.0952,42995.1719,503.2482,986.528
-303888.2499,-261138.7616,42749.4883,484.8004,1036.2098
-304055.0018,-261199.4041,42855.5977,524.1968,1027.4524
-303768.9786,-261171.5255,42597.4531,500.2386,1076.3453
-304084.6106,-261243.4778,42841.1328,505.9209,1080.3152
-304012.9773,-261255.0007,42757.9766,471.4775,1054.3192
-303835.1277,-261213.4949,42621.6328,446.8381,1063.0513
-303806.9344,-261232.5164,42574.418,502.7224,1030.1914
-303882.7565,-261266.9869,42615.7695,493.9304,1034.2231
-303771.6404,-261193.4919,42578.1484,528.4213,1005.3324
-303847.1124,-261258.4366,42588.6758,506.7877,1052.1322
-303631.2353,-261158.0868,42473.1484,496.1864,1040.9933
-303763.1155,-261253.5842,42509.5312,528.9494,1053.7512
-303946.255,-261305.6769,42640.5781,500.5877,1030.4774
-303736.467,-261132.6624,42603.8047,518.9239,1027.9841
-304114.3045,-261271.0037,42843.3008,473.2997,1018.886
-304271.5685,-261370.5997,42900.9688,491.9167,1060.9479
-303849.1345,-261218.1501,42630.9844,503.1657,1035.7773
-303847.5144,-261324.7722,42522.7422,505.3115,1064.08
-303629.3726,-261184.2358,42445.1367,486.3274,1026.3775
-303794.6258,-261181.7352,42612.8906,494.9349,1026.6891
-303849.7874,-261123.6624,42726.125,486.0737,1031.684
-303871.3073,-261164.6628,42706.6445,472.2952,1025.6509
-303880.404,-261151.447,42728.957,485.3572,1025.0178
-303800.6064,-261146.8603,42653.7461,463.9487,1055.6522
-303862.9556,-261113.1002,42749.8555,466.0266,1027.8852
-303797.1445,-261251.5468,42545.5977,451.5977,1038.273
-304294.9906,-261251.9671,43043.0234,483.1676,1042.3405
-303814.3073,-261227.9597,42586.3477,487.151,1066.9228
-303829.9379,-261199.4613,42630.4766,532.3211,1057.2197
-303803.5391,-261229.0742,42574.4648,496.7183,1041.7057
-303877.0915,-261298.8259,42578.2656,478.5752,1013.47
-303836.0262,-261321.7528,42514.2734,506.1289,1051.7411
-303677.2321,-261063.9821,42613.25,454.7693,977.7138
-304366.5233,-261256.2694,43110.2539,510.2225,1037.2215
-303994.1993,-261280.5118,42713.6875,487.4272,1035.5979
-304000.6817,-261182.9747,42817.707,475.3715,1021.7778
-303856.7637,-261158.541,42698.2227,497.1622,1068.6381
-304011.4236,-261236.9978,42774.4258,477.3754,1058.6704
-303789.4097,-261171.2613,42618.1484,527.3159,1053.7035
-303875.5028,-261166.3348,42709.168,474.6434,1060.8576
-304108.744,-261209.33,42899.4141,502.0039,1054.3758
-303991.9511,-261243.3144,42748.6367,501.217,1059.775
-304038.3828,-261254.3164,42784.0664,505.708,1061.9458
-303977.8362,-261161.1916,42816.6445,461.7079,1059.5813
-304097.4054,-261144.8898,42952.5156,513.1421,1078.6955
-303743.899,-261198.9849,42544.9141,488.5385,1029.0183
-304106.8435,-261188.3084,42918.5352,504.368,1021.1782
-303965.61,-261224.5163,42741.0938,501.7491,1031.7099
-303991.0572,-261196.1978,42794.8594,509.0922,1046.1026
-303896.89,-261305.2376,42591.6523,494.4097,1053.5506
-303865.4555,-261198.518,42666.9375,512.0696,1022.8478
-303724.8278,-261185.6403,42539.1875,471.9458,1036.2816
-304193.2391,-261323.8563,42869.3828,490.0739,1021.3121
-304112.3978,-261248.4251,42863.9727,466.8389,1023.4394
-304141.8752,-261226.297,42915.5781,515.0098,1026.642
-304117.9565,-261315.2456,42802.7109,496.6557,996.3549
-303994.8867,-261282.4414,42712.4453,489.122,1056.973
-304096.819,-261267.4791,42829.3398,473.8043,1051.9764
-303930.5352,-261262.6836,42667.8516,498.2828,1033.4882
-304026.1216,-261323.9302,42702.1914,490.6736,1084.1409
-304034.4878,-261217.062,42817.4258,496.6342,1007.9469
-304006.1669,-261295.8856,42710.2812,486.5514,1044.1907
-304195.8756,-261332.36,42863.5156,512.6051,1059.5395
-303960.6669,-261178.0302,42782.6367,505.3854,1049.4066
-303974.6805,-261244.1688,42730.5117,485.4077,995.4844
-303931.5344,-261142.9758,42788.5586,507.9314,1041.74
-303916.4106,-261215.9458,42700.4648,514.844,1041.7254
-303888.3154,-261315.3701,42572.9453,504.4966,1081.5863
-303935.9234,-261179.1695,42756.7539,493.5684,1041.8817
-303844.1246,-261232.8785,42611.2461,490.6901,1031.2268
-304011.9725,-261200.3436,42811.6289,485.5271,1026.2817
-303872.994,-261183.6229,42689.3711,542.7632,1045.8039
-303915.0697,-261221.4486,42693.6211,514.0753,1042.5112
-303715.4051,-261186.8582,42528.5469,526.2128,1032.6528
-303930.1402,-261265.9762,42664.1641,512.3539,1066.4441
-303991.7156,-261171.7038,42820.0117,487.3506,1055.1115
-304029.3299,-261172.408,42856.9219,527.5351,1029.2806
-303926.901,-261153.4869,42773.4141,505.6194,1043.6031
-304129.9468,-261298.3531,42831.5938,518.3374,1032.6766
-303774.9627,-261267.451,42507.5117,492.8494,1038.6608
-304039.6887,-261295.2903,42744.3984,479.2258,1030.0995
-303839.1469,-261158.6586,42680.4883,489.6322,1080.6191
-303880.8347,-261265.3542,42615.4805,475.849,1030.0514
-303862.57,-261273.6598,42588.9102,518.4606,1051.0537
-304030.7331,-261257.5339,42773.1992,470.8335,1055.3729
-304216.4062,-261320.8242,42895.582,510.4979,1022.6931
-303766.9324,-261133.0261,42633.9062,505.676,1055.717
-303925.0032,-261290.222,42634.7812,499.7943,1062.4944
-303695.5201,-261192.6177,42502.9023,489.9357,1009.4144
-303756.5995,-261226.3104,42530.2891,515.3294,977.7987
-303835.7554,-261150.6773,42685.0781,519.5928,1018.1915
-303822.808,-261175.222,42647.5859,489.6385,1013.3752
-303913.2905,-261167.0131,42746.2773,500.5765,1043.7939
-304020.342,-261313.928,42706.4141,518.2,1028.0684
-304035.1636,-261318.8902,42716.2734,494.9582,1048.0877
-303790.1961,-261241.7313,42548.4648,493.2701,1060.5269
-303605.6343,-261092.439,42513.1953,483.3457,1039.4001
-303830.7797,-261287.7601,42543.0195,514.1225,1087.5111
-303831.1151,-261081.7401,42749.375,500.1807,1029.0031
-303720.4432,-261245.8261,42474.6172,507.3612,986.9288
-303675.2974,-261203.9302,42471.3672,503.5136,1042.2426
-303924.6422,-261265.3531,42659.2891,508.4723,1018.9521
-303937.9488,-261204.3589,42733.5898,519.3556,1062.0202
-303900.5838,-261258.0057,42642.5781,480.0056,1037.0721
-303742.9611,-261197.3791,42545.582,481.4728,1017.5844
-303879.7277,-261218.3995,42661.3281,475.9766,1031.4751
-303916.3155,-261206.4678,42709.8477,485.9568,1045.4157
-303947.6456,-261169.5714,42778.0742,492.6963,1075.1955
-303504.6386,-261160.9315,42343.707,475.7235,1047.4172
-304027.8449,-261192.0324,42835.8125,499.818,1066.2618
-303879.5084,-261258.0201,42621.4883,517.4732,1022.962
-303778.7489,-261202.8192,42575.9297,491.7737,1027.1821
-303812.7766,-261247.2336,42565.543,487.8578,1046.4696
-304111.1795,-261234.4569,42876.7227,479.9144,1047.1562
-303502.5372,-261089.2598,42413.2773,509.1137,1071.6928
-303901.8624,-261180.8117,42721.0508,497.9163,1023.8725
-303985.5343,-261228.2374,42757.2969,516.9386,1026.5184
-303772.6641,-261163.2071,42609.457,486.8721,1068.3084
-304016.5021,-261240.8146,42775.6875,512.7797,1036.36
-303926.545,-261292.1114,42634.4336,456.0432,1056.205
-303749.9662,-261231.7123,42518.2539,531.499,1049.6968
-303867.2728,-261150.8314,42716.4414,462.4204,1021.0608
-303900.2467,-261158.6022,42741.6445,497.2186,1012.9474
-304037.1125,-261272.9328,42764.1797,491.9778,1070.2099
-304055.965,-261313.6642,42742.3008,494.8501,1004.3089
-303984.412,-261290.248,42694.1641,506.5771,1024.8243
-303877.3767,-261193.0134,42684.3633,479.6963,1046.7695
-304028.193,-261230.1305,42798.0625,506.336,1039.8185
-303640.2698,-261166.6839,42473.5859,491.3402,1036.2416
-304171.3806,-261291.0407,42880.3398,465.4302,997.3109
-303761.1262,-261224.5559,42536.5703,455.3547,1028.3672
-303947.1065,-261201.6143,42745.4922,502.8309,1032.2513
-303760.7883,-261226.0344,42534.7539,506.4596,1066.8142
-304068.6696,-261162.1071,42906.5625,471.7593,1067.8523
-303927.1772,-261219.4233,42707.7539,511.3218,1027.0234
-303872.101,-261230.5151,42641.5859,504.8563,1075.3826
-304035.8083,-261280.031,42755.7773,488.8555,1028.6186
-303910.255,-261238.9543,42671.3008,510.5506,996.4036
-303792.7598,-261330.6348,42462.125,515.8289,1056.8946
-304033.6696,-261294.4157,42739.2539,472.3027,1003.1153
-303762.8372,-261199.2943,42563.543,459.4641,1011.9784
-304096.122,-261216.3251,42879.7969,481.8768,1059.1155
-303868.8365,-261238.5279,42630.3086,480.4946,1079.5611
-303834.2806,-261265.5345,42568.7461,468.6576,1022.0365
-303939.8566,-261288.4816,42651.375,496.4507,1027.814
-303909.8639,-261147.4498,42762.4141,470.9976,1055.2237
-304166.3211,-261288.0438,42878.2773,480.8222,1021.3589
-303965.8484,-261163.9617,42801.8867,503.4829,1051.4948
-303936.6043,-261233.1511,42703.4531,506.85,1031.8559
-303958.1014,-261235.7811,42722.3203,473.7437,1073.6245
-303994.3592,-261202.6912,42791.668,467.7378,1015.5733
-303914.0501,-261095.4017,42818.6484,501.5248,1075.6408
-303968.788,-261135.1825,42833.6055,506.6181,1047.8456
-303876.8489,-261226.1263,42650.7227,494.4336,1067.4108
-303927.3661,-261172.6239,42754.7422,507.1185,1017.6369
-303757.2739,-261172.227,42585.0469,464.0791,1025.0328
-303765.2685,-261196.1943,42569.0742,490.0992,1050.7945
-303728.6249,-261183.7851,42544.8398,474.0388,1006.0566
-303854.2602,-261247.6548,42606.6055,500.144,1018.9547
-303876.2531,-261180.2648,42695.9883,514.4508,992.2146
-303982.0146,-261176.3154,42805.6992,481.9801,1023.338
-303945.3372,-261178.7786,42766.5586,488.6436,1002.7241
-303902.7625,-261242.9773,42659.7852,508.1066,1028.6441
-303857.6672,-261143.5305,42714.1367,483.0368,1038.6115
-303993.2692,-261248.3395,42744.9297,477.6782,1021.3926
-303848.9221,-261374.0081,42474.9141,496.7493,1042.7337
-303653.5789,-261174.868,42478.7109,503.6379,1050.6895
-303951.0935,-261199.8513,42751.2422,494.7703,985.5425
-304089.7647,-261269.9834,42819.7812,500.8891,996.0222
-303916.4143,-261259.344,42657.0703,515.9473,1026.1689
-304154.8285,-261238.4106,42916.418,498.4158,1000.123
-303750.8292,-261187.6651,42563.1641,494.562,1006.7505
-303780.0623,-261163.324,42616.7383,507.3188,1080.2707
-303957.3056,-261349.4228,42607.8828,502.3043,1036.4363
-303974.1572,-261171.2978,42802.8594,511.1344,1036.3938
-303930.8847,-261296.6698,42634.2148,488.1978,1011.8528
-304156.0261,-261335.9285,42820.0977,438.5251,1044.1243
-303959.0879,-261159.2989,42799.7891,533.983,1053.3111
-304013.0834,-261286.1772,42726.9062,486.0513,1040.439
-303995.8355,-261299.5347,42696.3008,465.934,1068.2036
-303923.239,-261154.3913,42768.8477,514.8785,1023.9855
-303988.1334,-261203.4303,42784.7031,481.6796,1038.1473
-303883.306,-261199.7552,42683.5508,510.232,1019.7805
-303840.6809,-261193.5208,42647.1602,488.5645,1013.6988
-303945.7048,-261156.447,42789.2578,503.37,1025.1896
-303848.5691,-261304.9129,42543.6562,477.0011,1102.4171
-303875.9715,-261188.6121,42687.3594,500.055,1046.8499
-303938.9826,-261257.342,42681.6406,473.7995,1053.3591
-303902.6329,-261261.5743,42641.0586,495.4835,1055.7583
-303781.3385,-261278.4557,42502.8828,484.3469,1066.1581
-303989.3704,-261210.3938,42778.9766,520.3375,993.9776
-303852.6595,-261207.5306,42645.1289,467.4253,1046.316
-303953.3718,-261281.8211,42671.5508,527.8219,1010.3351
-304045.169,-261228.8761,42816.293,502.1233,1020.4574
-303785.1724,-261209.7193,42575.4531,504.6036,1084.8512
-303917.1416,-261218.3994,42698.7422,479.5814,1028.6393
-303833.1298,-261153.5165,42679.6133,494.802,1036.0126
-303774.4827,-261221.717,42552.7656,500.2018,1055.7192
-303980.3717,-261239.7662,42740.6055,477.323,1079.5019
-303635.9514,-261190.7443,42445.207,492.7731,1049.3352
-303899.2242,-261283.4351,42615.7891,500.8215,1077.1598
-303633.269,-261225.398,42407.8711,522.2045,1037.253
-303932.3098,-261097.8645,42834.4453,488.4552,1035.3567
-304016.524,-261185.9889,42830.5352,489.3502,1017.9106
-303774.8823,-261193.8003,42581.082,469.1125,1009.8003
-303630.2283,-261171.5877,42458.6406,483.3342,1074.2049
-303994.8315,-261180.9916,42813.8398,459.3428,986.6729
-304072.2022,-261245.4913,42826.7109,469.6127,1026.4121
-303943.9544,-261202.4271,42741.5273,516.1428,1032.6394
-303569.4862,-261178.3222,42391.1641,511.35,1068.6798
-304037.3839,-261197.4112,42839.9727,483.8998,1063.6522
-303941.4154,-261229.6224,42711.793,486.5001,1016.7765
-304013.4526,-261205.1362,42808.3164,503.0253,1029.591
-303950.6299,-261323.5166,42627.1133,514.0966,1006.2248
-303802.3118,-261228.9368,42573.375,479.789,1011.6475
-303932.9291,-261166.0111,42766.918,496.9772,1064.5698
-304052.8433,-261195.773,42857.0703,487.3044,1033.6725
-303906.6124,-261239.5108,42667.1016,471.8962,1014.6199
-304185.5231,-261259.7575,42925.7656,466.2242,1049.773
-303892.426,-261306.7775,42585.6484,479.5941,1047.6576
-303768.2428,-261088.0162,42680.2266,484.9839,1029.1395
-303738.7777,-261195.1332,42543.6445,521.9342,1056.5298
-303895.9201,-261233.8966,42662.0234,533.1091,1034.1042
-303981.6592,-261348.1474,42633.5117,520.1154,1060.527
-303917.6713,-261229.8431,42687.8281,504.264,1050.2158
-303620.2911,-261180.9122,42439.3789,512.0543,1013.6846
-304016.7342,-261294.0662,42722.668,459.3035,1031.3355
-303858.2624,-261242.4538,42615.8086,495.0348,1041.4334
-304063.215,-261287.3986,42775.8164,517.6026,1040.5976
-304082.6758,-261123.7969,42958.8789,504.1382,1016.2171
-303888.3974,-261321.8349,42566.5625,515.8619,1018.1757
-303931.0876,-261249.529,42681.5586,524.5619,1044.7411
-303913.5685,-261277.1935,42636.375,482.1887,997.2614
-303897.9766,-261202.9063,42695.0703,523.6348,1033.2753
-303886.9104,-261126.676,42760.2344,512.4676,1035.0706
-303882.3056,-261122.1845,42760.1211,503.0343,1028.9524
-303850.8525,-261233.2353,42617.6172,493.0117,1056.6627
-303903.628,-261138.5694,42765.0586,491.917,1020.5548
-303693.3235,-261224.5227,42468.8008,456.2209,1056.2746
-303976.6245,-261195.062,42781.5625,501.4128,1034.0206
-303941.2402,-261182.1894,42759.0508,485.635,1034.2569
-303703.5058,-261221.8065,42481.6992,504.8958,1086.8203
-304003.2041,-261110.0635,42893.1406,511.0349,1039.315
-304091.4033,-261205.2158,42886.1875,483.9477,1060.7778
-303589.9017,-261127.3627,42462.5391,474.0622,1001.9788
-303789.09,-261210.5353,42578.5547,514.4623,1068.4514
-303958.8157,-261211.4641,42747.3516,498.4709,1068.4837
-303811.4181,-261255.0079,42556.4102,483.614,1055.2313
-303871.217,-261194.7873,42676.4297,448.4994,1050.6212
-304058.6585,-261234.4241,42824.2344,474.0438,1075.3176
-304071.7798,-261177.729,42894.0508,557.3336,1036.7956
-303678.6066,-261278.2043,42400.4023,501.0939,1023.08
-303599.3362,-261173.2581,42426.0781,469.086,1025.9043
-303934.5767,-261237.1822,42697.3945,495.0699,1044.1336
-304043.0776,-261224.1401,42818.9375,491.1614,1028.9912
-303796.213,-261067.9396,42728.2734,468.3136,1032.5171
-303891.9439,-261203.7095,42688.2344,503.8502,1037.9891
-303877.6824,-261196.2253,42681.457,479.7249,1041.6834
-303580.9146,-261167.0435,42413.8711,494.833,1059.4596
-303822.6221,-261217.8448,42604.7773,494.195,1044.0673
-303708.3059,-261176.8215,42531.4844,488.7549,1058.6881
-303896.1303,-261272.0599,42624.0703,499.8638,1066.3932
-303717.0237,-261163.1487,42553.875,535.0007,1025.0032
-303902.3811,-261239.2014,42663.1797,502.7669,995.6433
-303736.4457,-261123.7074,42612.7383,500.3205,971.8868
-303852.6955,-261052.301,42800.3945,479.2444,1017.6534
-303717.7634,-261187.3142,42530.4492,502.1699,1025.2665
-304118.0365,-261306.2748,42811.7617,506.8934,1007.0365
-303988.913,-261199.6239,42789.2891,496.6049,1090.536
-304014.4927,-261237.3677,42777.125,485.679,1019.9647
-304016.8987,-261199.9769,42816.9219,478.7703,1013.4376
-303965.1596,-261180.3119,42784.8477,483.7639,1031.0382
-304018.4217,-261216.5896,42801.832,468.3572,1056.0872
-303956.4804,-261221.1914,42735.2891,505.8351,1001.3754
-304188.168,-261321.0391,42867.1289,477.6103,1059.0463
-303934.2906,-261201.3687,42732.9219,512.5924,1000.8138
-303974.6132,-261127.9179,42846.6953,512.0962,1015.0793
-303680.321,-261190.6218,42489.6992,478.5392,1041.0672
-304029.3348,-261220.2957,42809.0391,493.0718,1048.5494
-303795.9642,-261194.4563,42601.5078,505.8463,1054.9289
-303853.7268,-261181.1331,42672.5938,506.8066,1080.1444
-304039.3163,-261175.1757,42864.1406,493.5343,1012.8326
-303782.443,-261161.0992,42621.3438,498.5877,1039.0858
-303779.4833,-261195.6161,42583.8672,515.2936,1053.6277
-303734.1587,-261087.8149,42646.3438,478.4304,1049.0109
-304067.6972,-261186.0839,42881.6133,526.2588,1038.4607
-303899.1017,-261145.1642,42753.9375,513.1904,1019.9086
-303663.8912,-261152.9068,42510.9844,458.7315,1059.8168
-303774.4073,-261190.3136,42584.0938,466.098,1044.9475
-303709.509,-261184.9152,42524.5938,504.6271,1075.7953
-303861.2244,-261162.9079,42698.3164,531.1781,1026.8634
-303713.5777,-261193.4606,42520.1172,508.0149,1067.6872
-303873.3574,-261176.7597,42696.5977,487.0861,1010.8151
-303875.8704,-261290.3977,42585.4727,480.8789,1041.0446
-303947.5244,-261144.1806,42803.3438,510.8328,983.5037
-303849.5579,-261140.7376,42708.8203,466.7721,1052.5922
-303791.8674,-261167.0666,42624.8008,496.0916,1040.9411
-303707.5203,-261166.4969,42541.0234,505.73,1059.1962
-304077.9145,-261222.0044,42855.9102,531.2423,1026.7992
-303918.5278,-261247.766,42670.7617,524.5373,1031.889
-303871.243,-261200.1805,42671.0625,470.7255,1049.7988
-303835.7208,-261233.1466,42602.5742,493.7449,1022.8154
-303820.8142,-261189.8806,42630.9336,521.5612,1060.7064
-303797.0913,-261170.3842,42626.707,506.237,1013.2536
-303877.7084,-261201.9857,42675.7227,477.9831,1062.7178
-303967.8699,-261187.3972,42780.4727,510.4148,1056.8195
-303973.8179,-261297.0952,42676.7227,505.2362,1035.9704
-304153.9709,-261289.3459,42864.625,465.8988,1068.4547
-303852.374,-261236.6201,42615.7539,500.6426,1027.4069
-303903.6929,-261237.9078,42665.7852,470.5107,1020.2112
-303790.9642,-261185.0853,42605.8789,490.7542,1011.4508
-304230.3199,-261285.0425,42945.2773,490.6214,1056.3999
-304146.6329,-261309.4923,42837.1406,494.0612,1025.3804
-304107.0562,-261313.7086,42793.3477,513.2905,1016.56
-304008.2514,-261126.6029,42881.6484,487.7336,1072.3399
-303723.4226,-261165.1726,42558.25,492.7575,1046.7725
-303812.0345,-261100.433,42711.6016,493.2843,1069.1657
-303934.0987,-261268.2979,42665.8008,488.194,1029.4125
-304024.8216,-261281.013,42743.8086,494.4197,1045.402
-303818.5109,-261168.0617,42650.4492,490.7026,1039.9852
-304052.2143,-261223.4761,42828.7383,503.212,1031.2027
-303980.4088,-261151.6471,42828.7617,489.6347,1041.895
-303889.3798,-261233.4462,42655.9336,467.6483,1040.9436
-303777.2782,-261176.8993,42600.3789,510.3595,1073.8154
-304054.6207,-261273.0621,42781.5586,508.9642,1022.6856
-303877.4903,-261209.4005,42668.0898,497.3735,1039.8183
-303880.7035,-261240.0433,42640.6602,476.8019,1067.6477
-304160.1521,-261205.781,42954.3711,470.0697,1067.853
-303777.039,-261149.8359,42627.2031,496.374,1045.9566
-303934.7795,-261246.8928,42687.8867,498.217,1026.9699
-303802.651,-261142.069,42660.582,489.3726,1011.9222
-303868.8707,-261183.4527,42685.418,494.7969,1059.9223
-303868.1013,-261154.1716,42713.9297,491.4626,1042.6868
-304177.4007,-261290.7757,42886.625,464.1797,1028.3757
-304002.5792,-261196.0479,42806.5312,500.1592,1023.6067
-303993.5942,-261153.1372,42840.457,517.5949,994.1181
-304078.3599,-261256.8053,42821.5547,529.4629,1052.5215
-303540.1614,-261207.0442,42333.1172,522.3307,1017.7594
-303722.7583,-261218.1099,42504.6484,488.8383,1049.943
-303901.6484,-261271.4179,42630.2305,520.7257,1071.6557
-304020.3232,-261174.5654,42845.7578,532.2971,1056.4333
-303966.1418,-261216.6418,42749.5,509.788,1037.8628
-304117.4494,-261291.7815,42825.668,522.6125,1058.6072
-303927.1764,-261264.2154,42662.9609,512.6107,1061.1771
-304061.672,-261265.5548,42796.1172,488.3923,977.8756
-303853.0817,-261237.1755,42615.9062,495.1861,1025.5682
-303986.9564,-261269.5384,42717.418,476.6391,1052.047
-304065.1294,-261266.3325,42798.7969,502.5891,999.0102
-303575.0317,-261092.4731,42482.5586,496.5824,1049.3618
-303866.3904,-261271.9177,42594.4727,510.9342,1036.9815
-304011.1547,-261203.7641,42807.3906,458.5115,1013.7812
-304053.6657,-261331.8805,42721.7852,518.3566,1021.4637
-304144.9975,-261240.5444,42904.4531,458.8836,1017.2328
-303910.9149,-261284.8446,42626.0703,502.1324,1061.8689
-303813.2994,-261234.0612,42579.2383,495.0424,1044.5553
-304004.8884,-261295.6228,42709.2656,546.5887,1056.6737
-303917.2149,-261207.4884,42709.7266,512.0002,1004.1518
-303736.1486,-261167.8713,42568.2773,477.3262,1072.025
-303889.8178,-261200.6889,42689.1289,493.7697,1016.4951
-304026.9867,-261247.7758,42779.2109,496.579,1056.7279
-303828.7411,-261238.4403,42590.3008,505.3326,1052.0585
-304136.2158,-261306.7119,42829.5039,463.1281,1007.8682
-304131.9489,-261291.5114,42840.4375,490.4293,1016.5729
-303736.7508,-261179.786,42556.9648,502.9915,1050.4448
-303926.2482,-261201.756,42724.4922,496.5157,1028.4731
-303994.3959,-261245.0209,42749.375,469.4693,1068.8094
-304154.0668,-261256.5551,42897.5117,470.2887,1096.9285
-303864.3158,-261244.0424,42620.2734,480.2854,1058.681
-303819.1884,-261217.1103,42602.0781,512.0989,1039.8112
-303954.549,-261215.6037,42738.9453,481.1162,1003.4534
-303859.1404,-261129.4958,42729.6445,512.3735,1026.9272
-303812.8793,-261125.2192,42687.6602,476.1875,1027.639
-304042.5724,-261185.2482,42857.3242,489.3348,1047.5715
-303880.3281,-261147.832,42732.4961,504.2472,1023.3624
-303887.1408,-261174.6916,42712.4492,485.3405,1033.9226
-303991.5142,-261288.3736,42703.1406,486.255,1044.6158
-303837.0716,-261134.9193,42702.1523,453.7079,1009.9671
-303815.6144,-261129.2902,42686.3242,504.104,1066.3353
-303737.885,-261234.8694,42503.0156,494.4655,1022.4598
-304037.3237,-261248.1479,42789.1758,476.4495,1077.3661
-303985.2984,-261219.5367,42765.7617,509.6368,1047.7496
-303839.0844,-261124.3344,42714.75,517.7985,1020.0073
-303580.3566,-261220.5753,42359.7812,515.1667,1026.6603
-303729.314,-261131.5913,42597.7227,479.2876,1003.58
-303765.8966,-261287.002,42478.8945,490.5856,1008.701
-303954.8765,-261216.6929,42738.1836,478.6143,1055.8014
-304021.6917,-261314.8596,42706.832,485.0929,1077.15
-303882.3729,-261220.9783,42661.3945,506.6391,1066.4504
-303728.7364,-261165.3028,42563.4336,500.5943,1079.1622
-303960.2424,-261205.219,42755.0234,509.6288,1036.8193
-304088.6176,-261300.6137,42788.0039,476.3195,1001.5191
-303824.1025,-261168.2119,42655.8906,514.0728,995.7821
-303881.104,-261231.9673,42649.1367,484.7032,996.4217
-303898.0104,-261310.069,42587.9414,491.2862,1032.2721
-304095.8221,-261248.9549,42846.8672,499.0025,1005.1481
-303872.7137,-261213.2762,42659.4375,491.7698,1018.2476
-303864.8416,-261253.2127,42611.6289,513.7408,1058.5219
-303874.1095,-261214.797,42659.3125,491.7521,1012.5509
-303947.9621,-261170.5949,42777.3672,485.5533,1028.6389
-303811.0035,-261283.2301,42527.7734,490.9427,1058.4165
-303726.6221,-261172.3174,42554.3047,466.3223,1016.2006
-304065.5135,-261236.5096,42829.0039,504.7245,1057.8254
-303883.9125,-261273.6391,42610.2734,497.1391,1026.0181
-303997.1561,-261212.5311,42784.625,512.6464,1044.4558
-303767.642,-261219.5092,42548.1328,507.5141,1018.7509
-303778.0796,-261211.3257,42566.7539,488.7939,1069.3533
-304010.8489,-261215.302,42795.5469,500.3257,1022.4167
-303986.8458,-261143.2833,42843.5625,484.527,1008.6496
-303750.054,-261143.8665,42606.1875,500.681,1045.125
-303791.1384,-261284.7868,42506.3516,493.017,1053.7171
-304086.8015,-261253.571,42833.2305,520.6717,1090.1463
-303651.3312,-261162.9406,42488.3906,487.8288,1019.5966
-303693.5927,-261117.9287,42575.6641,494.4852,1036.5907
-303925.1535,-261257.5364,42667.6172,510.3994,1038.1397
-303881.362,-261171.3698,42709.9922,481.9775,1035.9255
-303947.9382,-261164.7117,42783.2266,496.2451,1045.905
-303915.3176,-261259.4621,42655.8555,482.5503,1046.3215
-303573.8454,-261173.9782,42399.8672,512.7368,1027.2696
-303870.1355,-261188.3699,42681.7656,516.3185,1062.6059
-304228.2274,-261298.1805,42930.0469,471.4989,1065.5965
-304053.3874,-261262.2507,42791.1367,510.8042,1055.4034
-303917.9574,-261314.9926,42602.9648,504.9183,1042.3989
-303824.0958,-261190.4748,42633.6211,488.5507,1019.4303
-303875.2906,-261172.2555,42703.0352,485.3169,1040.4057
-303998.4202,-261171.5999,42826.8203,484.0762,1047.4527
-303938.4696,-261132.1453,42806.3242,492.2512,1054.7733
-303732.0723,-261214.8496,42517.2227,502.7712,1056.0947
-303743.4818,-261188.1068,42555.375,491.8011,1073.4479
-303790.3177,-261163.0794,42627.2383,511.0954,1046.7441
-303785.6984,-261139.8585,42645.8398,519.4656,1039.3396
-303880.1108,-261159.478,42720.6328,476.9196,1026.596
-303831.7919,-261128.4208,42703.3711,499.6003,1024.2483
-303635.2272,-261280.0397,42355.1875,520.8419,1047.1369
-303941.0061,-261206.1506,42734.8555,491.4352,1020.4591
-303655.1181,-261147.1493,42507.9688,488.1064,1051.6122
-304050.4653,-261327.7974,42722.668,469.3524,1035.3621
-303754.674,-261128.5022,42626.1719,459.7122,1020.6862
-303644.4534,-261233.5198,42410.9336,488.4737,1054.1107
-303868.6105,-261235.5949,42633.0156,509.9914,1029.2087
-303775.0327,-261230.2632,42544.7695,502.6942,1042.0063
-304217.5325,-261277.6263,42939.9062,499.6155,1011.5712
-303952.0196,-261289.8594,42662.1602,491.0749,1083.3433
-303849.0233,-261201.9608,42647.0625,481.7837,1008.3725
-304212.23,-261265.8823,42946.3477,474.5371,1016.9565
-303825.2095,-261180.815,42644.3945,522.8107,1066.3087
-303940.049,-261283.6857,42656.3633,527.7171,1041.3727
-303892.6207,-261262.527,42630.0938,517.439,1070.6026
-303761.9625,-261203.4117,42558.5508,478.9668,1042.3321
-303959.4343,-261221.5202,42737.9141,475.8858,1039.1862
-303829.5443,-261188.5521,42640.9922,477.6485,1019.9751
-304010.3312,-261281.171,42729.1602,479.3021,1017.2979
-303818.8447,-261228.2822,42590.5625,509.2748,1044.6119
-304021.3237,-261264.3862,42756.9375,513.7973,1026.3347
-303471.8383,-261232.8852,42238.9531,503.0033,1029.3281
-304004.5091,-261276.7786,42727.7305,503.0959,1052.7932
-303776.3133,-261220.7078,42555.6055,511.4689,1027.5121
-304063.5353,-261219.8361,42843.6992,471.5174,1047.16
-303770.1709,-261255.5772,42514.5938,481.6932,1034.4482
-303726.4769,-261083.2347,42643.2422,513.7831,1007.2995
-303873.1181,-261242.1923,42630.9258,507.4129,1042.552
-303755.5496,-261222.1433,42533.4062,502.9341,983.8093
-303799.5664,-261152.8516,42646.7148,487.9464,1034.8433
-303768.8738,-261133.4246,42635.4492,510.0722,1037.4743
-303987.1104,-261242.9307,42744.1797,522.1249,1065.8755
-303648.5588,-261164.3831,42484.1758,484.9128,1047.0706
-303956.5543,-261183.0738,42773.4805,490.6922,981.9392
-303756.9559,-261219.663,42537.293,527.4659,1020.3259
-303701.1029,-261158.8099,42542.293,518.1185,984.7531
-303959.8741,-261164.8077,42795.0664,524.2055,1063.7566
-303777.8141,-261093.2985,42684.5156,515.8452,1012.6344
-303921.4829,-261138.0766,42783.4062,472.1933,1063.9371
-303699.689,-261051.4468,42648.2422,508.0117,991.5541
-303945.619,-261207.1073,42738.5117,501.3194,1016.7765
-303868.5851,-261168.6398,42699.9453,462.5745,1021.1502
-303940.2261,-261165.1011,42775.125,509.2336,1036.6298
-303896.4862,-261239.2791,42657.207,498.2033,1027.7081
-304109.3921,-261185.1382,42924.2539,488.7906,1022.3156
-303906.6871,-261181.5933,42725.0938,498.5959,1016.5775
-303805.3795,-261254.1725,42551.207,502.9095,1066.0605
-303959.4279,-261153.9865,42805.4414,500.4473,1033.4665
-303822.9777,-261124.798,42698.1797,528.5391,1036.5172
-303726.1394,-261063.9129,42662.2266,489.5883,1066.8861
-303953.5336,-261248.7171,42704.8164,486.1876,1030.4093
-303705.4165,-261221.6508,42483.7656,494.0855,1057.6865
-303848.4033,-261200.0204,42648.3828,502.5677,1014.9744
-303826.7188,-261245.1017,42581.6172,499.4226,1025.5096
-304095.8703,-261144.7687,42951.1016,512.9987,1020.4661
-303561.206,-261068.0693,42493.1367,481.6701,1039.064
-303741.3737,-261203.9753,42537.3984,499.1243,997.6571
-303862.9348,-261170.6848,42692.25,484.1681,1017.3785
-303925.3614,-261161.0176,42764.3438,484.8838,1042.5272
-303912.3104,-261261.0058,42651.3047,513.9748,1060.0082
-303764.8583,-261146.8036,42618.0547,494.5205,1040.2354
-303933.8554,-261137.5351,42796.3203,502.1518,1039.8585
-303657.8417,-261239.6893,42418.1523,522.3635,1022.0702
-303983.3421,-261145.1742,42838.168,495.8992,1012.4004
-303819.3119,-261218.101,42601.2109,488.3913,1081.8958
-303444.9115,-261163.8568,42281.0547,505.0167,1063.0009
-303799.782,-261224.6843,42575.0977,491.3796,1042.0436
-303734.7086,-261201.5172,42533.1914,499.3164,998.6601
-303982.6216,-261295.3638,42687.2578,474.5839,1063.8585
-303919.4244,-261196.7291,42722.6953,444.4009,1044.3612
-303713.7023,-261111.7883,42601.9141,480.4737,1067.1863
-303899.8902,-261241.0035,42658.8867,480.2957,1047.5362
-303765.3525,-261265.9424,42499.4102,491.2134,988.9405
-303560.834,-261208.0801,42352.7539,491.1895,1071.2979
-303902.5957,-261143.0449,42759.5508,481.3532,1032.2791
-303826.4373,-261175.613,42650.8242,534.9311,1029.9088
-304060.8936,-261179.2139,42881.6797,505.3385,1045.6568
-303909.2256,-261115.6084,42793.6172,479.2191,1041.459
-303980.4112,-261242.001,42738.4102,519.1832,1053.5409
-303722.2174,-261167.8658,42554.3516,505.7843,1019.2666
-303976.4536,-261186.1567,42790.2969,474.2175,1036.9326
-304022.1477,-261204.4251,42817.7227,479.4482,1055.5843
-304067.8768,-261278.5214,42789.3555,512.9232,1033.7581
-303897.8667,-261245.7261,42652.1406,495.4797,1030.8102
-303830.0494,-261105.3267,42724.7227,483.1406,1058.0422
-303790.3366,-261278.1179,42512.2188,459.8541,1024.662
-303656.9764,-261183.9217,42473.0547,487.7181,1028.3843
-303970.912,-261150.3339,42820.5781,483.7902,1036.9063
-303989.881,-261185.3107,42804.5703,511.9523,1002.5148
-303907.1031,-261289.8375,42617.2656,490.6503,1048.0486
-303828.0132,-261213.0757,42614.9375,492.6586,1074.8017
-303864.035,-261146.9764,42717.0586,470.9822,1036.1445
-303893.5072,-261161.2376,42732.2695,466.9036,1044.0455
-303479.077,-261166.327,42312.75,473.0313,1008.251
-303654.4264,-261176.4186,42478.0078,535.7185,1024.4211
-303751.873,-261061.373,42690.5,504.4662,989.8365
-304002.6391,-261233.893,42768.7461,484.8657,1050.2145
-303962.6757,-261215.9843,42746.6914,509.1973,1060.0407
-303849.2869,-261243.4822,42605.8047,488.1668,1039.9187
-303909.327,-261332.3309,42576.9961,500.9624,1037.315
-303782.6605,-261249.7269,42532.9336,514.9016,1033.1239
-303862.9372,-261192.2614,42670.6758,518.7542,1007.126
-303751.6198,-261147.9362,42603.6836,515.5073,997.1368
-303888.9513,-261154.7209,42734.2305,544.707,1020.9383
-303705.8278,-261209.984,42495.8438,512.6894,1067.6197
-303927.8241,-261243.4257,42684.3984,493.8671,1023.997
-303938.0176,-261195.123,42742.8945,493.2341,995.4684
-303775.7375,-261163.9367,42611.8008,526.6198,1048.5666
-303775.2329,-261227.2368,42547.9961,507.6548,1068.7178
-304022.0217,-261196.596,42825.4258,500.5027,1067.8788
-303604.6851,-261129.1069,42475.5781,499.3717,1046.6317
-303926.9998,-261239.7889,42687.2109,485.2094,1004.9097
-303758.6884,-261086.2352,42672.4531,466.974,1051.1238
-303696.5836,-261153.7125,42542.8711,509.3015,1040.5939
-304000.7281,-261204.9742,42795.7539,482.6655,1048.6087
-303824.3246,-261140.2738,42684.0508,471.0554,998.3492
-303915.513,-261230.3958,42685.1172,549.886,1065.8597
-303726.9567,-261150.4723,42576.4844,471.1729,1048.1661
-303660.3146,-261121.549,42538.7656,495.5635,1037.2172
-303802.6961,-261140.7117,42661.9844,500.6213,1054.2356
-303844.4425,-261134.2862,42710.1562,490.1162,1070.2699
-303913.67,-261166.7794,42746.8906,487.2985,1089.0569
-304035.7793,-261247.6777,42788.1016,502.494,1053.2842
-303999.551,-261260.1682,42739.3828,507.7208,1039.9108
-303772.7946,-261176.2087,42596.5859,534.4004,1023.4019
-303735.8634,-261198.965,42536.8984,475.7523,1075.2243
-303869.1788,-261217.1944,42651.9844,478.8316,1019.5116
-303788.6981,-261099.5223,42689.1758,465.3671,1036.8546
-303913.7578,-261244.5547,42669.2031,481.052,1022.0409
-303985.079,-261275.6688,42709.4102,492.9872,1041.9318
-303672.8487,-261168.0049,42504.8438,500.0199,1021.5741
-303982.4572,-261144.6603,42837.7969,506.5454,1013.4081
-304015.9373,-261221.7694,42794.168,498.0975,1060.5131
-303815.6563,-261218.4415,42597.2148,495.4945,1057.1781
-304039.5115,-261177.9021,42861.6094,496.609,1006.391
-303771.3831,-261140.426,42630.957,477.6569,1010.6074
-304019.0516,-261251.8016,42767.25,489.1945,1036.0009
-303801.7602,-261148.268,42653.4922,476.6028,1002.5486
-303733.1551,-261246.2801,42486.875,531.7685,1056.414
-304146.7429,-261276.0281,42870.7148,489.5693,1015.3464
-303571.4306,-261168.8954,42402.5352,508.095,1037.9633
-304085.9127,-261229.0494,42856.8633,486.258,1022.2483
-303918.189,-261261.0366,42657.1523,507.5054,1078.6039
-303841.0586,-261120.7657,42720.293,542.3469,1003.8644
-303924.1552,-261119.3857,42804.7695,489.9282,1044.4024
-303482.5451,-261080.006,42402.5391,486.5269,1026.0666
-303878.9042,-261162.2245,42716.6797,494.3483,1019.543
-303896.3062,-261179.5171,42716.7891,470.1704,1079.1865
-303847.17,-261137.8185,42709.3516,493.7962,1069.3768
-303631.6152,-261174.4433,42457.1719,501.9018,1088.6686
-303802.6514,-261162.5264,42640.125,498.5374,1031.0479
-304118.659,-261318.4949,42800.1641,506.3306,1049.8261
-303935.2581,-261220.8441,42714.4141,488.2926,1108.5183
-304063.3372,-261316.5326,42746.8047,507.3649,1032.7162
-303799.524,-261225.9459,42573.5781,506.2188,1052.685
-303903.8641,-261124.5594,42779.3047,480.3245,1059.4026
-303882.0514,-261095.1999,42786.8516,500.1843,1042.7575
-303753.1038,-261196.1859,42556.918,497.7024,1023.7571
-303685.7491,-261106.3936,42579.3555,505.3805,1072.8521
-304028.9292,-261233.6753,42795.2539,472.1005,1026.5358
-304162.0367,-261328.5133,42833.5234,526.4555,1090.3547
-303832.4814,-261212.9775,42619.5039,538.6384,1053.5511
-303844.767,-261193.0639,42651.7031,492.0271,1023.7752
-303775.8338,-261177.6463,42598.1875,499.9751,1044.2723
-303843.3702,-261187.4717,42655.8984,486.6399,1077.8248
-303877.0349,-261210.6872,42666.3477,493.8483,1044.548
-303722.0796,-261141.7085,42580.3711,478.0676,996.5352
-303689.7158,-261164.4619,42525.2539,525.3648,1026.5883
-303625.5998,-261197.592,42428.0078,459.9681,1049.5173
-304058.3577,-261157.9983,42900.3594,474.72,1071.372
-303767.9991,-261097.3663,42670.6328,525.141,1051.3379
-303981.0433,-261269.2152,42711.8281,499.5917,1017.0825
-304011.4719,-261284.382,42727.0898,486.2562,1075.3014
-304126.8249,-261241.8288,42884.9961,458.9163,1083.7995
-303946.6821,-261202.3501,42744.332,477.7135,1051.3487
-304080.2898,-261248.3914,42831.8984,494.2754,1043.4406
-304083.7462,-261188.2305,42895.5156,477.8081,1041.256
-303888.9158,-261183.3298,42705.5859,505.3695,1037.6287
-303804.4077,-261176.8101,42627.5977,538.2236,1069.9201
-303980.6307,-261226.0917,42754.5391,477.5728,1040.8522
-303938.5703,-261132.6758,42805.8945,515.6472,1030.9523
-304098.5313,-261200.293,42898.2383,482.1458,1089.8776
-303805.3634,-261150.8439,42654.5195,514.7474,1031.5939
-303960.3097,-261160.4894,42799.8203,505.5256,988.5162
-303779.7046,-261157.0249,42622.6797,468.8499,1042.038
-303919.8447,-261112.7665,42807.0781,489.4224,1022.5866
-303882.9537,-261153.1061,42729.8477,518.139,999.9051
-303645.1286,-261067.0388,42578.0898,489.3475,1021.6661
-303969.5442,-261210.8645,42758.6797,496.1945,1038.5331
-303665.4995,-261215.6128,42449.8867,519.013,1033.7907
-303930.8982,-261125.7771,42805.1211,467.2428,1032.2676
-303904.9863,-261259.6855,42645.3008,508.4126,1049.4253
-304231.4026,-261216.8128,43014.5898,515.2192,1041.1856
-304418.451,-261350.6268,43067.8242,477.162,1094.7297
-303999.7752,-261209.1424,42790.6328,482.7705,1076.1421
-303858.8167,-261109.6214,42749.1953,494.9592,989.8225
-303739.9226,-261143.4109,42596.5117,485.6225,1006.269
-303782.2762,-261255.538,42526.7383,492.3594,1029.8452
-303733.0795,-261132.0795,42601.0,454.9464,1010.2337
-303883.9542,-261281.3448,42602.6094,520.1739,1027.3347
-303893.5256,-261179.9826,42713.543,479.3384,1027.6321
-303578.6324,-261154.4761,42424.1562,484.4459,1035.4683
-304009.348,-261192.266,42817.082,464.2588,1046.8133
-303954.762,-261171.9339,42782.8281,501.1125,1043.6465
-303946.9582,-261198.1652,42748.793,471.0611,1078.9263
-304077.5668,-261231.8168,42845.75,502.0303,1023.2608
-304077.1457,-261268.2629,42808.8828,467.9275,1050.0277
-303959.532,-261271.8445,42687.6875,481.4779,1052.6112
-303856.5561,-261315.0171,42541.5391,473.2027,1023.6826
-303892.0235,-261214.5001,42677.5234,485.6862,1065.6872
-303787.9973,-261211.7277,42576.2695,507.5196,1005.9047
-303970.2481,-261252.1934,42718.0547,498.5135,1047.4284
-303831.8527,-261253.0597,42578.793,500.2159,1004.8529
-303783.8708,-261219.3513,42564.5195,485.5012,1087.7251
-303917.3582,-261282.3465,42635.0117,520.5581,1072.9291
-303950.2573,-261254.9526,42695.3047,481.6551,1048.5113
-303746.6698,-261179.4823,42567.1875,482.6153,1012.1471
-303697.3134,-261162.5986,42534.7148,488.0317,1040.7592
-303825.3788,-261152.7303,42672.6484,495.4022,1013.6096
-304029.2411,-261303.2723,42725.9688,517.0348,1008.5059
-303992.8782,-261138.3899,42854.4883,488.9518,1042.7363
-303758.5949,-261233.1535,42525.4414,529.7921,1057.0847
-303979.5232,-261291.1678,42688.3555,534.5023,1031.5677
-303962.7595,-261246.6267,42716.1328,515.6648,1068.3295
-303990.6443,-261160.781,42829.8633,507.7414,1020.777
-304101.5446,-261373.2243,42728.3203,482.5955,1076.4057
-304106.9858,-261203.5483,42903.4375,510.4442,1056.4955
-303987.4124,-261174.7952,42812.6172,479.8486,1033.8916
-303878.6485,-261252.004,42626.6445,472.6393,1087.7825
-304106.6366,-261204.4022,42902.2344,484.2704,1055.0178
-303926.3588,-261178.8354,42747.5234,518.3481,1044.1805
-303796.5631,-261154.6842,42641.8789,490.6625,1058.7251
-303690.4784,-261210.2245,42480.2539,490.7589,1041.8891
-303895.4204,-261184.9399,42710.4805,523.0888,1010.8339
-303772.0739,-261210.8825,42561.1914,508.7946,1033.1179
-303656.8106,-261141.5528,42515.2578,527.6594,1055.4764
-304095.2702,-261246.7077,42848.5625,474.1308,1062.7375
-303815.6514,-261199.5772,42616.0742,489.8417,1018.4764
-303653.6754,-261143.7418,42509.9336,507.1406,1013.7657
-303641.0777,-261168.2925,42472.7852,477.3606,1046.1338
-304121.0321,-261211.2899,42909.7422,500.6696,1024.7624
-304083.5317,-261214.7348,42868.7969,532.4833,1049.466
-304019.9837,-261265.6907,42754.293,471.5386,1058.6635
-303865.0844,-261260.4203,42604.6641,500.9924,1041.1352
-303897.0198,-261239.3049,42657.7148,501.7233,1004.4752
-303907.7707,-261243.2941,42664.4766,484.1181,1008.5564
-303862.7214,-261240.8582,42621.8633,486.9734,1040.558
-303936.0358,-261227.1843,42708.8516,544.1998,1088.6347
-303750.3623,-261097.7021,42652.6602,489.012,1073.4342
-303822.4005,-261110.0294,42712.3711,482.5308,994.7998
-303884.2129,-261067.8301,42816.3828,475.4247,1004.8583
-303703.7256,-261163.0029,42540.7227,514.1156,1059.4408
-303910.1821,-261211.7017,42698.4805,476.7307,1001.5686
-303838.94,-261200.4869,42638.4531,481.7356,1068.3709
-303861.998,-261238.1582,42623.8398,468.1625,1039.2023
-303801.3672,-261192.5039,42608.8633,457.7147,1038.2463
-303569.3266,-261078.0883,42491.2383,492.3164,1030.4214
-304151.0541,-261377.9955,42773.0586,505.102,1030.7535
-303695.48,-261180.7612,42514.7188,496.906,1024.6349
-304039.1079,-261199.397,42839.7109,477.2381,1033.3183
-304045.5314,-261257.7463,42787.7852,512.3088,1043.4572
-303942.5235,-261266.7032,42675.8203,521.8679,1042.8928
-303976.0847,-261353.4324,42622.6523,504.6491,1046.8292
-303721.3295,-261201.767,42519.5625,443.563,1046.5009
-303969.9469,-261239.9001,42730.0469,493.8182,1063.3291
-303976.2114,-261091.0122,42885.1992,468.4933,1038.2009
-303808.5928,-261222.1943,42586.3984,506.5892,1026.5498
-303709.3428,-261213.8077,42495.5352,480.2442,1067.9354
-303911.7042,-261174.8917,42736.8125,492.071,1035.2051
-303768.1821,-261157.5336,42610.6484,483.7883,1043.8705
-303774.7726,-261193.7726,42581.0,495.3984,1039.1077
-303885.97,-261240.4505,42645.5195,517.5695,1016.9435
-304011.8976,-261178.2648,42833.6328,497.3279,1028.6016
-303957.3706,-261305.0893,42652.2812,520.9643,1051.7956
-303788.317,-261182.3561,42605.9609,518.1768,1040.9022
-303796.1836,-261153.0547,42643.1289,498.4407,1041.0857
-303793.0019,-261204.4784,42588.5234,515.031,1016.1093
-304010.2317,-261235.052,42775.1797,452.3142,1021.4532
-303871.7456,-261257.7104,42614.0352,510.8725,1049.5165
-303850.5097,-261178.0253,42672.4844,457.6617,1065.9239
-303874.5168,-261254.9817,42619.5352,518.899,1052.0276
-304108.7943,-261250.6927,42858.1016,511.866,1024.2044
-303943.7122,-261191.7512,42751.9609,533.0523,1022.436
-303879.8425,-261308.6121,42571.2305,505.5766,1055.8927
-303877.203,-261184.6991,42692.5039,514.6942,1084.7537
-303986.3208,-261172.102,42814.2188,488.5818,1056.2103
-303877.9286,-261209.2763,42668.6523,459.7456,1049.8488
-303917.4101,-261213.6797,42703.7305,505.8527,1019.2557
-303671.9401,-261190.4283,42481.5117,483.014,1092.0232
-303958.6076,-261191.8029,42766.8047,488.9995,1047.092
-304153.5559,-261278.3137,42875.2422,481.3505,1047.7017
-304046.4962,-261248.1408,42798.3555,487.0232,1037.8496
-303707.9948,-261107.9675,42600.0273,502.1661,1055.4764
-304008.3363,-261221.973,42786.3633,485.6451,1001.5783
-304285.6678,-261320.8709,42964.7969,469.7023,1024.536
-303902.6254,-261176.6879,42725.9375,515.5168,1031.4331
-303761.0231,-261137.6676,42623.3555,484.4475,1052.7818
-303803.6071,-261101.15,42702.457,540.6448,1023.0402
-304095.8096,-261130.919,42964.8906,482.7711,1038.2134
-303911.788,-261223.124,42688.6641,438.4337,1076.1628
-303964.5623,-261271.0545,42693.5078,445.9468,1038.4066
-303815.0297,-261150.2289,42664.8008,491.9856,1026.4483
-303995.008,-261164.0548,42830.9531,489.7426,1038.3781
-304079.381,-261157.9161,42921.4648,492.3004,1041.005
-303816.6644,-261120.0315,42696.6328,503.4478,1029.8262
-303969.737,-261176.0143,42793.7227,493.6479,1041.4396
-303826.7265,-261237.1289,42589.5977,483.572,1053.7383
-303856.5355,-261128.8245,42727.7109,468.7862,1032.1487
-303672.2491,-261155.0773,42517.1719,500.9306,1047.8145
-304010.2788,-261322.3335,42687.9453,505.5236,1011.7938
-303535.8186,-261142.5217,42393.2969,488.3688,1048.5538
-303971.0177,-261204.6388,42766.3789,506.7068,1049.9214
-303955.7112,-261158.0159,42797.6953,499.1788,1047.343
-303766.8332,-261196.4192,42570.4141,499.1672,1001.0345
-303941.5675,-261208.005,42733.5625,498.2864,1079.3467
-303814.4155,-261185.1928,42629.2227,492.2404,1043.1417
-303943.1461,-261281.4078,42661.7383,482.7809,1044.4695
-303554.7676,-261127.3106,42427.457,500.3023,1018.9106
-303779.6104,-261234.6885,42544.9219,506.1353,1061.8919
-303967.8946,-261206.6446,42761.25,483.613,1076.8284
-303820.9258,-261231.4766,42589.4492,507.5639,1035.8981
-304075.8343,-261245.3382,42830.4961,467.8612,1067.4543
-303780.8352,-261169.011,42611.8242,514.7104,1026.4662
-303753.2617,-261157.0078,42596.2539,496.8011,1054.979
-303789.6685,-261137.8442,42651.8242,470.6456,1051.0773
-303957.6581,-261196.0057,42761.6523,486.3121,1004.4726
-303648.4316,-261135.5683,42512.8633,498.5399,1017.835
-303868.899,-261134.2818,42734.6172,488.6109,1059.2975
-303932.1423,-261212.3337,42719.8086,509.2249,1077.4582
-303934.8316,-261153.7612,42781.0703,501.6918,1040.812
-303818.6846,-261103.044,42715.6406,499.0057,1036.5671
-303604.288,-261059.3935,42544.8945,486.5226,1041.1845
-303865.9377,-261163.7698,42702.168,497.3732,1023.691
-303936.2888,-261236.1013,42700.1875,479.1907,1047.36
-304272.6704,-261194.604,43078.0664,460.3197,1040.4346
-303967.6603,-261152.1993,42815.4609,453.1984,1053.0952
-303842.641,-261138.0707,42704.5703,502.2941,1055.8169
-303727.1655,-261092.3061,42634.8594,485.0115,1027.4553
-303920.112,-261213.7565,42706.3555,478.5639,1051.6418
-303743.8296,-261117.4781,42626.3516,483.9923,1027.3793
-303671.3577,-261251.1273,42420.2305,511.3939,1027.2342
-304005.3464,-261134.3113,42871.0352,510.416,1036.3607
-303805.224,-261108.8529,42696.3711,482.3744,1049.9839
-303996.0028,-261167.3895,42828.6133,481.7192,1017.3591
-303839.6851,-261212.7788,42626.9062,472.3228,1054.2375
-303682.327,-261218.245,42464.082,489.2426,1024.8252
-303896.8143,-261166.2479,42730.5664,509.805,1086.4842
-303952.8991,-261261.7545,42691.1445,465.5104,1069.2669
-303833.1203,-261211.1515,42621.9688,478.5444,1031.4564
-303847.995,-261202.7489,42645.2461,482.7271,1050.2568
-303889.3661,-261225.6981,42663.668,513.7353,1090.6015
-303976.6356,-261257.2215,42719.4141,502.8961,1053.8275
-303987.9896,-261162.306,42825.6836,491.7512,1058.2996
-303995.2609,-261246.2257,42749.0352,486.3202,1027.1966
-303852.9117,-261253.0562,42599.8555,513.8335,1060.2349
-303896.0342,-261117.2217,42778.8125,485.292,998.4924
-303718.275,-261122.9625,42595.3125,465.9708,1080.7748
-303841.1822,-261090.2759,42750.9062,477.1154,1027.5426
-303755.707,-261128.3671,42627.3398,504.2669,1049.0125
-304051.5038,-261194.6796,42856.8242,499.8717,1022.931
-303667.7333,-261171.0224,42496.7109,509.0873,1078.52
-303850.9053,-261187.499,42663.4062,510.026,1011.3544
-303656.0932,-261116.3666,42539.7266,507.6357,1042.6415
-304083.039,-261194.4374,42888.6016,499.4474,1031.5139
-303945.1202,-261216.3819,42728.7383,499.3971,1071.2143
-303951.6407,-261158.9571,42792.6836,488.6771,1040.6253
-304097.7912,-261163.1037,42934.6875,461.4046,1061.2002
-303752.8393,-261206.9761,42545.8633,513.1166,1048.9908
-303770.6531,-261189.2664,42581.3867,525.14,1044.9932
-303737.8061,-261261.685,42476.1211,493.6483,1020.8822
-303962.9156,-261180.8922,42782.0234,479.9638,1039.6825
-304034.5826,-261320.4771,42714.1055,503.583,1022.3423
-303592.2797,-261083.4008,42508.8789,482.0304,1051.3835
-303758.909,-261232.4324,42526.4766,482.6881,1054.7542
-303966.0505,-261245.8434,42720.207,498.5571,997.6939
-303774.554,-261165.6907,42608.8633,502.0203,1003.8575
-304073.9413,-261248.5312,42825.4102,485.3809,1066.1154
-304021.8602,-261242.6532,42779.207,504.8828,1011.6803
-303906.3358,-261165.9765,42740.3594,501.0668,1037.4505
-303810.6616,-261222.5718,42588.0898,525.4505,1050.7555
-303931.0908,-261177.3799,42753.7109,503.7488,1024.0297
-303893.4642,-261153.0579,42740.4062,493.2033,1069.5779
-303528.8888,-261144.2091,42384.6797,507.8839,1042.5625
-303880.5021,-261246.4435,42634.0586,499.6046,1031.3262
-303787.6601,-261200.6249,42587.0352,514.0394,1047.1338
-303779.4627,-261168.8885,42610.5742,538.9532,1053.4076
-304029.5143,-261258.9869,42770.5273,528.5305,1034.1133
-303764.5941,-261212.6722,42551.9219,524.3385,1025.8539
-303869.9475,-261211.3107,42658.6367,489.9662,1029.1736
-303907.0812,-261151.1867,42755.8945,488.4385,1014.7534
-304072.681,-261212.6966,42859.9844,495.0746,1058.4392
-304178.3664,-261232.5422,42945.8242,513.7121,1021.6554
-303842.0878,-261254.5136,42587.5742,496.3517,1076.1024
-303807.5111,-261204.5931,42602.918,505.6778,1043.6036
-303841.9067,-261203.0083,42638.8984,507.0744,1075.4858
-303858.9161,-261269.4122,42589.5039,494.248,1050.326
-303932.5439,-261185.0439,42747.5,535.6036,1025.1924
-303952.5496,-261330.6277,42621.9219,517.1072,1074.7602
-304005.2491,-261240.4366,42764.8125,514.5182,1057.651
-303885.2379,-261241.2926,42643.9453,500.6682,1031.6958
-303848.9511,-261214.4394,42634.5117,466.8363,1080.3697
-303987.5478,-261191.6533,42795.8945,527.7514,1041.0045
-303852.7122,-261233.2201,42619.4922,497.7721,1028.234
-304145.4427,-261249.2669,42896.1758,454.2152,1043.6433
-304116.8408,-261295.5752,42821.2656,510.596,1016.2396
-303732.5667,-261123.3987,42609.168,493.5812,1033.4611
-303886.8628,-261242.7573,42644.1055,497.5092,1042.3434
-303902.3789,-261237.3437,42665.0352,499.4816,1027.0921
-303963.7111,-261213.3361,42750.375,473.2556,1086.4509
-303620.9208,-261183.206,42437.7148,498.9541,1020.5156
-303765.9248,-261105.7842,42660.1406,475.8764,1078.8643
-304172.346,-261209.2796,42963.0664,505.0836,1048.296
-303657.2781,-261032.0008,42625.2773,485.328,1042.195
-304069.2055,-261241.0376,42828.168,503.3463,1065.5092
-304060.527,-261145.4372,42915.0898,506.5723,1016.7221
-303891.7978,-261152.0673,42739.7305,488.6205,1022.0479
-303920.9846,-261174.7971,42746.1875,494.5712,1049.3964
-303762.9605,-261133.1753,42629.7852,503.2772,1080.4163
-303484.9915,-261200.2884,42284.7031,541.1236,1042.771
-303949.3916,-261215.8877,42733.5039,473.4515,1089.3
-303813.9239,-261150.756,42663.168,491.5114,1049.8669
-303642.7941,-261208.1573,42434.6367,481.4354,1107.7436
-303888.3808,-261131.4785,42756.9023,493.8142,1050.7827
-303763.9128,-261152.3542,42611.5586,463.3585,1083.4255
-304127.2628,-261201.7315,42925.5312,517.0667,1039.5076
-303875.4622,-261274.3489,42601.1133,493.1241,1043.9268
-304088.9859,-261203.2359,42885.75,524.7172,1005.5205
-304041.4563,-261264.4095,42777.0469,499.6929,1058.8233
-303905.6477,-261166.6672,42738.9805,490.4831,1052.8692
-303944.8868,-261158.3047,42786.582,486.0965,1063.7455
-303999.6758,-261164.6524,42835.0234,513.5886,1013.4625
-303607.2382,-261229.5312,42377.707,519.4217,1052.486
-303771.5034,-261210.9643,42560.5391,492.7774,1016.1188
-304074.4008,-261227.7524,42846.6484,490.7747,1079.8693
-303887.974,-261162.6146,42725.3594,459.1448,1017.6177
-303884.6488,-261225.3832,42659.2656,545.7739,1045.0531
-303862.1303,-261097.1108,42765.0195,490.4854,1025.6391
-304044.7166,-261234.6189,42810.0977,493.586,1054.6194
-303865.2568,-261257.6122,42607.6445,506.1074,1004.0853
-303574.9749,-261111.8812,42463.0938,482.2755,994.1134
-303778.7874,-261225.2288,42553.5586,517.2794,1084.8257
-303951.3553,-261235.2303,42716.125,457.0848,997.5022
-303574.1423,-261227.3454,42346.7969,498.3727,1046.0132
-303717.6212,-261188.2032,42529.418,475.8648,1030.4769
-304343.6683,-261335.2386,43008.4297,517.7699,1106.7496
-304117.1618,-261276.4391,42840.7227,500.7799,1090.4977
-303871.3408,-261279.7588,42591.582,493.5932,1038.6665
-303806.4687,-261225.9921,42580.4766,494.9484,1042.7643
-303714.1184,-261173.7786,42540.3398,475.0642,1025.4968
-303911.5921,-261214.1507,42697.4414,491.1783,1053.7439
-303916.6331,-261130.7894,42785.8438,498.4083,1048.1818
-304071.1212,-261226.836,42844.2852,481.4058,1025.488
-303793.7193,-261197.399,42596.3203,474.1558,997.3331
-303915.5198,-261251.0393,42664.4805,460.485,1049.4006
-303712.6989,-261181.7419,42530.957,509.5662,1058.7398
-303907.1721,-261197.8987,42709.2734,501.9667,1041.6021
-303832.6487,-261159.7307,42672.918,525.4369,993.5089
-303708.8083,-261223.5857,42485.2227,496.0665,1042.9598
-303986.5975,-261236.7342,42749.8633,468.4859,1002.5361
-303752.901,-261162.6783,42590.2227,503.9031,1014.6344
-303836.026,-261123.112,42712.9141,506.5244,1023.8624
-303830.9398,-261181.139,42649.8008,496.9077,1042.1649
-303697.3323,-261191.2737,42506.0586,515.8281,1084.0171
-303909.6509,-261194.0728,42715.5781,501.2228,1030.792
-303848.2966,-261122.0232,42726.2734,479.5585,1052.6126
-303807.4717,-261210.7021,42596.7695,512.7237,1002.7547
-303819.3781,-261192.4055,42626.9727,455.7266,1061.2968
-303750.2528,-261140.4833,42609.7695,496.973,1070.3942
-303928.0073,-261229.4409,42698.5664,529.3085,1030.3401
-304128.1403,-261211.7574,42916.3828,490.1333,1081.4217
-304137.3274,-261256.8547,42880.4727,475.5096,1054.273
-303884.5361,-261201.0048,42683.5312,496.0151,1061.005
-303956.4711,-261227.3539,42729.1172,516.6,1055.8881
-303897.9523,-261265.0422,42632.9102,490.9172,1020.8838
-303892.1393,-261198.7252,42693.4141,523.9653,1042.6239
-303709.6599,-261229.9021,42479.7578,465.2267,1026.7354
-304009.966,-261229.9933,42779.9727,452.719,1021.4934
-303779.3764,-261307.81,42471.5664,490.6702,1069.2703
-303981.4705,-261188.8963,42792.5742,504.561,1043.7106
-303811.6069,-261103.9701,42707.6367,501.6891,1027.9301
-303779.8266,-261134.3266,42645.5,540.9076,1056.1071
-303723.0483,-261130.1265,42592.9219,481.3202,1063.0075
-303684.9738,-261192.8332,42492.1406,480.1703,1020.7786
-304079.7069,-261183.953,42895.7539,506.5084,1052.4113
-303854.1039,-261116.5961,42737.5078,478.3385,1073.8801
-303908.2394,-261222.3058,42685.9336,477.5285,1028.0119
-303978.0932,-261130.6088,42847.4844,497.7118,1031.2696
-303718.4991,-261143.7022,42574.7969,468.4491,1028.345
-303951.269,-261138.7144,42812.5547,498.0787,1063.6692
-303918.9075,-261203.431,42715.4766,506.0297,1034.9923
-303733.3779,-261134.4209,42598.957,500.9059,1047.9673
-303907.1169,-261230.5427,42676.5742,510.6252,1058.0775
-303931.0916,-261230.3884,42700.7031,484.5132,1100.5705
-304064.9355,-261166.998,42897.9375,511.3038,1033.6869
-304089.805,-261257.2581,42832.5469,487.8691,1046.1911
-303763.2115,-261159.3443,42603.8672,510.9253,1067.7212
-304089.3154,-261197.2412,42892.0742,517.0789,1072.8743
-303734.2121,-261231.3293,42502.8828,482.2996,1098.9494
-304041.0542,-261252.3394,42788.7148,483.5033,1056.9874
-303856.0203,-261278.5907,42577.4297,499.2798,1065.8434
-303955.0622,-261165.0153,42790.0469,505.1655,1037.2122
-303936.1042,-261068.1316,42867.9727,504.6892,1025.7192
-303580.7323,-261059.4823,42521.25,497.7007,1060.111
-303921.3555,-261214.7891,42706.5664,534.802,1049.18
-303827.8674,-261208.2697,42619.5977,509.6356,1042.0445
-303737.4903,-261147.0723,42590.418,486.1432,1047.3437
-303896.9156,-261234.7633,42662.1523,501.5814,1018.1951
-303931.0636,-261243.1496,42687.9141,490.8233,1034.6989
-303746.3636,-261219.0237,42527.3398,517.5584,1023.9688
-303753.6459,-261108.7944,42644.8516,482.1051,1021.3752
-303661.1896,-261120.7872,42540.4023,502.5282,1039.1444
-303811.7128,-261212.2636,42599.4492,501.6552,1026.3629
-303952.1086,-261146.5696,42805.5391,517.0608,1029.5297
-303708.1033,-261152.9705,42555.1328,510.2925,1047.4024
-303858.1045,-261154.9287,42703.1758,499.6174,1014.2716
-303723.1928,-261228.1733,42495.0195,485.3077,988.4301
-303992.0586,-261233.2422,42758.8164,492.0866,1062.7016
-303886.2148,-261120.9804,42765.2344,509.2006,993.4498
-303965.6611,-261198.2744,42767.3867,485.6635,1035.054
-304078.1269,-261160.6465,42917.4805,492.2686,1034.8165
-303763.1269,-261275.4121,42487.7148,477.3981,1077.0984
-303967.965,-261316.1291,42651.8359,494.581,1040.256
-303981.911,-261240.4852,42741.4258,483.6899,1006.4051
-303930.6327,-261217.6249,42713.0078,498.6671,998.0816
-304048.57,-261250.1247,42798.4453,484.9198,1047.5086
-303955.5296,-261225.9983,42729.5312,507.1816,1010.9194
-303812.1061,-261150.2506,42661.8555,496.2346,1045.7167
-303832.8892,-261107.0377,42725.8516,486.5393,1032.3757
-303906.5564,-261175.1424,42731.4141,496.3311,1095.8338
-303841.9294,-261049.2536,42792.6758,465.2168,1022.03
-304043.4757,-261213.9796,42829.4961,496.5976,1024.8853
-303859.5669,-261127.3325,42732.2344,483.3794,1059.1737
-303793.3969,-261234.5453,42558.8516,476.7725,1076.0753
-303878.4701,-261238.1498,42640.3203,495.9177,1091.8572
-303765.0244,-261205.501,42559.5234,501.0078,1021.6591
-303812.1123,-261167.6045,42644.5078,498.9979,1028.7924
-303985.6997,-261160.4849,42825.2148,515.5845,1035.8637
-304126.9946,-261345.0063,42781.9883,496.872,1027.7917
-304037.6886,-261192.3605,42845.3281,477.5215,1060.9506
-303741.4825,-261122.0606,42619.4219,495.3412,1042.0436
-303901.3686,-261183.0756,42718.293,465.2878,1035.5135
-304096.3877,-261286.0127,42810.375,502.9365,1047.5901
-303917.952,-261183.9481,42734.0039,499.9537,1045.8426
-303812.9244,-261175.0455,42637.8789,509.989,1026.0306
-303805.6096,-261163.6956,42641.9141,482.0809,1080.9912
-303922.9101,-261241.8944,42681.0156,492.0346,1030.4708
-303826.5045,-261160.3209,42666.1836,512.1829,1033.8209
-303640.7665,-261158.7626,42482.0039,488.4248,1047.465
-303914.0198,-261177.1135,42736.9062,511.4899,1030.3544
-303866.9193,-261199.5013,42667.418,485.3821,1039.7641
-303909.4561,-261244.3037,42665.1523,530.6353,1048.6006
-304123.1428,-261158.4748,42964.668,510.978,1061.3778
-303936.7537,-261121.5897,42815.1641,507.5561,1042.4106
-303913.9314,-261211.447,42702.4844,512.2379,989.9718
-303781.9616,-261105.4694,42676.4922,508.3075,1036.9522
-303896.3547,-261144.5071,42751.8477,478.5153,1043.9878
-303940.7569,-261069.0186,42871.7383,496.7393,1022.2713
-303946.6911,-261173.9685,42772.7227,506.6402,1042.4282
-303668.6574,-261130.6379,42538.0195,483.7137,1025.6259
-303692.2289,-261104.8187,42587.4102,482.4529,1054.4863
-303854.7044,-261257.1692,42597.5352,511.4116,1069.7681
-303751.9653,-261204.1723,42547.793,475.1694,1016.5649
-304046.9319,-261261.3616,42785.5703,501.7018,1026.9615
-303853.1704,-261084.854,42768.3164,490.6767,1052.5022
-303801.8605,-261209.6965,42592.1641,502.7821,1080.6955
-304037.6594,-261347.6164,42690.043,545.0778,1014.0046
-303781.8484,-261170.8367,42611.0117,500.3486,1078.3599
-303905.6232,-261199.3419,42706.2812,474.8189,1009.5458
-303948.0778,-261287.0036,42661.0742,490.7412,1075.5173
-303829.7271,-261191.1685,42638.5586,512.9016,1033.1645
-303789.2721,-261146.4049,42642.8672,497.4325,1025.2265
-304168.7789,-261221.6734,42947.1055,522.1708,1026.6802
-303852.9321,-261174.1352,42678.7969,475.2594,1033.9239
-304012.6176,-261199.9926,42812.625,498.406,1036.2451
-303876.2749,-261239.5405,42636.7344,533.0152,1007.6026
-303853.5178,-261139.5647,42713.9531,507.2723,1078.5369
-303864.9855,-261131.7785,42733.207,489.2229,1023.716
-303621.9428,-261118.7436,42503.1992,475.1386,1020.1501
-303973.1256,-261176.3522,42796.7734,486.8106,1080.5969
-303846.8367,-261269.6844,42577.1523,468.1051,1091.0418
-303879.4518,-261145.0573,42734.3945,533.5413,1086.1707
-303801.1041,-261168.0573,42633.0469,520.532,1047.724
-303972.0452,-261171.1897,42800.8555,471.3499,1066.4737
-303704.8132,-261213.2078,42491.6055,456.0865,1036.0402
-303915.3855,-261258.6316,42656.7539,517.1535,1042.934
-303888.2865,-261120.5014,42767.7852,512.3515,997.9087
-303797.9721,-261167.9838,42629.9883,460.3174,1033.1689
-304017.5108,-261144.9483,42872.5625,513.2856,1031.1023
-303952.4541,-261238.0479,42714.4062,512.9391,1077.1422
-303798.971,-261189.1117,42609.8594,510.959,1020.7309
-303964.1999,-261190.2351,42773.9648,477.6097,1042.4277
-303934.6544,-261119.4474,42815.207,480.6066,1035.8064
-303687.9499,-261188.3522,42499.5977,495.5096,1056.1747
-304026.773,-261200.7417,42826.0312,476.6416,1067.7078
-303951.3083,-261179.8904,42771.418,460.8393,1033.4705
-303945.239,-261155.6726,42789.5664,494.8407,1063.5833
-303664.0698,-261213.0932,42450.9766,484.8997,1033.7708
-303684.3105,-261147.0996,42537.2109,513.1971,1038.4076
-303880.937,-261156.519,42724.418,476.0778,1046.642
-303718.9858,-261201.6421,42517.3438,500.381,1016.1156
-303854.5523,-261226.4937,42628.0586,459.6272,1068.3617
-303752.4076,-261107.4935,42644.9141,468.9688,1047.6564
-303939.4392,-261136.736,42802.7031,521.7753,994.3114
-303814.7781,-261208.4188,42606.3594,487.1268,1004.8455
-303795.6294,-261257.7935,42537.8359,514.9028,1067.7382
-303780.8062,-261208.6226,42572.1836,512.814,1001.0501
-303994.4353,-261294.7283,42699.707,482.9322,1041.8774
-303768.2821,-261199.0516,42569.2305,516.9293,1032.4184
-303671.3244,-261165.883,42505.4414,486.03,1058.6029
-303972.857,-261142.9859,42829.8711,459.9732,1034.2855
-303901.2546,-261233.8444,42667.4102,465.7106,1040.7154
-303921.777,-261230.4176,42691.3594,479.8027,1034.0419
-303846.2715,-261156.0293,42690.2422,481.4669,1072.4815
-303872.0625,-261193.8242,42678.2383,457.2807,1046.4768
-303904.9085,-261179.8381,42725.0703,479.3409,1009.2849
-303694.0893,-261175.1713,42518.918,484.8563,1038.7176
-303819.5212,-261194.4157,42625.1055,475.3676,1064.0643
-303787.5302,-261293.577,42493.9531,500.8194,1032.5302
-303979.0692,-261268.6395,42710.4297,472.0763,1031.3747
-303724.234,-261127.7808,42596.4531,498.7091,1013.7664
-304046.926,-261261.2151,42785.7109,492.5202,1019.8728
-304026.6182,-261223.0206,42803.5977,497.9253,1100.0934
-303951.9891,-261190.0164,42761.9727,489.0787,1018.3925
-303908.6243,-261177.1712,42731.4531,412.8136,1057.8176
-303687.9862,-261150.5057,42537.4805,532.5269,1058.7427
-303800.7411,-261077.3036,42723.4375,507.4632,1026.3586
-303805.3293,-261227.9504,42577.3789,492.7774,1031.6301
-304036.479,-261246.147,42790.332,493.782,1036.8666
-303857.1685,-261226.606,42630.5625,496.1773,1051.6388
-303764.5613,-261178.2058,42586.3555,465.9148,1081.3558
-303947.2317,-261153.0325,42794.1992,481.9551,1009.0075
-303924.91,-261138.8826,42786.0273,496.0987,1030.9654
-303988.8588,-261087.9799,42900.8789,509.7319,1043.2559
-303675.803,-261083.9319,42591.8711,459.6865,1085.8467
-303661.3805,-261067.1149,42594.2656,532.941,1030.9264
-304075.6127,-261239.7767,42835.8359,500.7755,1042.6982
-303800.4417,-261257.4651,42542.9766,490.5541,1049.5551
-303902.574,-261187.2341,42715.3398,506.5253,1071.5134
-303886.0125,-261119.3875,42766.625,520.0969,1022.9829
-303968.604,-261124.0337,42844.5703,492.7048,1026.4915
-303802.4903,-261167.9552,42634.5352,481.1137,1023.7578
-303935.9259,-261189.1525,42746.7734,508.8722,983.1305
-304263.1774,-261314.4977,42948.6797,520.1567,1010.8056
-303737.4991,-261114.0225,42623.4766,477.6364,1046.0476
-303853.6564,-261207.9767,42645.6797,475.1257,1017.1122
-303838.3562,-261200.8836,42637.4727,508.68,1029.0532
-303917.6115,-261194.5646,42723.0469,465.6154,1026.0014
-303860.314,-261147.1811,42713.1328,530.006,1030.6623
-303843.0655,-261164.9249,42678.1406,507.1941,1018.9262
-303868.0154,-261165.3944,42702.6211,481.235,1085.3936
-303601.4103,-261106.504,42494.9062,531.9576,1026.6014
-303750.6015,-261081.9335,42668.668,443.4756,1072.994
-303604.7793,-261091.0293,42513.75,492.6169,1035.003
-303987.9545,-261216.8178,42771.1367,501.1354,1090.6179
-303970.5559,-261213.8372,42756.7188,501.4371,1034.5152
-304155.3616,-261271.9045,42883.457,481.7282,1076.9344
-303975.8779,-261117.4561,42858.4219,496.3863,1053.1979
-303662.3347,-261217.7683,42444.5664,469.8479,1034.3971
-303899.7853,-261086.7423,42813.043,510.8132,1060.6727
-303920.9829,-261138.5415,42782.4414,472.3352,1006.7741
-303896.501,-261096.3291,42800.1719,514.0164,1064.0306
-304139.9566,-261295.3707,42844.5859,470.0328,1040.4069
-303782.1323,-261051.1635,42730.9688,477.617,997.5464
-304023.7402,-261156.2715,42867.4688,509.6766,1075.4248
-303956.7277,-261115.7277,42841.0,515.7665,1037.7427
-303931.3576,-261223.1936,42708.1641,460.3877,1041.6488
-303945.6237,-261152.1354,42793.4883,477.9063,1031.7435
-303880.9266,-261153.7704,42727.1562,480.1183,998.327
-303891.8098,-261261.759,42630.0508,498.6258,1080.6563
-303806.1578,-261162.5133,42643.6445,506.0742,1060.3769
-304093.6926,-261257.9387,42835.7539,488.7804,1029.2566
-303860.0783,-261253.0236,42607.0547,501.8895,1072.5086
-303903.4631,-261222.1701,42681.293,483.3759,1052.3118
-303868.503,-261248.8975,42619.6055,454.0447,1033.3476
-304001.0051,-261292.97,42708.0352,496.9274,1041.8548
-303996.9464,-261261.8019,42735.1445,484.0076,1059.3797
-303793.2352,-261242.9383,42550.2969,482.1613,1013.5024
-303932.2052,-261211.2716,42720.9336,487.0218,1032.2636
-303835.8821,-261251.3314,42584.5508,500.8015,1046.4513
-303632.8078,-261125.5968,42507.2109,487.391,1061.7236
-303872.5284,-261266.5714,42605.957,493.2912,1031.1775
-303772.6635,-261069.4721,42703.1914,512.2203,1046.514
-303880.2024,-261221.3431,42658.8594,497.6339,1033.3632
-303924.1378,-261215.005,42709.1328,531.7394,1034.4993
-303967.7532,-261204.0111,42763.7422,459.2504,1090.1502
-303997.4975,-261172.9662,42824.5312,475.6832,1016.9847
-303954.6423,-261107.1071,42847.5352,500.3492,1058.8039
-303808.7581,-261152.9026,42655.8555,502.6387,1017.0738
-304014.102,-261191.0903,42823.0117,508.5022,1021.2405
-303845.5607,-261149.7014,42695.8594,507.6195,1078.2146
-303976.9537,-261118.4811,42858.4727,519.0875,1042.1445
-303752.8576,-261168.6076,42584.25,501.6184,1049.8747
-303882.7208,-261164.338,42718.3828,500.5171,1051.3979
-303839.7527,-261149.7683,42689.9844,513.5866,1061.8294
-303951.5043,-261199.8168,42751.6875,514.1411,1062.1865
-303858.9635,-261158.7252,42700.2383,488.2778,1038.874
-303892.7117,-261188.9578,42703.7539,505.2971,1037.6723
-303684.0189,-261182.9798,42501.0391,487.6137,1068.3532
-303760.2479,-261187.3807,42572.8672,508.4955,1006.3991
-303868.8402,-261212.766,42656.0742,503.9064,1022.8399
-303975.8684,-261285.6106,42690.2578,510.5114,1031.1704
-303760.5934,-261147.2653,42613.3281,506.8144,1047.054
-303726.4429,-261183.7749,42542.668,519.4874,1050.5967
-303917.8789,-261234.8164,42683.0625,496.3466,1029.4096
-303970.3355,-261223.4449,42746.8906,491.7649,1084.1034
-303999.4668,-261191.7247,42807.7422,508.3888,1074.347
-303974.0637,-261165.3137,42808.75,508.7342,1047.2051
-303910.7408,-261271.5065,42639.2344,514.5182,1068.9478
-303917.7497,-261275.3981,42642.3516,500.9107,1048.4652
-303968.9426,-261151.0012,42817.9414,498.6592,1052.4698
-303913.8951,-261226.5201,42687.375,517.9937,1041.0182
-303808.5143,-261071.5729,42736.9414,510.1926,1019.9929
-304138.4422,-261228.7742,42909.668,507.3913,1055.3422
-303877.7479,-261211.7089,42666.0391,489.6519,1046.941
-303925.6952,-261199.6561,42726.0391,514.1248,1028.3932
-303521.539,-261156.6523,42364.8867,526.7019,1014.9316
-303918.1881,-261257.4889,42660.6992,521.0124,1052.3923
-304020.9101,-261135.6171,42885.293,512.5005,1047.4148
-303950.403,-261128.6608,42821.7422,493.417,1079.1153
-304117.4573,-261294.8635,42822.5938,504.6136,1025.8421
-303942.4464,-261221.0167,42721.4297,494.3553,1011.6679
-303738.4788,-261218.7444,42519.7344,491.4673,1085.3994
-304056.4538,-261251.4889,42804.9648,481.6695,1015.6693
-304120.0848,-261195.6551,42924.4297,459.9221,1061.1758
-304079.0809,-261161.3191,42917.7617,486.4756,1005.9994
-303886.8764,-261194.9936,42691.8828,479.6704,981.5883
-303698.3154,-261211.5029,42486.8125,489.9259,1043.0736
-303836.2739,-261217.2426,42619.0312,515.0948,1023.7429
-303816.7668,-261242.0011,42574.7656,480.2405,1091.8576
-304082.8429,-261233.964,42848.8789,525.613,1053.4957
-303725.191,-261234.1871,42491.0039,511.62,1044.4468
-303885.9101,-261174.5351,42711.375,481.3047,1038.41
-304015.5624,-261209.4374,42806.125,506.877,1041.7705
-303772.8574,-261170.3613,42602.4961,517.9727,1064.2804
-303831.1652,-261177.2433,42653.9219,495.5809,1071.1005
-303808.9123,-261200.4436,42608.4688,499.1588,1049.6129
-303720.5307,-261196.062,42524.4688,530.2251,1035.6887
-303926.0906,-261208.1296,42717.9609,522.5628,1042.8968
-303941.354,-261154.4438,42786.9102,486.9707,1064.2107
-303848.7609,-261227.382,42621.3789,477.181,1030.2923
-303868.9091,-261174.3271,42694.582,506.5025,1024.2035
-303947.3924,-261245.7127,42701.6797,517.7723,1060.6604
-304069.2029,-261199.1482,42870.0547,472.6421,1052.397
-303601.8258,-261106.9704,42494.8555,502.1151,1004.4058
-303851.1848,-261115.4348,42735.75,484.9868,1071.9249
-303903.3006,-261174.7225,42728.5781,477.2287,1038.8135
-304077.1345,-261279.3337,42797.8008,520.6399,1062.7487
-303717.2806,-261166.7141,42550.5664,505.966,1046.0658
-303968.0077,-261177.2616,42790.7461,485.7088,1100.8477
-303852.144,-261218.2026,42633.9414,536.8363,1044.9177
-303767.675,-261132.6086,42635.0664,504.4615,996.2201
-303822.6453,-261209.9032,42612.7422,509.6559,1074.9169
-303599.7288,-261168.7835,42430.9453,499.0829,1053.6773
-303541.1343,-261057.3023,42483.832,454.7817,1033.5214
-303838.1995,-261101.219,42736.9805,493.7717,1049.3743
-303989.5118,-261198.2579,42791.2539,481.9968,1030.3704
-303847.1784,-261015.5261,42831.6523,509.6472,980.4494
-303659.9157,-261128.9196,42530.9961,530.9708,1062.3686
-303824.5746,-261238.0668,42586.5078,500.4743,1054.0383
-303927.426,-261237.8245,42689.6016,517.7691,1005.611
-304016.7983,-261188.2553,42828.543,501.0754,1011.5543
-303808.2946,-261273.0563,42535.2383,502.3597,1043.1598
-303689.422,-261207.2579,42482.1641,482.9845,1037.801
-303660.4413,-261136.8007,42523.6406,459.6921,1028.7809
-304014.7185,-261225.7966,42788.9219,518.2952,1045.4429
-303798.4591,-261117.1856,42681.2734,487.4857,1057.3359
-303600.9176,-261191.9879,42408.9297,514.5047,1088.2326
-303529.808,-261114.8666,42414.9414,532.8643,1018.1179
-303745.8461,-261142.4321,42603.4141,496.0134,1067.6644
-303909.9733,-261205.6608,42704.3125,528.7731,1029.9579
-303868.549,-261272.6662,42595.8828,475.1945,1044.0703
-303884.2998,-261231.6358,42652.6641,509.8347,1058.2745
-303713.8292,-261197.0128,42516.8164,457.043,1075.2329
-303860.4257,-261155.7186,42704.707,481.6231,1033.9797
-303677.6164,-261185.2297,42492.3867,521.9727,1035.4743
-303999.7839,-261135.0222,42864.7617,486.5176,1045.4489
-303879.5112,-261174.8979,42704.6133,486.4398,1046.9613
-304320.9963,-261157.5119,43163.4844,467.9474,1052.6655
-303756.2098,-261144.4481,42611.7617,506.1202,1047.0162
-304040.5925,-261292.3308,42748.2617,483.62,1048.2435
-304031.5293,-261313.2832,42718.2461,465.8441,1023.9526
-303692.3561,-261159.9186,42532.4375,537.9553,1051.5609
-303879.3847,-261265.3612,42614.0234,497.8193,1092.3367
-304087.3209,-261241.0084,42846.3125,468.3295,1031.175
-304072.8917,-261197.2901,42875.6016,548.7657,1007.482
-304161.9294,-261343.6833,42818.2461,521.1549,1058.3682
-303927.7727,-261165.0188,42762.7539,486.0003,1052.5373
-303950.1281,-261185.8937,42764.2344,470.4905,1026.2186
-303762.7935,-261168.4693,42594.3242,482.256,998.7784
-303907.9806,-261203.711,42704.2695,483.3511,1031.8507
-304049.6864,-261231.3153,42818.3711,518.4719,1055.036
-303945.4624,-261185.3882,42760.0742,507.7053,1041.1021
-303712.202,-261123.8661,42588.3359,500.8276,1031.4823
-303786.798,-261209.9387,42576.8594,465.055,1051.6862
-303761.4875,-261222.3156,42539.1719,505.8983,1015.7684
-303857.3511,-261175.8433,42681.5078,504.6349,1044.4796
-303694.8017,-261177.2665,42517.5352,533.0349,1004.8982
-303904.5785,-261226.7113,42677.8672,475.5868,1069.8078
-303957.2307,-261186.4533,42770.7773,485.1669,1043.8121
-303980.617,-261223.1678,42757.4492,481.3785,1010.2008
-303859.8511,-261139.0894,42720.7617,487.8388,1058.4837
-303804.7796,-261260.7796,42544.0,490.9943,1017.2888
-303637.5335,-261111.3656,42526.168,487.0811,1007.0613
-303873.9396,-261297.6114,42576.3281,509.6019,1054.8082
-303687.6533,-261100.0673,42587.5859,489.8625,1081.6436
-304013.7029,-261206.2536,42807.4492,501.9884,1030.4041
-303868.2503,-261198.9066,42669.3438,500.0933,1051.892
-303775.0872,-261170.4348,42604.6523,522.3803,1069.7337
-304118.3132,-261186.2859,42932.0273,495.3361,1012.4043
-303702.202,-261120.7645,42581.4375,508.747,1083.4717
-303769.051,-261170.2346,42598.8164,506.7943,1047.8556
-303811.5953,-261221.9976,42589.5977,477.9937,1078.8017
-303804.0888,-261120.3974,42683.6914,523.0528,1032.3189
-304082.1795,-261214.8202,42867.3594,489.722,1085.3293
-303704.6289,-261086.9766,42617.6523,490.4334,1052.1663
-303951.719,-261169.0393,42782.6797,451.8987,1068.9936
-303908.2892,-261163.9259,42744.3633,507.4243,1045.4649
-303992.9005,-261216.0685,42776.832,506.4627,1055.8376
-303870.3413,-261167.8726,42702.4688,552.2178,1011.6478
-303688.0682,-261212.4236,42475.6445,468.3177,1023.6228
-303811.342,-261145.7873,42665.5547,518.5579,1054.8057
-303868.6807,-261202.4893,42666.1914,508.7673,1068.2523
-303861.6654,-261239.3568,42622.3086,468.5263,1055.6869
-303896.1513,-261303.9598,42592.1914,503.0526,1089.8729
-303774.7521,-261242.4474,42532.3047,485.8921,1020.6402
-303924.6646,-261196.0982,42728.5664,489.7889,1019.5321
-303947.0465,-261214.7926,42732.2539,474.7903,1034.3812
-303845.7986,-261180.3455,42665.4531,511.9883,996.6661
-303846.5011,-261284.0792,42562.4219,483.0965,1028.0876
-303742.6468,-261167.0804,42575.5664,480.0696,1067.2943
-303950.8177,-261132.2591,42818.5586,490.8812,1014.0225
-304011.3629,-261089.0231,42922.3398,519.8315,1043.1873
-304047.4208,-261252.1513,42795.2695,463.1439,1013.8153
-304034.2077,-261176.1999,42858.0078,501.3861,1037.2931
-303789.2765,-261177.4328,42611.8438,498.1386,1058.9562
-303800.3344,-261166.9906,42633.3438,479.2167,1040.1369
-303857.2604,-261150.1745,42707.0859,507.084,1049.6299
-303863.8757,-261245.7625,42618.1133,501.2269,1052.6311
-303912.7678,-261275.6896,42637.0781,480.4069,1033.3087
-303922.6694,-261299.6577,42623.0117,516.1485,1055.5499
-304096.7089,-261189.7324,42906.9766,501.4791,1097.1118
-303850.4127,-261238.5689,42611.8438,545.4592,996.0196
-303686.2556,-261240.2595,42445.9961,523.7174,1071.0607
-303806.2483,-261191.8225,42614.4258,488.8121,1039.3372
-304010.3109,-261308.4672,42701.8438,492.5868,1039.2887
-303992.8913,-261276.3562,42716.5352,481.0651,1060.8944
-303819.83,-261167.4745,42652.3555,495.6359,1048.6464
-304003.1263,-261221.556,42781.5703,500.2958,1035.2792
-303824.3612,-261164.5018,42659.8594,528.0928,1053.0462
-303742.7144,-261047.8355,42694.8789,509.552,1073.5487
-304273.2963,-261234.6245,43038.6719,489.9271,1083.7748
-303792.7308,-261138.4808,42654.25,518.0569,1024.0579
-303877.8049,-261134.4612,42743.3438,534.7819,1046.2491
-303878.9771,-261325.5278,42553.4492,491.6477,1038.1555
-303893.4649,-261135.8047,42757.6602,512.3345,1060.3374
-303977.9664,-261089.9977,42887.9688,508.3474,1024.1652
-303979.9269,-261171.1808,42808.7461,499.9242,1016.3293
-303877.7302,-261214.9294,42662.8008,520.5754,1071.4816
-303915.4289,-261234.3313,42681.0977,537.4598,1046.9159
-304016.1291,-261239.1135,42777.0156,555.0093,1050.2237
-304033.3351,-261237.9718,42795.3633,476.0311,1069.9034
-303960.2228,-261211.0314,42749.1914,451.0034,1012.4796
-304060.9843,-261168.4491,42892.5352,489.1593,1026.0193
-303955.4726,-261144.6211,42810.8516,490.8851,1040.8483
-303997.1428,-261151.6467,42845.4961,503.4346,1035.4708
-303929.7103,-261177.5033,42752.207,515.2819,1027.0852
-303824.3137,-261204.0911,42620.2227,492.0483,1058.603
-303809.729,-261243.1079,42566.6211,506.7452,1078.2565
-303870.9479,-261242.5651,42628.3828,462.0869,1070.7119
-303628.7276,-261124.7471,42503.9805,525.362,1030.3457
-303772.8194,-261204.6944,42568.125,482.0972,1066.0758
-303812.4713,-261117.2525,42695.2188,495.6538,1024.3128
-303778.4722,-261044.0112,42734.4609,484.0944,1026.1304
-303894.5636,-261136.9621,42757.6016,504.1533,1025.8386
-303984.7012,-261227.3613,42757.3398,551.1048,1030.1747
-303824.1858,-261190.471,42633.7148,496.2425,1000.955
-303844.6546,-261143.2093,42701.4453,522.2636,1006.7742
-303984.1189,-261215.7634,42768.3555,488.9929,1025.9359
-304150.0607,-261147.3263,43002.7344,493.7125,1072.3487
-303809.7402,-261200.3574,42609.3828,508.3451,1066.5667
-303920.1703,-261179.0687,42741.1016,502.0118,1039.9348
-304032.0806,-261273.1431,42758.9375,511.2016,1053.513
-303959.9412,-261251.1443,42708.7969,484.7426,1010.7753
-303790.5707,-261158.5043,42632.0664,498.0182,1043.219
-303786.0419,-261227.3622,42558.6797,519.7356,1031.0598
-303800.6921,-261157.0202,42643.6719,509.2291,1044.2751
-303870.3302,-261097.1153,42773.2148,494.0464,1080.2023
-303747.1764,-261109.2545,42637.9219,499.9222,1076.4532
-303762.3025,-261167.2439,42595.0586,500.9084,1014.0781
-303963.4187,-261252.3523,42711.0664,516.4173,1031.1457
-304064.1403,-261220.1012,42844.0391,524.4682,1050.9666
-303926.2229,-261131.5784,42794.6445,547.7497,1043.346
-303915.4892,-261165.6923,42749.7969,520.2296,1048.5821
-303654.0182,-261118.444,42535.5742,473.9904,1034.4458
-303713.7636,-261188.4238,42525.3398,488.829,1031.5421
-303813.8475,-261289.203,42524.6445,524.0087,1037.8088
-303882.4459,-261084.2428,42798.2031,526.6478,1053.6841
-303716.8682,-261147.1807,42569.6875,530.4488,1017.6708
-303915.6694,-261096.8256,42818.8438,507.9461,1017.7005
-303846.8468,-261233.3898,42613.457,507.1266,1050.5478
-303899.246,-261280.0429,42619.2031,482.0838,1037.2078
-303744.9679,-261192.6632,42552.3047,485.8569,1037.7827
-303936.83,-261236.1699,42700.6602,493.4131,1053.2985
-303726.4457,-261176.9105,42549.5352,535.9545,1060.3256
-303917.3725,-261074.6615,42842.7109,507.6051,1031.5433
-304125.0375,-261284.2875,42840.75,491.8276,1000.69
-303919.8005,-261224.906,42694.8945,515.0992,1039.0502
-303875.4398,-261199.1624,42676.2773,531.1858,1056.186
-303755.9996,-261192.9292,42563.0703,477.4177,1022.4958
-303819.4569,-261127.2303,42692.2266,506.3133,1064.0764
-304037.0965,-261157.6981,42879.3984,508.4486,1025.2934
-303792.3827,-261125.2538,42667.1289,482.5255,1023.5099
-303876.1277,-261129.9324,42746.1953,497.6891,1048.5256
-303821.4557,-261170.8267,42650.6289,458.265,978.7471
-303865.2013,-261147.6974,42717.5039,523.7503,1020.895
-303583.2184,-261064.2184,42519.0,489.8659,1045.9511
-303828.8632,-261108.7069,42720.1562,469.8613,998.9246
-303576.5968,-261100.8819,42475.7148,486.7262,1077.3533
-304066.6635,-261189.8822,42876.7812,507.3171,1034.518
-303855.4029,-261213.5552,42641.8477,478.0606,1062.9107
-303782.3534,-261141.2518,42641.1016,485.7468,1035.1628
-303842.1618,-261240.0017,42602.1602,505.1286,1047.9505
-303669.4224,-261213.8755,42455.5469,524.3323,1024.8972
-303870.213,-261193.295,42676.918,490.3152,1076.9024
-303912.3273,-261213.7765,42698.5508,485.1903,1014.0363
-304102.3472,-261161.191,42941.1562,516.3972,1039.1419
-303703.0966,-261151.1279,42551.9688,492.3816,1053.4427
-303682.3878,-261068.6495,42613.7383,447.4565,1100.9797
-303935.18,-261143.5433,42791.6367,495.1963,1012.5238
-303660.8813,-261152.5102,42508.3711,503.9318,1042.4369
-303811.7704,-261196.5477,42615.2227,494.3544,1035.7191
-303937.7203,-261173.3414,42764.3789,473.099,1035.6434
-303834.5688,-261167.5453,42667.0234,514.8876,1033.4081
-303683.7594,-261203.8454,42479.9141,479.8563,1073.6752
-304103.3035,-261261.905,42841.3984,494.3897,1012.636
-303985.9789,-261209.1547,42776.8242,473.1736,983.6496
-304077.0239,-261218.4419,42858.582,471.8942,1007.0216
-303928.4563,-261241.7532,42686.7031,493.2995,1086.31
-303846.8229,-261204.1744,42642.6484,440.8674,1061.196
-303847.4014,-261292.3506,42555.0508,504.9485,1004.3981
-304109.7777,-261174.5004,42935.2773,498.9317,1014.3752
-303746.8707,-261200.5816,42546.2891,530.3438,1060.8586
-303870.6749,-261209.5967,42661.0781,476.5854,1015.6962
-303668.4562,-261253.6398,42414.8164,506.2644,1060.213
-304001.8119,-261320.0541,42681.7578,503.5439,1049.4857
-303875.842,-261268.0764,42607.7656,505.0905,1060.4739
-303986.5627,-261276.6721,42709.8906,503.7183,1030.2083
-304080.295,-261266.9279,42813.3672,500.9288,1102.728
-303825.9222,-261202.4378,42623.4844,547.7325,1061.4017
-304133.9045,-261280.0998,42853.8047,469.6864,1045.4161
-303829.6544,-261141.0059,42688.6484,539.3855,1005.0033
-303644.2563,-261192.3579,42451.8984,475.1472,1074.5304
-303888.4919,-261267.195,42621.2969,512.1109,1041.3701
-304102.2637,-261270.3926,42831.8711,502.0394,1010.9325
-303909.3168,-261208.9496,42700.3672,502.5961,1064.1006
-303861.1281,-261158.8234,42702.3047,511.5428,1052.8383
-303723.0292,-261139.1894,42583.8398,488.0224,1040.381
-304036.4936,-261197.0327,42839.4609,487.3285,1067.1882
-303996.195,-261327.3318,42668.8633,501.7754,1039.514
-304021.5664,-261289.5781,42731.9883,489.1661,1017.39
-303931.0825,-261157.2779,42773.8047,484.0313,1053.8965
-303995.5569,-261240.1506,42755.4062,500.4753,1019.9001
-303676.4,-261101.5445,42574.8555,503.0338,1049.5122
-304145.4241,-261128.678,43016.7461,496.7213,1022.6886
-303859.0629,-261177.8286,42681.2344,496.335,1056.1754
-303857.5007,-261156.9851,42700.5156,489.7014,1049.3503
-304082.3828,-261191.2187,42891.1641,518.3014,1062.4418
-303789.1065,-261170.9112,42618.1953,520.1108,1047.6836
-303736.1343,-261136.3804,42599.7539,488.716,1071.5219
-304046.4398,-261186.2055,42860.2344,482.1671,1054.9085
-303998.6869,-261223.7416,42774.9453,481.7032,1014.7831
-303975.7577,-261179.8827,42795.875,503.8802,1070.8341
-303710.6028,-261134.966,42575.6367,477.2835,1058.6533
-303994.076,-261205.0408,42789.0352,469.281,1017.9793
-303765.1713,-261144.5268,42620.6445,481.9162,1025.5066
-303949.3197,-261132.3118,42817.0078,480.6092,1067.2292
-303691.6377,-261125.2432,42566.3945,496.6206,1047.4615
-303937.8623,-261231.4873,42706.375,494.5489,1012.2605
-303586.1073,-261110.2206,42475.8867,524.2576,1045.189
-303735.3534,-261183.4159,42551.9375,494.7327,1006.3262
-304066.5831,-261126.2432,42940.3398,492.8938,1050.9092
-304130.5108,-261184.3155,42946.1953,503.9974,1047.8112
-303693.3162,-261189.7068,42503.6094,487.3297,1017.8612
-303885.346,-261219.428,42665.918,510.8585,1056.2578
-303664.8405,-261145.4616,42519.3789,515.6473,1024.6717
-303645.3995,-261151.1652,42494.2344,471.7783,1025.8731
-303822.771,-261187.4312,42635.3398,514.9519,978.5235
-303967.0975,-261107.8553,42859.2422,488.4874,1088.1522
-303987.7812,-261261.0078,42726.7734,509.7403,1064.7942
-304082.0951,-261305.9544,42776.1406,493.932,1113.7806
-304002.2117,-261358.5281,42643.6836,508.1272,1095.2187
-303847.9112,-261147.3995,42700.5117,460.4971,1030.2872
-303840.6316,-261072.0652,42768.5664,509.8723,1011.7094
-303824.1218,-261192.2741,42631.8477,491.5156,1014.1932
-304017.8922,-261287.3844,42730.5078,488.9708,1018.3553
-303974.4461,-261193.6024,42780.8438,497.1361,998.3284
-303913.9808,-261179.2308,42734.75,492.974,1040.7243
-304025.7223,-261173.6715,42852.0508,497.2061,1048.6063
-304088.0437,-261275.8719,42812.1719,487.0527,1033.0174
-303919.111,-261251.236,42667.875,500.0736,1033.3187
-304137.8054,-261310.3483,42827.457,490.315,1061.8773
-303787.5561,-261167.2436,42620.3125,479.0632,1071.7372
-303752.2818,-261141.7466,42610.5352,502.1065,1048.9568
-303796.6078,-261145.2953,42651.3125,487.625,1078.6105
-303904.0454,-261171.6196,42732.4258,490.5575,1010.8977
-304131.684,-261257.5707,42874.1133,511.1068,1076.3711
-303853.5256,-261183.2092,42670.3164,468.0447,1042.8918
-304062.8331,-261275.8566,42786.9766,484.2918,1021.1943
-303761.1993,-261215.2383,42545.9609,525.905,1028.9606
-303822.626,-261191.2549,42631.3711,515.5213,1019.6089
-303917.1981,-261224.7606,42692.4375,476.788,999.2656
-303776.1773,-261288.3609,42487.8164,470.384,1077.5348
-303720.027,-261182.5231,42537.5039,486.0095,1044.4851
-303877.4894,-261279.5715,42597.918,482.933,1048.8138
-304102.3577,-261261.5491,42840.8086,510.2471,1040.8697
-303696.4459,-261224.1803,42472.2656,535.0195,1065.4628
-304021.5745,-261177.3557,42844.2188,506.4696,1066.5475
-303922.8283,-261200.9768,42721.8516,505.7684,1034.4558
-303865.3356,-261274.3005,42591.0352,492.3426,1008.4405
-303741.4341,-261222.6997,42518.7344,487.2379,1026.6631
-303977.5926,-261221.323,42756.2695,485.097,1016.6963
-303758.9853,-261188.0048,42570.9805,496.8369,1030.6726
-303862.7556,-261258.697,42604.0586,524.2337,1028.0537
-304008.4996,-261218.0309,42790.4688,488.2402,1048.0002
-303858.7536,-261251.4841,42607.2695,487.8747,1033.1439
-304050.4214,-261230.4995,42819.9219,495.3438,1082.8608
-304086.254,-261189.797,42896.457,506.8266,1057.1484
-303663.3284,-261250.3441,42412.9844,495.0906,1006.3134
-303557.381,-261086.2717,42471.1094,521.6953,1080.4107
-303940.8048,-261185.1681,42755.6367,522.1302,1061.8748
-303954.0565,-261240.0683,42713.9883,480.7122,1059.8273
-303761.5974,-261162.199,42599.3984,494.2331,1045.6674
-303833.332,-261211.1836,42622.1484,500.9438,1059.8402
-303606.402,-261146.1832,42460.2188,488.1024,1031.3395
-303941.9237,-261234.205,42707.7188,486.1343,1050.2108
-303813.3937,-261094.7844,42718.6094,474.6921,1058.9923
-303916.1884,-261234.7822,42681.4062,513.9644,1031.5749
-303744.2863,-261148.3097,42595.9766,499.9144,1050.5125
-303996.8763,-261269.2943,42727.582,491.3733,1035.3051
-304001.9182,-261264.5822,42737.3359,465.4517,1045.0558
-303713.6852,-261126.4313,42587.2539,506.6902,1051.1979
-304028.57,-261203.445,42825.125,496.7637,1063.2835
-304006.7642,-261270.1275,42736.6367,518.569,1036.2857
-304014.6501,-261305.7673,42708.8828,493.7687,1059.8373
-303785.6386,-261146.4081,42639.2305,489.6741,1001.6126
-303838.0933,-261196.4254,42641.668,516.3767,1064.7141
-303755.6482,-261145.4646,42610.1836,512.2398,1044.9186
-303858.4709,-261141.4943,42716.9766,491.7974,1064.3432
-303839.3791,-261088.801,42750.5781,485.0633,1045.9171
-303922.9719,-261223.1554,42699.8164,509.0725,1011.5611
-304028.148,-261240.5698,42787.5781,516.8469,1013.3682
-303809.5282,-261171.9384,42637.5898,508.008,1075.9403
-303908.2562,-261200.6859,42707.5703,495.8535,1053.0483
-303839.1521,-261117.5271,42721.625,475.0963,1091.7772
-303984.3059,-261120.4622,42863.8438,474.2777,1033.6237
-303717.4726,-261189.9687,42527.5039,502.7209,1101.8967
-303664.5215,-261161.4004,42503.1211,492.1619,1069.5864
-303974.2121,-261181.1574,42793.0547,493.0535,1038.9539
-303869.4842,-261131.5936,42737.8906,487.4849,1002.8595
-303889.0578,-261166.5499,42722.5078,453.1929,1029.4203
-303537.9804,-261192.6562,42345.3242,517.231,1020.949
-303793.7832,-261124.8066,42668.9766,501.0381,1071.1675
-303785.0616,-261184.3507,42600.7109,462.2419,1054.8651
-303928.82,-261225.1794,42703.6406,518.7036,1024.7392
-303740.3253,-261082.9425,42657.3828,451.3781,1031.9855
-303839.496,-261290.8632,42548.6328,522.642,1040.1099
-304115.5511,-261281.094,42834.457,489.3902,1058.789
-303958.2913,-261180.053,42778.2383,496.9896,990.0222
-303813.0473,-261244.1645,42568.8828,482.424,990.4208
-304087.4164,-261201.2133,42886.2031,485.5931,1001.0995
-303839.7337,-261160.3977,42679.3359,476.6751,1042.1215
-304025.077,-261250.2605,42774.8164,480.5781,1038.3708
-303657.4003,-261132.369,42525.0312,492.7909,1076.0041
-303795.6655,-261073.5054,42722.1602,487.3591,1075.4021
-303774.8298,-261118.7673,42656.0625,479.4805,1081.908
-303961.4473,-261207.3067,42754.1406,498.7829,1025.1311
-304109.9555,-261324.4086,42785.5469,515.8852,1051.436
-304087.8419,-261161.67,42926.1719,512.3829,1011.7941
-303894.5689,-261199.8463,42694.7227,522.2624,1027.0235
-303932.4852,-261245.0633,42687.4219,499.0504,1009.6054
-303566.4479,-261032.0846,42534.3633,492.9485,1030.6795
-303997.7677,-261255.3029,42742.4648,496.8299,1054.6008
-303789.5713,-261154.6259,42634.9453,490.1853,1027.7117
-304023.5889,-261221.9365,42801.6523,475.6208,1008.7022
-303966.6094,-261174.0703,42792.5391,485.9372,1012.5518
-303852.5908,-261162.8213,42689.7695,478.5377,1040.8238
-303786.5177,-261093.2912,42693.2266,502.8698,1042.3834
-303818.8019,-261197.7277,42621.0742,491.9344,1071.3209
-303885.1779,-261255.674,42629.5039,467.9124,1036.2191
-303868.8428,-261249.3428,42619.5,500.368,1017.8463
-303563.2448,-261129.8581,42433.3867,478.0986,1061.2157
-304053.0842,-261277.6585,42775.4258,502.164,1064.6643
-303604.8246,-261230.5433,42374.2812,535.3828,1069.2218
-303930.9813,-261369.0594,42561.9219,473.9164,1043.0951
-303664.548,-261206.7707,42457.7773,465.8502,1093.556
-303828.971,-261166.4358,42662.5352,496.5737,1029.9625
-303775.9259,-261228.215,42547.7109,509.87,1097.1147
-303950.8409,-261250.6691,42700.1719,516.0196,1129.5568
-303879.8791,-261147.0783,42732.8008,497.0487,1082.5441
-303957.0716,-261188.3645,42768.707,516.8993,1064.6883
-303970.5167,-261335.544,42634.9727,508.2433,1047.8003
-304048.7294,-261225.8075,42822.9219,482.4339,1060.3852
-303880.9122,-261177.7872,42703.125,474.0949,1079.4447
-303905.2892,-261185.7072,42719.582,468.0954,1029.439
-303703.4425,-261194.8683,42508.5742,506.7383,1037.0029
-304144.6691,-261203.6574,42941.0117,514.4889,1031.2577
-303787.2545,-261086.0436,42701.2109,495.1694,1047.86
-304061.1906,-261179.7375,42881.4531,471.3499,1020.7943
-303788.0667,-261105.1488,42682.918,497.2882,1025.0245
-303746.513,-261173.9818,42572.5312,480.3196,1035.6967
-303857.1979,-261203.7409,42653.457,504.6695,1045.5445
-303667.3447,-261195.8251,42471.5195,515.9055,1036.9916
-304030.5862,-261206.8752,42823.7109,531.355,1093.9617
-303898.4711,-261153.4086,42745.0625,479.3076,1041.7344
-303815.5588,-261013.0784,42802.4805,512.3542,1046.5679
-303895.5898,-261291.6249,42603.9648,484.8977,1045.2586
-303769.6254,-261127.3285,42642.2969,526.9563,1020.8514
-303912.8132,-261223.5827,42689.2305,506.143,1059.1497
-303987.038,-261143.7411,42843.2969,493.9692,1032.7964
-303821.8153,-261118.4325,42703.3828,510.2186,1039.1064
-303781.8788,-261106.3397,42675.5391,505.5341,1009.8772
-303979.1603,-261186.2892,42792.8711,479.1705,1009.4115
-303873.5393,-261218.1486,42655.3906,463.6092,1047.4962
-303729.5182,-261115.237,42614.2812,472.6284,1084.7154
-303806.7548,-261154.7158,42652.0391,501.378,1029.8583
-303928.6931,-261145.6033,42783.0898,488.146,1114.678
-303815.0872,-261097.4231,42717.6641,481.7662,1026.0941
-303823.7579,-261185.0899,42638.668,529.8369,1028.2429
-303969.3707,-261231.8903,42737.4805,460.4554,1002.6128
-304045.0009,-261292.0478,42752.9531,496.5237,1052.721
-304030.133,-261163.215,42866.918,478.3531,1055.512
-303927.6573,-261224.2354,42703.4219,533.096,1062.1919
-303742.9074,-261188.6223,42554.2852,504.223,1059.871
-303901.6103,-261220.3212,42681.2891,506.2691,1015.1564
-303800.8956,-261107.0753,42693.8203,519.5086,1092.101
-303894.408,-261302.4119,42591.9961,500.5596,1032.7942
-303960.1192,-261226.1114,42734.0078,477.9206,1037.9529
-303696.4035,-261192.2746,42504.1289,481.1306,1046.5256
-303980.4519,-261104.5535,42875.8984,494.1776,1025.1043
-303825.8214,-261171.0285,42654.793,495.7521,1055.2829
-303784.5556,-261177.8681,42606.6875,482.8137,1065.4892
-303718.5947,-261111.5244,42607.0703,464.0108,1036.0627
-303870.2029,-261141.8865,42728.3164,500.8002,1042.2673
-303841.8978,-261085.8118,42756.0859,486.9726,1051.988
-303877.7578,-261208.0313,42669.7266,493.3334,1037.8544
-303474.3986,-261153.633,42320.7656,510.457,1035.3376
-303903.4573,-261174.2933,42729.1641,522.2687,1026.0746
-304024.9799,-261272.101,42752.8789,522.1576,1078.7237
-303863.5591,-261167.1489,42696.4102,507.7542,1054.7415
-304000.1896,-261268.4005,42731.7891,508.9571,1055.2454
-303939.8059,-261122.8527,42816.9531,491.6292,998.5547
-303983.3551,-261274.9059,42708.4492,541.019,1071.2173
-303798.5662,-261305.2654,42493.3008,502.5779,1077.5319
-303837.6106,-261211.1419,42626.4688,509.072,1014.2087
-303856.5267,-261247.9017,42608.625,508.5074,1040.7363
-303833.2783,-261136.6298,42696.6484,472.5271,1017.0845
-303755.6227,-261158.15,42597.4727,541.3219,1033.9108
-303622.8668,-261185.9449,42436.9219,478.1015,1036.0735
-303920.1812,-261205.0796,42715.1016,471.0795,1040.3824
-303774.6652,-261232.3527,42542.3125,480.5433,983.5307
-304104.3259,-261204.1071,42900.2188,466.5203,1086.3546
-303905.9956,-261261.4019,42644.5938,475.3364,1027.7365
-304069.759,-261292.052,42777.707,513.6185,1040.8564
-303847.5885,-261313.9791,42533.6094,486.2819,1049.7372
-303906.4147,-261141.6803,42764.7344,501.4131,1052.2232
-303896.7462,-261208.4806,42688.2656,493.1469,997.0511
-303757.4675,-261179.2527,42578.2148,482.6509,1041.0171
-303825.6665,-261084.0689,42741.5977,498.6453,1057.9521
-303746.0476,-261125.8367,42620.2109,514.4007,1061.93
-304031.9799,-261209.1127,42822.8672,456.7839,1073.9008
-303812.46,-261123.5264,42688.9336,475.3336,1011.6323
-303942.3567,-261186.0325,42756.3242,527.3,1050.0804
-303925.1217,-261190.7896,42734.332,468.989,1077.1235
-304001.1651,-261225.3682,42775.7969,480.6861,1038.7141
-304043.1267,-261205.4978,42837.6289,479.4126,1061.2091
-303996.5601,-261139.2866,42857.2734,517.8843,1057.5611
-303844.8814,-261188.7291,42656.1523,491.3557,1047.1988
-303770.5135,-261199.9197,42570.5938,491.2592,1052.8312
-303797.5954,-261218.3923,42579.2031,503.4218,1060.8283
-303977.9383,-261148.7586,42829.1797,464.384,1022.7813
-304086.7797,-261239.2484,42847.5312,495.3858,1043.8521
-304067.1454,-261215.7743,42851.3711,488.2916,1076.3054
-303966.7709,-261173.7982,42792.9727,501.2971,1021.4642
-303888.6977,-261157.0532,42731.6445,498.8487,1048.5659
-303702.6609,-261065.114,42637.5469,443.6256,1051.4432
-303836.6288,-261164.9882,42671.6406,493.7059,1035.4351
-304079.1124,-261266.6866,42812.4258,486.6936,999.2489
-303529.1905,-261156.0538,42373.1367,486.4996,1040.3944
-303746.5115,-261260.4256,42486.0859,510.5133,1013.1955
-303895.8652,-261127.1425,42768.7227,469.8363,1034.6875
-304009.8937,-261206.4094,42803.4844,486.9465,1078.0003
-303864.118,-261196.9188,42667.1992,532.7951,1065.8712
-303879.2832,-261230.3535,42648.9297,517.6324,1027.8081
-303702.4735,-261138.8992,42563.5742,493.9808,1021.0761
-303802.3832,-261239.5473,42562.8359,467.311,1005.5399
-303814.0062,-261128.3617,42685.6445,487.097,1087.0308
-304006.5476,-261106.9734,42899.5742,521.6614,1008.5598
-303921.7648,-261265.3273,42656.4375,474.8685,1046.5891
-303916.9644,-261167.5659,42749.3984,480.0218,1079.6196
-304085.7458,-261213.8669,42871.8789,476.5711,1053.3159
-303660.0925,-261043.3855,42616.707,490.4847,1073.6942
-304131.2852,-261200.1797,42931.1055,490.8266,1012.4168
-304037.1784,-261163.1902,42873.9883,471.9287,1043.0548
-303930.9416,-261236.5002,42694.4414,490.1453,1005.4692
-303693.4181,-261129.8439,42563.5742,496.8335,1054.1064
-303840.6268,-261203.1541,42637.4727,463.9288,1022.8007
-304012.0999,-261226.7288,42785.3711,474.2582,1040.4947
-303646.848,-261129.1684,42517.6797,472.2903,1039.6125
-303887.0864,-261199.6294,42687.457,495.9789,1052.5271
-303964.4633,-261197.0258,42767.4375,501.2902,1044.9454
-303813.5912,-261173.4701,42640.1211,464.7171,1025.3923
-303821.7125,-261176.1032,42645.6094,495.0075,1018.8985
-304010.6906,-261153.5499,42857.1406,544.781,1023.8201
-303786.1306,-261056.7009,42729.4297,471.4827,1006.248
-303504.998,-261087.7402,42417.2578,524.5135,1073.9807
-303646.4604,-261150.7494,42495.7109,483.3559,1029.9295
-303937.529,-261227.7165,42709.8125,477.3622,1072.1471
-303897.8765,-261141.8999,42755.9766,514.0862,1026.1284
-303692.0041,-261124.3088,42567.6953,467.8362,1043.2141
-303852.9426,-261102.3918,42750.5508,468.7558,1041.9526
-303801.932,-261093.6937,42708.2383,494.9135,1025.1859
-304019.5803,-261203.6819,42815.8984,486.5935,1037.1303
-303838.3066,-261236.1543,42602.1523,503.5268,1037.9924
-303891.16,-261144.2068,42746.9531,517.5487,1074.5127
-303926.8353,-261326.351,42600.4844,468.8012,1035.2468
-304179.5406,-261277.2593,42902.2812,494.8498,1057.7491
-303853.5874,-261144.7749,42708.8125,501.3118,1035.291
-303767.1044,-261232.3583,42534.7461,492.0015,1030.8903
-303911.2686,-261172.374,42738.8945,511.9493,1072.8374
-303819.8608,-261254.0288,42565.832,536.0927,1078.7527
-303762.769,-261125.6635,42637.1055,478.7479,1001.1025
-303892.6205,-261186.3198,42706.3008,528.6243,1021.5009
-303943.4408,-261127.0697,42816.3711,468.4371,1016.144
-303947.4411,-261145.6247,42801.8164,497.8861,1013.4464
-303836.6373,-261121.0045,42715.6328,536.5698,1037.6418
-304035.8201,-261248.7928,42787.0273,499.1679,1070.913
-303887.0948,-261157.1807,42729.9141,524.139,1048.8159
-303730.5902,-261135.3558,42595.2344,457.7892,1066.2309
-303918.2549,-261174.8565,42743.3984,478.3037,1051.8633
-303956.5396,-261213.5552,42742.9844,474.1646,1069.2121
-303927.6099,-261091.4537,42836.1562,465.075,1090.201
-303822.784,-261277.1473,42545.6367,498.0758,1042.9345
-303802.8246,-261081.641,42721.1836,500.5833,991.3273
-303901.6158,-261192.0689,42709.5469,508.1671,1002.1311
-303914.9415,-261164.9806,42749.9609,499.0966,1025.7938
-304193.6454,-261367.3133,42826.332,480.467,1047.8009
-303906.8258,-261237.3337,42669.4922,493.7566,1077.0421
-303894.6886,-261239.7433,42654.9453,500.623,1028.3028
-304058.5525,-261182.6853,42875.8672,501.0475,1065.7865
-303855.3365,-261136.2076,42719.1289,522.8101,1015.022
-303838.4545,-261232.6811,42605.7734,474.9994,1039.967
-304028.1504,-261257.709,42770.4414,503.7357,996.6
-303743.5833,-261174.4701,42569.1133,446.2698,1047.2345
-303808.0254,-261249.6152,42558.4102,498.2187,1034.6348
-303726.9162,-261254.6115,42472.3047,490.8246,1080.352
-303777.4758,-261214.6203,42562.8555,521.4338,1049.939
-303784.7887,-261242.5074,42542.2812,460.7623,1020.034
-303828.8444,-261152.7428,42676.1016,505.5003,1033.0816
-303794.5532,-261248.2329,42546.3203,505.2823,1071.3311
-303723.9483,-261124.2491,42599.6992,500.02,1022.7347
-303920.5777,-261192.3941,42728.1836,514.5881,1057.5713
-303859.3243,-261134.3477,42724.9766,516.5076,1041.7308
-304111.8847,-261271.7324,42840.1523,493.3278,1060.2539
-303688.0286,-261143.724,42544.3047,497.8337,1013.4305
-304190.6518,-261331.4604,42859.1914,492.0201,1049.366
-304019.1044,-261199.7333,42819.3711,476.0542,1067.3483
-303890.3289,-261169.9461,42720.3828,508.0244,1098.5223
-303748.9989,-261116.1513,42632.8477,525.6087,1056.7579
-303924.2835,-261240.4085,42683.875,506.3849,1039.4118
-303958.3485,-261200.1806,42758.168,513.9276,995.9655
-303869.9379,-261127.3402,42742.5977,490.1923,1041.121
-303970.8853,-261158.7603,42812.125,488.3313,1041.0435
-303869.8013,-261269.8286,42599.9727,541.6298,1043.1026
-303788.7806,-261171.8626,42616.918,498.6777,1011.0137
-303709.3182,-261125.7479,42583.5703,515.0502,1009.4076
-303785.9916,-261208.3979,42577.5938,515.2337,1075.3222
-303892.1709,-261125.9756,42766.1953,461.7677,1064.5642
-303885.1085,-261179.3312,42705.7773,503.2524,1031.7751
-303917.6796,-261176.5702,42741.1094,507.5013,1091.1257
-303927.2832,-261213.2519,42714.0312,524.6141,1083.6628
-303741.2542,-261191.6331,42549.6211,460.5123,1028.3073
-303786.4528,-261062.3356,42724.1172,480.4084,989.8851
-303672.2511,-261282.9855,42389.2656,470.1272,1052.4203
-303916.2788,-261167.021,42749.2578,485.1886,1097.1546
-303744.0914,-261181.7086,42562.3828,474.8363,1033.3008
-303883.0188,-261281.6047,42601.4141,519.4365,1033.066
-303906.9121,-261208.8379,42698.0742,482.5858,1007.4252
-303980.8477,-261177.9766,42802.8711,506.2003,1018.7978
-303816.1682,-261082.4026,42733.7656,549.1081,1038.7256
-303895.2264,-261218.785,42676.4414,529.6206,1042.0468
-303872.4519,-261265.5495,42606.9023,513.5959,1086.217
-303707.0771,-261166.3037,42540.7734,498.8782,1049.484
-303915.1895,-261177.5645,42737.625,494.1642,1032.3662
-303935.9904,-261203.256,42732.7344,491.0689,1050.2355
-304046.3143,-261239.8455,42806.4688,482.0679,1025.3494
-303990.9387,-261218.0716,42772.8672,472.8953,1049.0686
-303724.8633,-261175.6016,42549.2617,456.6411,1037.1574
-303886.3914,-261181.5828,42704.8086,492.0632,1042.0468
-303767.3109,-261278.7836,42488.5273,518.0193,1054.8811
-303829.9217,-261098.742,42731.1797,484.426,1050.9531
-303902.05,-261164.3274,42737.7227,499.6954,1086.3749
-303757.4252,-261073.4213,42684.0039,527.9492,1049.6856
-303992.0246,-261192.2981,42799.7266,469.919,1044.4793
-303986.7492,-261172.4484,42814.3008,502.5598,1018.0505
-304054.61,-261156.6179,42897.9922,509.6648,1053.9425
-303769.621,-261159.3436,42610.2773,487.9588,1057.8953
-303797.0887,-261196.573,42600.5156,505.3637,1060.5867
-303778.6499,-261198.6225,42580.0273,484.0674,1068.072
-303734.3869,-261122.0588,42612.3281,514.673,1025.1651
-303858.0453,-261178.0219,42680.0234,503.4078,1058.3448
-303823.9262,-261161.3715,42662.5547,488.9972,1062.3503
-303733.9984,-261166.5296,42567.4688,527.2559,1042.9316
-304089.4965,-261189.8872,42899.6094,521.8643,1046.7706
-303750.2069,-261137.8358,42612.3711,505.8833,1036.8275
-303791.4942,-261167.8535,42623.6406,501.7753,1078.624
-303969.4506,-261237.5678,42731.8828,481.7251,1038.7949
-304015.268,-261259.2524,42756.0156,510.652,1049.4192
-304145.4507,-261270.6382,42874.8125,500.7637,1027.8769
-303793.068,-261173.8922,42619.1758,486.5589,1063.2265
-303907.1852,-261160.0758,42747.1094,478.3551,1046.3656
-303746.9522,-261189.8272,42557.125,506.7716,1073.1581
-303941.3508,-261170.0852,42771.2656,516.9491,999.622
-303876.073,-261208.0105,42668.0625,460.7447,1041.3928
-303659.8281,-261188.7344,42471.0938,525.3512,1016.842
-303856.3977,-261243.8586,42612.5391,476.2371,1021.0567
-303706.1094,-261173.043,42533.0664,498.3809,1015.4393
-303841.1832,-261108.2379,42732.9453,467.7001,1020.9254
-304168.6457,-261273.0129,42895.6328,471.9407,1048.7367
-303863.792,-261224.9834,42638.8086,486.3279,1085.157
-303843.0618,-261208.7767,42634.2852,476.0953,1037.4769
-304096.5728,-261261.1822,42835.3906,485.4395,1047.2785
-303718.4507,-261180.5054,42537.9453,473.6019,989.9285
-303914.8358,-261178.7772,42736.0586,525.7128,1063.5664
-303793.8615,-261139.6857,42654.1758,488.7104,1088.8382
-304046.8934,-261325.5418,42721.3516,502.3957,1039.1406
-303859.4151,-261222.6651,42636.75,504.633,996.6944
-303905.8086,-261271.8828,42633.9258,501.8087,1062.4063
-304163.8852,-261215.8384,42948.0469,489.5557,1045.6268
-303905.457,-261225.1171,42680.3398,482.5387,1037.0949
-303734.5633,-261149.2313,42585.332,455.4443,1072.4602
-303852.2443,-261171.8654,42680.3789,525.0797,1075.5344
-303955.0457,-261235.1121,42719.9336,519.2655,1042.0102
-303914.4206,-261232.948,42681.4727,517.5507,1033.4056
-303801.9794,-261082.6825,42719.2969,523.9854,977.1904
-303984.9233,-261258.6147,42726.3086,523.7727,1041.9442
-303817.1556,-261179.136,42638.0195,505.4225,1059.9068
-304074.1418,-261195.1614,42878.9805,524.3696,1030.408
-303817.9576,-261144.7975,42673.1602,516.2109,1007.5378
-303918.7837,-261245.2212,42673.5625,540.0788,1031.2857
-303849.5986,-261246.3915,42603.207,483.4943,1088.5992
-304154.5667,-261199.1331,42955.4336,477.9684,984.1161
-303839.5443,-261152.3333,42687.2109,487.7512,1007.4038
-303785.0699,-261188.73,42596.3398,500.9108,1060.3814
-303804.1483,-261190.4452,42613.7031,473.7705,1035.0201
-303756.9659,-261188.9112,42568.0547,487.871,1026.6666
-303802.3792,-261226.9339,42575.4453,485.5372,1076.9086
-304017.8356,-261185.777,42832.0586,519.6051,1044.4076
-303922.5725,-261203.5608,42719.0117,464.8689,1052.2047
-303718.0369,-261145.3416,42572.6953,481.0591,1041.4408
-303690.0744,-261219.5119,42470.5625,498.1296,1041.7421
-304191.0434,-261272.0043,42919.0391,490.6315,1039.7925
-304082.7115,-261159.6138,42923.0977,496.7875,1021.5172
-304225.0569,-261238.1585,42986.8984,505.3704,1075.2189
-303826.855,-261121.019,42705.8359,499.1811,1041.0559
-303946.368,-261200.4071,42745.9609,524.0899,1037.0708
-303790.9184,-261101.8872,42689.0312,493.2107,1014.7835
-303975.8548,-261195.2454,42780.6094,474.6136,1023.6979
-303713.7367,-261221.768,42491.9688,519.572,1006.1723
-303664.4105,-261099.2191,42565.1914,495.8954,1017.5167
-304097.1304,-261159.1109,42938.0195,520.8436,1028.4965
-303956.6185,-261268.3177,42688.3008,484.9002,1076.9155
-303833.8027,-261195.1777,42638.625,518.4833,1049.4321
-303997.6125,-261143.8429,42853.7695,477.1622,1027.9443
-303936.4481,-261239.4247,42697.0234,481.4935,1077.0739
-303777.7762,-261225.1903,42552.5859,479.0816,1067.9047
-303868.5669,-261113.4341,42755.1328,489.1305,1064.1683
-303716.6021,-261092.1021,42624.5,467.414,1049.3793
-304057.7487,-261140.5612,42917.1875,524.2992,1083.3354
-303813.4735,-261127.4422,42686.0312,471.0171,1022.9953
-304017.5493,-261234.7173,42782.832,517.447,1038.6568
-303920.0107,-261208.2256,42711.7852,481.3641,1054.3568
-304121.6182,-261340.087,42781.5312,495.857,1007.0568
-303784.5597,-261133.6691,42650.8906,484.7609,1043.002
-304022.2442,-261255.5528,42766.6914,514.1367,1003.7165
-303958.2312,-261115.4187,42842.8125,460.4418,1020.419
-303834.4509,-261143.3103,42691.1406,494.5421,1082.363
-303923.079,-261211.3798,42711.6992,504.297,1028.6274
-303820.1339,-261155.505,42664.6289,492.6008,1035.428
-303980.2376,-261196.0345,42784.2031,535.7465,1047.8639
-303687.0644,-261243.6386,42443.4258,473.7837,1048.7663
-303772.6422,-261285.8688,42486.7734,475.9075,1077.3725
-304024.2534,-261313.7613,42710.4922,508.7832,1020.2894
-304047.1488,-261234.3206,42812.8281,495.2667,1068.381
-303825.6574,-261219.1379,42606.5195,523.0447,1034.1245
-303815.2713,-261192.283,42622.9883,527.8076,1006.1792
-303614.8196,-261137.6867,42477.1328,461.8856,1000.2263
-303892.112,-261226.0729,42666.0391,494.8574,1033.4394
-304087.5246,-261202.3215,42885.2031,499.4281,1020.5992
-304112.0436,-261400.5554,42711.4883,497.4386,1054.0243
-303978.3792,-261227.9691,42750.4102,501.9108,1018.4272
-303935.5123,-261180.2155,42755.2969,480.9348,1037.9204
-304148.0442,-261250.0364,42898.0078,457.301,1005.3328
-304082.4426,-261270.2824,42812.1602,528.4027,1029.993
-303844.9192,-261091.9153,42753.0039,478.0133,999.2078
-303802.6939,-261083.7057,42718.9883,490.6987,1036.9224
-303848.1822,-261132.8229,42715.3594,517.2099,1041.2901
-303968.7409,-261218.1237,42750.6172,467.0739,1082.4911
-303923.3482,-261227.7545,42695.5938,474.1517,1054.1096
-303783.0504,-261195.6676,42587.3828,488.6049,1034.198
-303778.0533,-261224.5572,42553.4961,481.2958,1059.8763
-303842.0086,-261227.6258,42614.3828,463.7236,1096.9562
-304001.5274,-261183.3516,42818.1758,521.2135,1044.1593
-303997.55,-261231.2688,42766.2812,491.8401,1065.682
-303755.5538,-261194.2374,42561.3164,512.6977,1060.201
-303819.0883,-261183.268,42635.8203,454.8094,1030.7818
-303631.8883,-261119.1188,42512.7695,523.3024,1057.1261
-303912.4461,-261262.2039,42650.2422,463.4524,1085.9179
-303982.9517,-261345.2954,42637.6562,508.5921,1049.2205
-304042.0819,-261137.41,42904.6719,475.1024,1019.6504
-303816.6425,-261161.6464,42654.9961,498.3056,1017.7105
-303798.1634,-261261.054,42537.1094,481.3121,1068.0677
-304094.7797,-261177.5258,42917.2539,523.8788,1047.9787
-303920.129,-261243.0626,42677.0664,505.392,992.9244
-304070.9019,-261209.3394,42861.5625,562.9044,1102.3012
-303854.2171,-261278.3616,42575.8555,495.5515,1088.6867
-303735.3349,-261245.6122,42489.7227,493.9048,1055.3508
-303810.1211,-261269.6055,42540.5156,499.304,1063.7113
-303708.4184,-261177.5004,42530.918,510.3953,1033.074
-303889.9138,-261206.3826,42683.5312,484.4533,1017.0094
-303572.7118,-261145.1493,42427.5625,493.8718,1060.6493
-303840.0058,-261238.5995,42601.4062,479.5969,1032.9838
-303734.152,-261187.1715,42546.9805,492.1086,1061.8275
-303883.7868,-261157.3336,42726.4531,517.9936,1026.4405
-303577.9554,-261149.5765,42428.3789,477.3135,1065.6187
-303713.525,-261184.189,42529.3359,509.6478,1053.1761
-303924.5738,-261228.8473,42695.7266,488.7813,1032.625
-303925.0502,-261215.2299,42709.8203,510.737,1055.9948
-303691.1574,-261226.6301,42464.5273,486.662,1019.5615
-303616.1947,-261121.9252,42494.2695,488.8576,1050.8197
-303958.0203,-261229.325,42728.6953,498.8778,1046.4033
-304059.1843,-261276.8913,42782.293,517.236,1058.4633
-303841.6481,-261181.82,42659.8281,531.9286,1034.763
-303754.1916,-261154.6565,42599.5352,495.7735,1036.3765
-303803.2265,-261220.8125,42582.4141,504.3381,1010.9572
-304056.0858,-261240.4256,42815.6602,499.465,1057.6027
-303786.7205,-261110.7361,42675.9844,480.6353,1071.248
-303577.4854,-261168.8565,42408.6289,485.5867,1019.1212
-303868.2709,-261222.0091,42646.2617,501.0641,1048.4737
-303562.9913,-261028.9209,42534.0703,471.7266,1031.8552
-303810.4569,-261112.7108,42697.7461,521.8717,1071.7149
-303813.2777,-261228.1917,42585.0859,493.0618,1025.6246
-303826.8447,-261205.2666,42621.5781,499.9007,1057.9493
-304012.2024,-261194.0501,42818.1523,496.4486,1052.5905
-303587.8542,-261132.0261,42455.8281,505.8617,1043.696
-303985.046,-261257.8546,42727.1914,492.9701,1071.4335
-303973.9507,-261218.3686,42755.582,526.9211,1100.5498
-303921.3504,-261252.2176,42669.1328,504.6521,1053.1282
-303695.8658,-261203.1626,42492.7031,470.6388,1067.1375
-303770.2553,-261154.474,42615.7812,477.5391,1040.7554
-303728.8049,-261217.1526,42511.6523,510.9167,1013.1413
-304010.9868,-261188.0219,42822.9648,484.2525,1019.1282
-303987.687,-261245.9761,42741.7109,489.123,1083.5484
-303532.8104,-261150.3144,42382.4961,511.7834,1101.3381
-303902.8978,-261211.4134,42691.4844,494.016,1061.1966
-304114.8241,-261282.535,42832.2891,487.3189,1078.3396
-303700.1333,-261171.2505,42528.8828,454.6701,1015.3071
-303991.1454,-261256.9188,42734.2266,475.6682,1072.8231
-303804.387,-261188.1253,42616.2617,487.004,1060.8376
-303642.0651,-261248.9908,42393.0742,485.0076,1076.1912
-303819.3126,-261188.0353,42631.2773,505.1104,1064.3884
-303905.6562,-261169.4804,42736.1758,511.288,1059.073
-303906.5454,-261203.1274,42703.418,489.2153,1057.9662
-303784.8818,-261167.1474,42617.7344,498.1363,1027.427
-304143.0554,-261134.3132,43008.7422,505.6164,1046.1343
-304056.4454,-261192.336,42864.1094,486.868,1064.8794
-304087.4462,-261174.4188,42913.0273,483.718,1007.0362
-303755.5727,-261089.557,42666.0156,507.5143,1064.8434
-304205.1328,-261239.2812,42965.8516,480.3734,1037.7118
-303867.5425,-261190.9761,42676.5664,514.9746,979.7572
-303719.7807,-261119.1714,42600.6094,509.1615,1040.8737
-303980.86,-261220.1022,42760.7578,489.8859,1039.9607
-303651.4937,-261106.8219,42544.6719,492.2014,1034.215
-304206.4177,-261254.3669,42952.0508,535.4336,1093.3997
-303719.7984,-261055.5445,42664.2539,505.1577,1052.0848
-303985.1342,-261237.8491,42747.2852,510.0654,1027.5656
-303732.6679,-261175.1132,42557.5547,494.1754,1039.3921
-304068.8441,-261254.0512,42814.793,464.4281,1022.2273
-303944.1039,-261156.6195,42787.4844,488.9891,1020.4617
-303354.5725,-261044.1858,42310.3867,501.9573,1023.5717
-303634.8612,-261050.9433,42583.918,489.6043,1008.0916
-303921.1624,-261193.4945,42727.668,490.9056,1042.0389
-303981.0109,-261203.171,42777.8398,484.859,1064.3371
-303963.2649,-261185.8274,42777.4375,504.7558,1022.759
-303705.2493,-261124.0579,42581.1914,506.9319,1100.4981
-303795.3161,-261253.3161,42542.0,486.1116,1041.1456
-304074.1328,-261186.1796,42887.9531,481.1449,1034.5013
-303944.9717,-261207.5107,42737.4609,450.6382,1042.6022
-303703.4781,-261190.271,42513.207,492.6956,1005.7191
-304083.1126,-261180.8079,42902.3047,512.3657,1073.8561
-304008.377,-261214.338,42794.0391,487.092,1107.3536
-303983.7682,-261259.4166,42724.3516,505.9925,1055.8041
-304221.9984,-261221.0609,43000.9375,496.976,1033.6932
-303791.4616,-261122.8952,42668.5664,502.4705,992.697
-303979.4378,-261188.3597,42791.0781,509.6803,1049.0982
-303859.696,-261149.6569,42710.0391,511.62,1026.5519
-303704.9337,-261093.8477,42611.0859,471.9111,1056.3684
-303827.1138,-261155.2349,42671.8789,463.0006,1036.9465
-303882.7751,-261233.4821,42649.293,502.7112,996.6701
-303743.3478,-261252.7853,42490.5625,522.8,1074.6347
-303934.5245,-261165.2081,42769.3164,490.4609,1030.7752
-303963.2235,-261184.372,42778.8516,485.2191,1036.8493
-303822.3859,-261198.8586,42623.5273,494.0866,1031.3071
-304164.2741,-261174.071,42990.2031,499.7328,989.1052
-303537.7542,-261183.4612,42354.293,469.439,1067.4925
-303943.054,-261299.9133,42643.1406,469.3677,1046.2616
-303872.8788,-261228.2382,42644.6406,500.8607,1027.1018
-303812.1177,-261140.7231,42671.3945,478.4671,1065.8434
-303828.2774,-261119.7423,42708.5352,459.6833,1069.1957
-304065.7079,-261154.6259,42911.082,496.7031,1014.2168
-303962.1019,-261278.516,42683.5859,508.7411,1083.8304
-303798.5896,-261123.8787,42674.7109,495.8743,1040.1792
-303746.6809,-261131.9348,42614.7461,532.7688,1059.2138
-303956.5566,-261171.6894,42784.8672,476.8184,1056.2603
-303793.2814,-261147.1837,42646.0977,501.6911,1046.2834
-303959.4217,-261197.1013,42762.3203,486.0395,1010.7135
-303722.8037,-261238.5498,42484.2539,508.4583,1049.6979
-303695.8373,-261176.7553,42519.082,518.3334,1088.3335
-304041.1862,-261233.3815,42807.8047,525.2611,1046.3461
-304006.0643,-261198.3104,42807.7539,493.3453,1017.4602
-303902.4441,-261180.7683,42721.6758,468.8212,1041.3188
-303578.8257,-261201.9976,42376.8281,489.8942,1066.6611
-303890.4145,-261174.0903,42716.3242,516.1588,1008.952
-304214.8967,-261232.3068,42982.5898,480.1961,1087.2914
-304010.5358,-261246.8639,42763.6719,496.3839,1032.8778
-303971.225,-261213.686,42757.5391,520.6602,1048.7114
-303890.7691,-261133.7418,42757.0273,514.5391,1063.9441
-304012.2776,-261172.4456,42839.832,484.5061,1031.3123
-303917.7557,-261119.4784,42798.2773,475.6283,1047.8254
-303660.4457,-261152.8012,42507.6445,483.2988,1068.3069
-303675.9714,-261179.155,42496.8164,459.6856,1088.6637
-303841.3716,-261090.8013,42750.5703,510.8551,1024.8409
-303788.7022,-261120.5616,42668.1406,464.4489,995.5435
-303741.9674,-261186.4088,42555.5586,510.7101,1089.5594
-304100.0413,-261221.2952,42878.7461,472.1363,1055.528
-303873.2978,-261159.4032,42713.8945,515.9175,1051.2553
-303929.9884,-261217.8751,42712.1133,501.3346,1006.0322
-303903.3055,-261142.3445,42760.9609,463.1381,990.0715
-304131.4642,-261211.0424,42920.4219,484.4393,1038.5756
-303888.0737,-261194.2964,42693.7773,467.2846,1061.4192
-303654.517,-261149.5014,42505.0156,472.9803,1010.0118
-303913.647,-261200.3619,42713.2852,528.9488,1056.8598
-303979.2451,-261149.9521,42829.293,502.2722,1076.1362
-303779.4074,-261059.3567,42720.0508,534.9522,1022.2813
-303928.5045,-261185.4498,42743.0547,480.3587,1018.1838
-303839.826,-261098.0253,42741.8008,515.3195,1047.5107
-303744.6156,-261150.9554,42593.6602,506.7238,1018.841
-303712.5666,-261129.5666,42583.0,477.9833,1066.721
-303822.8077,-261144.964,42677.8438,454.8443,1036.4203
-303650.8014,-261147.2819,42503.5195,491.0076,1025.2952
-303668.1431,-261086.6978,42581.4453,493.8145,1004.312
-303856.0912,-261177.1888,42678.9023,480.7212,1020.567
-303879.2553,-261138.6772,42740.5781,501.6433,1037.5033
-303801.7944,-261184.396,42617.3984,473.7675,1078.8181
-303852.4236,-261190.0954,42662.3281,502.1225,1044.7746
-303717.4619,-261115.251,42602.2109,488.8142,1026.4165
-303903.6886,-261152.5987,42751.0898,479.8208,1044.9837
-303865.7129,-261169.9629,42695.75,479.6436,1055.6026
-303987.7376,-261156.4954,42831.2422,498.4853,1044.0011
-303839.0144,-261193.198,42645.8164,477.262,1018.4773
-303727.4784,-261146.6972,42580.7812,481.3584,1005.3184
-303725.976,-261120.015,42605.9609,476.3249,1060.3485
-303617.8065,-261076.6268,42541.1797,492.0015,1045.2094
-303859.2246,-261110.0488,42749.1758,466.7125,1064.1422
-303930.1609,-261220.1921,42709.9688,490.2658,1039.1346
-303790.711,-261322.9922,42467.7188,493.7729,1046.3833
-303841.5236,-261289.047,42552.4766,482.1018,1020.5355
-303797.4884,-261222.4923,42574.9961,500.0311,1094.5861
-304284.353,-261281.0366,43003.3164,506.2685,1027.8932
-303837.4141,-261188.2618,42649.1523,496.7554,1043.4428
-303923.0533,-261264.4634,42658.5898,509.141,1046.3153
-303796.7613,-261160.0777,42636.6836,505.9541,989.3058
-303953.3432,-261317.9174,42635.4258,488.7026,976.4382
-304156.1858,-261228.6858,42927.5,483.1875,1059.2085
-303906.6073,-261198.9315,42707.6758,480.6207,1052.0337
-303879.7193,-261091.9888,42787.7305,521.0218,1034.9648
-303835.513,-261264.8255,42570.6875,501.129,1092.2325
-303724.7483,-261106.6975,42618.0508,476.9906,1021.4653
-303987.383,-261230.6213,42756.7617,501.7948,1080.4551
-303801.1022,-261173.692,42627.4102,498.7101,1029.4412
-304245.5421,-261202.7061,43042.8359,501.4848,1036.1968
-303801.9283,-261185.7447,42616.1836,495.0518,1038.7841
-303852.2508,-261168.3797,42683.8711,514.628,1050.7787
-303686.1244,-261114.3315,42571.793,492.8355,1048.1165
-303752.6309,-261167.2051,42585.4258,450.3932,1059.6139
-303850.9647,-261196.8475,42654.1172,498.0719,1033.7317
-303889.1451,-261202.2076,42686.9375,517.6682,1035.6928
-303777.7713,-261184.1034,42593.668,485.6017,1070.0189
-303766.0269,-261039.4448,42726.582,514.5731,1009.4819
-303940.1229,-261202.0487,42738.0742,498.2525,1043.8816
-304212.2833,-261186.5568,43025.7266,486.0902,1053.4309
-304007.276,-261314.8463,42692.4297,500.9547,1061.2021
-303993.2882,-261147.5694,42845.7188,520.4489,1021.7924
-303953.525,-261200.2633,42753.2617,503.2145,1051.8499
-303572.1309,-261282.5254,42289.6055,493.5437,1092.8687
-303994.3981,-261143.4801,42850.918,490.187,1079.6664
-303764.3519,-261121.184,42643.168,471.2408,1035.4717
-303816.3616,-261174.846,42641.5156,492.5374,1043.9314
-303908.8414,-261242.3258,42666.5156,466.8569,1038.3583
-304115.4033,-261174.9619,42940.4414,488.7108,1056.4956
-303827.3126,-261187.129,42640.1836,487.264,1007.8592
-303882.8991,-261256.7506,42626.1484,512.619,1040.4147
-304118.0432,-261267.8127,42850.2305,511.6247,1014.3406
-303786.8372,-261119.1497,42667.6875,482.298,1037.5094
-303963.5454,-261186.1079,42777.4375,503.5241,1051.0654
-303998.6807,-261168.8447,42829.8359,492.9352,1038.8905
-303912.8398,-261244.1484,42668.6914,479.2576,1042.1416
-303959.665,-261181.8056,42777.8594,480.3488,1033.6085
-304108.4044,-261278.3614,42830.043,489.5907,1052.2671
-304032.5675,-261183.8409,42848.7266,498.8414,1049.9857
-304005.8212,-261123.7977,42882.0234,485.3312,1029.2247
-303824.2634,-261196.2673,42627.9961,468.5155,1052.886
-303997.7408,-261171.5064,42826.2344,507.8527,1111.8616
-303859.8995,-261268.3018,42591.5977,522.9561,1056.6445
-303641.6099,-261135.7662,42505.8438,525.0709,1058.0708
-304079.6375,-261198.1922,42881.4453,459.8009,1012.5548
-303968.7009,-261168.4822,42800.2188,502.1403,1029.1216
-303774.9651,-261253.5393,42521.4258,446.8508,1049.6504
-303912.7165,-261181.5719,42731.1445,481.0764,1000.1295
-304065.9713,-261158.3931,42907.5781,495.6438,1035.4488
-303729.1035,-261129.9004,42599.2031,495.9736,1021.0931
-303567.3138,-261125.2747,42442.0391,487.2689,1062.7232
-303798.0305,-261238.5734,42559.457,497.3358,1029.4024
-303647.7408,-261096.4049,42551.3359,474.496,1073.8185
-303985.1939,-261227.4986,42757.6953,501.4929,1024.8431
-303595.74,-261088.7205,42507.0195,501.4292,1067.4076
-303750.4605,-261017.5347,42732.9258,456.336,992.301
-304079.2899,-261188.3876,42890.9023,487.9755,1023.2283
-303505.0131,-261123.6732,42381.3398,498.7175,1069.0294
-303876.5734,-261229.6828,42646.8906,473.2601,1057.9704
-303778.9528,-261168.8356,42610.1172,473.2187,1024.1851
-303875.2098,-261183.8855,42691.3242,510.1529,1064.464
-303924.4504,-261198.3293,42726.1211,496.5757,1057.0297
-304105.0705,-261166.8205,42938.25,500.9076,1050.5424
-303813.405,-261229.6667,42583.7383,503.6344,1021.5688
-303969.5882,-261202.4944,42767.0938,472.6532,1001.5908
-303855.1278,-261141.956,42713.1719,486.7904,1063.3495
-303453.4873,-261137.7061,42315.7812,532.9136,1055.5474
-303860.8399,-261237.1211,42623.7188,502.1954,1022.0857
-303506.6048,-261078.7025,42427.9023,497.9604,1059.8653
-303981.923,-261212.0949,42769.8281,485.684,1063.8384
-303652.2772,-261176.2147,42476.0625,497.2458,1045.0523
-303898.5422,-261250.0422,42648.5,550.7168,1067.73
-303653.1976,-261174.0335,42479.1641,528.555,1063.5231
-304006.5377,-261197.1784,42809.3594,471.7851,1030.3827
-303912.4395,-261209.1621,42703.2773,528.662,1036.6723
-303652.9582,-261187.7746,42465.1836,511.391,1070.5495
-303671.9721,-261193.7416,42478.2305,521.7775,1085.2884
-304112.5597,-261193.6574,42918.9023,477.8236,1025.9242
-304043.3034,-261248.1745,42795.1289,481.7387,1088.53
-303733.1528,-261135.481,42597.6719,474.8312,1042.8852
-303988.0125,-261187.1727,42800.8398,483.7417,1052.8786
-303873.53,-261199.9089,42673.6211,484.2797,1043.5322
-303986.1032,-261192.5993,42793.5039,530.3396,1045.5556
-303944.2646,-261237.4951,42706.7695,532.4783,1016.658
-303796.2707,-261253.1457,42543.125,486.8912,1020.043
-304130.5142,-261234.6157,42895.8984,506.9277,1043.485
-303917.5618,-261143.7923,42773.7695,498.577,1067.9954
-304054.4958,-261201.0115,42853.4844,505.3922,1046.1351
-303505.6779,-261154.1701,42351.5078,494.7501,1068.2895
-303983.999,-261201.3467,42782.6523,498.0577,1084.4051
-303776.4895,-261081.4074,42695.082,502.1606,1041.7577
-303845.7168,-261058.08,42787.6367,491.2745,1072.7466
-303676.1992,-261144.496,42531.7031,493.8563,1038.7589
-303791.1602,-261153.5938,42637.5664,474.7092,1027.2237
-303998.9997,-261119.3317,42879.668,486.6572,1030.2307
-303679.1654,-261177.8099,42501.3555,502.2798,1105.507
-303871.5498,-261289.5654,42581.9844,521.4603,1054.5202
-303684.0508,-261185.8047,42498.2461,488.1547,1036.0481
-304020.1357,-261210.0107,42810.125,513.4336,1027.2588
-303593.9352,-261131.3024,42462.6328,519.391,1050.5915
-303866.6337,-261230.1806,42636.4531,472.6835,1033.4214
-303548.9052,-261211.8427,42337.0625,509.3609,1063.0107
-303896.4808,-261253.2347,42643.2461,484.1134,1071.9413
-303983.6641,-261126.5938,42857.0703,482.802,1057.4265
-303968.466,-261169.6926,42798.7734,507.2781,1030.229
-303563.3163,-261118.789,42444.5273,476.3683,1041.6644
-303915.4016,-261246.8899,42668.5117,478.3765,1065.2656
-303699.5774,-261209.6243,42489.9531,503.0733,1044.2076
-303598.0707,-261156.9965,42441.0742,514.5524,1015.1282
-303629.1097,-261180.3714,42448.7383,477.0325,1003.6716
-304063.8321,-261158.3673,42905.4648,475.8279,1072.3425
-303774.0715,-261176.1144,42597.957,484.7407,1005.1453
-303624.8355,-261248.6558,42376.1797,504.3271,1085.1059
-303949.8672,-261216.4453,42733.4219,496.1503,997.7804
-303866.5665,-261145.3985,42721.168,498.362,1013.7633
-304152.0816,-261280.7183,42871.3633,490.5205,1042.2953
-303865.4017,-261258.8118,42606.5898,509.0285,1042.6502
-303651.3512,-261127.6012,42523.75,501.7392,1034.5002
-303834.367,-261104.8241,42729.543,480.0624,1081.3847
-304060.3582,-261123.4285,42936.9297,482.1009,1038.9236
-303932.483,-261270.5768,42661.9062,496.0433,1041.6709
-303819.9087,-261215.4165,42604.4922,477.5602,1038.1351
-304030.823,-261191.7293,42839.0938,470.1985,1029.9721
-303941.5072,-261213.347,42728.1602,507.3461,1018.1983
-303920.4377,-261232.969,42687.4688,495.154,1016.8534
-303761.5164,-261168.4305,42593.0859,514.3946,1051.72
-303871.1161,-261241.5262,42629.5898,480.9612,1057.6865
-303837.6563,-261128.1915,42709.4648,484.7452,1027.373
-303912.1041,-261278.1744,42633.9297,516.259,1027.8745
-303713.0037,-261190.1951,42522.8086,505.0295,1029.9169
-304158.8505,-261159.7568,42999.0938,493.2351,999.34
-303742.7129,-261175.5332,42567.1797,476.3346,1022.8854
-303844.1462,-261142.572,42701.5742,483.129,1043.7924
-303877.3973,-261224.3465,42653.0508,496.2939,1065.2772
-303818.3754,-261211.1879,42607.1875,519.6244,1018.7872
-303926.8467,-261149.003,42777.8438,484.4457,1041.7881
-303726.967,-261290.2131,42436.7539,488.825,1054.7257
-303985.1155,-261169.3577,42815.7578,510.9406,1027.5455
-303772.4283,-261247.0376,42525.3906,530.2628,1055.0828
-303852.8228,-261180.3736,42672.4492,489.2328,1080.9099
-304017.7709,-261172.7904,42844.9805,498.2379,1046.8421
-303836.6364,-261167.7341,42668.9023,514.929,1092.9737
-303860.9401,-261166.1901,42694.75,521.5315,1063.0102
-303937.0755,-261226.6068,42710.4688,497.8406,1046.3541
-303965.3859,-261178.2922,42787.0938,488.355,1058.5413
-304012.3644,-261230.5519,42781.8125,519.5325,1079.5459
-303952.5568,-261298.8654,42653.6914,481.919,1061.9709
-303911.3037,-261245.5537,42665.75,484.4412,1057.6015
-304088.7083,-261277.6927,42811.0156,494.1711,1064.8039
-303830.0998,-261219.8498,42610.25,509.7675,1102.8671
-303953.6828,-261164.1555,42789.5273,484.8298,1077.7113
-303835.0007,-261192.8523,42642.1484,480.3772,1078.1453
-303843.0654,-261152.7412,42690.3242,486.8412,1029.4724
-303907.1028,-261103.1262,42803.9766,479.2828,1058.8292
-304030.2966,-261140.0818,42890.2148,513.8065,1065.2253
-303935.0435,-261172.9107,42762.1328,488.9367,1033.5145
-304002.3117,-261127.9367,42874.375,458.8801,1012.1779
-304002.5875,-261188.9157,42813.6719,516.8575,1043.105
-303841.9783,-261235.2518,42606.7266,509.2924,1065.9585
-303733.3291,-261128.626,42604.7031,489.5115,1039.8528
-303861.1085,-261136.0616,42725.0469,494.2662,1009.1959
-303888.5554,-261198.7859,42689.7695,482.1457,1063.2859
-303702.6873,-261188.2107,42514.4766,479.6859,1048.3241
-303935.0649,-261101.2407,42833.8242,502.3982,1025.4224
-303728.9184,-261223.6489,42505.2695,556.5114,1027.2648
-304153.5804,-261305.6389,42847.9414,517.6675,1091.2431
-304029.7516,-261236.1579,42793.5938,514.619,1016.5351
-303823.9475,-261228.9553,42594.9922,493.0875,1052.1543
-303729.5509,-261158.8829,42570.668,491.1398,1062.9375
-303958.8145,-261198.7324,42760.082,480.2787,1061.7578
-304148.5072,-261185.7963,42962.7109,486.7277,1039.2297
-303694.5111,-261160.89,42533.6211,465.9759,1072.859
-303921.9685,-261295.2381,42626.7305,511.1238,1022.3389
-303925.8972,-261335.9206,42589.9766,484.0461,1042.1713
-303620.1756,-261260.7616,42359.4141,502.9742,1086.4035
-304306.0732,-261154.7998,43151.2734,488.5287,1034.5622
-304003.6874,-261212.0312,42791.6562,475.1112,1005.4457
-303812.2783,-261119.997,42692.2812,518.2389,1030.5135
-303722.7989,-261195.5489,42527.25,485.105,1124.5299
-304000.0214,-261261.6737,42738.3477,494.9625,1053.1115
-303650.8505,-261202.9521,42447.8984,509.6334,1062.2286
-303766.4409,-261196.8784,42569.5625,516.3207,1045.3034
-303875.181,-261098.5013,42776.6797,519.3084,1056.8179
-304049.9368,-261174.8,42875.1367,504.0071,1044.2306
-303592.268,-261117.5649,42474.7031,531.3439,1071.8303
-303985.9216,-261094.5974,42891.3242,486.256,1065.0597
-303880.273,-261141.1598,42739.1133,516.531,1064.3436
-304030.4223,-261153.3637,42877.0586,513.6879,1032.4592
-304114.065,-261173.3306,42940.7344,460.4422,1076.7893
-303891.0339,-261120.616,42770.418,506.9003,1054.0778
-304005.2205,-261189.3845,42815.8359,492.7882,1072.6338
-303722.3972,-261107.5769,42614.8203,496.9539,1012.0141
-303689.8302,-261127.631,42562.1992,523.2461,1061.9545
-303722.4314,-261195.2947,42527.1367,492.467,1019.0987
-303907.8341,-261284.6818,42623.1523,506.9994,1063.6718
-304042.7989,-261140.8223,42901.9766,511.3445,1055.5998
-303836.159,-261161.0613,42675.0977,472.8182,1050.7926
-303868.986,-261251.1656,42617.8203,498.2302,1082.7344
-303850.8904,-261171.0193,42679.8711,494.8064,1008.268
-303825.1716,-261188.4841,42636.6875,493.1829,1089.5311
-303895.2263,-261234.0818,42661.1445,522.1246,1039.4207
-303919.0499,-261230.0577,42688.9922,540.4474,1017.8532
-303773.7015,-261177.7679,42595.9336,497.933,1032.4519
-303628.5515,-261139.6335,42488.918,475.3459,1053.1639
-303579.4886,-261046.8714,42532.6172,470.7703,1060.6541
-304058.8333,-261222.9701,42835.8633,467.2649,1020.343
-303921.9076,-261211.1381,42710.7695,478.4465,1003.0142
-303811.6167,-261287.4995,42524.1172,487.6054,1056.4516
-303865.5453,-261130.1898,42735.3555,498.9492,1114.6291
-303697.6921,-261108.0163,42589.6758,487.165,1050.4521
-304191.5669,-261375.3091,42816.2578,491.2246,1091.9542
-303979.9438,-261119.4594,42860.4844,500.5148,1035.4429
-303905.9907,-261184.5767,42721.4141,500.1125,1049.1172
-303905.1675,-261229.1597,42676.0078,496.8238,1101.0653
-303855.3127,-261179.9885,42675.3242,486.9763,1050.1678
-303976.6306,-261266.2595,42710.3711,479.61,1087.8991
-304002.583,-261191.5518,42811.0312,534.4372,1015.7962
-303728.8049,-261126.1448,42602.6602,502.3161,1070.3401
-303779.3019,-261174.6847,42604.6172,476.3714,1009.181
-303941.7503,-261282.7738,42658.9766,482.0787,1021.0657
-303943.1678,-261237.8904,42705.2773,477.7637,988.1698
-303884.2143,-261255.4565,42628.7578,510.2853,1049.1551
-303764.5617,-261264.0773,42500.4844,511.4413,1023.4074
-303881.9785,-261254.0918,42627.8867,525.1932,1041.1401
-303362.7728,-261068.1244,42294.6484,496.3605,1038.4377
-304166.9253,-261296.6128,42870.3125,480.4006,1053.8341
-303927.1027,-261245.4934,42681.6094,470.5395,1063.5828
-303876.4023,-261268.5,42607.9023,514.368,1017.379
-303944.3449,-261246.048,42698.2969,501.8634,1075.263
-304068.3395,-261187.191,42881.1484,498.8974,1058.3659
-303899.5456,-261263.3659,42636.1797,482.2716,1053.7236
-303969.047,-261202.0626,42766.9844,494.0346,1039.0365
-304045.6939,-261305.19,42740.5039,492.1666,1082.2872
-303941.6076,-261148.1818,42793.4258,480.6786,1013.2177
-303845.9627,-261201.8143,42644.1484,476.1732,1036.8246
-303875.5251,-261154.8493,42720.6758,503.3959,968.5476
-304175.1047,-261189.9914,42985.1133,493.203,1049.0247
-303773.0551,-261097.3441,42675.7109,464.1933,1076.6678
-303807.6861,-261206.2291,42601.457,475.0393,1057.1465
-303690.4614,-261274.8129,42415.6484,538.6111,1039.5955
-303837.7899,-261188.7196,42649.0703,476.8386,1045.9128
-304058.8743,-261228.5422,42830.332,521.1564,1039.1013
-304020.6102,-261154.5985,42866.0117,515.2606,1041.7523
-303659.7162,-261162.9975,42496.7188,513.3597,1016.2773
-303808.3636,-261207.9768,42600.3867,500.0266,1028.4365
-304005.8453,-261197.1187,42808.7266,469.4614,1050.1709
-303902.6614,-261127.345,42775.3164,485.3301,1039.4567
-303867.8095,-261221.1533,42646.6562,520.499,995.5623
-303946.9794,-261167.3779,42779.6016,513.5977,1030.448
-303824.3887,-261237.0958,42587.293,518.6989,1022.5036
-304012.6166,-261173.8549,42838.7617,513.4113,1021.0644
-303950.5057,-261217.9589,42732.5469,510.3396,1050.2738
-303822.6197,-261176.4244,42646.1953,472.5005,999.3908
-303856.9381,-261183.8874,42673.0508,513.6876,1047.5712
-303917.3598,-261211.9731,42705.3867,483.118,1013.4209
-304011.9678,-261245.335,42766.6328,469.7301,1015.3988
-303805.6709,-261161.3623,42644.3086,493.9533,1005.0113
-303898.6558,-261146.8199,42751.8359,495.705,1021.3387
-304115.6347,-261192.9628,42922.6719,482.7234,1036.1811
-303626.2616,-261108.4842,42517.7773,511.9694,974.1925
-303951.6128,-261243.7534,42707.8594,497.7104,1040.041
-304119.2921,-261219.1476,42900.1445,512.9331,1037.0313
-303750.2348,-261165.9418,42584.293,501.9136,1053.0179
-303867.3101,-261187.232,42680.0781,478.0801,1024.2436
-304057.1605,-261175.262,42881.8984,528.6232,1007.4014
-303807.1534,-261217.3761,42589.7773,527.0563,1026.45
-303870.9688,-261169.336,42701.6328,526.9355,1018.804
-303655.5055,-261117.3766,42538.1289,534.4249,1031.7945
-303917.5372,-261204.5802,42712.957,498.782,1038.8842
-303997.352,-261175.6958,42821.6562,522.6197,1028.7362
-303601.2926,-261155.3785,42445.9141,476.9938,1049.9983
-303911.3629,-261144.2262,42767.1367,497.8355,1003.7542
-303701.3849,-261153.7794,42547.6055,469.9142,1016.4591
-304064.8439,-261219.09,42845.7539,505.7438,1045.8833
-303721.1825,-261088.4208,42632.7617,485.3329,1024.2859
-303849.297,-261147.6251,42701.6719,483.2224,1027.4128
-303873.9408,-261190.5111,42683.4297,522.7911,1040.2039
-303622.7725,-261058.5771,42564.1953,501.4345,1045.4392
-304035.3463,-261214.8854,42820.4609,494.2075,1006.8968
-303805.799,-261197.1779,42608.6211,524.4357,1058.2707
-303930.48,-261151.2573,42779.2227,516.8839,1019.2675
-303753.1176,-261209.5434,42543.5742,515.654,1019.3453
-303820.9719,-261152.5618,42668.4102,480.3197,1058.3621
-303965.4857,-261151.5638,42813.9219,491.8198,1065.721
-303608.7327,-261177.2991,42431.4336,487.5329,1044.2263
-303848.2528,-261159.3739,42688.8789,541.4604,1034.2744
-303885.2473,-260973.3645,42911.8828,513.3512,1017.7856
-303945.1427,-261143.8068,42801.3359,483.9574,1028.5027
-303831.2377,-261142.5931,42688.6445,522.5283,1098.6265
-304090.1092,-261219.2186,42870.8906,503.442,1049.8847
-303709.063,-261142.9028,42566.1602,507.6026,1044.9469
-303883.5659,-261231.2573,42652.3086,492.3467,1007.0701
-303700.7817,-261153.0591,42547.7227,474.8455,1029.6621
-303813.2596,-261133.787,42679.4727,495.4306,996.6371
-304139.5605,-261220.3613,42919.1992,509.8996,1074.5664
-304188.1481,-261252.2535,42935.8945,469.9967,1073.1586
-303887.274,-261200.3248,42686.9492,487.18,1039.2572
-303634.1209,-261150.1326,42483.9883,484.7002,1054.0096
-303924.6564,-261107.6408,42817.0156,489.3862,1018.3508
-304023.8788,-261203.7538,42820.125,501.2079,1030.3689
-303777.0559,-261204.8801,42572.1758,530.0221,1012.3989
-303731.9627,-261198.9041,42533.0586,502.8679,1039.8888
-303837.1371,-261136.1566,42700.9805,512.3651,994.1807
-303802.4636,-261231.9519,42570.5117,475.1442,1076.6324
-303760.3658,-261216.7056,42543.6602,469.0031,1065.2777
-303748.6409,-261200.2816,42548.3594,499.8239,1055.4952
-303882.9868,-261226.4321,42656.5547,491.2335,1086.2386
-303760.537,-261259.1308,42501.4062,453.4502,1052.1439
-303940.8443,-261180.524,42760.3203,496.6837,1060.2887
-303877.7561,-261192.1077,42685.6484,492.5646,1021.7991
-303970.269,-261134.9761,42835.293,477.546,1032.7714
-303798.0219,-261160.8617,42637.1602,512.1119,1000.2469
-303993.4804,-261130.8515,42862.6289,498.0174,1023.3111
-303725.641,-261116.8598,42608.7812,488.0646,1051.2889
-303974.8365,-261300.1724,42674.6641,474.9571,1036.537
-304042.5801,-261245.1035,42797.4766,505.1154,1042.4055
-303827.4667,-261161.287,42666.1797,480.7997,1038.2411
-303771.0276,-261093.4572,42677.5703,520.7442,1012.0956
-304072.1425,-261227.748,42844.3945,500.6579,1037.51
-304078.6959,-261294.9889,42783.707,513.3606,1041.4673
-303750.0241,-261233.0124,42517.0117,529.546,1027.944
-303977.7089,-261247.4394,42730.2695,483.3131,1021.4791
-304105.759,-261193.0169,42912.7422,511.0196,1040.314
-303954.2756,-261148.174,42806.1016,494.6751,1076.3346
-303860.4814,-261221.2314,42639.25,507.5316,1054.316
-303783.9849,-261117.2231,42666.7617,505.0319,1011.7075
-303816.2558,-261211.33,42604.9258,470.4056,1026.4402
-303832.866,-261192.4558,42640.4102,523.0662,1038.9271
-303833.7506,-261214.4186,42619.332,501.5028,1058.6518
-303997.4565,-261187.7299,42809.7266,515.4544,1035.9634
-304010.1397,-261261.5889,42748.5508,520.7213,1063.5819
-303981.9022,-261270.7577,42711.1445,511.2154,1047.5735
-303628.9646,-261101.2029,42527.7617,459.8447,1024.7027
-303676.8918,-261154.3019,42522.5898,503.8829,1064.2738
-303879.1591,-261187.4442,42691.7148,497.6204,1055.0699
-303817.7994,-261169.4322,42648.3672,491.1812,1077.5746
-303979.599,-261214.7396,42764.8594,498.7872,1077.2185
-303845.179,-261133.468,42711.7109,457.5429,1051.5654
-303857.3887,-261144.3965,42712.9922,517.5172,1077.5793
-303953.7156,-261252.1921,42701.5234,485.4753,1052.8075
-303913.9417,-261181.0042,42732.9375,473.9348,1052.6631
-303895.9784,-261083.3456,42812.6328,471.7972,1084.0484
-303870.5004,-261247.7426,42622.7578,512.6544,1117.0852
-303705.7639,-261245.1193,42460.6445,520.6762,1055.6325
-303880.0585,-261159.8203,42720.2383,478.6927,1028.7788
-303993.4744,-261301.8026,42691.6719,473.0116,1046.356
-303832.8631,-261261.1599,42571.7031,475.915,1062.7181
-303943.5862,-261227.0354,42716.5508,453.8802,1029.9927
-303983.9084,-261154.0841,42829.8242,500.3419,1010.0176
-303815.6375,-261244.6062,42571.0312,510.4424,1036.7405
-303794.6828,-261150.6398,42644.043,523.8714,1048.0698
-303834.259,-261084.1184,42750.1406,499.4878,1058.1017
-303414.0823,-261060.2034,42353.8789,527.4356,1055.1562
-304015.0468,-261152.7538,42862.293,468.2265,1071.6019
-303671.0872,-261173.9309,42497.1562,487.9349,1051.8284
-303870.7932,-261252.2385,42618.5547,490.7817,1057.5896
-303706.777,-261156.5622,42550.2148,491.023,1053.2674
-303960.1788,-261275.0811,42685.0977,513.3022,1046.2724
-303632.1033,-261108.2087,42523.8945,507.7532,1067.4986
-303974.9219,-261175.1719,42799.75,523.1696,1031.795
-304090.8596,-261214.3401,42876.5195,484.1628,1074.0952
-303780.6913,-261232.7694,42547.9219,463.4075,1102.3594
-303945.6645,-261145.7543,42799.9102,500.7494,1023.4967
-303905.0306,-261190.4993,42714.5312,521.0356,1044.5877
-303868.9723,-261151.6989,42717.2734,474.4764,1022.2353
-304105.9891,-261257.2118,42848.7773,492.7537,1033.3178
-303776.4312,-261162.8335,42613.5977,488.3425,1057.4005
-304170.046,-261205.6632,42964.3828,475.418,1073.7677
-303907.3865,-261087.156,42820.2305,479.5268,1058.466
-304017.6672,-261190.9054,42826.7617,476.8678,1034.8302
-303888.6442,-261253.2692,42635.375,475.7197,1050.3019
-303515.0387,-261159.359,42355.6797,520.8641,1091.3359
-303750.672,-261135.129,42615.543,509.4853,1038.4464
-303771.3563,-261201.8759,42569.4805,503.3287,1057.1793
-303676.1677,-261030.8396,42645.3281,455.386,1082.1974
-303844.7082,-261224.927,42619.7812,479.5635,1063.5409
-303800.4159,-261130.9081,42669.5078,522.9136,1059.9823
-303856.314,-261112.6968,42743.6172,497.297,1082.5167
-303876.7372,-261150.5966,42726.1406,501.0454,1049.2449
-303623.7917,-261113.4245,42510.3672,525.145,1052.4782
-303863.0526,-261129.5135,42733.5391,498.7219,1008.7022
-303851.8397,-261144.914,42706.9258,490.8328,1018.4007
-303776.1566,-261133.0629,42643.0938,484.2527,1055.9506
-303800.2684,-261200.1668,42600.1016,501.4276,1039.0309
-303847.7963,-261118.9487,42728.8477,478.6475,1013.0588
-303775.2386,-261072.0082,42703.2305,479.7135,1036.4694
-303648.5887,-261132.0614,42516.5273,486.8958,1042.0864
-303833.7287,-261188.8263,42644.9023,482.3106,1055.7093
-303512.7668,-261165.6847,42347.082,487.9657,1073.4496
-303874.8336,-261163.5172,42711.3164,516.3079,1030.4501
-303732.1323,-261155.3002,42576.832,508.6695,1028.6603
-303897.0624,-261190.2733,42706.7891,480.3129,1069.0155
-304105.4509,-261110.9158,42994.5352,511.8828,1036.5933
-303925.9926,-261166.9028,42759.0898,477.4603,1048.4907
-303999.3483,-261239.1804,42760.168,505.7495,1053.3629
-303833.4999,-261210.8749,42622.625,477.6726,1006.2763
-304106.4423,-261192.1376,42914.3047,493.1666,1038.1062
-304039.6064,-261151.4541,42888.1523,469.3489,1036.0676
-303752.3406,-261117.3484,42634.9922,500.0476,1039.2612
-303953.3689,-261195.6853,42757.6836,506.51,1062.7982
-303928.7965,-261268.8395,42659.957,470.6943,1087.1995
-303802.0503,-261166.9526,42635.0977,521.7089,1042.5824
-304049.0082,-261201.7933,42847.2148,507.8805,1049.0756
-303756.8854,-261202.9167,42553.9688,503.5704,1059.8421
-303816.5435,-261074.4966,42742.0469,534.9003,1063.0846
-303897.2464,-261239.2347,42658.0117,483.2128,1060.6445
-303675.5745,-261115.3909,42560.1836,493.0593,1070.5309
-303819.0586,-261072.2852,42746.7734,491.593,1062.3716
-303779.2591,-261178.2982,42600.9609,522.1959,1038.9128
-303950.0951,-261226.8294,42723.2656,529.896,1007.6363
-303770.7608,-261179.0225,42591.7383,523.3699,1019.8419
-303853.6289,-261170.1524,42683.4766,496.0234,1021.3473
-303804.3686,-261233.1968,42571.1719,515.8762,994.0691
-303971.9889,-261288.2858,42683.7031,509.8315,1055.2641
-304093.8185,-261184.8771,42908.9414,469.1739,1072.6865
-303627.4514,-261148.6037,42478.8477,506.3388,1093.1105
-303863.4531,-261155.8867,42707.5664,512.9046,1084.5424
-303625.6252,-261155.7111,42469.9141,496.9174,1090.5545
-303962.8496,-261186.0136,42776.8359,530.1289,1111.1314
-303756.8974,-261159.2412,42597.6562,503.119,1045.0803
-304025.8533,-261224.4431,42801.4102,513.6228,1033.64
-303744.623,-261099.9551,42644.668,499.8392,1026.1653
-303935.1397,-261166.9952,42768.1445,503.1305,1019.2436
-303967.1675,-261263.2964,42703.8711,534.2422,1067.4879
-303797.3748,-261160.6482,42636.7266,499.0029,1101.7447
-303901.7745,-261117.5128,42784.2617,506.3846,1038.6234
-303678.9829,-261177.686,42501.2969,534.6598,1077.3321
-304023.6381,-261229.685,42793.9531,501.2178,1008.6709
-303916.3486,-261197.9462,42718.4023,523.9403,1066.2677
-303948.9662,-261154.8998,42794.0664,482.2438,1051.0845
-303845.8106,-261201.4942,42644.3164,457.3592,1074.9443
-303933.8033,-261235.1197,42698.6836,501.1395,1062.4221
-303932.7197,-261297.5791,42635.1406,472.9433,1050.2434
-303694.1454,-261133.3095,42560.8359,503.8395,1025.1902
-303694.6017,-261296.422,42398.1797,534.9664,1035.6602
-303886.8377,-261158.4041,42728.4336,512.3891,998.8199
-303859.1321,-261200.7493,42658.3828,492.9579,1027.4327
-303791.092,-261182.2639,42608.8281,506.7941,1079.5764
-303885.2888,-261179.9724,42705.3164,506.3529,1058.4468
-303841.3064,-261123.3493,42717.957,502.9133,1037.2222
-303675.3328,-261170.1375,42505.1953,489.0664,1057.726
-304028.9533,-261112.0197,42916.9336,506.9457,1026.4976
-303912.6771,-261183.6576,42729.0195,503.7105,1011.6915
-303784.0536,-261272.3388,42511.7148,468.2045,1040.6856
-304046.417,-261247.0576,42799.3594,484.2154,1056.9948
-303760.3822,-261178.2064,42582.1758,499.3143,991.8829
-303792.1073,-261172.7089,42619.3984,503.1582,1032.7436
-303992.3325,-261209.52,42782.8125,505.5941,1077.6472
-303903.3675,-261170.1331,42733.2344,516.6487,1066.7088
-303891.0583,-261052.9215,42838.1367,492.3407,1041.3925
-303849.8923,-261140.5798,42709.3125,480.3694,1069.782
-303769.7995,-261092.2682,42677.5312,461.823,1021.6547
-303839.821,-261210.8991,42628.9219,474.296,1072.9094
-303857.0505,-261157.4333,42699.6172,513.1537,991.1644
-303742.9459,-261063.9576,42678.9883,482.1842,1052.5705
-303892.7984,-261154.6382,42738.1602,514.8108,1044.9634
-303631.6732,-261081.4662,42550.207,482.0939,1045.1166
-303810.3099,-261159.9115,42650.3984,526.3675,1049.386
-303810.4936,-261092.017,42718.4766,487.7971,1020.6753
-303787.2805,-261116.179,42671.1016,510.3135,1007.1643
-304052.5458,-261287.749,42764.7969,494.5417,1025.544
-303750.4329,-261075.9876,42674.4453,504.7376,1067.9478
-303758.092,-261179.1896,42578.9023,501.5211,1065.1162
-303865.9495,-261141.6097,42724.3398,482.5944,1057.194
-304027.7309,-261234.9262,42792.8047,507.7852,1031.1012
-303947.6059,-261266.5746,42681.0312,496.1377,1041.3732
-303892.98,-261224.3472,42668.6328,499.1613,1060.6737
-303990.1635,-261171.7768,42818.3867,512.1466,1044.4451
-303566.1343,-261097.021,42469.1133,483.4534,1034.3201
-303841.6717,-261208.9647,42632.707,503.9364,1058.1687
-303827.1492,-261181.2624,42645.8867,513.6792,1056.4387
-303874.8043,-261139.9684,42734.8359,502.1344,1099.5073
-304090.8564,-261166.9697,42923.8867,499.7065,1090.2398
-303823.9043,-261109.0332,42714.8711,520.943,1087.689
-303760.8867,-261098.6094,42662.2773,471.302,1032.0594
-303757.0273,-261206.2069,42550.8203,534.2141,1066.4605
-303888.0773,-261178.7179,42709.3594,489.1518,1009.5679
-303997.2769,-261172.5152,42824.7617,497.6049,1084.8882
-303983.1462,-261161.0525,42822.0938,517.5059,1064.2868
-303704.8699,-261122.8816,42581.9883,494.5178,1077.0384
-304033.1987,-261168.6752,42864.5234,483.6754,1031.7168
-303841.9463,-261335.7666,42506.1797,520.7212,1010.8699
-303841.7381,-261130.0349,42711.7031,496.3645,1005.1185
-303869.4851,-261178.989,42690.4961,511.4176,1002.9291
-303861.3178,-261074.4975,42786.8203,521.1818,1027.0684
-303783.1017,-261175.4103,42607.6914,498.4815,1065.3921
-303790.3022,-261104.9545,42685.3477,524.695,1045.0943
-303905.969,-261188.8128,42717.1562,509.902,1029.5659
-303876.9168,-261121.1121,42755.8047,484.6394,1018.9156
-303831.204,-261163.8173,42667.3867,471.6431,1033.4016
-303724.3556,-261103.879,42620.4766,499.876,1036.2833
-303890.686,-261275.5805,42615.1055,505.1793,1068.899
-303870.0859,-261133.6249,42736.4609,487.0351,1054.8849
-303890.4403,-261218.5419,42671.8984,467.9305,1048.8076
-303794.4813,-261042.0321,42752.4492,480.028,1007.7112
-303960.1636,-261147.937,42812.2266,492.6793,1077.9711
-303840.926,-261125.5354,42715.3906,500.7651,990.6999
-303751.3793,-261185.2192,42566.1602,462.9558,1070.0415
-303984.6684,-261226.5668,42758.1016,458.6532,1039.7081
-304052.0595,-261306.247,42745.8125,520.4409,1018.8003
-303905.6644,-261244.1488,42661.5156,480.4472,1038.7277
-303710.3096,-261270.6065,42439.7031,497.981,1024.5646
-304047.073,-261234.1433,42812.9297,507.4194,1050.1536
-303819.5224,-261192.3349,42627.1875,470.6701,1051.2957
-304005.0678,-261226.142,42778.9258,510.4377,1031.0768
-304091.1232,-261354.4904,42736.6328,497.133,1008.4826
-303906.0426,-261162.1716,42743.8711,483.4901,1042.9942
-303832.0781,-261186.7344,42645.3438,473.9527,1039.8302
-303874.6745,-261219.9557,42654.7188,466.2525,1023.6009
-303905.854,-261130.2681,42775.5859,502.904,1050.0636
-303923.0632,-261142.989,42780.0742,481.6075,1017.7009
-303757.5993,-261180.8923,42576.707,502.1248,1042.6029
-303744.1112,-261155.3143,42588.7969,506.7139,1025.8637
-303689.0641,-261073.9352,42615.1289,487.7446,1023.2981
-304109.481,-261267.9537,42841.5273,495.4019,1059.8364
-303877.8952,-261185.4538,42692.4414,489.5516,1022.8515
-303805.685,-261298.2631,42507.4219,499.9084,1016.6527
-303927.268,-261193.0688,42734.1992,476.3314,1060.1437
-304016.9089,-261210.3308,42806.5781,504.7234,1037.7842
-303751.8954,-261085.3486,42666.5469,519.9933,1048.8928
-304063.6292,-261215.4612,42848.168,487.1091,1053.917
-303936.5431,-261161.7736,42774.7695,492.7063,1029.5242
-304046.6307,-261312.4276,42734.2031,473.7447,1023.3667
-303916.311,-261224.5883,42691.7227,490.4214,1083.0972
-303927.8207,-261250.4886,42677.332,479.4031,1040.8488
-303889.7845,-261200.515,42689.2695,499.8555,1032.142
-303917.7483,-261267.7796,42649.9688,505.1485,1027.6093
-303820.7938,-261208.4227,42612.3711,493.6114,1020.3887
-303569.1617,-261168.9234,42400.2383,505.6332,1041.2679
-303890.1805,-261103.0985,42787.082,499.108,1041.3757
-303853.4607,-261223.4958,42629.9648,525.4918,1068.8913
-303940.0403,-261173.5246,42766.5156,491.3636,1015.8016
-303876.9385,-261210.2002,42666.7383,514.6035,1041.8593
-303795.2542,-261206.7269,42588.5273,497.9055,1050.188
-303966.6761,-261159.68,42806.9961,488.8878,1059.5431
-303957.0807,-261151.7956,42805.2852,489.1946,1018.7511
-303881.1251,-261177.6915,42703.4336,483.6311,1043.9729
-303875.1372,-261167.688,42707.4492,503.9341,1037.0441
-303764.9287,-261127.5302,42637.3984,504.0433,1050.055
-303932.3105,-261162.5527,42769.7578,508.476,1021.0992
-303915.4591,-261281.6466,42633.8125,528.1386,1053.5406
-303864.6048,-261186.6517,42677.9531,491.5203,1029.9622
-303776.6654,-261198.6615,42578.0039,477.361,1028.0783
-304281.9055,-261299.0305,42982.875,525.7647,1059.7001
-303782.7735,-261107.2735,42675.5,503.063,1022.1798
-304099.653,-261259.1218,42840.5312,495.3515,1018.6973
-303930.5527,-261209.6699,42720.8828,487.9179,1028.6952
-303760.0434,-261181.2895,42578.7539,531.0966,1033.4115
-303978.2765,-261192.3039,42785.9727,473.734,1041.881
-303988.9333,-261224.4607,42764.4727,490.3434,1010.4564
-303653.6993,-261088.2892,42565.4102,522.7187,1035.4118
-303916.4523,-261130.0383,42786.4141,506.5698,1034.3335
-303904.3753,-261124.2581,42780.1172,481.6613,1071.8058
-303698.6082,-261246.8817,42451.7266,507.304,1026.4181
-303930.1115,-261250.9904,42679.1211,519.3536,1007.5923
-303928.9648,-261289.0937,42639.8711,495.3535,1049.3399
-303925.0762,-261208.4278,42716.6484,503.5649,1029.277
-303841.7423,-261265.0001,42576.7422,477.5609,1045.4216
-303733.2151,-261207.301,42525.9141,523.9128,1101.0336
-303940.8374,-261251.8413,42688.9961,494.7252,1093.3086
-303829.5814,-261167.351,42662.2305,515.413,1079.0991
-304108.4729,-261246.8283,42861.6445,484.9116,1062.1865
-303905.0286,-261161.97,42743.0586,502.7406,1024.7547
-303851.6971,-261189.1034,42662.5938,495.179,1071.264
-303735.4217,-261127.078,42608.3438,498.1373,1035.3808
-304170.1933,-261255.162,42915.0312,478.062,1036.7092
-303696.8505,-261169.163,42527.6875,492.4523,1017.3553
-303919.1758,-261160.6211,42758.5547,507.5811,1059.2577
-303719.9583,-261170.7473,42549.2109,492.7177,1035.8435
-303827.6027,-261099.3137,42728.2891,491.5133,1073.3749
-303768.6247,-261148.9411,42619.6836,460.3336,1030.45
-304036.5344,-261214.5617,42821.9727,487.4532,1050.0798
-303880.9401,-261110.3776,42770.5625,559.0233,1043.1788
-303727.8552,-261139.2341,42588.6211,521.8107,1033.7724
-303796.1917,-261145.1526,42651.0391,472.1994,1050.3089
-303997.5606,-261192.1388,42805.4219,516.0195,1019.8349
-303753.8883,-261095.8492,42658.0391,493.7547,1046.5008
-303931.2606,-261205.6824,42725.5781,495.6501,1072.6724
-303779.8442,-261117.7309,42662.1133,489.8777,1023.0159
-303911.9812,-261118.493,42793.4883,465.4128,1030.5901
-303619.2017,-261140.2447,42478.957,532.6011,1087.1734
-304044.6421,-261152.896,42891.7461,451.3071,1034.0642
-303883.365,-261103.0799,42780.2852,476.7888,996.5647
-303817.4931,-261142.3173,42675.1758,532.5202,1010.5262
-303711.2429,-261164.8836,42546.3594,472.4612,1023.1944
-303654.6911,-261103.0544,42551.6367,508.6659,1080.2198
-303785.6405,-261063.6796,42721.9609,481.4936,1033.9242
-303730.5618,-261264.8782,42465.6836,519.205,1064.486
-303693.9583,-261143.6029,42550.3555,504.3575,1069.4648
-303718.2359,-261139.025,42579.2109,503.9219,1023.8798
-303880.8244,-261088.2775,42792.5469,476.5964,1057.4446
-304130.5461,-261312.2493,42818.2969,491.5105,1033.5348
-303874.0657,-261210.7922,42663.2734,508.0085,1045.811
-303796.6631,-261131.6905,42664.9727,505.8162,1029.0612
-304007.6088,-261191.0112,42816.5977,536.014,1059.9375
-303951.3023,-261155.482,42795.8203,496.1334,1053.3244
-303695.5971,-261140.2377,42555.3594,467.6048,1022.1574
-303613.0481,-261144.1692,42468.8789,519.0473,1016.0547
-304120.906,-261174.1404,42946.7656,507.3988,1060.6735
-303891.002,-261130.1622,42760.8398,495.3742,1007.9924
-303862.0421,-261205.3155,42656.7266,471.1466,1060.2787
-303617.0997,-261161.713,42455.3867,499.7832,1031.3789
-303710.9016,-261181.1867,42529.7148,459.1964,1051.2663
-304102.1325,-261243.4255,42858.707,490.2981,1065.5819
-303806.9277,-261101.1582,42705.7695,516.1574,1047.5002
-303726.7762,-261203.1707,42523.6055,491.1353,1041.6916
-303682.4605,-261112.1441,42570.3164,496.9164,1016.8258
-304168.814,-261257.4819,42911.332,496.4432,1042.257
-303991.2152,-261242.7582,42748.457,471.1038,1032.6768
-303630.4996,-261124.2652,42506.2344,529.1253,1036.5278
-303935.1743,-261200.5649,42734.6094,498.0091,1097.0501
-303841.057,-261176.1156,42664.9414,503.0859,1053.1817
-303833.2377,-261191.1986,42642.0391,513.9097,1056.6289
-303710.1488,-261169.2582,42540.8906,499.7203,1073.8383
-303800.5225,-261102.835,42697.6875,534.1135,1047.745
-304021.6136,-261286.6292,42734.9844,506.2509,1023.8449
-303739.1796,-261146.1405,42593.0391,489.3317,1030.0553
-303752.8186,-261152.553,42600.2656,529.1081,1056.4841
-303900.4438,-261250.4399,42650.0039,513.4947,1046.0883
-303990.252,-261152.1661,42838.0859,495.1679,1014.8094
-303860.558,-261193.0072,42667.5508,498.7129,1042.6838
-303990.8979,-261133.437,42857.4609,488.3491,1051.3047
-303946.6073,-261195.5644,42751.043,523.4002,1042.7941
-303687.0014,-261112.017,42574.9844,520.2892,1048.0947
-304049.2068,-261142.4841,42906.7227,531.1191,1064.1049
-303687.7109,-261094.0156,42593.6953,496.2873,1070.3023
-303764.8435,-261051.0544,42713.7891,483.3594,1032.0405
-303694.607,-261156.2203,42538.3867,516.2533,1040.9648
-303929.4576,-261139.6529,42789.8047,490.6557,1038.2715
-303736.7717,-261065.8772,42670.8945,486.3252,1058.7551
-303732.4965,-261184.0786,42548.418,489.7466,1079.4708
-303569.7043,-261152.4387,42417.2656,497.9656,1033.8806
-304048.0676,-261205.009,42843.0586,495.1195,1077.0684
-303891.5623,-261185.867,42705.6953,538.5478,1040.7572
-303770.0005,-261118.4536,42651.5469,458.7599,1023.067
-303844.9729,-261211.1565,42633.8164,489.6268,1057.0758
-303917.9434,-261283.252,42634.6914,502.6698,1088.1776
-303882.4578,-261205.6687,42676.7891,526.8115,1021.334
-303689.7117,-261160.575,42529.1367,471.7871,1060.451
-303789.6461,-261186.732,42602.9141,468.0265,1068.892
-303865.714,-261249.4523,42616.2617,492.5066,1069.2929
-303659.053,-261125.5725,42533.4805,501.2217,1034.0362
-303975.6829,-261173.636,42802.0469,489.4155,1034.3915
-303789.27,-261124.1918,42665.0781,512.2859,1060.0868
-303904.415,-261233.5127,42670.9023,540.6105,1040.0913
-303854.7617,-261194.0625,42660.6992,496.3789,1054.0031
-303700.4208,-261146.3427,42554.0781,490.3934,1033.987
-303718.799,-261174.0061,42544.793,476.6643,1144.5283
-304049.9038,-261266.1811,42783.7227,478.4267,1050.3864
-303792.5604,-261131.701,42660.8594,500.1579,1081.822
-303801.5006,-261264.6842,42536.8164,510.2868,1060.6093
-303960.1283,-261203.7143,42756.4141,459.4985,1058.4583
-303747.5452,-261207.7405,42539.8047,487.8695,1057.4312
-303990.2979,-261135.0284,42855.2695,469.9891,1037.6752
-303856.2945,-261122.8414,42733.4531,493.5229,997.7802
-303846.056,-261223.7201,42622.3359,492.8179,1054.6378
-303847.1978,-261173.479,42673.7188,523.1098,1023.6286
-303907.2592,-261195.3217,42711.9375,486.6231,1040.6605
-304030.0847,-261185.3425,42844.7422,467.8787,1007.3968
-303980.286,-261166.4267,42813.8594,537.2263,1020.1141
-303843.8122,-261146.2849,42697.5273,518.1822,1070.6466
-303577.1568,-261126.3404,42450.8164,523.7595,1080.9907
-303893.5753,-261193.9229,42699.6523,503.1653,1040.289
-303806.9158,-261201.3299,42605.5859,504.5925,1030.9194
-304100.5579,-261191.0814,42909.4766,484.5829,1047.3937
-303730.6011,-261117.7222,42612.8789,430.4725,1041.2385
-303853.8091,-261213.3404,42640.4688,482.7676,1002.5792
-303993.2137,-261208.1785,42785.0352,474.6559,1035.0762
-303850.1284,-261120.5542,42729.5742,496.0235,1027.8142
-303674.1875,-261232.9765,42441.2109,483.9513,1024.9414
-303909.7434,-261212.2004,42697.543,530.8257,1023.5342
-303722.5039,-261076.2071,42646.2969,460.4578,1044.6471
-303775.3716,-261144.4693,42630.9023,474.8577,1053.0588
-304043.7117,-261245.8953,42797.8164,494.9693,1084.5608
-304004.3507,-261255.7062,42748.6445,502.5873,1038.5281
-303621.0717,-261138.5756,42482.4961,496.5383,1079.6714
-303857.3702,-261241.1436,42616.2266,500.1414,1050.4546
-303911.3782,-261202.3625,42709.0156,524.0054,1010.2158
-303790.5024,-261066.6547,42723.8477,504.2179,1013.8003
-303889.8577,-261220.3226,42669.5352,499.407,1017.0181
-303695.4039,-261087.2633,42608.1406,483.4668,1041.3169
-303704.7261,-261253.8863,42450.8398,490.0658,1073.0432
-303990.5798,-261228.6618,42761.918,472.8076,1031.0769
-303552.3195,-261046.3039,42506.0156,489.9782,1021.941
-303821.5368,-261146.6423,42674.8945,490.3502,1080.3659
-304027.746,-261260.6991,42767.0469,474.8901,1042.4155
-304014.4154,-261215.0404,42799.375,467.1691,1075.5661
-303786.0089,-261108.8332,42677.1758,495.3194,1021.5754
-303836.2207,-261207.2559,42628.9648,512.7476,1046.686
-304065.3448,-261209.1417,42856.2031,485.0124,1011.2781
-303594.1851,-261097.6031,42496.582,495.6249,1043.3655
-303622.4458,-261088.1568,42534.2891,517.6946,1050.0601
-303983.5603,-261226.9196,42756.6406,508.7937,1059.1947
-303879.8225,-261184.1272,42695.6953,520.9379,1029.0546
-303994.3209,-261230.4576,42763.8633,488.2257,1012.5644
-303805.2381,-261237.9959,42567.2422,493.7797,1056.9677
-303736.2335,-261197.3389,42538.8945,524.2424,1017.1626
-303829.3051,-261094.8051,42734.5,506.8669,1041.2803
-303848.319,-261208.1276,42640.1914,491.503,1047.3852
-303884.5909,-261117.3253,42767.2656,497.5202,1037.271
-304108.5474,-261204.0865,42904.4609,492.8164,1030.5815
-303871.5004,-261194.5746,42676.9258,484.0968,1045.9549
-303752.9902,-261161.2948,42591.6953,524.5243,1052.5104
-303721.4866,-261124.1819,42597.3047,493.3921,1021.88
-303625.546,-261113.7842,42511.7617,483.7773,1061.906
-303664.4174,-261000.2104,42664.207,486.272,1027.3399
-303761.3786,-261116.8473,42644.5312,487.2486,1077.962
-303655.427,-261171.7903,42483.6367,518.6166,1038.2224
-303821.3452,-261214.8374,42606.5078,501.2465,1049.734
-303843.0621,-261185.816,42657.2461,493.7552,1057.4741
-303892.7741,-261139.1959,42753.5781,476.3449,1077.2278
-304084.6568,-261187.9771,42896.6797,530.9153,1015.7758
-303950.511,-261188.2064,42762.3047,517.1633,1063.9972
-303936.1143,-261176.7628,42759.3516,504.0574,1091.7693
-303978.4428,-261186.0483,42792.3945,528.7319,1075.612
-303650.5976,-261211.7187,42438.8789,506.744,1008.424
-304100.5194,-261243.0194,42857.5,510.5252,1053.5875
-303764.1975,-261202.8733,42561.3242,477.513,1021.4872
-304131.3723,-261223.8802,42907.4922,502.1852,1023.113
-303759.3412,-261099.5287,42659.8125,503.7742,1050.7229
-303732.5045,-261167.6061,42564.8984,489.6338,1106.3492
-304026.424,-261210.1232,42816.3008,495.1994,1076.2193
-303691.425,-261155.9835,42535.4414,510.8039,1019.8178
-303828.9647,-261152.5975,42676.3672,533.5158,1027.7558
-303756.0324,-261074.8879,42681.1445,496.2233,1035.6686
-303933.6379,-261148.4622,42785.1758,517.0722,1024.2365
-304043.9456,-261228.0198,42815.9258,498.5045,1078.6856
-303815.7418,-261174.7887,42640.9531,503.1538,1056.4637
-303707.9545,-261098.5092,42609.4453,455.6632,1039.2849
-303748.2183,-261196.5425,42551.6758,480.7193,1067.6987
-303862.0837,-261205.9822,42656.1016,494.042,1069.4919
-303875.0589,-261107.8753,42767.1836,485.2806,1033.37
-303850.8242,-261147.1992,42703.625,519.4142,1005.9358
-303745.6944,-261306.1475,42439.5469,543.8815,1023.9583
-303764.4725,-261058.2733,42706.1992,501.8076,1012.7715
-303607.4875,-261041.7062,42565.7812,525.6006,1016.3868
-303900.5108,-261266.3037,42634.207,535.591,1055.7022
-303958.4119,-261241.3338,42717.0781,513.7331,1075.4298
-303769.9236,-261156.908,42613.0156,469.3174,1042.7865
-303550.4514,-261063.7092,42486.7422,498.9877,1029.6054
-303937.2975,-261208.3913,42728.9062,488.5481,1036.1096
-303838.025,-261131.3843,42706.6406,500.629,1037.683
-303954.5131,-261190.9466,42763.5664,481.3557,1073.8906
-304144.5331,-261264.0683,42880.4648,476.0021,1024.8334
-303561.8502,-261108.9361,42452.9141,505.6284,1064.5347
-303972.5375,-261290.4437,42682.0938,500.7756,1024.9258
-303834.0668,-261256.1762,42577.8906,487.8402,1063.1674
-303987.1057,-261277.8518,42709.2539,508.139,1020.7215
-303705.2508,-261151.4109,42553.8398,537.6013,1039.4072
-303971.9214,-261213.4566,42758.4648,503.3924,1052.9435
-303897.8163,-261258.8007,42639.0156,501.568,1002.1795
-303946.5149,-261268.9837,42677.5312,509.141,1017.3615
-303888.6853,-261185.9197,42702.7656,496.7972,1013.2791
-303986.2314,-261227.0634,42759.168,506.0478,1069.4176
-303723.9758,-261122.7805,42601.1953,471.6516,1064.044
-303950.9901,-261203.5643,42747.4258,489.6979,1049.14
-303870.404,-261169.7009,42700.7031,485.6241,1002.3503
-303810.3707,-261207.1246,42603.2461,492.2513,1093.8058
-303963.4755,-261198.4912,42764.9844,503.6308,1037.7227
-303828.2107,-261175.8318,42652.3789,509.3532,1066.0454
-303854.4201,-261193.4006,42661.0195,499.5718,1065.8515
-303873.1412,-261150.6099,42722.5312,478.4163,1014.2928
-303871.9814,-261182.9736,42689.0078,539.5254,999.5141
-303884.7271,-261160.5435,42724.1836,498.3161,1030.7955
-303853.8912,-261146.3443,42707.5469,488.2604,1052.044
-304033.8846,-261195.4744,42838.4102,485.8279,1069.3162
-303577.8997,-261118.4583,42459.4414,475.4476,1063.8183
-304005.8708,-261187.4802,42818.3906,484.324,1055.5816
-303865.2318,-261170.3139,42694.918,481.9182,1080.8422
-303691.3514,-261133.4061,42557.9453,483.7686,1067.6429
-303825.0246,-261044.9114,42780.1133,484.2001,1047.9107
-303707.2696,-261157.3125,42549.957,501.6648,1082.3409
-304009.1997,-261188.3247,42820.875,516.2292,1084.0756
-303766.5101,-261103.3226,42663.1875,512.4517,1040.4368
-303871.4248,-261258.8818,42612.543,491.5207,1046.4729
-303991.5477,-261183.1844,42808.3633,527.8632,1052.3487
-303655.1512,-261149.3543,42505.7969,490.2433,1067.403
-303872.5494,-261085.5299,42787.0195,476.2163,1080.4717
-303894.6777,-261092.1308,42802.5469,478.6971,1023.578
-303990.3499,-261200.5022,42789.8477,487.3681,1028.1631
-303607.8112,-261111.1901,42496.6211,527.7152,1074.2661
-303839.4558,-261229.8582,42609.5977,517.8898,1036.4825
-304007.0979,-261224.9221,42782.1758,512.1317,1036.0733
-303836.4342,-261134.1998,42702.2344,474.3202,1067.4833
-303794.627,-261181.8575,42612.7695,499.993,1080.0487
-303898.8923,-261157.7712,42741.1211,465.6058,1082.2106
-303665.5256,-261122.4748,42543.0508,480.3413,1054.2308
-303875.7715,-261138.4512,42737.3203,470.178,1040.9345
-303810.4439,-261140.3814,42670.0625,490.5536,1044.6837
-303974.0993,-261226.7009,42747.3984,499.5337,1093.985
-303907.453,-261252.3476,42655.1055,492.8826,1057.397
-303921.1458,-261140.4154,42780.7305,477.3905,1073.2387
-303858.1914,-261173.5195,42684.6719,480.9341,1011.1544
-303638.0126,-261087.204,42550.8086,477.2139,1052.9336
-303789.3977,-261103.4993,42685.8984,519.1895,1074.4304
-303386.4261,-261081.344,42305.082,533.6944,1083.5393
-303722.0903,-261224.9458,42497.1445,496.5329,1000.0959
-304020.164,-261210.2382,42809.9258,482.6788,1050.3543
-304118.9196,-261172.8688,42946.0508,538.7661,1045.0761
-304042.0569,-261206.9358,42835.1211,519.4836,1029.603
-303892.0481,-261227.7785,42664.2695,494.7837,1071.5652
-303881.2821,-261235.1688,42646.1133,495.2957,1009.6722
-304090.5835,-261112.607,42977.9766,505.0734,1052.2563
-303651.2511,-261176.9269,42474.3242,489.881,1056.9849
-303911.7609,-261245.3117,42666.4492,495.0905,1029.1936
-303820.6375,-261184.7352,42635.9023,495.3458,1077.0042
-303997.3433,-261206.2261,42791.1172,506.4416,1086.7724
-303675.3045,-261188.2772,42487.0273,522.1502,1072.8518
-303930.1661,-261186.5958,42743.5703,499.5337,1044.4098
-303884.3732,-261187.1584,42697.2148,480.8066,1030.209
-304255.1879,-261310.0472,42945.1406,486.9283,1004.3188
-303992.7755,-261153.5685,42839.207,498.9285,1039.4829
-304011.2648,-261248.175,42763.0898,477.6305,1058.7006
-303905.5006,-261112.4498,42793.0508,492.5788,995.0043
-303814.7648,-261152.3976,42662.3672,450.5415,1056.3364
-303965.8726,-261114.7046,42851.168,497.7243,1050.0011
-303837.1111,-261203.5174,42633.5938,507.0871,1069.3342
-303852.6435,-261127.7919,42724.8516,477.7633,1047.0986
-303668.8908,-261084.5471,42584.3438,471.0772,1082.3178
-303793.7765,-261110.8039,42682.9727,513.8765,1034.4556
-303943.6861,-261225.1041,42718.582,505.4681,1065.1594
-303443.2269,-261098.391,42344.8359,468.1271,1082.591
-303962.4869,-261250.5885,42711.8984,472.1756,1055.7229
-303740.3467,-261193.2412,42547.1055,502.7739,1002.5216
-303763.3348,-261189.5613,42573.7734,473.7979,1048.0212
-303717.4584,-261190.8334,42526.625,511.1517,1042.8616
-303714.2424,-261121.1564,42593.0859,494.6812,1043.2034
-303890.6891,-261156.654,42734.0352,507.037,1025.2668
-303853.064,-261187.5288,42665.5352,496.1118,1015.599
-304094.319,-261286.1315,42808.1875,489.5712,1054.3092
-304054.9602,-261290.1517,42764.8086,488.5109,1081.3948
-303776.2747,-261154.6223,42621.6523,500.2209,1091.481
-303851.1184,-261143.2239,42707.8945,458.9332,1037.2809
-303668.8567,-261110.5442,42558.3125,513.6945,1030.5032
-303734.591,-261133.966,42600.625,480.6825,1045.2139
-303905.556,-261156.2786,42749.2773,520.7951,1046.8303
-303961.4174,-261214.2455,42747.1719,490.8279,1074.7193
-303976.6768,-261195.919,42780.7578,477.7893,1060.3882
-303812.8927,-261202.8693,42610.0234,493.651,1055.0527
-303885.1204,-261251.9993,42633.1211,489.6267,1013.1081
-303947.084,-261209.4551,42737.6289,523.4397,1047.0993
-303934.6757,-261195.7851,42738.8906,510.9352,1107.2216
-303699.281,-261142.945,42556.3359,490.7556,1030.5627
-303907.8849,-261193.4201,42714.4648,490.3361,1038.257
-303956.1262,-261119.3801,42836.7461,496.5335,1021.875
-303932.3269,-261209.53,42722.7969,503.3527,1050.8792
-304015.6186,-261239.9232,42775.6953,481.2111,1061.6656
-303840.5758,-261138.9703,42701.6055,505.542,1021.7211
-303805.2675,-261105.6112,42699.6562,466.1701,1065.1498
-304023.2599,-261093.8732,42929.3867,492.7165,1061.4706
-303665.5242,-261145.1531,42520.3711,500.93,1028.7079
-303735.2479,-261102.2167,42633.0312,488.2608,1036.3097
-303724.1144,-261091.6456,42632.4688,517.8252,1087.3855
-303626.214,-260970.8625,42655.3516,499.7672,1070.9253
-303847.4395,-261184.541,42662.8984,513.3009,1089.1358
-303826.2808,-261075.5152,42750.7656,513.958,1028.3526
-303867.2024,-261167.5891,42699.6133,496.0273,1044.4244
-303912.5635,-261138.8994,42773.6641,488.8921,1108.8926
-303756.2348,-261147.4926,42608.7422,491.3239,1080.9134
-303720.1114,-261029.3106,42690.8008,484.448,1049.4254
-303857.9229,-261192.669,42665.2539,537.565,1036.1155
-303875.6946,-261155.2102,42720.4844,498.2298,1039.2358
-303721.8475,-261204.7421,42517.1055,514.1537,1034.5541
-303834.8463,-261129.8072,42705.0391,504.6308,1053.9798
-303812.6363,-261121.6949,42690.9414,474.7106,1092.7462
-303926.4998,-261170.2498,42756.25,500.8599,1025.1782
-303897.746,-261160.5781,42737.168,511.6492,1071.1574
-303593.9854,-261175.8369,42418.1484,501.0594,1022.4466
-303967.4787,-261190.9514,42776.5273,478.9219,1064.8012
-303921.6594,-261265.6203,42656.0391,510.7263,1038.1568
-304004.6833,-261086.9684,42917.7148,493.3147,1048.1993
-303696.6216,-261107.5161,42589.1055,500.3497,1059.4424
-303716.2711,-261162.4313,42553.8398,461.3111,1055.0228
-303674.0214,-261202.3534,42471.668,482.614,1031.298
-304196.8247,-261237.0083,42959.8164,486.9307,1021.6343
-303986.6783,-261074.7408,42911.9375,509.4898,1054.7158
-303803.9032,-261163.7079,42640.1953,523.6179,1043.2083
-303958.5307,-261155.3236,42803.207,462.4926,1054.0002
-303819.5334,-261243.8927,42575.6406,522.4262,1062.4277
-303847.9103,-261146.715,42701.1953,494.9243,1069.5328
-304044.8497,-261188.1739,42856.6758,458.3303,1039.9587
-303734.4891,-261111.0086,42623.4805,493.389,1008.8449
-303782.0059,-261105.2363,42676.7695,473.4008,1043.3567
-303754.7036,-261157.602,42597.1016,542.6134,1050.4813
-303785.2555,-261169.1735,42616.082,519.9212,1010.9235
-303742.3172,-261109.1688,42633.1484,471.3461,1081.201
-303990.928,-261134.928,42856.0,468.0669,1041.9576
-304020.376,-261269.8057,42750.5703,509.2571,1020.8075
-303810.7631,-261200.2983,42610.4648,482.8603,1063.2899
-304131.4177,-261290.324,42841.0938,484.526,1047.4432
-303814.5742,-261196.3671,42618.207,499.9861,1036.0245
-303657.1013,-261204.5076,42452.5938,493.8336,1007.1731
-304016.4102,-261236.9649,42779.4453,489.6704,1010.5658
-303797.4502,-261156.8447,42640.6055,475.6265,1044.3267
-303666.4106,-261126.0122,42540.3984,510.3514,1051.4861
-303462.5782,-261010.418,42452.1602,486.3311,1008.4579
-303866.5413,-261113.0647,42753.4766,475.228,1041.8575
-303959.004,-261203.254,42755.75,492.8507,1039.6013
-304187.6258,-261155.3016,43032.3242,475.0366,1085.0812
-303797.1862,-261067.0221,42730.1641,503.3366,1056.3476
-303823.8897,-261133.6006,42690.2891,509.4853,1085.8806
-303932.1684,-261140.3051,42791.8633,530.7409,1065.4443
-303854.0045,-261196.8483,42657.1562,472.3325,1077.4434
-303805.8769,-261233.2676,42572.6094,533.0419,1046.2754
-304061.6023,-261187.614,42873.9883,498.2125,1086.1313
-304015.6815,-261195.3416,42820.3398,513.0485,1062.0353
-303857.1069,-261186.3022,42670.8047,515.419,1028.3984
-303962.0254,-261140.6504,42821.375,536.1196,1052.746
-303673.6402,-261198.7261,42474.9141,529.4105,1012.1782
-303899.3328,-261095.2899,42804.043,530.3407,1046.2052
-303815.071,-261128.9303,42686.1406,518.3132,1092.1967
-303972.8299,-261140.3182,42832.5117,479.018,1051.2883
-303768.6006,-261119.3741,42649.2266,518.3093,1083.1221
-303840.6946,-261110.847,42729.8477,521.589,1075.8845
-303675.5996,-261130.3809,42545.2188,469.5323,1055.2567
-304064.8818,-261120.2568,42944.625,518.0341,1110.9318
-303746.8175,-261167.7433,42579.0742,508.8175,1021.457
-303771.4537,-261116.8014,42654.6523,499.3474,1066.9468
-304071.2528,-261187.3388,42883.9141,508.6141,1054.4582
-303888.4071,-261109.0907,42779.3164,521.9254,1047.5284
-303754.6777,-261160.4863,42594.1914,523.1461,1089.8783
-303734.6322,-261175.6244,42559.0078,492.7951,1038.4359
-303713.7827,-261173.2358,42540.5469,525.4453,1070.0841
-303987.3217,-261108.4662,42878.8555,484.4891,1075.8127
-303904.744,-261188.576,42716.168,497.4269,1045.6985
-303770.8164,-261159.125,42611.6914,498.6294,999.2039
-303698.8401,-261200.0041,42498.8359,495.8512,1082.5404
-304023.0559,-261160.7434,42862.3125,475.3545,1070.6861
-303742.2742,-261140.825,42601.4492,500.4273,1084.1055
-303873.264,-261132.8109,42740.4531,464.1954,1052.6
-303807.4203,-261161.6703,42645.75,475.8165,1052.0093
-303981.1326,-261191.2967,42789.8359,502.5653,1069.8231
-303785.9743,-261160.1344,42625.8398,469.9312,1076.1404
-303791.3278,-261154.6325,42636.6953,499.9565,1024.0572
-303854.3788,-261215.4647,42638.9141,494.1485,1023.6183
-303928.0285,-261176.8918,42751.1367,480.6958,1062.5439
-303912.2431,-261257.3798,42654.8633,491.046,1041.0226
-303986.5183,-261235.6237,42750.8945,479.686,1042.717
-303956.7753,-261225.9823,42730.793,482.106,1055.0863
-303981.1034,-261195.4628,42785.6406,507.5252,1036.3606
-304007.2917,-261137.8347,42869.457,466.8495,1078.3906
-303730.9896,-261201.0209,42529.9688,475.4126,1056.7931
-303852.196,-261169.5124,42682.6836,485.5028,1052.5659
-303741.9149,-261200.5321,42541.3828,505.1554,1078.911
-303685.6624,-261186.9163,42498.7461,527.9022,1027.5255
-304012.5318,-261203.0513,42809.4805,499.4744,1047.9333
-303948.7453,-261103.7257,42845.0195,482.6951,1060.7796
-303813.0773,-261268.2414,42544.8359,508.5914,1049.4692
-303805.5903,-261128.2661,42677.3242,485.519,1014.4759
-303776.8486,-261168.3174,42608.5312,533.1565,1027.6056
-303860.7449,-261180.4403,42680.3047,501.9497,1078.3298
-303970.9065,-261050.3557,42920.5508,471.9792,1068.4956
-303555.4999,-261081.2928,42474.207,483.163,1064.6853
-303896.6827,-261229.4639,42667.2188,481.9582,1016.6514
-303898.7583,-261305.4536,42593.3047,472.5002,1024.2438
-303836.0532,-261083.3774,42752.6758,491.5109,1031.9799
-303920.0205,-261258.0166,42662.0039,497.2682,1060.0932
-303982.9271,-261222.7317,42760.1953,485.8735,1043.3285
-303893.8276,-261171.8706,42721.957,487.3853,1042.3924
-303982.7135,-261241.3659,42741.3477,487.9377,1079.605
-303911.9259,-261210.7072,42701.2188,477.3494,1035.5951
-303871.7001,-261134.6258,42737.0742,516.4911,1087.3445
-303888.2314,-261172.4696,42715.7617,517.5399,1070.6957
-303692.2697,-261129.0587,42563.2109,491.4967,1049.4465
-303772.5519,-261169.5245,42603.0273,537.9532,982.2534
-303749.7557,-261138.7908,42610.9648,477.4927,1036.4247
-303883.3856,-261217.6473,42665.7383,500.1628,1042.504
-303763.926,-261112.0744,42651.8516,495.8472,1018.8687
-304082.4566,-261232.652,42849.8047,525.5529,1053.8141
-303895.7776,-261210.3245,42685.4531,477.6304,1046.6206
-304024.3224,-261115.7442,42908.5781,503.2378,1089.063
-303749.2406,-261174.014,42575.2266,524.4774,1004.7132
-303968.2289,-261222.0257,42746.2031,492.8305,1023.0005
-303830.4628,-261053.6933,42776.7695,496.8373,1018.5928
-303591.5596,-261143.8838,42447.6758,472.7986,1067.0779
-303791.8656,-261060.6273,42731.2383,494.719,1093.0625
-303725.0363,-261115.2355,42609.8008,516.2065,1106.5421
-303966.2452,-261107.9991,42858.2461,477.0156,1067.3107
-303954.1575,-261117.8645,42836.293,491.492,1026.8774
-303914.4376,-261198.8009,42715.6367,480.6968,1015.112
-303935.1542,-261213.1113,42722.043,516.31,1065.0829
-303834.1939,-261097.7017,42736.4922,510.0199,1058.0223
-303616.7332,-261144.0301,42472.7031,499.2004,1048.2691
-303471.3118,-261029.3704,42441.9414,480.1131,1028.0114
-303879.3711,-261120.2968,42759.0742,486.4876,1003.6614
-303651.9676,-261094.0066,42557.9609,475.1858,1054.2779
-303991.6023,-261217.1531,42774.4492,504.1661,1046.6345
-303845.8171,-261182.2937,42663.5234,492.7008,1054.6463
-303972.8613,-261228.6895,42744.1719,525.3727,1003.6639
-303761.236,-261118.3922,42642.8438,475.719,1031.2257
-303949.3999,-261256.5835,42692.8164,483.7715,1055.5497
-303830.3879,-261136.1809,42694.207,503.0861,1016.4488
-303767.5866,-261168.1647,42599.4219,520.2533,1036.3284
-303899.7995,-261067.2917,42832.5078,543.1686,1059.4991
-303765.6611,-261064.7001,42700.9609,487.3873,1046.3478
-303644.9761,-261081.6402,42563.3359,520.2516,1021.3363
-303984.5613,-261061.2566,42923.3047,501.2115,1041.7372
-303808.7569,-261129.4405,42679.3164,537.7421,1059.597
-303813.8426,-261150.2957,42663.5469,520.8389,1057.1978
-304050.2265,-261114.4023,42935.8242,507.0334,1042.6461
-303689.3297,-261091.0251,42598.3047,493.0684,1053.2825
-303643.045,-261041.0293,42602.0156,498.9371,1029.5486
-303864.0136,-261171.0293,42692.9844,523.6084,1054.8853
-303821.6816,-261109.9824,42711.6992,496.4564,1045.2611
-304107.2165,-261158.7946,42948.4219,498.5358,1044.072
-303946.8981,-261167.3317,42779.5664,482.3887,1065.6847
-303683.9401,-261177.4987,42506.4414,483.566,1080.0897
-303580.8218,-261128.0913,42452.7305,462.2034,1022.5159
-303696.1612,-261214.6338,42481.5273,533.9115,1055.408
-303740.8146,-261082.7834,42658.0312,528.3122,1060.9055
-303850.5532,-261190.6352,42659.918,511.2293,1023.0094
-303667.6573,-261065.9425,42601.7148,495.6135,1023.9556
-303849.9369,-261119.7884,42730.1484,485.1179,1032.149
-303752.342,-261060.2404,42692.1016,493.9241,1056.3484
-303896.1561,-261180.6444,42715.5117,498.818,1078.985
-304049.6881,-261167.9967,42881.6914,489.9727,1091.3602
-304062.2972,-261256.2815,42806.0156,492.207,1043.374
-303532.2788,-261071.1968,42461.082,503.9767,1056.2143
-304021.5783,-261246.3088,42775.2695,534.3933,1053.8025
-303930.2192,-261207.3129,42722.9062,511.4,1037.7632
-303938.2672,-261217.3493,42720.918,505.5705,1063.1307
-303689.78,-261169.0143,42520.7656,484.8737,1015.3413
-304134.5702,-261202.3476,42932.2227,494.2808,1045.8277
-303965.6058,-261114.0941,42851.5117,506.9342,1028.5789
-303822.1008,-261170.8195,42651.2812,479.5526,1044.947
-303719.7311,-261116.4538,42603.2773,519.1538,1115.1858
-303838.6346,-261057.0018,42781.6328,481.9022,1006.0865
-303876.597,-261197.4525,42679.1445,537.4142,1048.9322
-303684.3689,-261122.3221,42562.0469,474.9989,1067.2746
-303812.5087,-261139.4345,42673.0742,527.2552,1036.1042
-303572.388,-261044.2435,42528.1445,506.3958,1013.5239
-303854.3455,-261154.2127,42700.1328,489.7402,1018.8542
-303985.6414,-261187.5398,42798.1016,474.9861,1020.9552
-303832.9448,-261215.4018,42617.543,507.8438,1041.5404
-303905.7487,-261167.1744,42738.5742,483.3802,1072.2597
-303615.7375,-261133.9875,42481.75,467.89,1012.2355
-303802.0569,-261146.5842,42655.4727,498.6714,1071.003
-303777.9264,-261117.6139,42660.3125,493.9607,1072.389
-303680.5347,-261102.48,42578.0547,502.4845,1023.5094
-303922.8155,-261101.542,42821.2734,493.3598,1066.5915
-303862.8211,-261093.0086,42769.8125,510.3752,1023.0833
-303917.4405,-261291.3819,42626.0586,518.537,1021.485
-303911.8297,-261185.4156,42726.4141,495.2702,1046.6037
-303937.8611,-261025.9861,42911.875,509.4425,1069.3266
-303693.4833,-261140.4051,42553.0781,525.1867,1079.3862
-303787.5177,-261132.7248,42654.793,500.2287,1030.0317
-303788.6536,-261094.1615,42694.4922,492.9828,1018.8689
-303722.9589,-261143.6738,42579.2852,474.6567,985.9386
-303872.3636,-261226.5628,42645.8008,493.128,1016.9703
-303889.1232,-261151.592,42737.5312,455.233,1028.7266
-303913.7854,-261189.2424,42724.543,483.022,1037.3669
-303801.5534,-261080.9909,42720.5625,497.2023,1031.0526
-303715.6411,-261067.2349,42648.4062,494.8838,1041.0222
-303564.9555,-261075.6704,42489.2852,498.6389,1031.532
-303969.3531,-261111.6382,42857.7148,458.8713,1048.7531
-303838.0332,-261070.5605,42767.4727,501.1086,1060.2709
-303798.4754,-261107.034,42691.4414,456.5224,1016.4871
-303845.4986,-261146.5493,42698.9492,485.5089,1094.6248
-303787.8423,-261241.1626,42546.6797,489.4953,1081.8364
-303731.3569,-261146.4937,42584.8633,499.9051,1040.386
-303999.9347,-261223.3331,42776.6016,528.185,1016.5035
-303916.111,-261257.4821,42658.6289,500.9047,1030.697
-303885.2864,-261202.3996,42682.8867,479.9969,1056.5197
-304020.3055,-261233.4813,42786.8242,491.6562,1066.7457
-303925.6624,-261191.9905,42733.6719,511.3413,1042.3815
-303809.964,-261169.6944,42640.2695,505.2077,1050.514
-303966.6085,-261165.1046,42801.5039,524.0114,1032.6969
-304109.6766,-261220.3056,42889.3711,490.4317,1057.339
-303636.5552,-261022.1255,42614.4297,478.0523,1067.6887
-304011.4523,-261200.5226,42810.9297,509.8389,1041.9701
-303848.5961,-261231.518,42617.0781,521.6316,1073.6019
-303903.8918,-261207.0168,42696.875,515.0511,1025.3072
-303931.8303,-261251.5373,42680.293,520.3939,1040.2962
-303705.8038,-261205.546,42500.2578,513.2663,1071.5476
-304051.7215,-261207.6785,42844.043,513.9703,1065.2785
-304034.9478,-261089.2603,42945.6875,538.5273,1015.8977
-303906.594,-261206.2112,42700.3828,504.8688,1071.3667
-304055.9683,-261223.0152,42832.9531,495.7839,1047.1623
-303687.4368,-261200.1361,42487.3008,488.976,1046.6373
-303898.9795,-261195.4717,42703.5078,494.5759,1016.1887
-303757.3164,-261186.832,42570.4844,531.3918,1022.4742
-303808.8959,-261108.8373,42700.0586,534.7697,1007.7684
-303781.7481,-261086.9356,42694.8125,533.0778,1050.726
-303974.7365,-261207.4904,42767.2461,465.3074,1066.4241
-303944.2532,-261115.2141,42829.0391,428.0505,1063.0259
-303723.3712,-261141.4455,42581.9258,510.0557,1124.1647
-303952.7621,-261239.0863,42713.6758,487.8168,1067.6398
-303939.824,-261166.9178,42772.9062,497.778,1037.8506
-303883.1344,-261148.8961,42734.2383,498.5909,1032.3426
-303784.4587,-261169.2751,42615.1836,503.1146,1031.3609
-303950.4501,-261162.4735,42787.9766,498.4384,1007.817
-303889.19,-261152.8072,42736.3828,522.8418,1001.8488
-303983.5054,-261148.3609,42835.1445,515.0274,1013.899
-303857.3713,-261167.844,42689.5273,510.5953,1025.9727
-303963.8126,-261186.5548,42777.2578,478.8259,1080.0833
-303848.5119,-261173.9065,42674.6055,502.5412,1043.1859
-303496.6253,-261106.8831,42389.7422,495.292,1050.9259
-304075.2586,-261193.907,42881.3516,517.409,1009.5975
-303700.9126,-261238.8384,42462.0742,504.1779,1046.6233
-303765.8407,-261210.6258,42555.2148,483.4009,1045.4776
-303952.3681,-261178.6337,42773.7344,512.8765,1042.846
-303957.1942,-261163.2685,42793.9258,495.8354,1077.0359
-303713.8894,-261158.5769,42555.3125,478.8182,1059.1256
-303818.9246,-261123.5652,42695.3594,474.1413,1067.7893
-304019.0021,-261214.9357,42804.0664,477.3256,1081.9218
-303735.874,-261108.3896,42627.4844,511.8075,1070.5345
-303863.4495,-261119.43,42744.0195,479.2065,1030.8017
-303927.4509,-261167.1697,42760.2812,470.4316,1046.9292
-303703.7119,-261106.4502,42597.2617,498.0013,1057.8125
-303575.0416,-261074.2252,42500.8164,503.6286,1020.8685
-303966.3919,-261168.806,42797.5859,501.8602,1031.2609
-303611.3372,-261145.3684,42465.9688,526.3868,1027.4794
-303644.3977,-261106.0383,42538.3594,513.5988,1008.7308
-303839.0409,-261139.9393,42699.1016,528.9139,1067.8518
-303922.4591,-261106.588,42815.8711,482.7599,1067.0729
-304053.9545,-261224.3803,42829.5742,524.6088,1043.3958
-303767.1335,-261123.8366,42643.2969,490.8376,987.0189
-303701.8759,-261131.4813,42570.3945,520.3982,1083.7988
-303714.4865,-261136.2834,42578.2031,507.3273,1047.3592
-303915.0761,-261168.8222,42746.2539,487.896,1055.5198
-303829.2993,-261148.2134,42681.0859,493.9896,1046.3768
-303948.0515,-261175.3484,42772.7031,499.837,1045.9046
-303982.0061,-261193.1311,42788.875,482.5669,1089.6659
-303722.2874,-261224.0257,42498.2617,508.0484,1048.6163
-303851.6484,-261236.3007,42615.3477,519.1455,1058.4838
-303866.5596,-261184.0752,42682.4844,463.3654,1032.4403
-303631.5677,-261161.3606,42470.207,503.1753,1064.3086
-303871.6996,-261206.8793,42664.8203,529.4842,1043.6837
-303878.3636,-261187.8245,42690.5391,510.943,1023.535
-303755.5504,-261130.1949,42625.3555,495.9879,1074.0169
-303675.1615,-261095.6497,42579.5117,487.8202,1046.0022
-303963.5714,-261171.0949,42792.4766,501.5251,1038.882
-303961.0097,-261190.8652,42770.1445,495.4453,1003.0182
-303874.0178,-261260.8498,42613.168,511.5237,1011.954
-303776.2078,-261139.5008,42636.707,473.6777,1062.8071
-303716.1688,-261178.9462,42537.2227,485.0268,1040.9225
-303747.9823,-261107.2753,42640.707,508.0015,1013.388
-303991.4648,-261176.2031,42815.2617,506.1337,1046.999
-303734.3114,-261106.6786,42627.6328,538.258,1017.7818
-303932.1646,-261178.4654,42753.6992,506.8474,1048.6777
-303732.2974,-261197.7154,42534.582,490.5421,1094.4877
-304150.5997,-261237.0411,42913.5586,455.9922,1039.6494
-303994.159,-261144.077,42850.082,464.8958,1020.1641
-303909.7272,-261233.2233,42676.5039,484.2276,1063.1817
-304006.0437,-261140.9773,42865.0664,537.172,984.5379
-303859.3713,-261133.09,42726.2812,507.8362,1024.8987
-303714.8519,-261156.8285,42558.0234,468.8022,1085.571
-303723.4922,-261098.2734,42625.2188,517.9891,1070.7471
-303748.1247,-261219.0857,42529.0391,496.484,1013.4591
-303978.9208,-261163.8231,42815.0977,495.3696,1046.6008
-303983.0661,-261208.0778,42774.9883,499.0179,1008.3522
-304072.2265,-261228.8164,42843.4102,520.7411,1065.0761
-303990.9051,-261260.8622,42730.043,502.4592,1053.431
-304012.3015,-261144.8914,42867.4102,513.8615,1016.3211
-303716.7829,-261282.99,42433.793,464.263,1044.4481
-303852.2621,-261231.9028,42620.3594,472.4748,1021.0358
-303890.9419,-261183.1333,42707.8086,523.425,1015.4201
-303798.1679,-261139.6758,42658.4922,489.7442,1039.7405
-304093.2139,-261122.667,42970.5469,480.6531,1041.9187
-303845.7734,-261149.0,42696.7734,496.843,1048.2294
-304029.0235,-261192.4806,42836.543,468.7953,1029.4916
-304015.3536,-261060.9513,42954.4023,516.7401,1045.2482
-303975.9075,-261106.4817,42869.4258,488.6559,1066.9996
-303980.9441,-261136.7487,42844.1953,493.0289,1050.7976
-304171.3227,-261175.5102,42995.8125,501.5809,1051.0852
-303903.9176,-261151.2887,42752.6289,488.1726,1033.444
-303606.2336,-261177.8938,42428.3398,501.1634,1044.0571
-303863.1996,-261195.1996,42668.0,487.4898,1028.2128
-303974.8443,-261278.8912,42695.9531,516.7915,1027.7325
-303738.6403,-261093.2887,42645.3516,488.0121,1040.5356
-304149.158,-261168.8963,42980.2617,522.6306,1012.4931
-303906.0469,-261191.5977,42714.4492,537.2984,1047.9455
-303968.8427,-261184.1161,42784.7266,483.4146,1066.827
-303831.1952,-261200.8671,42630.3281,514.9289,1088.599
-303848.547,-261188.2345,42660.3125,503.8139,1094.292
-303927.2801,-261219.0848,42708.1953,467.6425,1065.432
-303837.0694,-261089.9327,42747.1367,492.0109,1019.8079
-303851.2251,-261150.4673,42700.7578,501.8245,1030.0852
-303795.7407,-261215.2876,42580.4531,506.7739,1040.673
-304057.8039,-261203.6047,42854.1992,504.7229,1014.9608
-303893.7568,-261122.7451,42771.0117,490.6389,1076.5653
-303656.6694,-261124.2201,42532.4492,499.1326,1036.5827
-303741.614,-261135.6804,42605.9336,494.7219,1040.2897
-303960.8506,-261112.6592,42848.1914,503.7005,1036.0005
-303874.9641,-261166.1281,42708.8359,485.203,1030.4906
-303847.5456,-261205.8972,42641.6484,492.9655,1049.572
-303772.5419,-261123.3231,42649.2188,483.8667,1096.9377
-303813.8653,-261166.8848,42646.9805,491.2767,1030.2846
-303923.5842,-261147.4748,42776.1094,534.825,1027.7902
-303770.6463,-261167.1971,42603.4492,510.0105,1038.9885
-303825.2536,-261162.7692,42662.4844,472.994,1049.2117
-303982.0811,-261186.4405,42795.6406,497.0647,1056.8544
-303793.6446,-261067.0977,42726.5469,464.4719,989.7948
-303922.8362,-261108.9495,42813.8867,501.0978,1057.9649
-303910.4336,-261137.5899,42772.8438,469.9561,991.7749
-303828.5488,-261179.8691,42648.6797,509.4163,1045.7641
-303927.9321,-261183.3578,42744.5742,481.7806,1075.168
-303625.8829,-261161.1759,42464.707,530.3027,1107.9373
-303959.4325,-261204.7802,42754.6523,517.2053,1006.2269
-303996.0705,-261179.1642,42816.9062,480.0837,1002.1616
-303734.5842,-261177.6311,42556.9531,478.386,1070.4149
-303798.9616,-261109.989,42688.9727,498.6235,1079.234
-304078.0217,-261098.1857,42979.8359,499.3413,1022.6793
-303989.3676,-261210.1176,42779.25,493.4514,1044.9675
-304007.3528,-261122.4622,42884.8906,481.4741,1034.6338
-303603.649,-261146.7349,42456.9141,465.3438,1067.4477
-303812.8664,-261149.1125,42663.7539,497.3475,1028.0531
-303749.2888,-261199.9138,42549.375,527.5968,1026.0034
-303522.9104,-261146.6331,42376.2773,491.1241,1035.1685
-304066.8299,-261216.2362,42850.5938,469.53,1054.0422
-303971.3851,-261160.639,42810.7461,511.6372,1018.3974
-304005.0498,-261269.4287,42735.6211,529.4657,1045.0959
-303961.8948,-261107.5589,42854.3359,476.0448,1034.1571
-303736.5007,-261241.5124,42494.9883,503.1495,1049.8915
-303830.1958,-261059.2505,42770.9453,486.3678,1055.4998
-303672.5727,-261162.8188,42509.7539,483.9149,1021.7884
-303791.1964,-261184.1925,42607.0039,491.6857,1004.2675
-303748.9759,-261138.1634,42610.8125,487.9785,1039.8001
-303739.3184,-261086.7285,42652.5898,495.7539,1071.1551
-303861.9383,-261163.9656,42697.9727,507.6079,1014.6633
-303898.1621,-261268.2441,42629.918,445.9181,1053.0238
-303739.2531,-261107.7804,42631.4727,499.6354,1016.39
-303690.972,-261182.9407,42508.0312,496.159,1059.0206
-303775.5398,-261130.5632,42644.9766,481.7332,1013.1359
-304012.1373,-261250.6099,42761.5273,510.6534,1061.6279
-303789.3037,-261143.4443,42645.8594,441.6092,1028.0969
-303995.3772,-261155.2287,42840.1484,513.0318,1076.0254
-304126.2303,-261209.8865,42916.3438,530.5318,1066.9536
-304040.8922,-261111.4352,42929.457,507.9532,1113.7549
-303825.407,-261167.2663,42658.1406,480.77,1099.4327
-303747.9045,-261155.9084,42591.9961,501.8385,1027.8825
-303666.0618,-261146.6711,42519.3906,505.5991,1058.1524
-303686.14,-261148.3119,42537.8281,494.2913,1076.5447
-303745.5179,-261177.7914,42567.7266,498.1982,1035.2644
-304027.9699,-261217.3879,42810.582,471.9026,1064.1232
-304030.2326,-261150.2872,42879.9453,491.4712,1026.6387
-303533.0315,-261095.1565,42437.875,498.1555,1034.5523
-304026.1407,-261140.1251,42886.0156,520.4015,1068.0259
-303715.1911,-261194.7419,42520.4492,533.3886,1062.7653
-303860.9715,-261135.7644,42725.207,511.7364,1040.0859
-303892.3245,-261177.0511,42715.2734,483.4789,1033.8201
-303751.4745,-261137.4901,42613.9844,495.0139,1042.7016
-303937.1111,-261117.7712,42819.3398,477.7754,1030.9279
-303788.7797,-261125.2251,42663.5547,493.5472,1041.9529
-303810.2438,-261179.5602,42630.6836,512.8634,1060.9753
-303930.1622,-261281.6154,42648.5469,490.2405,1047.9994
-303799.6587,-261081.3228,42718.3359,524.9087,1048.2754
-303585.1716,-261135.2732,42449.8984,504.1448,1095.1977
-304101.5148,-261188.3742,42913.1406,481.3026,1059.1514
-303793.4414,-261193.6094,42599.832,480.106,1030.003
-303774.5944,-261213.61,42560.9844,478.8707,1017.9681
-303801.1134,-261121.8009,42679.3125,496.913,1055.0168
-304083.8192,-261239.4716,42844.3477,499.3832,1070.5106
-303971.4345,-261126.3681,42845.0664,474.0038,1037.1703
-303931.2351,-261186.4811,42744.7539,488.5193,994.8763
-303782.4716,-261138.12,42644.3516,514.1086,1052.5759
-303844.6808,-261210.1496,42634.5312,511.2115,1038.9753
-303872.7252,-261208.8268,42663.8984,485.2402,1057.6078
-303789.4049,-261097.2721,42692.1328,508.993,1047.6428
-303780.3148,-261189.0961,42591.2188,491.6587,1053.2044
-303776.2825,-261101.5168,42674.7656,491.968,1039.056
-303930.851,-261203.9409,42726.9102,466.917,1033.8353
-303916.1319,-261227.1046,42689.0273,480.533,1039.1843
-303784.0278,-261233.6645,42550.3633,481.1995,1035.2106
-303594.7172,-261155.1156,42439.6016,510.9096,1060.2246
-303920.2911,-261254.0138,42666.2773,504.1924,1036.7069
-303806.8119,-261210.2181,42596.5938,490.554,1051.3064
-303942.8765,-261212.7476,42730.1289,495.0632,1027.7652
-304073.6299,-261238.4306,42835.1992,499.0698,1043.963
-303738.8984,-261129.0077,42609.8906,484.6169,1060.2839
-303603.3017,-261130.8993,42472.4023,490.5855,1035.5121
-303705.6583,-261161.9044,42543.7539,495.9049,1036.4612
-303765.803,-261135.2913,42630.5117,513.9543,1026.3471
-303703.9628,-261083.5448,42620.418,477.7618,1053.0417
-303947.3014,-261144.8639,42802.4375,483.1454,1049.6929
-303688.6067,-261123.6497,42564.957,521.4206,1051.3166
-303620.1141,-261135.743,42484.3711,485.9722,1075.6455
-303757.9853,-261129.997,42627.9883,480.2405,993.2373
-303606.9748,-261131.1233,42475.8516,502.2115,1022.6119
-303934.6366,-261154.9765,42779.6602,496.5007,995.8506
-303921.262,-261264.258,42657.0039,495.1337,1066.8175
-303734.5835,-261156.8022,42577.7812,471.4476,1062.9038
-303894.5699,-261121.1597,42773.4102,515.7538,1080.5549
-304117.9059,-261196.5934,42921.3125,497.5225,1070.2444
-303709.3828,-261142.918,42566.4648,494.7171,1073.5562
-303849.2568,-261289.1943,42560.0625,505.9337,1045.5834
-303887.7503,-261161.5355,42726.2148,473.1204,1067.9116
-303794.2116,-261143.5709,42650.6406,487.44,1051.3835
-304066.1669,-261214.7333,42851.4336,479.8787,1088.9816
-303770.2809,-261149.4527,42620.8281,516.0464,1029.0849
-304055.9995,-261203.1635,42852.8359,511.4781,1076.6957
-303964.4723,-261153.8434,42810.6289,501.2885,1026.5629
-303663.3199,-261128.9059,42534.4141,531.6702,1006.0095
-304024.4962,-261084.7071,42939.7891,482.2132,1041.4304
-304315.8478,-261210.797,43105.0508,503.8047,1044.913
-303860.902,-261201.4255,42659.4766,492.7449,1079.7513
-303934.6424,-261190.4784,42744.1641,489.2288,1056.6269
-303923.8388,-261103.1903,42820.6484,536.5425,1044.227
-303860.0427,-261260.3669,42599.6758,475.294,1082.5114
-303862.6253,-261256.3831,42606.2422,494.9646,1030.4848
-303984.7251,-261120.7954,42863.9297,534.7333,1047.1491
-303468.0577,-261057.1241,42410.9336,513.3438,1029.4833
-303844.8057,-261212.665,42632.1406,513.0886,1001.6496
-303869.6165,-261164.0345,42705.582,509.8327,999.6717
-303869.7666,-261184.126,42685.6406,484.081,1028.8695
-304049.0727,-261190.2329,42858.8398,509.9141,1025.0942
-303615.1406,-261069.2109,42545.9297,513.3339,1058.8201
-303656.5006,-261091.1178,42565.3828,535.7022,1081.577
-303902.5602,-261158.0915,42744.4688,516.4393,1036.1114
-303521.584,-261157.6074,42363.9766,475.819,1016.3015
-303831.5381,-261053.878,42777.6602,505.2698,1000.1224
-304092.7598,-261099.377,42993.3828,481.2782,1037.3912
-303527.0671,-261034.7664,42492.3008,520.0784,1059.0628
-303997.7467,-261184.3561,42813.3906,438.8566,1009.7634
-304027.0494,-261200.6549,42826.3945,518.1226,1021.0777
-303930.3093,-261255.2585,42675.0508,497.7564,1019.296
-303928.3149,-261239.4516,42688.8633,496.7885,1015.3121
-303584.7495,-261143.9292,42440.8203,502.1715,1038.8136
-303815.4736,-261181.4228,42634.0508,508.3275,1080.0675
-303790.4494,-261158.1916,42632.2578,532.137,1051.7423
-304116.0715,-261135.5637,42980.5078,517.19,997.6211
-303617.108,-261117.6783,42499.4297,483.2433,1053.9913
-303913.6313,-261100.0727,42813.5586,523.7186,1035.7451
-304056.9804,-261237.3749,42819.6055,491.8223,1016.0232
-303901.1106,-261169.1848,42731.9258,505.155,1077.2927
-303977.5712,-261174.6532,42802.918,481.655,1073.9552
-303830.2095,-261132.6861,42697.5234,510.7576,1023.6134
-303814.8483,-261214.7741,42600.0742,497.3128,1068.1687
-303889.762,-261229.8792,42659.8828,495.5058,1062.4131
-303774.1771,-261179.1341,42595.043,505.3304,1041.7332
-303911.4821,-261173.0564,42738.4258,503.9921,1037.1259
-303815.8733,-261063.5999,42752.2734,506.5346,1018.692
-303762.7873,-261234.2053,42528.582,498.692,1076.2194
-303693.4327,-261113.6827,42579.75,496.777,1059.1405
-303727.5414,-261250.4242,42477.1172,513.6051,1053.466
-303998.1751,-261192.6478,42805.5273,505.7137,1058.6949
-303760.1092,-261123.7499,42636.3594,514.8647,1051.9926
-303820.7078,-261190.7,42630.0078,501.1726,1071.306
-304139.4134,-261147.5423,42991.8711,496.5344,1046.9074
-303834.7145,-261141.0231,42693.6914,476.0965,1060.2721
-303843.1107,-261243.9857,42599.125,500.6532,1017.9568
-304009.3441,-261281.3363,42728.0078,490.9114,1078.8818
-303875.7816,-261139.7191,42736.0625,488.4745,1051.7062
-303675.2328,-261064.3656,42610.8672,504.5589,1024.1193
-303831.2471,-261063.251,42767.9961,481.0215,1023.7612
-303913.8558,-261189.3753,42724.4805,482.0355,1072.2966
-304045.0609,-261209.7719,42835.2891,482.4547,1030.0176
-303564.9553,-261202.7014,42362.2539,497.2573,1059.5214
-303540.2704,-261134.4227,42405.8477,476.491,1109.3265
-303889.608,-261214.1861,42675.4219,459.6564,1061.2688
-303861.3844,-261138.6305,42722.7539,504.6458,1055.628
-303749.7411,-261191.663,42558.0781,500.2315,1027.8722
-303920.5467,-261222.0584,42698.4883,505.0965,1005.6617
-303856.5294,-261234.5372,42621.9922,528.2572,1032.438
-303819.6564,-261219.3674,42600.2891,511.3152,1063.0346
-303837.6984,-261187.5851,42650.1133,484.9131,973.7612
-303844.8738,-261227.5223,42617.3516,483.8257,1069.1035
-303817.0629,-261187.2699,42629.793,518.6445,1051.2683
-303695.1194,-261101.0491,42594.0703,454.5062,1023.9266
-303915.7749,-261219.4937,42696.2812,462.5289,1060.4282
-303798.416,-261257.627,42540.7891,505.644,1030.6617
-303762.4511,-261131.7441,42630.707,483.3955,1059.3998
-303897.3072,-261148.151,42749.1562,471.6447,1059.5941
-303982.8483,-261177.1452,42805.7031,521.0437,1035.8208
-304090.1322,-261197.9291,42892.2031,522.626,1038.1274
-303848.3617,-261098.682,42749.6797,469.3491,1039.6127
-304080.4555,-261188.018,42892.4375,480.89,1051.4366
-303629.4634,-261156.0103,42473.4531,502.1187,1021.6684
-304013.0087,-261247.5243,42765.4844,484.3805,1065.2774
-303943.4483,-261208.3937,42735.0547,528.109,1073.7168
-303936.1816,-261268.2558,42667.9258,489.0775,988.4135
-303763.2728,-261184.6595,42578.6133,446.5133,998.0387
-303705.9171,-261134.2608,42571.6562,515.5124,994.3183
-304030.9466,-261109.5716,42921.375,494.5449,1022.8112
-304109.6795,-261215.1365,42894.543,493.7132,1076.4826
-303913.4569,-261254.8162,42658.6406,515.338,1020.8789
-303858.9985,-261187.018,42671.9805,499.3602,1031.1439
-303977.1008,-261120.8665,42856.2344,464.5207,1002.2615
-303896.7763,-261231.1005,42665.6758,491.4852,984.0129
-303788.8114,-261143.495,42645.3164,500.3003,1081.5523
-303947.7466,-261268.231,42679.5156,496.4393,1032.1385
-303656.05,-261075.0266,42581.0234,476.3366,1044.0331
-304123.8405,-261212.1647,42911.6758,500.7244,1075.2954
-303964.7747,-261210.8411,42753.9336,491.9167,1068.7251
-303885.2528,-261156.1512,42729.1016,508.1923,979.9892
-303835.0347,-261131.8042,42703.2305,500.7008,1079.0149
-303716.1468,-261215.9827,42500.1641,507.8244,1056.7857
-304034.1507,-261259.2718,42774.8789,508.3527,1065.8989
-303950.6922,-261161.1687,42789.5234,478.5521,1022.0684
-304015.3821,-261212.9876,42802.3945,509.3585,1029.3693
-304090.5425,-261187.9605,42902.582,498.9567,1051.4486
-303712.8317,-261029.9841,42682.8477,508.4514,1050.2856
-303975.3694,-261147.9749,42827.3945,504.8991,1031.1777
-303759.2291,-261125.7018,42633.5273,445.746,1083.5609
-303801.5775,-261158.0736,42643.5039,488.8399,1033.7761
-304016.5921,-261195.3109,42821.2812,515.9731,1034.3692
-303710.2599,-261074.4239,42635.8359,503.8175,1070.0214
-303737.0579,-261114.8509,42622.207,483.7053,1041.1756
-303978.5577,-261131.5968,42846.9609,484.6509,1097.5558
-303664.51,-261239.4826,42425.0273,505.963,1052.7367
-304057.5506,-261122.285,42935.2656,514.7092,1027.2377
-304005.4431,-261197.2908,42808.1523,499.2613,1004.0048
-303831.5489,-261041.9786,42789.5703,504.5157,1074.6036
-303929.6832,-261142.0933,42787.5898,502.6429,1036.6706
-303893.745,-261183.245,42710.5,497.4076,1074.6264
-303787.0715,-261127.7786,42659.293,516.1451,1037.0763
-304117.5556,-261202.2001,42915.3555,511.8035,1106.4054
-303845.1779,-261196.631,42648.5469,527.8034,1018.6118
-303993.4531,-261135.6289,42857.8242,454.8483,1017.6643
-303859.6574,-261146.8215,42712.8359,503.3363,1003.5002
-303773.7,-261252.1063,42521.5938,484.5968,1065.053
-303859.8772,-261246.7912,42613.0859,510.0509,1061.0026
-303744.2768,-261214.2221,42530.0547,500.5083,1067.6437
-304178.4082,-261324.8457,42853.5625,496.486,1033.4876
-304106.3313,-261172.5656,42933.7656,497.0113,997.9634
-303762.1807,-261224.7471,42537.4336,496.2905,1038.3209
-303882.0667,-261127.2425,42754.8242,494.7023,1061.4034
-303710.3589,-261137.605,42572.7539,493.9328,1058.4127
-303936.9214,-261112.2768,42824.6445,510.9234,1045.6254
-303765.6101,-261156.2312,42609.3789,508.3383,1038.4282
-303951.8299,-261145.5916,42806.2383,496.6791,1038.7114
-303934.1694,-261140.0601,42794.1094,511.0011,1079.2678
-303771.8566,-261077.7472,42694.1094,507.0492,1048.9064
-303747.4386,-261140.3215,42607.1172,489.9438,994.5468
-303850.98,-261069.7496,42781.2305,501.8115,1077.0744
-303826.7223,-261210.1169,42616.6055,488.0953,1026.4648
-303785.6945,-261240.507,42545.1875,500.4908,1042.5767
-303848.4528,-261279.109,42569.3438,510.2602,1021.6618
-303861.5073,-261164.1363,42697.3711,484.9581,1003.4762
-303903.1393,-261322.3307,42580.8086,515.5577,1007.9734
-304013.1273,-261270.6273,42742.5,509.5696,1037.4022
-303878.4141,-261224.6211,42653.793,537.7303,1021.0821
-303735.4242,-261136.9593,42598.4648,484.2218,1039.1906
-303818.8829,-261110.0782,42708.8047,486.7274,1113.5002
-303779.2723,-261145.2684,42634.0039,501.9588,1022.8001
-303648.7081,-261198.9503,42449.7578,484.821,1033.1426
-303557.7889,-261000.6014,42557.1875,492.5143,1066.0838
-303875.1147,-261135.4624,42739.6523,516.404,1063.0227
-303964.3138,-261181.1771,42783.1367,474.4607,1023.9506
-303645.5929,-261048.382,42597.2109,475.6378,1077.4673
-303881.4624,-261168.31,42713.1523,456.7251,1022.7985
-303648.7377,-261221.3002,42427.4375,496.8266,1012.7665
-304120.4555,-261168.0688,42952.3867,508.8046,1030.2622
-303926.9066,-261105.0589,42821.8477,518.9604,994.9161
-304031.0021,-261224.9044,42806.0977,504.1834,994.2688
-304069.487,-261190.5221,42878.9648,510.4796,1067.8223
-303767.936,-261175.7758,42592.1602,495.0217,1056.2854
-303887.6712,-261215.3704,42672.3008,483.918,1061.4595
-303859.7015,-261253.7367,42605.9648,501.4939,1009.988
-303760.0936,-261025.7889,42734.3047,467.8743,1048.0536
-303575.4671,-261061.5569,42513.9102,484.2363,1016.9768
-303895.6156,-261109.2992,42786.3164,471.2086,1018.1413
-303704.6682,-261049.4339,42655.2344,510.3919,1004.6197
-303671.3744,-261157.9916,42513.3828,470.3427,1059.4636
-303933.4687,-261031.5156,42901.9531,464.9364,1064.8744
-303905.7839,-261112.6277,42793.1562,504.228,1046.4022
-303653.8588,-261154.7338,42499.125,517.4997,1046.8449
-303994.6114,-261119.4121,42875.1992,493.3795,1036.8446
-304248.4175,-261219.7612,43028.6562,507.1345,1061.4351
-303750.0889,-261041.081,42709.0078,496.4186,1022.95
-303903.3688,-261138.4821,42764.8867,491.6064,1056.3906
-303755.1467,-261249.8107,42505.3359,498.6075,1018.6552
-303761.5983,-260953.4928,42808.1055,501.5273,1016.2459
-303998.5144,-261234.9401,42763.5742,445.4172,1045.7996
-303826.9698,-261173.9854,42652.9844,480.4337,1071.967
-303797.9483,-261151.6162,42646.332,499.2472,1044.3633
-303800.0453,-261094.0414,42706.0039,478.6719,1046.6976
-303766.845,-261093.8958,42672.9492,473.2253,1040.4044
-303989.1093,-261210.457,42778.6523,486.3544,1074.6011
-303907.0656,-261163.9719,42743.0938,522.0614,1045.7422
-303644.09,-261169.3518,42474.7383,499.2069,1042.6591
-303954.1782,-261088.8931,42865.2852,484.2207,1069.2953
-303863.5424,-261162.6596,42700.8828,464.3945,1018.1402
-303791.9701,-261120.8061,42671.1641,514.0066,1040.1823
-303772.9885,-261086.6799,42686.3086,492.5738,994.8962
-303596.3016,-261161.0711,42435.2305,479.4432,1034.5048
-303732.2355,-261137.5246,42594.7109,500.7088,1043.4258
-303962.7403,-261180.6973,42782.043,510.1544,1054.9296
-303791.3402,-261132.8793,42658.4609,514.4763,1018.3374
-303799.7573,-261057.3276,42742.4297,486.0155,1062.5591
-303676.6966,-261156.388,42520.3086,473.9844,1055.8049
-303733.1949,-261070.2886,42662.9062,499.4439,1036.0354
-303733.6367,-261077.4101,42656.2266,480.0664,1036.9893
-303709.4888,-261123.813,42585.6758,493.3816,1068.7872
-303763.9164,-261208.6117,42555.3047,493.5302,1046.7866
-303915.958,-261180.3252,42735.6328,495.8503,1053.0934
-303687.7604,-261071.3424,42616.418,487.0554,1038.8258
-303821.5344,-261117.0501,42704.4844,523.8552,1070.1555
-303797.9037,-261207.0248,42590.8789,497.1113,1035.227
-303719.5604,-261184.8299,42534.7305,502.8609,1045.6172
-303707.4142,-261065.1095,42642.3047,490.7605,1037.3255
-303811.9649,-261095.1056,42716.8594,488.4523,1019.5585
-304049.6001,-261171.729,42877.8711,480.033,1042.7677
-303758.3313,-261221.2102,42537.1211,462.1295,989.0739
-303967.3316,-261128.2184,42839.1133,475.2031,1030.4226
-303670.3151,-261009.4909,42660.8242,509.2361,1050.1929
-303863.6864,-261131.4989,42732.1875,489.1571,1075.5264
-303722.7753,-261230.5839,42492.1914,473.1702,1026.3
-304062.9359,-261168.018,42894.918,503.746,1021.7772
-303771.2634,-261147.5095,42623.7539,464.636,1020.1666
-303741.2014,-261034.6545,42706.5469,501.1815,1005.8326
-303758.2414,-261098.4836,42659.7578,521.4852,1022.3189
-303862.6116,-261189.0257,42673.5859,454.829,1037.2672
-303660.9062,-261090.5468,42570.3594,512.963,1082.6678
-303951.8544,-261263.2138,42688.6406,504.2998,1044.7398
-303653.5458,-261137.5888,42515.957,514.5658,1014.386
-303929.1826,-261135.5498,42793.6328,489.6827,1031.3361
-303896.6624,-261198.1039,42698.5586,501.038,1015.7657
-303837.8215,-261200.2004,42637.6211,493.9943,1023.9018
-304127.0626,-261217.3946,42909.668,494.2436,1000.7673
-303649.5803,-261109.4123,42540.168,507.6108,1094.521
-303828.2649,-261133.6985,42694.5664,497.849,1038.1819
-303719.3104,-261176.9354,42542.375,461.9331,1065.5794
-303748.0045,-261128.5709,42619.4336,503.2776,1058.769
-303842.4183,-261209.8441,42632.5742,521.0968,1052.8502
-303776.7035,-261157.5004,42619.2031,486.0439,1028.8148
-303675.5751,-261191.3016,42484.2734,505.4594,1023.8709
-303915.3297,-261062.2945,42853.0352,485.3126,1093.5136
-303712.4401,-261115.1627,42597.2773,485.6042,1030.3033
-303816.1459,-261109.1029,42707.043,510.636,1027.179
-303933.2104,-261207.4682,42725.7422,561.9808,1063.9479
-303760.0463,-261155.6752,42604.3711,479.1956,1072.3585
-303895.7915,-261248.3228,42647.4688,540.5508,1057.2873
-303813.9991,-261104.3428,42709.6562,513.3942,1010.323
-303913.2496,-261221.3942,42691.8555,488.5705,1087.4957
-303862.2384,-261080.7814,42781.457,482.6078,1049.7241
-303798.3037,-261216.5224,42581.7812,531.4389,1050.6471
-303681.8384,-261119.3345,42562.5039,461.0073,1096.5353
-303714.4123,-261185.4201,42528.9922,511.8552,1096.1541
-303735.0009,-261139.2939,42595.707,514.1907,1075.3671
-303917.3496,-261129.1386,42788.2109,464.5254,1051.0726
-304054.4825,-261258.4396,42796.043,481.813,1069.5825
-303847.2345,-261180.09,42667.1445,497.5657,1027.1791
-303853.915,-261085.5361,42768.3789,500.082,1056.6722
-303776.5239,-261123.1489,42653.375,525.7492,999.1152
-303560.0881,-261085.8107,42474.2773,459.1319,1057.8646
-303682.6433,-261095.5808,42587.0625,484.3099,1060.0688
-303831.492,-261123.867,42707.625,472.547,1025.8912
-303708.7878,-261126.4245,42582.3633,500.0488,1030.9089
-304013.7559,-261246.5801,42767.1758,487.1881,1040.972
-303689.4024,-261212.1446,42477.2578,493.1355,1040.1567
-303792.876,-261080.0556,42712.8203,510.1712,1008.9558
-303972.4406,-261217.6671,42754.7734,481.072,1027.6546
-303833.3296,-261138.0835,42695.2461,484.492,1058.5849
-303754.9096,-261177.5854,42577.3242,512.5576,1031.6848
-303645.0712,-261168.3173,42476.7539,491.1301,1094.9523
-303806.7336,-261183.9641,42622.7695,479.0754,991.3581
-303656.4115,-261189.6068,42466.8047,478.885,989.5857
-303826.2728,-261180.1557,42646.1172,508.2766,1042.9097
-303892.2963,-261175.101,42717.1953,514.1517,1035.2762
-303838.9389,-261147.4623,42691.4766,497.7607,1045.5173
-304118.7999,-261221.7921,42897.0078,498.827,1026.3503
-303946.1256,-261101.4186,42844.707,503.1292,1040.9222
-303985.3395,-261193.2145,42792.125,489.5159,1058.7923
-303804.8553,-261159.992,42644.8633,507.6865,1052.1071
-303436.6189,-261154.0447,42282.5742,469.6747,1045.664
-304089.0004,-261212.5004,42876.5,501.7435,1105.2756
-304058.1446,-261178.8594,42879.2852,509.1669,1041.5431
-303939.3724,-261075.4388,42863.9336,487.9772,1053.0799
-303851.5783,-261175.926,42675.6523,486.0295,1046.5306
-303939.2016,-261193.3422,42745.8594,526.8339,1064.4461
-303746.9526,-261192.7104,42554.2422,502.048,1036.733
-304039.2121,-261160.5793,42878.6328,482.601,1030.3367
-303835.2056,-261196.6548,42638.5508,495.3249,1035.1511
-304104.011,-261221.7766,42882.2344,499.8582,1040.1704
-303776.1563,-261111.668,42664.4883,506.1364,1067.071
-303949.055,-261181.6565,42767.3984,507.1482,981.3854
-304011.6824,-261168.2292,42843.4531,453.6185,1014.7504
-303688.7381,-261013.9764,42674.7617,483.9531,1042.3813
-303879.5957,-261166.4941,42713.1016,518.4733,1032.5743
-303798.1436,-261096.3741,42701.7695,484.8453,1029.6562
-303826.1509,-261170.854,42655.2969,532.3734,1047.5885
-303850.2428,-261257.6803,42592.5625,508.0142,1034.1308
-303633.9732,-261055.442,42578.5312,509.3314,1056.3018
-303947.2168,-261255.8496,42691.3672,501.8142,1042.8277
-303847.045,-261203.6739,42643.3711,497.7597,1041.2313
-303800.4316,-261143.3379,42657.0938,483.4269,1034.1646
-303642.9754,-261117.1434,42525.832,499.6609,1074.992
-303718.1781,-261119.8695,42598.3086,517.4449,1053.2228
-303851.8622,-261141.4325,42710.4297,517.2915,1072.9612
-303715.9837,-261170.9368,42545.0469,532.3012,1041.1303
-303902.586,-261201.4102,42701.1758,478.723,1025.1997
-303889.2655,-261188.2733,42700.9922,510.6034,1005.57
-303736.7906,-261151.2281,42585.5625,479.3119,984.7822
-303773.9,-261219.3453,42554.5547,512.9204,1067.5023
-303691.2503,-261142.0316,42549.2188,516.6485,1023.2544
-303852.1711,-261223.8547,42628.3164,514.2371,1044.5437
-303710.5779,-261188.1326,42522.4453,456.7218,1009.4101
-303812.4602,-261152.8508,42659.6094,492.7816,1043.9901
-303882.0887,-261103.702,42778.3867,503.3219,1022.2229
-303895.3913,-261140.903,42754.4883,483.2789,1029.726
-303638.2437,-261043.853,42594.3906,508.3099,1039.3417
-303775.1083,-261248.4208,42526.6875,473.5581,1041.9718
-303769.5517,-261167.2939,42602.2578,487.8559,1056.933
-303942.1112,-261196.7245,42745.3867,492.755,1027.9557
-303804.7014,-261089.6584,42715.043,509.157,1073.1727
-303764.5253,-261203.1582,42561.3672,482.6549,1054.3595
-303728.1063,-261091.4384,42636.668,499.7474,1087.8616
-303750.3039,-261166.9524,42583.3516,468.5755,1026.0842
-304046.4922,-261281.6054,42764.8867,484.8638,1064.6978
-303835.3095,-261166.0478,42669.2617,523.5937,1048.3164
-304006.9063,-261191.1993,42815.707,473.3592,1040.5461
-303908.7848,-261151.2301,42757.5547,467.6094,1035.831
-303770.8608,-261164.7241,42606.1367,487.3728,1041.5766
-303885.4625,-261164.6461,42720.8164,500.1459,1077.5362
-303620.6214,-261211.4027,42409.2188,497.3692,1005.1396
-303934.4601,-261189.8078,42744.6523,478.0723,1052.6611
-303836.3205,-261163.1369,42673.1836,482.0002,1080.7951
-303487.393,-261079.2758,42408.1172,521.8326,1069.7565
-303894.8391,-261219.5969,42675.2422,493.2742,1023.0866
-303849.3636,-261186.0277,42663.3359,497.6982,1128.6871
-303595.9177,-261166.9685,42428.9492,487.6417,1067.513
-303956.3976,-261269.5265,42686.8711,519.3421,1077.2051
-304044.7476,-261210.8531,42833.8945,497.8925,1049.6997
-303904.7984,-261209.3765,42695.4219,479.8437,1056.011
-303786.4666,-261121.3768,42665.0898,529.6131,1096.9932
-304013.1874,-261197.1601,42816.0273,488.4503,1063.1925
-303998.6547,-261109.8968,42888.7578,472.961,1053.7687
-303857.7216,-261264.7528,42592.9688,529.5,1043.3193
-303876.217,-261138.4553,42737.7617,528.068,1043.6562
-303788.4868,-261169.5063,42618.9805,468.4483,1061.8299
-303833.4715,-261148.9715,42684.5,498.0734,1057.9524
-304061.3117,-261133.1359,42928.1758,497.9844,1035.7641
-304105.8637,-261150.8246,42955.0391,511.3538,1013.5259
-303941.0937,-261154.6406,42786.4531,480.565,1020.3815
-303672.0298,-261167.9322,42504.0977,498.0575,1013.3274
-303945.6253,-261235.8753,42709.75,509.219,1072.5034
-304040.8795,-261251.3756,42789.5039,503.6892,1044.4719
-303886.4686,-261191.4569,42695.0117,483.1186,1071.3539
-303945.0624,-261053.6327,42891.4297,474.3841,1047.3959
-303814.6313,-261231.4633,42583.168,536.0831,1005.1703
-303665.6683,-261103.887,42561.7812,518.4652,1048.012
-304120.6657,-261159.1032,42961.5625,477.3099,1082.5902
-303632.8766,-261143.732,42489.1445,545.9662,1078.1324
-303819.7642,-261043.2603,42776.5039,518.3228,1042.349
-304106.6181,-261220.247,42886.3711,491.2458,1022.1785
-303748.3823,-261127.4995,42620.8828,501.3072,1032.3238
-303818.0342,-261193.796,42624.2383,461.2174,1034.2025
-303642.6601,-261099.3672,42543.293,515.8465,1044.6012
-303775.8028,-261164.7677,42611.0352,507.4711,1021.8416
-303803.8043,-261080.4176,42723.3867,477.5237,1048.9355
-303542.9555,-261129.4672,42413.4883,506.2391,1079.9062
-303962.3441,-261249.055,42713.2891,528.5519,1078.8853
-303755.019,-261268.9877,42486.0312,520.6747,1050.5163
-303547.1094,-261122.3985,42424.7109,489.7655,1057.4895
-303621.3506,-261102.3545,42518.9961,489.4242,1067.3805
-303757.2105,-261059.7144,42697.4961,496.2358,1031.2382
-304018.1169,-261185.6443,42832.4727,477.5817,1079.9073
-303891.7069,-261197.578,42694.1289,509.0917,1040.895
-303987.207,-261164.3633,42822.8438,515.7945,1077.6943
-304186.9445,-261183.3234,43003.6211,495.9345,1022.2771
-303850.9163,-261175.9359,42674.9805,494.7146,1052.7108
-303859.3131,-261121.6139,42737.6992,503.9245,1040.7357
-303749.4084,-261075.8928,42673.5156,497.3967,1074.7553
-303892.1439,-261174.1088,42718.0352,480.8858,1030.9972
-303792.6645,-261187.7895,42604.875,479.9577,1034.1748
-304035.7372,-261086.8504,42948.8867,482.6145,1049.0652
-303934.0433,-261145.1723,42788.8711,482.9064,1043.9487
-303823.1825,-261155.62,42667.5625,483.5932,1053.7846
-303793.8406,-261112.3445,42681.4961,483.5153,1072.2933
-303852.0779,-261231.6638,42620.4141,488.8621,1006.4591
-303790.9469,-261103.9977,42686.9492,534.1233,1110.7852
-303860.8022,-261119.0054,42741.7969,521.9887,1042.6381
-303790.7047,-261170.0015,42620.7031,475.3262,1065.0358
-303560.0984,-261037.653,42522.4453,508.7756,1015.2362
-303973.186,-261141.9634,42831.2227,494.4894,1008.2072
-303927.4954,-261095.6009,42831.8945,485.9149,1028.9129
-304147.6995,-261200.6605,42947.0391,488.6205,1032.2611
-303539.9963,-261073.2345,42466.7617,523.3871,1016.85
-303899.4727,-261176.5196,42722.9531,548.6307,1010.2372
-303826.4444,-261148.96,42677.4844,504.4157,1061.4282
-303811.6354,-261139.026,42672.6094,506.9214,1009.1616
-303943.0512,-261144.1801,42798.8711,526.2098,1042.816
-303757.5026,-261194.487,42563.0156,502.8473,1022.7848
-303842.8983,-261192.8046,42650.0938,514.0747,1022.6122
-303804.7275,-261081.9931,42722.7344,511.0066,1070.702
-303711.3711,-261078.5937,42632.7773,488.7063,1032.4313
-303962.1751,-261183.6204,42778.5547,516.6092,1048.0468
-303924.7952,-261086.9592,42837.8359,460.2782,1055.8223
-303898.9293,-261153.1441,42745.7852,496.6777,1058.6692
-303878.837,-261229.6105,42649.2266,463.7071,1033.2061
-304190.5111,-261279.9447,42910.5664,474.4841,1042.9949
-303711.6621,-261175.2441,42536.418,485.2831,1055.8471
-303774.8267,-261231.4674,42543.3594,493.6589,1060.7876
-303859.2101,-261075.0265,42784.1836,487.4863,1031.0015
-304074.0558,-261202.3254,42871.7305,517.9075,1038.3686
-303896.3809,-261088.1114,42808.2695,499.0599,1043.2945
-304102.6903,-261233.0575,42869.6328,507.3266,1042.5488
-303964.5523,-261142.6109,42821.9414,532.5088,1068.1632
-303992.3015,-261184.3718,42807.9297,482.352,1043.3527
-303686.4448,-261140.7886,42545.6562,490.3027,1039.2076
-303967.4263,-261218.3365,42749.0898,512.5931,1029.9227
-303713.9648,-261082.8047,42631.1602,496.587,1050.7518
-303999.8335,-261119.2593,42880.5742,519.1118,1063.8728
-303892.5721,-261144.201,42748.3711,475.9217,1077.5306
-303787.2772,-261077.3123,42709.9648,480.614,1047.9633
-303872.6525,-261189.8205,42682.832,477.9035,1078.4338
-303825.7197,-261142.583,42683.1367,514.7907,1025.7987
-304002.6685,-261202.3326,42800.3359,501.4309,1020.4079
-303872.5082,-261237.2817,42635.2266,481.7041,1069.1264
-303947.9943,-261290.1857,42657.8086,506.4796,1034.4512
-303893.6703,-261209.8969,42683.7734,507.1654,1036.7917
-303768.5188,-261147.5383,42620.9805,492.3663,1058.1732
-303802.7583,-261118.645,42684.1133,464.7515,1041.7997
-303789.7767,-261121.1791,42668.5977,496.0191,998.4366
-303626.4853,-261095.7392,42530.7461,482.3352,1042.7819
-303862.0818,-261122.7459,42739.3359,499.27,1052.1908
-303512.1358,-261081.8741,42430.2617,492.7349,1057.101
-303631.5221,-261105.694,42525.8281,492.0221,1040.3053
-303700.9273,-261182.0874,42518.8398,473.619,1052.9399
-303850.9245,-261163.1667,42687.7578,463.6501,1042.6325
-303849.6624,-261144.3148,42705.3477,500.3144,1035.7325
-303731.4615,-261096.1451,42635.3164,481.8461,1081.1599
-303906.4866,-261139.1702,42767.3164,475.9413,1068.2994
-303779.8102,-261046.3609,42733.4492,514.6601,1005.5239
-304001.6213,-261205.2658,42796.3555,485.2012,1053.9378
-303802.3337,-261153.49,42648.8438,502.2875,1031.2757
-303747.2615,-261134.5974,42612.6641,514.9983,1063.0088
-303823.1927,-261126.7318,42696.4609,485.0556,1051.0848
-303689.1609,-261082.5047,42606.6562,505.5206,1017.1344
-303943.2469,-261229.9149,42713.332,516.8645,1061.09
-303824.3737,-261216.7331,42607.6406,463.8029,1052.6593
-303613.3176,-261063.8332,42549.4844,506.8352,1062.7632
-303809.447,-261034.7985,42774.6484,473.5869,1054.7698
-303796.1247,-261194.0114,42602.1133,493.7873,1073.5003
-303906.3979,-261208.3862,42698.0117,471.258,1063.5556
-303892.1672,-261194.1868,42697.9805,489.3186,1046.0105
-303635.5119,-261075.3948,42560.1172,509.8573,1056.1416
-303785.2188,-261159.1055,42626.1133,463.8129,1072.3335
-303948.1413,-261161.1647,42786.9766,492.1805,1044.8408
-303608.0459,-261044.3662,42563.6797,475.1012,1066.1405
-303769.8,-261063.6281,42706.1719,478.1697,1037.0406
-303745.1385,-261148.2323,42596.9062,478.5918,1029.6135
-303789.2359,-261218.0054,42571.2305,460.5437,1022.002
-303817.2696,-261188.9805,42628.2891,494.6113,1046.5173
-303964.7145,-261262.4997,42702.2148,481.403,1057.3258
-303865.7302,-261188.6677,42677.0625,474.0626,1079.6901
-303833.5749,-261090.4851,42743.0898,522.639,1045.4321
-303826.9437,-261151.7953,42675.1484,489.8992,1002.9387
-303810.9095,-261186.4368,42624.4727,486.1882,1034.9167
-303554.214,-261149.4171,42404.7969,497.4966,1071.359
-303937.9955,-261149.8744,42788.1211,504.238,1071.1596
-303779.601,-261084.726,42694.875,510.7054,1044.9095
-303496.8199,-261171.4879,42325.332,482.682,1039.9149
-303633.4626,-261123.236,42510.2266,491.8942,1042.9169
-304039.8981,-261216.8395,42823.0586,517.7633,1030.9555
-303688.7948,-261124.5605,42564.2344,512.2334,1018.3638
-303806.4372,-261167.2926,42639.1445,513.8938,1097.2735
-304044.6071,-261220.7165,42823.8906,493.9944,996.6039
-303595.0297,-261108.061,42486.9688,508.8573,1056.4241
-303914.2188,-261085.0625,42829.1562,482.4544,1041.8565
-303957.4157,-261146.1423,42811.2734,484.1693,1040.296
-303671.5391,-261199.0391,42472.5,508.3909,1056.058
-303853.5192,-261142.8746,42710.6445,492.3176,1028.3254
-303408.1224,-261074.3998,42333.7227,487.8945,1018.2677
-303671.1893,-261072.1268,42599.0625,481.8879,1014.8983
-303648.0478,-261104.6962,42543.3516,458.2726,1055.7312
-303934.3604,-261231.1182,42703.2422,497.2917,1027.3456
-304010.8625,-261199.3313,42811.5312,512.8532,1068.3175
-304045.7871,-261277.459,42768.3281,522.7832,1041.753
-303838.2196,-261120.8367,42717.3828,536.5064,1038.9579
-303910.3845,-261156.7517,42753.6328,516.6449,1076.9482
-303851.0182,-261139.7565,42711.2617,497.2573,1020.1082
-303977.5246,-261194.7395,42782.7852,502.0301,1028.7679
-303750.3622,-261196.3153,42554.0469,507.5081,1048.0576
-303741.8511,-261174.5543,42567.2969,528.5946,1032.3111
-304129.7968,-261199.2968,42930.5,490.4676,1054.4411
-303956.5863,-261301.4964,42655.0898,483.197,1072.9065
-303712.9197,-261202.0877,42510.832,471.4405,1075.9408
-303917.8743,-261202.9993,42714.875,499.2542,1054.9565
-303858.7537,-261118.1599,42740.5938,495.2392,1065.948
-303907.0658,-261141.9369,42765.1289,483.4072,1058.4929
-303840.8579,-261190.2915,42650.5664,515.2323,1032.2269
-304158.9251,-261230.6126,42928.3125,487.2984,1042.4781
-303694.8201,-261176.7342,42518.0859,502.8075,1058.8678
-303856.3977,-261235.0032,42621.3945,503.9973,1031.7479
-303966.9007,-261261.6625,42705.2383,527.2192,1039.9479
-303757.25,-261170.0156,42587.2344,503.4496,1072.8253
-303969.1003,-261231.1862,42737.9141,492.3637,1029.1943
-303908.4846,-261168.6409,42739.8438,529.5056,1043.0386
-303765.2136,-261173.8073,42591.4062,495.4326,1030.6132
-303863.031,-261236.4529,42626.5781,481.5822,1017.5058
-303672.9338,-261158.0666,42514.8672,497.8916,1041.8271
-303763.5751,-261105.622,42657.9531,510.3411,1039.2329
-303787.8557,-261034.4964,42753.3594,494.8302,1028.4315
-303555.479,-261024.0688,42531.4102,500.3886,1034.3426
-303682.4663,-261078.3491,42604.1172,490.8913,1064.6271
-303907.2905,-261223.9233,42683.3672,473.5263,1022.025
-304028.0117,-261243.582,42784.4297,505.6781,1083.4704
-304001.8732,-261107.8146,42894.0586,531.9614,1012.1466
-303962.2479,-261094.0761,42868.1719,479.8611,1058.5466
-304013.3813,-261214.8266,42798.5547,511.6379,1064.9387
-304214.8695,-261203.4164,43011.4531,467.9936,1029.1432
-303890.7384,-261208.4962,42682.2422,481.5742,1041.1172
-304214.621,-261209.2538,43005.3672,503.7966,1076.0397
-304102.3395,-261111.5739,42990.7656,493.2357,1047.959
-303912.1075,-261201.3536,42710.7539,483.0203,1091.5029
-303907.0497,-261163.6395,42743.4102,482.2946,1027.2914
-303734.4329,-261064.9212,42669.5117,492.501,1022.6246
-304001.4828,-261248.3343,42753.1484,482.8554,1075.7112
-303858.5739,-261210.9918,42647.582,469.4038,1078.9477
-303728.9248,-261141.2725,42587.6523,477.9704,1053.2859
-303846.1918,-261202.766,42643.4258,526.8642,1040.7265
-304246.5439,-261219.79,43026.7539,491.5393,1064.7347
-303763.5819,-261163.164,42600.418,493.6008,1062.4911
-303768.3349,-261145.1903,42623.1445,489.039,1069.3018
-303949.3297,-261166.7321,42782.5977,495.7497,1045.9105
-303832.6029,-261202.7825,42629.8203,497.8326,1054.3563
-303705.7358,-261153.2748,42552.4609,500.9533,1080.9326
-303806.1548,-261141.7095,42664.4453,475.9303,1069.5063
-303742.3535,-261038.4942,42703.8594,488.0665,1034.8481
-303627.93,-261122.4339,42505.4961,487.1818,1058.9339
-303683.4579,-261112.3329,42571.125,514.8424,1066.2184
-304206.5741,-261242.4296,42964.1445,475.4189,1017.246
-303933.0614,-261185.9208,42747.1406,472.2576,1015.2809
-303627.3509,-261041.8001,42585.5508,496.024,1043.9379
-303822.0271,-261192.2224,42629.8047,523.026,1051.4415
-303792.7482,-261197.5685,42595.1797,535.2382,988.8928
-303963.1856,-261072.0997,42891.0859,488.9845,1014.2496
-303857.8783,-261154.7454,42703.1328,513.3478,1052.4949
-303490.0182,-260998.0182,42492.0,501.2775,1041.9527
-303969.4896,-261130.8217,42838.668,513.7309,1066.3527
-303623.6503,-261108.0487,42515.6016,488.3477,1051.65
-303953.3431,-261225.5853,42727.7578,485.0594,1029.771
-303626.9121,-261185.4472,42441.4648,517.0619,1052.8228
-303925.5857,-261177.1248,42748.4609,484.144,1039.4944
-303832.7549,-261112.0323,42720.7227,491.0541,1049.4217
-304115.5365,-261227.099,42888.4375,491.5465,1031.4453
-303697.8075,-261228.9716,42468.8359,510.874,1079.8738
-304103.2181,-261255.8041,42847.4141,456.5416,1031.3663
-303822.1172,-261201.9024,42620.2148,520.9472,992.8976
-303981.7237,-261261.3097,42720.4141,489.4491,1062.8514
-303738.8974,-261175.0185,42563.8789,493.2161,1040.8721
-304083.5333,-261223.5997,42859.9336,508.1522,1043.3198
-303908.7812,-261173.2421,42735.5391,497.8886,1042.4756
-303737.577,-261063.2411,42674.3359,494.5411,1094.1008
-303692.1353,-261146.4166,42545.7188,481.8359,1010.3782
-303723.2,-261241.6688,42481.5312,457.993,1049.6771
-303841.2727,-261199.7219,42641.5508,530.398,1066.8166
-303782.0482,-261055.8646,42726.1836,503.6486,1028.4757
-303941.2138,-261107.5029,42833.7109,488.6885,1060.0409
-303793.4553,-261147.678,42645.7773,489.0286,1051.7502
-303876.3537,-261227.7912,42648.5625,523.5361,1086.3458
-304081.8954,-261217.6337,42864.2617,503.3686,1031.0865
-303972.4186,-261172.6882,42799.7305,497.6195,1084.1946
-303928.2981,-261194.1809,42734.1172,533.2498,1080.9532
-303821.5763,-261155.6662,42665.9102,457.029,1050.3412
-303814.1677,-261192.4177,42621.75,472.8565,1039.3475
-303920.9415,-261078.6251,42842.3164,466.5171,1069.862
-303820.1626,-261145.8267,42674.3359,458.0961,1076.8184
-303807.9933,-261185.3722,42622.6211,516.9009,1076.2879
-303787.6732,-261142.7708,42644.9023,485.396,1027.7777
-303874.4805,-261122.6172,42751.8633,503.5302,1033.4096
-303955.0938,-261118.1329,42836.9609,500.3142,1053.521
-303823.7834,-261110.7873,42712.9961,479.3612,1019.8946
-303919.1976,-261180.182,42739.0156,497.3881,1015.4769
-303880.1443,-261157.0935,42723.0508,508.3579,1108.8566
-304067.6027,-261125.3176,42942.2852,460.0397,1051.2039
-303789.0401,-261105.5323,42683.5078,512.6334,1115.1342
-303875.5565,-261140.7987,42734.7578,471.8365,1038.8707
-303604.7474,-261093.388,42511.3594,531.6797,1042.426
-303940.118,-261132.2195,42807.8984,485.4143,1004.8999
-303834.1283,-261110.3431,42723.7852,511.144,1064.8072
-303769.3664,-261228.4836,42540.8828,488.0868,1062.8278
-303821.6305,-261116.3141,42705.3164,476.3296,1062.6141
-303690.8658,-261074.1197,42616.7461,481.9232,1052.3065
-304058.5275,-261221.5704,42836.957,488.3067,1048.3459
-303623.2053,-261180.4241,42442.7812,486.7941,1062.8898
-304030.8072,-261141.8306,42888.9766,510.7107,1082.0192
-303651.4088,-261188.3112,42463.0977,512.7248,1039.6778
-303805.0606,-261106.0176,42699.043,462.607,1058.4173
-303965.5389,-261171.2303,42794.3086,493.3846,1059.5426
-303838.1456,-261152.9972,42685.1484,505.5148,1038.4719
-303710.5544,-261089.2185,42621.3359,539.8393,1099.3101
-303784.8674,-261174.1681,42610.6992,486.2367,1055.6663
-303761.7427,-261249.3482,42512.3945,532.704,1060.9119
-303691.1594,-261063.1047,42628.0547,489.6814,1039.9597
-303889.8503,-261171.7058,42718.1445,514.4489,1025.8263
-303883.3769,-261158.8261,42724.5508,497.734,1101.0604
-303780.5147,-261225.6631,42554.8516,485.3025,1013.5972
-303964.7352,-261048.325,42916.4102,474.577,1023.8653
-303783.3322,-261084.0666,42699.2656,487.5312,1040.7509
-303790.7957,-261230.9559,42559.8398,489.1209,1065.1199
-304010.0359,-261193.1921,42816.8438,514.7482,1014.8026
-304137.9154,-261133.7904,43004.125,496.5533,1066.8615
-303681.0893,-261125.7261,42555.3633,476.1262,1070.1924
-304044.7862,-261206.2549,42838.5312,508.0489,1033.1702
-303881.1935,-261144.0997,42737.0938,512.768,1057.3485
-303838.9879,-261201.8043,42637.1836,507.9053,1023.0281
-303747.5513,-261163.6333,42583.918,497.9884,1038.386
-304039.2832,-261198.6621,42840.6211,510.2694,1064.383
-303874.2004,-261222.8644,42651.3359,506.457,1031.0654
-303892.0646,-261137.2131,42754.8516,491.5312,1102.2972
-303995.9944,-261151.2054,42844.7891,522.0612,1068.4795
-303780.1505,-261193.213,42586.9375,491.5712,1061.8364
-303748.9134,-261193.6283,42555.2852,525.9654,1038.3752
-304040.9983,-261240.2561,42800.7422,493.9281,1034.3161
-303877.0394,-261220.8909,42656.1484,491.1693,1025.4208
-303796.3337,-261126.4938,42669.8398,490.9418,987.1202
-303885.4302,-261131.5317,42753.8984,507.8251,1070.1383
-303841.6762,-261177.4535,42664.2227,498.6007,1034.4414
-303785.0714,-261168.6651,42616.4062,488.9911,1035.5224
-303779.9544,-261213.0951,42566.8594,467.4134,1041.5752
-303768.4639,-261136.3428,42632.1211,491.6694,1091.6776
-303651.832,-261057.1796,42594.6523,503.7707,1018.5154
-303862.5652,-261179.8152,42682.75,519.9703,1044.9492
-303996.4908,-261181.7681,42814.7227,506.3186,1004.0745
-303847.006,-261115.7365,42731.2695,526.8209,1028.5914
-303770.3868,-261153.3712,42617.0156,479.2526,1034.7156
-303610.2005,-261172.8216,42437.3789,520.2585,1046.2062
-303699.6521,-261061.1599,42638.4922,472.0114,1086.4757
-303737.5396,-261089.7349,42647.8047,503.2111,1037.8419
-303816.594,-261194.9768,42621.6172,506.3872,1098.1428
-303848.8685,-261074.5364,42774.332,500.6696,1020.143
-303776.2125,-261133.0289,42643.1836,502.9742,1092.7393
-304002.3468,-261201.1085,42801.2383,506.853,1039.4455
-304087.7583,-261292.5513,42795.207,483.1464,1048.8189
-303719.7931,-261064.0822,42655.7109,505.2879,1065.3339
-303732.8346,-261096.0807,42636.7539,522.5039,1047.1285
-304033.5292,-261118.7323,42914.7969,505.3031,1021.9491
-303728.6156,-261179.7172,42548.8984,504.8545,1059.4149
-303588.5282,-261080.079,42508.4492,469.0948,1046.2212
-303826.6267,-261116.5603,42710.0664,492.025,1059.9098
-303866.0963,-261123.3463,42742.75,533.6057,1041.3414
-303710.9113,-261089.7081,42621.2031,478.8232,1089.4237
-303712.118,-261139.9305,42572.1875,506.9102,1049.6964
-303755.7025,-261094.2689,42661.4336,478.2697,1051.2041
-303783.3648,-261129.9547,42653.4102,484.9883,1036.5563
-303719.0,-261058.5859,42660.4141,482.0574,1047.1326
-303840.5344,-261103.5071,42737.0273,494.8416,1048.9422
-303708.7739,-261123.5004,42585.2734,486.39,1051.5677
-303713.7619,-261048.5509,42665.2109,503.5891,1045.208
-303975.2347,-261113.7621,42861.4727,468.7798,1020.8925
-303992.9763,-261225.6443,42767.332,507.967,1031.577
-303543.9756,-261119.835,42424.1406,478.1429,1071.313
-303642.3986,-261180.0587,42462.3398,497.8312,1051.9795
-303951.1802,-261203.0981,42748.082,482.1857,1029.7715
-303665.8012,-261076.9965,42588.8047,499.5079,1012.2301
-303822.0422,-261125.7648,42696.2773,479.759,1030.6595
-303911.1372,-261084.7505,42826.3867,499.3917,1082.6254
-303969.3811,-261260.8538,42708.5273,475.7858,1053.5049
-303965.2066,-261082.4957,42882.7109,504.7499,1041.4351
-303868.1378,-261044.2198,42823.918,507.2674,1041.9462
-303658.3531,-261163.5758,42494.7773,486.9398,1032.1912
-303769.9991,-261143.8428,42626.1562,491.1871,1055.8795
-303842.4997,-261062.9489,42779.5508,498.7086,1029.2927
-303780.2025,-261137.4018,42642.8008,480.4628,1048.3147
-303798.489,-261052.0711,42746.418,489.3857,1028.1101
-303732.6739,-261184.9591,42547.7148,493.7166,1059.481
-303706.7343,-261156.9999,42549.7344,523.7382,1039.5076
-303949.2048,-261149.365,42799.8398,490.9756,1047.6025
-303816.4255,-261199.6287,42616.7969,515.8417,1051.2387
-303927.2125,-261173.4117,42753.8008,470.044,1028.161
-303824.3494,-261278.0955,42546.2539,463.9953,1077.5647
-303856.0089,-261175.7706,42680.2383,527.4323,1055.7291
-303879.1384,-261211.2752,42667.8633,510.7715,1033.815
-303778.5623,-261125.6131,42652.9492,504.0935,1039.0762
-303910.8065,-261098.5135,42812.293,497.4528,1074.5689
-303898.5422,-261157.2453,42741.2969,490.7911,1052.7542
-303745.5686,-261168.1507,42577.418,517.0595,1046.9149
-303899.9175,-261169.8511,42730.0664,485.1462,1042.6261
-303868.2953,-261206.8265,42661.4688,509.0759,1066.4304
-303701.4743,-261104.8649,42596.6094,481.7304,1025.4672
-303615.6901,-261050.4011,42565.2891,485.949,1043.7875
-303934.9487,-261204.562,42730.3867,510.4602,1064.8355
-303918.8381,-261180.4358,42738.4023,505.2648,1035.3781
-303672.7387,-261127.4496,42545.2891,502.0611,1050.7865
-303906.7014,-261210.5998,42696.1016,493.9463,1009.0039
-303907.2711,-261259.6929,42647.5781,504.4162,1029.4038
-303962.4463,-261215.6182,42746.8281,504.8261,1052.0447
-303884.8557,-261267.1057,42617.75,501.3944,1079.062
-303771.5238,-261208.3324,42563.1914,482.9449,1040.6589
-303900.4297,-261168.9141,42731.5156,472.844,1026.2731
-303848.7348,-261200.6684,42648.0664,494.3895,1030.8827
-303560.9886,-261079.1254,42481.8633,502.6703,1054.3384
-304027.2441,-261130.5097,42896.7344,513.0658,1035.938
-303907.4107,-261238.6607,42668.75,492.6079,1085.1053
-303780.2101,-261140.2726,42639.9375,494.7415,1062.197
-303802.9041,-261217.3845,42585.5195,487.7355,1013.8027
-303850.1122,-261236.6317,42613.4805,552.0239,1074.1272
-304048.9212,-261164.8821,42884.0391,527.2027,1044.2974
-303738.5125,-261139.9266,42598.5859,475.4092,1034.2562
-303531.7058,-261088.5886,42443.1172,516.915,1054.7777
-303872.2777,-261204.2269,42668.0508,473.6499,1069.0761
-303742.623,-261130.5605,42612.0625,529.9069,1070.6939
-303695.0102,-261132.4868,42562.5234,485.0676,1066.6918
-303549.9011,-261123.1159,42426.7852,469.4194,1021.3641
-303766.1866,-261102.7218,42663.4648,515.1891,1040.1549
-303627.9903,-261150.838,42477.1523,520.7194,1077.6861
-303654.3003,-261184.9253,42469.375,507.9286,1024.0969
-303786.146,-261230.2593,42555.8867,539.8168,1047.438
-303888.3621,-261220.0378,42668.3242,495.5356,1014.3423
-303726.1512,-261148.8621,42577.2891,496.9722,1080.3588
-303857.07,-261172.9489,42684.1211,486.6872,1026.1575
-303878.7942,-261171.3098,42707.4844,477.4815,1034.575
-303887.2659,-261187.1995,42700.0664,500.424,1035.8191
-304073.6189,-261199.6736,42873.9453,498.99,1019.8293
-303829.3063,-261182.9235,42646.3828,495.4027,1069.7789
-303976.0112,-261135.4487,42840.5625,516.9362,1035.706
-304014.9918,-261184.316,42830.6758,486.8496,1050.2735
-303852.168,-261180.7657,42671.4023,455.5984,1078.3251
-303638.0814,-261196.1361,42441.9453,473.6476,989.0706
-303877.7032,-261068.8009,42808.9023,483.9287,1034.2592
-303865.0448,-261091.8026,42773.2422,495.4144,1138.1339
-303877.1042,-261161.0963,42716.0078,482.1148,1054.7089
-303898.4967,-261160.9225,42737.5742,514.8819,1024.801
-303785.8704,-261086.3392,42699.5312,487.1632,1035.3147
-303730.5208,-261137.3567,42593.1641,504.6787,1052.0863
-303725.2956,-261143.819,42581.4766,473.2326,1046.9077
-303703.5336,-261081.0648,42622.4688,463.9119,1049.3858
-303916.2247,-261254.8497,42661.375,488.564,1049.9891
-303652.6604,-261166.1174,42486.543,494.4208,1061.1843
-303886.6283,-261128.3275,42758.3008,496.2036,1080.4679
-303808.8763,-261091.7669,42717.1094,492.462,1013.6235
-303549.463,-261140.1427,42409.3203,532.3799,1014.2687
-303702.4949,-261130.3933,42572.1016,521.3805,1078.6006
-304062.2344,-261062.668,42999.5664,478.7052,992.1086
-303833.8291,-261218.0245,42615.8047,499.3204,1045.5262
-303930.8015,-261170.6608,42760.1406,491.8675,1034.0021
-303992.7117,-261172.9812,42819.7305,489.7941,1044.9831
-303736.0471,-261239.8127,42496.2344,492.699,999.3339
-304014.6838,-261131.3244,42883.3594,488.9693,1001.8514
-303826.9377,-261168.8049,42658.1328,480.7773,1059.29
-303912.9488,-261117.2847,42795.6641,522.0082,1058.7116
-303856.7139,-261104.7686,42751.9453,499.6722,1039.0489
-303943.6447,-261170.5471,42773.0977,493.3328,1019.8877
-303884.2131,-261094.6975,42789.5156,463.9172,1060.1606
-304044.5565,-261229.3182,42815.2383,522.0499,1028.7839
-303976.4546,-261196.2749,42780.1797,503.1611,1016.3619
-303800.9786,-261148.2989,42652.6797,493.8208,1031.0059
-303947.3116,-261149.7452,42797.5664,512.3492,1037.2892
-303781.5903,-261110.0044,42671.5859,490.4588,1031.7109
-303951.0005,-261193.856,42757.1445,467.1831,1038.1297
-303936.2432,-261208.8878,42727.3555,516.6891,1049.5043
-303571.7709,-261056.6264,42515.1445,509.8105,1062.2115
-303738.1601,-261051.3046,42686.8555,536.1903,1032.4224
-303677.1622,-261049.5997,42627.5625,485.4882,1099.3425
-304149.5575,-261117.0536,43032.5039,471.0799,1017.0339
-303716.6329,-261094.2931,42622.3398,478.1065,1025.547
-303893.4677,-261227.0302,42666.4375,523.0317,1023.0872
-303911.0635,-261244.1026,42666.9609,516.7201,1016.2782
-303805.8641,-261161.1024,42644.7617,504.7448,998.5709
-303816.9625,-261138.3453,42678.6172,480.0402,1074.745
-304036.7357,-261268.9818,42767.7539,498.2605,1048.086
-303886.09,-261188.2228,42697.8672,480.5043,1048.8405
-303688.1916,-261073.9025,42614.2891,478.8933,1047.9921
-303990.8286,-261207.0395,42783.7891,516.8709,1025.8075
-303990.9643,-261176.7143,42814.25,518.4493,1013.5201
-303950.2716,-261176.2872,42773.9844,489.6761,1070.4999
-303892.3171,-261158.3952,42733.9219,491.7333,1048.1651
-304048.0914,-261209.0992,42838.9922,477.1833,1007.54
-304047.5458,-261218.3857,42829.1602,509.4521,1030.2219
-303804.6511,-261180.6237,42624.0273,483.476,1049.3847
-303979.0917,-261148.0761,42831.0156,488.8623,1066.7994
-303876.6107,-261167.5287,42709.082,495.9533,1084.8571
-303746.6258,-261187.6453,42558.9805,525.4401,1049.9891
-303927.4992,-261196.5539,42730.9453,523.3312,1053.0101
-303615.4026,-261106.5862,42508.8164,505.4057,1038.8729
-303643.8813,-261115.4555,42528.4258,502.4565,1048.4439
-303840.0171,-261156.982,42683.0352,474.0662,1090.6975
-303943.8096,-261204.7471,42739.0625,497.161,1076.1964
-303707.2023,-261147.8702,42559.332,491.7194,1065.6454
-303631.7673,-261107.7907,42523.9766,461.9062,1098.6904
-303939.3103,-261179.3181,42759.9922,474.6693,1034.4631
-303692.5309,-261131.6832,42560.8477,471.9463,1004.6151
-303732.4197,-261231.0604,42501.3594,494.847,1084.1728
-304095.8913,-261162.5476,42933.3438,499.0574,1032.5427
-303821.5784,-261168.3596,42653.2188,483.9145,1043.3527
-303799.748,-261069.4628,42730.2852,499.2494,1055.1393
-303907.9001,-261168.0994,42739.8008,492.9918,1085.4566
-303831.8869,-261103.3166,42728.5703,447.6017,1007.2806
-303878.0284,-261216.5323,42661.4961,560.0163,1023.3718
-303758.7124,-261157.2397,42601.4727,448.7968,1063.2461
-303930.7215,-261106.4949,42824.2266,493.1195,1049.474
-303803.3421,-261236.4944,42566.8477,491.9765,1094.0292
-303875.7226,-261289.5468,42586.1758,500.9452,1056.1748
-303887.0342,-261111.3038,42775.7305,471.3226,1027.7662
-303713.1666,-261066.4205,42646.7461,512.7106,1018.3012
-303809.0778,-261126.7145,42682.3633,489.2371,1037.0613
-303877.4193,-261156.2006,42721.2188,503.977,1033.1531
-303845.9423,-261100.5985,42745.3438,509.8045,1094.6922
-303743.1442,-261178.0817,42565.0625,518.5,1030.3683
-303954.4215,-261092.9449,42861.4766,509.9073,1018.7856
-304047.2257,-261201.3351,42845.8906,484.0331,1016.5523
-303673.7746,-261164.3957,42509.3789,494.9746,1045.977
-303855.1371,-261163.2152,42691.9219,463.6248,1032.8886
-303871.5708,-261128.8443,42742.7266,478.7776,1040.9639
-303729.9555,-261099.6703,42630.2852,504.9227,1020.8867
-303748.3995,-261183.1651,42565.2344,490.3859,1055.7332
-303831.2534,-261229.187,42602.0664,519.6922,1050.8559
-303818.2181,-261155.3275,42662.8906,510.0369,1070.5338
-303811.6465,-261229.3574,42582.2891,520.7361,1094.6119
-303993.0841,-261274.4981,42718.5859,483.3318,1076.564
-303765.0186,-261117.4482,42647.5703,521.4787,993.4152
-303614.9339,-261141.1566,42473.7773,494.9441,1040.2083
-304049.2999,-261188.6085,42860.6914,492.9629,1107.1837
-303842.4264,-261100.6608,42741.7656,519.5383,1048.6308
-303832.4769,-261156.8949,42675.582,489.9544,1039.6002
-303789.1998,-261168.0514,42621.1484,519.5553,1078.1791
-303946.8028,-261088.1231,42858.6797,483.0974,1007.4307
-303929.6167,-261098.2769,42831.3398,485.0744,1051.5229
-303914.5847,-261229.4519,42685.1328,481.5615,1046.7832
-303961.728,-261126.7358,42834.9922,502.8279,1017.7613
-303685.0484,-261112.4547,42572.5938,521.0189,1036.6449
-303829.3668,-261192.4059,42636.9609,490.4532,1057.8859
-303828.6381,-261101.2749,42727.3633,481.2557,1042.9209
-303885.0857,-261096.1912,42788.8945,531.1304,1047.6422
-303485.6226,-261148.232,42337.3906,546.1397,992.0094
-303863.4483,-261062.6553,42800.793,475.5558,1018.689
-303869.3317,-261150.3786,42718.9531,506.2747,1050.5298
-303845.0426,-261222.6872,42622.3555,526.2384,1024.1862
-303701.0906,-261180.4461,42520.6445,537.2865,1069.6114
-303946.7639,-261186.717,42760.0469,470.8477,1036.1622
-303812.7822,-261142.4306,42670.3516,504.8415,1054.1146
-303821.4341,-261130.1528,42691.2812,490.6173,1068.5137
-303804.976,-261256.8979,42548.0781,497.3797,1025.1497
-304157.2492,-261256.8274,42900.4219,490.3962,996.5199
-303882.6788,-261133.8156,42748.8633,504.6734,1027.3201
-303840.9134,-261207.6673,42633.2461,483.3817,1020.6768
-303884.7474,-261205.2787,42679.4688,490.943,992.1782
-304019.2396,-261195.3686,42823.8711,495.0859,1064.0374
-303842.3389,-261260.0772,42582.2617,520.4442,1042.624
-304053.2386,-261232.7268,42820.5117,496.4261,1058.3397
-303924.6169,-261279.988,42644.6289,490.0781,1033.1062
-303978.1711,-261261.5735,42716.5977,479.3947,1060.4353
-303883.432,-261230.1546,42653.2773,505.8705,995.9976
-303879.531,-261289.1208,42590.4102,512.0728,1009.5526
-303765.5373,-261193.3693,42572.168,478.6731,1042.4466
-304108.9592,-261221.5451,42887.4141,505.4745,1080.0163
-303906.5103,-261202.397,42704.1133,478.1365,1036.422
-303766.8228,-261133.7799,42633.043,481.8252,1062.7299
-304111.4801,-261203.8512,42907.6289,516.136,1075.2065
-303783.4522,-261187.4678,42595.9844,510.4388,1044.0455
-303679.4756,-261059.7803,42619.6953,486.2406,1108.8154
-303706.1754,-261183.1442,42523.0312,493.4352,1030.7045
-303915.3094,-261084.8328,42830.4766,480.2782,1042.3857
-303728.9207,-261193.5262,42535.3945,472.7895,1045.8908
-303810.0905,-261204.1881,42605.9023,505.7596,1068.9163
-304092.3064,-261181.2634,42911.043,501.0606,1071.6657
-303813.9023,-261135.7616,42678.1406,515.6961,1056.5708
-303605.644,-261205.5737,42400.0703,476.3679,1111.0858
-303845.9115,-261048.1068,42797.8047,495.967,1097.2724
-303916.8708,-261192.7301,42724.1406,515.0214,1041.6839
-303808.2456,-261187.6948,42620.5508,483.7102,1031.8911
-303888.3386,-261157.8581,42730.4805,515.309,1027.0102
-303813.252,-261282.2715,42530.9805,530.1629,1035.823
-303947.0492,-261167.1273,42779.9219,471.8905,1110.401
-303820.0435,-261145.7583,42674.2852,504.717,1054.6025
-303976.0393,-261305.3635,42670.6758,458.4037,1073.9021
-303880.2579,-261153.1525,42727.1055,481.3184,1039.5399
-303735.6607,-261238.7622,42496.8984,498.0019,1041.6682
-303718.8079,-261107.2297,42611.5781,491.4169,1038.0181
-303734.2468,-261058.3757,42675.8711,510.9285,1021.8676
-303754.6441,-261172.7574,42581.8867,501.2863,1007.7798
-303746.9183,-261238.9417,42507.9766,505.5553,1045.2891
-303855.3595,-261221.2189,42634.1406,482.7135,1058.0204
-303880.44,-261151.8775,42728.5625,534.1553,1060.6477
-303615.5237,-261191.5237,42424.0,509.0933,1038.4423
-303976.1783,-261331.7721,42644.4062,502.6279,1091.5784
-303856.0354,-261208.762,42647.2734,498.6489,1038.4613
-303736.8018,-261088.9893,42647.8125,501.7105,1067.0787
-304062.3193,-261128.2959,42934.0234,506.4541,1031.1119
-303743.0781,-261124.3438,42618.7344,501.3903,1024.7297
-303774.822,-261153.7595,42621.0625,497.2484,1014.5579
-304020.8859,-261183.7336,42837.1523,514.1222,1063.6515
-303667.1272,-261205.1507,42461.9766,522.8017,1042.4396
-303778.909,-261187.0067,42591.9023,492.9626,1059.0686
-303740.5597,-261240.6261,42499.9336,506.7011,1058.8676
-303997.937,-261228.4019,42769.5352,477.1692,1030.5435
-303749.7677,-261226.4982,42523.2695,488.933,1036.888
-303693.4751,-261097.979,42595.4961,477.1837,1049.4728
-303961.226,-261155.6323,42805.5938,503.42,1022.3321
-304026.3176,-261192.0872,42834.2305,475.9567,1058.4979
-304004.1235,-261215.5102,42788.6133,519.7417,1034.769
-303585.4587,-261155.5993,42429.8594,488.695,1036.952
-304089.059,-261203.9027,42885.1562,458.5146,1059.0558
-303781.4784,-261172.2987,42609.1797,518.8912,1036.2646
-303930.5229,-261239.8003,42690.7227,520.3443,1042.8083
-303916.8538,-261149.7288,42767.125,501.0241,1097.2899
-303824.8827,-261235.496,42589.3867,515.2911,1045.688
-304011.0103,-261050.5064,42960.5039,473.3085,1055.6463
-303924.931,-261168.6342,42756.2969,482.131,1065.9271
-304007.5542,-261257.8355,42749.7188,505.8816,1015.1611
-303792.9495,-261123.0588,42669.8906,500.0929,1044.0817
-303841.1051,-261162.691,42678.4141,488.3691,1052.2263
-303756.1682,-261163.1018,42593.0664,502.8486,1077.677
-303711.8099,-261103.931,42607.8789,475.9352,1003.0799
-303827.8347,-261190.4558,42637.3789,527.3576,1030.4699
-304180.9992,-261230.4289,42950.5703,499.9463,1071.1736
-303962.9571,-261247.7892,42715.168,522.3779,1076.6717
-303623.0319,-261111.5475,42511.4844,500.3323,1038.0408
-303893.2996,-261159.2996,42734.0,478.757,1027.2661
-304086.5904,-261194.7584,42891.832,486.8353,1047.3947
-303995.4429,-261180.2085,42815.2344,508.3743,1011.7644
-303806.6957,-261108.4887,42698.207,499.9644,1078.7845
-303935.8652,-261188.0996,42747.7656,479.3727,1043.8802
-303759.6861,-261211.1275,42548.5586,494.6385,1042.4434
-303622.2484,-261210.6469,42411.6016,496.899,1051.5108
-303753.8961,-261123.111,42630.7852,466.3729,1072.8782
-303487.2737,-261049.4065,42437.8672,516.0663,1032.2128
-303633.5209,-260999.0131,42634.5078,487.123,1071.9455
-303979.4555,-261194.6352,42784.8203,505.2989,1079.2762
-303841.328,-261130.9686,42710.3594,501.3799,1053.1654
-304150.2282,-261122.0798,43028.1484,533.1617,1024.0923
-303734.434,-261220.7347,42513.6992,487.9361,1047.3043
-303827.1985,-261182.5696,42644.6289,477.1036,1064.5577
-303920.8628,-261181.5386,42739.3242,493.0062,1041.3041
-304030.74,-261348.0877,42682.6523,482.2778,1064.5925
-303683.4684,-261031.8708,42651.5977,457.3,1039.3697
-303669.4244,-261183.9244,42485.5,505.8207,1053.9604
-303896.4291,-261120.9017,42775.5273,475.0417,1072.1766
-303628.9558,-261076.3113,42552.6445,496.6395,1047.569
-304003.7297,-261283.7063,42720.0234,490.1392,1036.2538
-303928.8752,-261165.1291,42763.7461,463.6518,1061.2461
-303761.8856,-261142.4442,42619.4414,531.492,1033.5152
-303892.1525,-261161.129,42731.0234,463.8029,1043.2779
-304088.3458,-261220.7013,42867.6445,481.8005,1063.4937
-304078.3652,-261207.2402,42871.125,535.437,1034.3204
-304083.9704,-261162.2087,42921.7617,476.5706,1062.3091
-303879.118,-261231.8719,42647.2461,514.4017,1055.95
-303955.2839,-261194.9362,42760.3477,525.7828,1080.8134
-303727.1046,-261205.2101,42521.8945,500.4085,1033.9616
-303729.7743,-261147.4306,42582.3438,516.1537,1047.9974
-303725.4627,-261036.9354,42688.5273,505.2034,1026.8577
-303740.9526,-261187.4643,42553.4883,507.8778,1019.4163
-303919.2462,-261148.1095,42771.1367,483.0627,1026.2564
-303901.7513,-261168.2786,42733.4727,506.4212,1037.8502
-303945.4786,-261210.9435,42734.5352,483.3927,1063.56
-303972.0558,-261148.5871,42823.4688,490.898,1025.5534
-303502.8016,-261082.2039,42420.5977,504.4805,1097.8064
-303603.7853,-261065.4728,42538.3125,474.7766,1028.5546
-303885.664,-261232.582,42653.082,505.0427,1103.3861
-304035.7848,-261218.0621,42817.7227,517.6294,1043.4735
-304017.6974,-261221.5568,42796.1406,488.8575,1062.913
-303941.0596,-261208.0557,42733.0039,506.5836,1056.2227
-303788.935,-261134.4819,42654.4531,501.8399,1031.3674
-304025.4349,-261163.7005,42861.7344,474.3477,1043.5446
-303592.5529,-261082.6036,42509.9492,483.3783,1020.0454
-303792.4622,-261063.7942,42728.668,489.6148,1051.8607
-303764.9374,-261207.4101,42557.5273,523.747,1059.3113
-303680.6042,-261204.8894,42475.7148,511.8255,1036.7173
-303927.9542,-261292.755,42635.1992,506.5062,1094.2493
-303889.6302,-261174.9193,42714.7109,511.8415,1032.4624
-304012.1901,-261230.0573,42782.1328,500.137,1037.3925
-304031.9502,-261176.5244,42855.4258,463.2527,1029.731
-303901.4157,-261129.2673,42772.1484,496.6956,1062.9807
-303950.6531,-261158.3484,42792.3047,520.5715,1045.7318
-303877.681,-261235.7083,42641.9727,530.9138,1017.0769
-303963.4891,-261080.8407,42882.6484,513.1898,1040.6052
-303604.6115,-261104.5216,42500.0898,475.2144,1042.1126
-303905.5476,-261157.3562,42748.1914,474.324,1103.1006
-303803.3241,-261244.0858,42559.2383,479.2241,1054.8483
-303831.3712,-261278.6993,42552.6719,508.9633,1041.8189
-303710.8412,-261070.1771,42640.6641,480.6683,1031.0298
-303995.9305,-261171.8915,42824.0391,507.1574,1102.499
-303853.0638,-261198.1068,42654.957,491.5779,1087.6381
-303596.7702,-261162.8873,42433.8828,507.866,1068.3796
-303903.0308,-261151.5386,42751.4922,502.5808,1069.6651
-303880.2675,-261240.6737,42639.5938,485.0862,1032.3074
-303841.3192,-261145.0262,42696.293,504.4458,1072.1875
-303858.4713,-261243.8541,42614.6172,472.4377,1046.9686
-303787.4203,-261067.3383,42720.082,484.0553,1016.1092
-303834.6802,-261164.1294,42670.5508,537.9054,1097.4899
-303971.2265,-261211.9569,42759.2695,513.8658,1058.4114
-303913.3926,-261245.5918,42667.8008,528.8349,1051.3283
-303739.0817,-261106.4255,42632.6562,472.1327,1063.4847
-303765.7252,-261144.4674,42621.2578,476.9835,1012.2388
-303839.3586,-261209.9524,42629.4062,460.9665,1067.8393
-303711.6724,-261106.2271,42605.4453,489.9647,1006.1288
-303959.4189,-261200.2588,42759.1602,507.4097,1006.8544
-303839.3476,-261336.4297,42502.918,521.2396,1054.4733
-303975.1619,-261203.8182,42771.3438,455.6414,1022.4505
-303840.7632,-261195.1148,42645.6484,479.9367,1017.2667
-303628.2401,-261195.9198,42432.3203,523.9749,1052.2576
-303945.1715,-261144.6441,42800.5273,483.7235,1037.7006
-303699.8333,-261085.9271,42613.9062,504.8448,1039.599
-304011.3362,-261224.1565,42787.1797,536.8111,1026.8995
-304147.1594,-261232.2649,42914.8945,488.6247,1039.4912
-303615.8772,-261133.2092,42482.668,499.2209,1059.7051
-303651.2314,-261070.5556,42580.6758,497.9253,1059.098
-304093.7737,-261281.6799,42812.0938,518.8665,1045.5987
-303952.2206,-261097.9276,42854.293,508.5838,1039.5218
-303915.3655,-261070.9241,42844.4414,514.1468,1001.7293
-303766.466,-261003.134,42763.332,480.2985,1036.6615
-303554.7992,-261164.0023,42390.7969,472.0052,1038.3071
-303769.9336,-261152.9492,42616.9844,499.6488,1082.7232
-303917.6228,-261173.0954,42744.5273,489.1683,1049.3865
-303674.0021,-261035.4943,42638.5078,512.1587,1005.1054
-303987.8012,-261289.1371,42698.6641,494.9241,1029.1694
-303995.5832,-261128.9973,42866.5859,506.9573,1044.5147
-303776.5485,-261174.5759,42601.9727,504.029,1078.329
-303726.3804,-261107.6343,42618.7461,490.3823,1036.3463
-303845.3135,-261212.8408,42632.4727,524.1102,1061.145
-304131.9037,-261182.8685,42949.0352,516.1158,1021.2079
-303900.1916,-261161.0158,42739.1758,494.022,1047.1361
-304059.2275,-261173.5791,42885.6484,489.494,1054.6308
-303534.6559,-261014.9333,42519.7227,495.6429,1047.2321
-303919.186,-261129.5337,42789.6523,498.0216,1052.4873
-303827.1945,-261195.6242,42631.5703,483.7879,1038.3841
-303922.4372,-261155.1872,42767.25,532.2394,1033.9621
-303967.3608,-261163.0327,42804.3281,518.0223,1049.3117
-304038.4673,-261187.0454,42851.4219,489.4877,1055.4984
-303651.3422,-261159.5805,42491.7617,514.617,1037.8273
-304016.7126,-261252.1852,42764.5273,459.38,1022.434
-304119.9564,-261240.9994,42878.957,521.3024,1028.9464
-303626.3345,-261214.4673,42411.8672,499.2932,1056.4561
-303846.8313,-261211.3821,42635.4492,513.2932,1046.9901
-303866.3401,-261140.9143,42725.4258,479.9048,1031.8872
-303964.3821,-261166.14,42798.2422,503.6501,1006.9803
-303873.2912,-261017.8615,42855.4297,473.6658,1046.1729
-303812.7095,-261089.7759,42722.9336,491.2511,1045.3899
-303648.4989,-261065.1044,42583.3945,488.9693,994.0642
-303684.4395,-261038.9004,42645.5391,494.3909,1072.6475
-303862.1892,-261090.8025,42771.3867,472.8275,1100.6495
-304061.7053,-261266.3811,42795.3242,508.3504,1070.0721
-303942.829,-261229.8329,42712.9961,508.0466,1074.1161
-303858.7076,-261097.8287,42760.8789,473.3718,1048.9008
-303788.1596,-261161.5463,42626.6133,486.7293,1048.5184
-303823.5338,-261181.2409,42642.293,488.705,1038.402
-303710.0293,-261075.7949,42634.2344,510.8663,1044.1306
-303971.974,-261187.8763,42784.0977,483.4292,1063.3345
-303769.1075,-261048.709,42720.3984,490.9813,1083.3789
-304024.8668,-261242.7066,42782.1602,522.8647,1042.3376
-304050.7644,-261211.4871,42839.2773,496.2469,1090.6954
-304092.0405,-261214.771,42877.2695,505.9509,1017.3512
-304018.2798,-261271.2486,42747.0312,505.3832,1041.9976
-303790.3212,-261091.9853,42698.3359,466.48,1040.7821
-303901.3921,-261198.1187,42703.2734,497.8241,1043.8558
-303700.7226,-261168.0742,42532.6484,495.0093,1048.213
-303667.6339,-261199.7276,42467.9062,508.0651,992.6972
-303873.9938,-261203.2165,42670.7773,511.6812,1026.5839
-303869.8314,-261169.9291,42699.9023,505.4516,1033.8713
-303649.0573,-261040.5221,42608.5352,506.0416,1063.3709
-303973.6178,-261146.9225,42826.6953,496.8821,1077.8732
-303859.1474,-260998.8935,42860.2539,481.4972,1013.2495
-303712.3848,-261187.8926,42524.4922,503.3066,1059.6656
-304072.9683,-261230.8394,42842.1289,533.9147,1022.0352
-303758.8806,-261150.0642,42608.8164,453.0978,1038.9478
-303815.0118,-261118.1759,42696.8359,497.2294,1061.2575
-303913.8648,-261122.7867,42791.0781,515.12,1058.005
-303580.9273,-261076.8609,42504.0664,503.9364,1064.3385
-304004.6328,-261081.4453,42923.1875,505.495,1006.4159
-303908.0904,-261152.7388,42755.3516,475.6301,1088.9456
-303848.4696,-261082.2352,42766.2344,478.1346,1067.6981
-303603.3355,-261049.9839,42553.3516,487.9281,1023.6354
-303916.7498,-261066.1951,42850.5547,493.7782,1066.0765
-303650.3335,-261159.0561,42491.2773,486.7327,1034.2804
-303930.7102,-261258.7258,42671.9844,481.0066,1071.7119
-304195.1296,-261152.9186,43042.2109,511.5486,1045.867
-303994.3421,-261208.2366,42786.1055,530.296,1054.1736
-303964.9531,-261199.1445,42765.8086,496.5075,1035.8236
-303966.1197,-261136.1588,42829.9609,524.8141,1043.6859
-303881.6416,-261261.3135,42620.3281,489.6364,1079.2305
-303873.0262,-261227.0613,42645.9648,495.3299,1024.6768
-303735.8811,-261198.9436,42536.9375,471.9125,1053.261
-303646.0865,-261150.067,42496.0195,471.4399,1097.6898
-304129.2823,-261174.1299,42955.1523,497.258,1041.4321
-303995.557,-261236.8812,42758.6758,508.4851,991.0411
-303823.3167,-261121.0276,42702.2891,456.3789,1111.438
-303897.126,-261204.9306,42692.1953,480.9891,1044.8896
-303922.9226,-261172.8093,42750.1133,494.7595,1056.264
-303887.3343,-261060.2484,42827.0859,499.3703,1069.3178
-303783.2277,-261153.5168,42629.7109,453.7972,1041.7692
-303797.572,-261134.8689,42662.7031,471.0837,1028.2922
-303675.4693,-261087.2857,42588.1836,498.5946,1090.1282
-303611.3276,-261094.8823,42516.4453,535.3477,1036.2625
-303637.0949,-261046.0363,42591.0586,460.5315,1077.1283
-303684.2904,-261145.2357,42539.0547,513.0727,1081.9394
-303611.7083,-261040.2825,42571.4258,504.3628,1003.3408
-303887.3526,-261074.7745,42812.5781,507.1734,1059.8643
-303827.9144,-261122.0902,42705.8242,514.5143,1042.4912
-303675.5643,-261135.2283,42540.3359,491.94,1069.03
-303760.2434,-261220.2161,42540.0273,485.6054,1017.298
-303974.9452,-261192.6132,42782.332,484.3075,1033.0039
-303536.6366,-261194.4842,42342.1523,464.1361,1003.7634
-303868.3635,-261163.9533,42704.4102,515.917,1077.16
-303749.7509,-261045.7587,42703.9922,498.3688,996.0745
-303913.8561,-261127.6569,42786.1992,495.9087,1041.1428
-304053.9291,-261131.6283,42922.3008,501.2391,1034.0042
-303881.1978,-261110.8814,42770.3164,514.9483,1013.3794
-303957.535,-261135.6678,42821.8672,517.5247,1077.7611
-303730.002,-261067.5997,42662.4023,481.5742,1045.5753
-304030.0973,-261259.8902,42770.207,452.9078,1078.8224
-303747.7624,-261195.7937,42551.9688,530.212,1094.8057
-303682.6386,-261111.4003,42571.2383,484.6874,1008.0355
-303818.3404,-261159.9302,42658.4102,491.5004,1056.2699
-303856.111,-261114.9821,42741.1289,491.2982,1070.2502
-303789.4866,-261197.721,42591.7656,489.9747,1067.5107
-303961.1565,-261073.6604,42887.4961,494.4809,1041.6802
-303913.6446,-261197.0704,42716.5742,499.9124,1054.8291
-303738.2935,-261105.2466,42633.0469,505.8843,1024.9782
-304111.9893,-261174.1572,42937.832,465.9332,1042.3388
-303758.5205,-261169.8838,42588.6367,507.5734,1039.6533
-303774.1814,-261091.4119,42682.7695,466.9575,1049.2936
-303762.0563,-261101.2321,42660.8242,487.8786,1031.7722
-303835.0726,-261147.3929,42687.6797,480.7712,1035.0903
-303755.244,-261080.0018,42675.2422,523.6403,1062.6754
-303755.179,-261035.3665,42719.8125,488.365,1030.9172
-304048.9566,-261184.6675,42864.2891,467.6989,1069.8015
-303710.4632,-261100.2132,42610.25,487.5225,1031.6545
-304075.1453,-261150.9656,42924.1797,488.8873,1051.9526
-303720.791,-261167.2207,42553.5703,486.9035,1101.0319
-303852.7918,-261150.7215,42702.0703,465.9804,1046.9828
-303888.2216,-261204.5849,42683.6367,505.7054,1056.8347
-303794.74,-261161.6619,42633.0781,508.8465,1018.7832
-303994.3194,-261158.7608,42835.5586,495.348,1055.8421
-303777.2651,-261064.6831,42712.582,487.0827,1045.1733
-303932.1023,-261139.8523,42792.25,493.0262,1061.6668
-303781.6397,-261164.3741,42617.2656,541.505,1038.5934
-303728.563,-261106.477,42622.0859,494.0009,1067.1625
-303832.5498,-261125.6397,42706.9102,500.0722,1046.851
-303749.8337,-261183.9235,42565.9102,538.9062,1055.7929
-303723.4612,-261139.8791,42583.582,494.7049,1041.4885
-303900.4409,-261160.1128,42740.3281,510.7035,1076.4278
-304125.2411,-261219.3934,42905.8477,493.9887,1061.0774
-304020.7696,-261178.9532,42841.8164,489.4126,1075.0575
-303790.2951,-261124.6896,42665.6055,483.8081,1054.7522
-304068.8073,-261186.905,42881.9023,506.7005,1072.9776
-303912.8201,-261105.4333,42807.3867,474.3262,1003.441
-303855.0643,-261195.2167,42659.8477,503.0015,1061.3964
-303806.2168,-261206.4785,42599.7383,523.1927,1096.3154
-304045.6538,-261183.1187,42862.5352,483.3653,1046.4624
-303856.5188,-261176.6008,42679.918,496.7577,1039.1329
-303743.4041,-261186.9237,42556.4805,476.2324,1048.4005
-303941.6647,-261209.6178,42732.0469,536.2553,1063.9052
-304010.1554,-261172.5382,42837.6172,477.6054,1109.4214
-304189.7862,-261196.0674,42993.7188,510.2088,1037.5347
-303988.7909,-261225.0995,42763.6914,495.504,1056.0207
-303759.7989,-261169.3653,42590.4336,497.7889,1049.0222
-303981.4295,-261260.7107,42720.7188,466.7831,1054.845
-303834.7355,-261216.9933,42617.7422,515.1082,1062.9142
-304101.7881,-261210.6513,42891.1367,474.6959,1033.7759
-303756.2498,-261199.1209,42557.1289,539.9545,1029.6142
-303776.0067,-261225.452,42550.5547,486.2108,1031.815
-303694.0858,-261070.1483,42623.9375,532.9921,1022.4214
-303761.6351,-261064.4945,42697.1406,535.9495,1040.5137
-303643.3416,-261115.2478,42528.0938,489.1702,1033.8065
-303815.225,-261164.0609,42651.1641,498.577,1026.6317
-303768.5673,-261151.5946,42616.9727,498.5835,1048.765
-303579.9235,-261047.2282,42532.6953,523.5455,1042.0635
-303742.8635,-261067.5822,42675.2812,474.3936,1041.3492
-303907.4593,-261145.0062,42762.4531,510.1364,1062.7992
-303768.645,-261047.6645,42720.9805,497.9063,1038.6386
-303676.6063,-261093.3875,42583.2188,506.0099,1054.4364
-303918.6544,-261063.8966,42854.7578,485.4324,1109.346
-303984.643,-261178.2094,42806.4336,497.5071,1045.4059
-303737.0706,-261077.4652,42659.6055,505.3337,1042.0567
-303710.2128,-261190.6151,42519.5977,477.9943,1038.4907
-304024.3604,-261191.7667,42832.5938,464.5212,1067.8031
-303573.2583,-261009.7817,42563.4766,495.6617,1029.1669
-303442.736,-261054.1031,42388.6328,477.7651,1049.889
-303886.8782,-261252.1165,42634.7617,515.9177,1067.0391
-303850.8774,-261109.5336,42741.3438,524.023,1081.563
-303801.818,-261183.3259,42618.4922,481.8039,1026.6689
-304001.0309,-261116.0856,42884.9453,478.431,995.9214
-303775.688,-261118.8365,42656.8516,492.6506,1043.3911
-303983.5952,-261240.6499,42742.9453,494.3525,1033.0959
-303663.6762,-261111.063,42552.6133,489.118,1079.877
-303700.4385,-261185.7237,42514.7148,513.9191,1028.0017
-303828.7002,-261156.5791,42672.1211,509.6801,1015.665
-303671.7397,-261112.6733,42559.0664,504.6525,1069.677
-303890.938,-261167.188,42723.75,530.5709,1075.851
-304009.769,-261111.2573,42898.5117,523.9279,1034.9636
-304077.7989,-261209.6153,42868.1836,510.4827,1032.4017
-303694.957,-261181.5781,42513.3789,497.2027,1080.7736
-303943.1088,-261108.0268,42835.082,499.2101,1054.3679
-303734.2616,-261111.6093,42622.6523,505.6558,1050.8212
-303906.4952,-261151.9757,42754.5195,513.304,1021.1781
-303975.605,-261143.7769,42831.8281,493.5653,1045.5669
-303996.0076,-261126.0857,42869.9219,526.8237,1053.4065
-304015.8524,-261153.9579,42861.8945,479.9624,1055.9997
-304015.9972,-261189.3214,42826.6758,495.506,1060.5882
-304041.4942,-261225.7677,42815.7266,517.5198,1070.5103
-303865.4188,-261215.493,42649.9258,489.1609,1043.26
-303937.3033,-261132.3346,42804.9688,488.2745,1088.8258
-303872.7385,-261196.5314,42676.207,488.3349,1018.7361
-303871.8417,-261247.8495,42623.9922,549.6435,1056.1629
-303858.9703,-261234.025,42624.9453,512.8545,1036.5482
-304128.3868,-261127.0587,43001.3281,501.5534,1118.491
-303752.9114,-261239.1067,42513.8047,519.8753,1059.121
-303876.7653,-261263.0895,42613.6758,493.8937,1020.586
-303857.3219,-261221.2516,42636.0703,518.0188,993.8791
-303803.3429,-261166.5343,42636.8086,485.7464,1046.8351
-303708.5511,-261170.637,42537.9141,483.7623,1037.4983
-303700.5278,-261214.6879,42485.8398,496.845,1020.2817
-303945.0245,-261115.4034,42829.6211,501.3343,1043.4172
-303838.4164,-261219.4476,42618.9688,517.9475,1015.3997
-303854.0051,-261219.0051,42635.0,495.7439,1038.7833
-303679.4087,-261169.6079,42509.8008,509.5695,1055.3794
-304003.9271,-261208.388,42795.5391,490.1077,1063.7301
-304037.8763,-261182.1185,42855.7578,482.4999,1037.6133
-303994.3454,-261164.7009,42829.6445,525.0573,1041.8433
-303628.801,-261115.3127,42513.4883,504.5436,1069.1726
-303869.1308,-261150.8456,42718.2852,482.9114,1051.2627
-304109.2192,-261218.9184,42890.3008,493.87,1024.495
-303831.833,-261163.9659,42667.8672,502.6769,1047.002
-304069.8486,-261123.7705,42946.0781,497.0384,1065.741
-303890.8982,-261226.2029,42664.6953,515.4557,1020.2
-303781.6422,-261073.9859,42707.6562,511.6679,1029.5365
-303935.459,-261100.7989,42834.6602,479.5555,1043.6094
-303679.6775,-261175.9549,42503.7227,496.8204,1052.5008
-304046.1977,-261172.643,42873.5547,513.2374,1023.4797
-304029.192,-261180.2663,42848.9258,481.7861,1062.2264
-303715.6792,-261090.2691,42625.4102,484.1884,1022.5679
-303949.5287,-261117.6068,42831.9219,475.201,1018.4318
-303956.5643,-261154.7401,42801.8242,493.755,1061.9441
-303884.9547,-261156.5133,42728.4414,512.8686,1013.2064
-303894.3475,-261137.3788,42756.9688,487.6555,1050.1853
-303866.3067,-261195.3106,42670.9961,501.8748,1053.9331
-303955.2297,-261184.0617,42771.168,476.0862,1068.817
-303510.2925,-261106.1519,42404.1406,489.4693,1052.2089
-303923.856,-261228.7388,42695.1172,492.8879,1030.5997
-303731.4523,-261194.9797,42536.4727,501.8124,1033.8457
-303824.8578,-261209.1352,42615.7227,486.0749,1035.8314
-303838.1735,-261147.4899,42690.6836,489.4806,1062.6348
-303967.9064,-261094.2462,42873.6602,478.9958,1077.2061
-303731.2541,-261128.2229,42603.0312,529.5876,1092.856
-303856.5699,-261195.027,42661.543,495.7871,1006.9879
-304115.8687,-261121.3921,42994.4766,483.6119,1019.1543
-303823.6906,-261081.8234,42741.8672,498.9501,1024.9419
-303911.0806,-261172.3775,42738.7031,495.71,1018.9392
-303700.8006,-261052.2459,42648.5547,488.9457,1042.2023
-303666.9075,-261054.5598,42612.3477,502.9081,1065.892
-303749.6922,-261209.8133,42539.8789,493.3512,1059.3418
-304019.6568,-261197.1334,42822.5234,490.7072,1061.1718
-303694.9382,-261180.1725,42514.7656,474.6005,1029.5355
-303876.8858,-261160.7843,42716.1016,503.7467,1024.2677
-303832.7127,-261147.3806,42685.332,508.301,1034.0709
-303981.696,-261160.0827,42821.6133,484.5497,1036.3804
-303654.9289,-261213.4211,42441.5078,492.5824,1048.9817
-303923.7294,-261246.4833,42677.2461,482.1926,1063.5614
-304012.7678,-261228.6077,42784.1602,474.7174,1052.7209
-303805.9862,-261227.576,42578.4102,519.0832,1034.6257
-304029.5855,-261246.8746,42782.7109,503.9982,1043.0224
-303833.5648,-261275.9828,42557.582,532.9334,1028.0945
-303777.0616,-261119.8663,42657.1953,497.5961,1035.2737
-303457.8156,-261144.8234,42312.9922,518.4493,1052.0077
-304328.631,-261173.799,43154.832,492.5479,1033.2012
-303824.7582,-261148.7934,42675.9648,504.2657,1071.7853
-303998.7137,-261143.5809,42855.1328,492.8443,1051.2809
-303976.8724,-261213.4544,42763.418,507.7681,1057.8637
-303832.5003,-261128.1839,42704.3164,460.3419,1035.9748
-303581.9462,-261105.372,42476.5742,487.2636,1005.8054
-303757.5479,-261078.7628,42678.7852,502.1511,1096.1005
-303736.9957,-261109.6168,42627.3789,496.8878,1009.7396
-303848.3409,-261138.9034,42709.4375,507.1427,1044.2585
-303587.634,-261077.634,42510.0,520.7008,990.4073
-303708.7454,-261193.5618,42515.1836,512.5952,1070.8446
-303936.8354,-261238.5346,42698.3008,489.9927,1023.8968
-303873.9703,-261110.0484,42763.9219,490.4966,1079.978
-303401.4308,-261098.8058,42302.625,494.3744,1026.1557
-303940.0945,-261204.3289,42735.7656,474.639,1027.9308
-303971.9317,-261067.3887,42904.543,488.1228,1005.1391
-303706.8807,-261059.5526,42647.3281,518.2024,1002.822
-303759.323,-261121.9089,42637.4141,489.8606,1022.874
-303563.8446,-261046.3017,42517.543,498.6684,1029.7319
-303811.5603,-261103.8962,42707.6641,485.329,1029.5347
-303807.4459,-261037.3795,42770.0664,479.8076,1077.8791
-303836.336,-261210.7696,42625.5664,483.8122,1079.1579
-303639.6252,-261276.3049,42363.3203,511.6179,1037.4359
-304265.7815,-261182.8948,43082.8867,486.2167,1051.1943
-303911.8837,-261147.497,42764.3867,505.3275,1064.4417
-303827.8775,-261190.8306,42637.0469,503.8609,1058.3899
-303916.6596,-261227.7885,42688.8711,532.9841,1049.481
-303994.826,-261238.7518,42756.0742,519.3096,1061.3511
-303878.823,-261175.8348,42702.9883,486.0364,1081.8238
-303587.2598,-261165.1114,42422.1484,508.7445,1080.1211
-304116.2082,-261207.6301,42908.5781,473.049,1054.855
-303884.0804,-261069.2171,42814.8633,471.5139,1018.5997
-303899.3265,-261190.2132,42709.1133,489.7187,1010.7613
-303836.239,-261130.1765,42706.0625,489.8731,997.2771
-303826.006,-261144.549,42681.457,518.9597,1043.8671
-303950.3792,-261170.5979,42779.7812,511.0235,1048.3626
-303929.4483,-261219.4366,42710.0117,531.0056,1052.0574
-303992.8667,-261266.0972,42726.7695,488.7678,1060.2313
-303777.1495,-261215.8878,42561.2617,520.7662,1058.8336
-303782.7203,-261136.8883,42645.832,497.1528,1046.0759
-304093.9185,-261141.8912,42952.0273,452.4017,1043.5755
-303930.0712,-261117.0868,42812.9844,469.5686,1034.1778
-303870.6974,-261141.1428,42729.5547,476.0649,1089.7366
-303881.1465,-261234.5176,42646.6289,496.9685,1067.0191
-303862.1764,-261169.8522,42692.3242,522.7175,1024.5068
-303968.9779,-261201.9974,42766.9805,490.0574,1023.407
-303616.8263,-261111.9162,42504.9102,493.3619,1059.3608
-303922.6966,-261134.1029,42788.5938,498.6707,1082.7547
-303776.4039,-261254.0641,42522.3398,518.6592,1077.0775
-303788.0207,-261138.2941,42649.7266,494.1727,981.3735
-303960.2448,-261204.2839,42755.9609,534.3614,1031.3444
-303822.2727,-261155.1555,42667.1172,484.278,1031.4679
-303813.4571,-261189.1368,42624.3203,483.7711,1056.6767
-303879.0373,-261284.4045,42594.6328,496.8211,1064.2992
-303974.1822,-261128.444,42845.7383,523.2044,1003.0796
-303865.9791,-261127.4674,42738.5117,560.5351,1065.8064
-303694.9997,-261133.4567,42561.543,507.0765,1078.2607
-303835.2995,-261084.6901,42750.6094,507.6098,1018.0391
-303784.4547,-261070.2789,42714.1758,535.6577,1065.9883
-303625.4501,-261175.7431,42449.707,488.9606,1067.0209
-303833.2033,-261152.6447,42680.5586,485.5993,1051.2664
-303985.3167,-261081.5667,42903.75,497.6071,1068.0951
-303685.9212,-261173.7571,42512.1641,533.2355,985.878
-303929.261,-261250.2142,42679.0469,505.8556,1047.8097
-303945.9914,-261214.6203,42731.3711,492.8596,1035.0484
-303742.2032,-261065.1133,42677.0898,497.4207,1030.5414
-303994.9947,-261136.3853,42858.6094,489.9197,1013.1436
-303731.1709,-261094.4638,42636.707,499.673,1024.1399
-303737.3551,-261198.5465,42538.8086,496.4929,1061.7136
-303953.6677,-261090.988,42862.6797,489.4885,1050.5857
-303868.0508,-261150.7344,42717.3164,495.1711,1056.3815
-303858.1989,-261147.656,42710.543,500.8384,1057.1873
-303912.306,-261130.4271,42781.8789,551.7148,1057.662
-303792.0895,-261305.2419,42486.8477,497.6339,1055.9633
-303899.6806,-261141.0165,42758.6641,510.3184,1009.297
-303920.0082,-261166.7621,42753.2461,513.6021,1038.5369
-303791.6355,-261188.7332,42602.9023,490.9676,1074.1987
-303924.6963,-261188.2862,42736.4102,465.1846,1067.0419
-303878.5682,-261165.5526,42713.0156,473.6708,1071.6999
-304012.0128,-261244.6261,42767.3867,459.6388,1082.5349
-303875.0843,-261075.2366,42799.8477,484.189,1026.3217
-303855.1889,-261166.2905,42688.8984,487.8919,1031.4145
-303803.4335,-261193.0234,42610.4102,509.4654,1065.6744
-303713.2867,-261115.7828,42597.5039,489.4935,1061.7986
-303945.016,-261191.1839,42753.832,502.3152,1051.5947
-303802.5679,-261152.3531,42650.2148,506.6517,1016.7871
-304127.955,-261139.1269,42988.8281,485.0768,1060.646
-303551.3436,-261164.8162,42386.5273,487.056,1083.6542
-303786.5752,-261210.6221,42575.9531,498.3276,1012.7629
-304006.0988,-261131.2004,42874.8984,504.2875,1003.4085
-303856.8008,-261036.6524,42820.1484,484.6735,1046.6121
-303798.8712,-261098.918,42699.9531,546.8936,1032.2567
-303735.9449,-261093.7066,42642.2383,520.5462,1010.7259
-303663.4262,-261078.9692,42584.457,484.8419,1049.718
-303870.3666,-261187.9721,42682.3945,493.0595,1038.5826
-303792.8318,-261089.9217,42702.9102,482.3275,1041.52
-303619.0682,-261128.2362,42490.832,499.7722,1007.0047
-303890.7571,-261062.0384,42828.7188,511.4821,1049.5019
-303634.557,-261210.975,42423.582,458.4606,1071.3022
-303657.9869,-261085.3462,42572.6406,483.8662,1052.8833
-303888.0526,-261125.3768,42762.6758,523.457,1042.4907
-303788.3619,-261169.1002,42619.2617,507.1281,1040.13
-303560.4856,-261021.7512,42538.7344,494.6292,1041.4768
-303921.4331,-261130.5503,42790.8828,511.6648,1034.0235
-303829.1561,-261053.2694,42775.8867,474.1626,1037.5863
-303714.896,-261098.5366,42616.3594,510.4118,1026.9298
-303854.1044,-261081.7646,42772.3398,488.141,1045.5088
-303658.2125,-261035.6852,42622.5273,471.9327,1101.3211
-303968.7753,-261227.7792,42740.9961,530.6653,1056.8376
-303760.443,-261118.4782,42641.9648,502.5377,1069.0793
-303590.2689,-261109.9291,42480.3398,457.8848,1016.9003
-303812.6325,-261122.1599,42690.4727,497.9796,1042.572
-303797.8847,-261034.748,42763.1367,467.2735,1029.8911
-303827.6861,-261123.7564,42703.9297,443.4681,1047.938
-304051.3888,-261163.1545,42888.2344,432.9484,1034.5593
-303751.3215,-261085.2199,42666.1016,507.5605,1046.4118
-304022.1857,-261149.8302,42872.3555,480.8243,1032.9448
-303933.4185,-261159.9497,42773.4688,501.7921,1004.751
-303690.1599,-261009.7068,42680.4531,471.9624,1024.122
-303874.9138,-261034.5545,42840.3594,474.4576,1057.9901
-303779.5234,-261089.7929,42689.7305,467.5342,1017.4856
-303827.6347,-261207.0293,42620.6055,506.6019,1046.2599
-303757.3551,-261003.1207,42754.2344,497.3057,1051.1887
-303951.0368,-261155.2477,42795.7891,500.4344,981.9476
-303769.4149,-261093.7196,42675.6953,492.0666,1018.9035
-303890.6162,-261101.7099,42788.9062,493.624,1037.6001
-303757.9536,-261034.0279,42723.9258,517.4248,1046.5412
-303646.4059,-261080.5543,42565.8516,473.0459,1032.2623
-304007.2697,-261083.2501,42924.0195,489.7707,995.5623
-303988.2704,-261327.8564,42660.4141,520.7788,1010.1754
-304053.6279,-261277.2725,42776.3555,488.6547,1009.5918
-303827.1697,-261053.4041,42773.7656,523.08,1024.6654
-304058.1798,-261196.7931,42861.3867,492.658,1016.9709
-303624.3617,-261121.9242,42502.4375,493.5915,1037.8099
-303832.8072,-261085.1002,42747.707,483.0798,1047.572
-303828.4759,-261222.9954,42605.4805,490.5247,1041.644
-303889.2913,-261072.0804,42817.2109,432.1382,1023.7591
-303895.017,-261144.9389,42750.0781,498.1505,1034.5551
-303776.878,-261116.1358,42660.7422,528.8893,1061.7732
-303971.9105,-261126.4652,42845.4453,485.9854,1004.5381
-303873.2174,-261186.8189,42686.3984,502.5329,1008.9807
-303731.6851,-261062.0757,42669.6094,481.774,1043.0752
-303762.444,-261243.9283,42518.5156,483.3274,1038.4094
-303899.4804,-261153.0155,42746.4648,477.1986,974.7142
-304001.0014,-261184.8725,42816.1289,504.2186,1045.1573
-303781.7569,-261183.0029,42598.7539,472.728,1075.8996
-303626.8283,-261088.9572,42537.8711,493.209,1008.7548
-303673.3079,-261071.4837,42601.8242,485.4193,1038.1146
-303733.8712,-261070.0744,42663.7969,457.5963,1025.2658
-303664.0611,-261161.6119,42502.4492,511.2166,1025.6865
-303864.8151,-261018.03,42846.7852,507.5869,1006.2071
-304004.473,-261142.8832,42861.5898,490.0901,988.7238
-303606.5959,-261067.0686,42539.5273,486.9203,1010.1338
-303705.8735,-261020.061,42685.8125,474.6367,1053.3474
-303922.9288,-261143.4288,42779.5,468.8363,1059.1363
-303630.7374,-261051.6085,42579.1289,515.82,1104.8217
-303848.9815,-261078.4073,42770.5742,510.0746,1006.5114
-303695.8665,-261082.4524,42613.4141,497.7158,1017.3966
-303926.0314,-261158.9377,42767.0938,472.5863,1063.4254
-303798.79,-261147.4463,42651.3438,505.5424,1015.5201
-303929.7328,-261113.9398,42815.793,507.9908,1010.4151
-303903.7822,-261175.1963,42728.5859,494.2664,1004.9527
-303761.4447,-261048.347,42713.0977,497.5607,1017.3564
-304103.0591,-261141.2857,42961.7734,491.3458,994.9386
-304039.9558,-261195.3543,42844.6016,473.1555,1023.3079
-303643.4283,-261109.6002,42533.8281,477.4536,1060.4913
-303918.3418,-261050.1894,42868.1523,497.0499,1091.4854
-303896.4657,-261194.0517,42702.4141,485.8866,1064.2276
-303789.3432,-261138.4369,42650.9062,525.6955,1051.0088
-303878.2568,-261093.6552,42784.6016,502.2442,1057.0757
-303734.4779,-261084.4037,42650.0742,485.5143,1052.6155
-303773.9711,-261167.725,42606.2461,502.3491,1033.8416
-304070.752,-261258.2324,42812.5195,500.7996,1034.644
-303792.8261,-261193.1659,42599.6602,541.5682,1020.9687
-303777.9501,-261163.0673,42614.8828,485.7489,1002.2553
-303892.3714,-261158.4418,42733.9297,494.4397,1036.0112
-303928.4378,-261126.2854,42802.1523,491.8582,1040.128
-303899.8062,-261081.8882,42817.918,527.2362,1041.3518
-303631.4187,-261139.3327,42492.0859,521.1289,1047.101
-303651.6561,-261026.328,42625.3281,482.5034,1064.9494
-303777.173,-261110.7199,42666.4531,517.9809,1025.1746
-303923.0797,-261178.529,42744.5508,503.6227,1010.8788
-303787.3096,-261140.0557,42647.2539,521.4156,1037.2595
-303823.7127,-261106.8181,42716.8945,493.9757,1036.2062
-303758.4864,-261108.6934,42649.793,468.8416,1017.5761
-303743.1456,-261105.5753,42637.5703,469.5262,1019.5694
-303869.4329,-261103.5267,42765.9062,473.0707,1005.3629
-303662.3898,-261048.5968,42613.793,517.569,1009.7944
-303783.9801,-261168.6755,42615.3047,487.423,1042.6846
-303859.7892,-261222.3009,42637.4883,492.7389,1026.0469
-303762.8091,-261117.9458,42644.8633,545.6536,1027.0015
-304041.4092,-261214.4248,42826.9844,470.0062,1013.1621
-303942.1594,-261142.7453,42799.4141,502.5801,1014.5132
-303684.644,-261108.1635,42576.4805,494.1062,1039.2601
-303960.1768,-261196.5518,42763.625,535.5578,1050.1901
-303873.7993,-261110.186,42763.6133,503.6411,1079.4463
-303830.7926,-261116.7301,42714.0625,516.5152,1087.0213
-303688.5397,-261221.1335,42467.4062,509.6003,1002.0332
-303774.6382,-261033.0952,42741.543,477.704,1048.2574
-303826.583,-261112.6025,42713.9805,478.4395,1073.3717
-303659.2279,-261157.5912,42501.6367,475.5189,1070.6557
-304031.3165,-261147.1915,42884.125,515.9277,1046.3978
-303743.576,-261175.658,42567.918,491.0396,1079.6193
-303668.3125,-261134.2657,42534.0469,488.8946,1044.7735
-304006.1655,-261115.7007,42890.4648,489.7698,1068.5502
-303681.3846,-261084.1775,42597.207,488.5211,1092.1451
-303774.6738,-261143.1347,42631.5391,506.131,1045.6199
-304022.6466,-261181.2521,42841.3945,506.7129,1039.6542
-303818.0554,-261104.9304,42713.125,489.6294,1085.1392
-304022.8511,-261111.9917,42910.8594,522.9998,1019.4962
-304035.386,-261217.0657,42818.3203,525.4674,1074.3582
-304091.521,-261198.021,42893.5,485.3012,1069.5378
-303720.828,-261190.703,42530.125,513.6195,1062.2547
-303915.5766,-261095.6938,42819.8828,493.2382,1009.1787
-303703.0235,-261132.3164,42570.707,491.1528,1075.8906
-304137.8317,-261280.988,42856.8438,488.0535,1068.1708
-303856.7832,-261123.9551,42732.8281,517.8227,1033.1089
-303778.9772,-261166.3561,42612.6211,514.5743,1021.5731
-303868.3406,-261155.571,42712.7695,489.8306,1064.4464
-303588.6325,-261092.5505,42496.082,477.7688,1040.6711
-303706.9574,-261127.4457,42579.5117,482.082,1054.0388
-303925.6461,-261071.986,42853.6602,501.5375,1052.6599
-303868.0147,-261190.249,42677.7656,481.1886,1049.1199
-304074.7471,-261125.8096,42948.9375,528.4571,1036.8572
-303803.0961,-261145.0532,42658.043,501.2624,1035.4101
-303789.0835,-261176.0992,42612.9844,516.7015,1044.8695
-303614.4755,-261214.7333,42399.7422,481.8788,1044.7789
-303972.0802,-261215.1076,42756.9727,503.6294,1051.2437
-303808.3003,-261130.855,42677.4453,480.7223,985.201
-304083.0277,-261247.7894,42835.2383,478.415,1080.816
-303752.3764,-261163.7397,42588.6367,466.2882,1052.2232
-303777.2777,-261123.559,42653.7188,481.0782,1014.1901
-303526.6731,-261084.0676,42442.6055,497.7329,1008.9892
-304163.2528,-261201.5224,42961.7305,504.8404,1024.9272
-304115.1348,-261246.1895,42868.9453,484.9031,1054.7593
-303612.6664,-261120.307,42492.3594,461.8234,1041.5938
-303704.2795,-261161.7951,42542.4844,489.608,1037.7241
-303791.0778,-261116.7731,42674.3047,513.2417,1020.8953
-303767.5199,-261220.641,42546.8789,480.8397,1024.1027
-303983.7448,-261140.6745,42843.0703,492.8511,1038.1512
-303722.8415,-261139.9352,42582.9062,480.0135,1024.8543
-303554.1804,-261058.6648,42495.5156,469.3088,1023.5934
-303999.3009,-261158.2891,42841.0117,512.9192,1043.3547
-303765.5669,-261145.5981,42619.9688,508.1577,1063.3838
-303576.1248,-261116.4725,42459.6523,486.717,1029.5024
-303871.5587,-261154.211,42717.3477,513.1565,1025.7016
-303901.638,-261092.4934,42809.1445,513.8965,1034.7761
-303789.6197,-261163.7564,42625.8633,483.9634,1074.3704
-303792.9939,-261090.7947,42702.1992,467.0513,1044.0461
-303683.7382,-261118.5312,42565.207,493.258,1055.0081
-304021.9364,-261127.6707,42894.2656,512.6238,992.7502
-303839.1524,-261040.918,42798.2344,491.8609,1029.8758
-303930.0932,-261154.4448,42775.6484,474.39,1059.7842
-303890.8695,-261038.6937,42852.1758,499.9808,1043.3692
-303725.981,-261098.645,42627.3359,505.2431,1056.3502
-303610.71,-261090.96,42519.75,473.0201,1034.6888
-304051.7844,-261195.3235,42856.4609,499.974,1032.5083
-303946.0329,-261151.1618,42794.8711,542.369,1048.1016
-303828.8886,-261221.3105,42607.5781,505.8212,1006.7939
-303867.1024,-261113.0438,42754.0586,494.4135,1059.1892
-303679.2231,-261198.3051,42480.918,532.7483,1044.9358
-303964.1008,-261195.2414,42768.8594,462.1375,1038.3617
-303944.802,-261135.2044,42809.5977,510.5443,1047.3366
-303819.8558,-261036.7073,42783.1484,500.9389,1011.0891
-303878.5029,-261139.0419,42739.4609,491.9735,1041.8421
-303738.0621,-261146.1636,42591.8984,536.1803,1049.8758
-303923.3176,-261075.5012,42847.8164,459.9104,1051.8869
-303886.3789,-261143.6992,42742.6797,439.2645,1052.3648
-303863.8137,-261223.423,42640.3906,537.7212,1020.2079
-303618.0222,-261135.5105,42482.5117,492.213,1052.5961
-303977.9659,-261118.462,42859.5039,474.6601,1011.3631
-303750.0117,-261208.5938,42541.418,507.5039,1056.3088
-303769.6885,-261174.9424,42594.7461,501.1905,1042.7969
-303984.7882,-261155.171,42829.6172,487.8001,1017.8161
-303753.2961,-261119.9484,42633.3477,495.8304,983.0704
-304120.1135,-261174.7815,42945.332,539.2869,1070.099
-303946.148,-261181.7222,42764.4258,492.5892,1043.4448
-303816.3389,-261094.6944,42721.6445,491.8569,1059.1722
-303874.4364,-261231.116,42643.3203,526.1513,1029.7181
-303770.9744,-261177.1853,42593.7891,521.265,1032.7749
-304085.6779,-261163.0295,42922.6484,480.502,1061.6147
-303890.8139,-261192.5639,42698.25,458.9155,1045.6137
-303884.124,-261150.288,42733.8359,475.0452,1046.5694
-303461.8446,-261076.915,42384.9297,483.1143,1094.7301
-303775.3598,-261182.145,42593.2148,482.5767,1042.4575
-303757.5356,-261093.9535,42663.582,529.5365,1035.8633
-303855.2676,-261300.3965,42554.8711,483.6464,1062.1241
-304106.9761,-261338.1793,42768.7969,489.5147,1059.2297
-304038.9015,-261232.2492,42806.6523,502.7212,1053.1402
-303813.6695,-261165.9156,42647.7539,504.4379,1045.3042
-303877.7536,-261048.9216,42828.832,483.9398,1002.3517
-303992.2488,-261279.3348,42712.9141,497.4758,1049.4864
-303715.6113,-261208.1035,42507.5078,493.6898,1044.7709
-304165.3208,-261212.6294,42952.6914,497.2431,1027.4509
-303732.0313,-261149.0078,42583.0234,474.3332,1004.1919
-303663.4092,-261159.8624,42503.5469,501.6704,1031.6484
-303942.0491,-261275.846,42666.2031,500.1344,1045.2464
-303684.0945,-261079.0789,42605.0156,510.5435,1035.8159
-303805.4235,-261074.8571,42730.5664,513.7637,1062.7002
-303726.5569,-261215.0882,42511.4688,487.3359,1059.5326
-303960.774,-261146.0006,42814.7734,485.64,1090.747
-303902.0006,-261086.8561,42815.1445,508.2153,1022.0743
-303755.2443,-261122.4474,42632.7969,457.9187,1040.958
-303882.6448,-261169.6253,42713.0195,461.6955,1006.6378
-303449.9945,-261115.975,42334.0195,490.9424,1071.2479
-303973.2434,-261117.427,42855.8164,468.7966,1026.9175
-303961.6497,-261052.2942,42909.3555,479.6147,1022.0125
-303591.7308,-261124.6293,42467.1016,519.3947,1067.917
-303940.2629,-260985.9504,42954.3125,536.747,1054.5113
-303953.2323,-261184.3807,42768.8516,484.4881,1034.4605
-303804.8954,-261081.6688,42723.2266,513.9958,1065.9655
-303769.8975,-261120.085,42649.8125,507.6043,1082.248
-303884.2578,-261222.582,42661.6758,505.4925,1027.0395
-303551.5812,-261067.1749,42484.4062,518.8339,1042.1214
-303652.1621,-261147.8652,42504.2969,468.0742,1055.001
-303708.6811,-261064.3373,42644.3438,476.2137,1066.6004
-303817.952,-261184.5496,42633.4023,505.9725,1016.2894
-303824.0645,-261225.1505,42598.9141,490.1208,1049.7602
-303743.1561,-261107.91,42635.2461,490.7161,1018.2156
-303796.7883,-261146.8898,42649.8984,482.9278,1028.6714
-303924.7227,-261117.7617,42806.9609,500.2485,1023.8348
-304012.1946,-261225.2141,42786.9805,497.9927,1046.5172
-303556.0236,-261139.2502,42416.7734,508.1291,1030.2318
-303833.0894,-261206.4996,42626.5898,488.494,1023.3469
-303859.6619,-261221.6853,42637.9766,496.4709,1039.8083
-303935.0159,-261182.5862,42752.4297,492.0925,1062.9886
-303618.7293,-261020.1199,42598.6094,485.7568,1019.2688
-303777.2596,-261142.1151,42635.1445,497.3059,1089.7778
-303920.2046,-261108.7827,42811.4219,486.0153,1057.3248
-303539.9156,-261145.9625,42393.9531,488.6202,1049.9127
-303926.1969,-261192.8453,42733.3516,487.7028,1044.9554
-303885.842,-261103.4709,42782.3711,481.9066,1033.4309
-303988.1875,-261092.8516,42895.3359,521.7478,1035.3953
-303672.2053,-261172.0256,42500.1797,488.4741,1063.6613
-303844.1823,-261189.3815,42654.8008,512.4059,1051.4878
-303890.3277,-261153.105,42737.2227,488.9177,982.9292
-303914.2029,-261180.4959,42733.707,538.0373,1033.6821
-303750.553,-261304.1976,42446.3555,540.4116,1067.3143
-303898.2208,-261299.7326,42598.4883,508.3957,1030.1204
-303709.8729,-261158.7869,42551.0859,504.2457,1051.2098
-303714.6317,-261169.2059,42545.4258,479.2936,1067.0457
-304045.7931,-261143.8087,42901.9844,486.0894,1056.8255
-303752.2505,-261113.2779,42638.9727,491.9467,1004.9354
-303743.2367,-261123.8539,42619.3828,469.9826,1042.9799
-303821.6132,-261142.9647,42678.6484,468.3528,1091.7645
-303711.7653,-261052.0153,42659.75,442.0232,1022.4104
-303696.0753,-261042.9894,42653.0859,476.7938,1006.7652
-303817.1312,-261119.9984,42697.1328,500.5418,1081.7587
-303833.796,-261136.5929,42697.2031,527.8082,1010.0102
-303619.0984,-261114.1297,42504.9688,511.5254,1016.4037
-303669.375,-261080.5352,42588.8398,508.7292,1024.2895
-303645.3848,-261161.5957,42483.7891,469.5791,1018.44
-303919.9058,-261174.9254,42744.9805,504.8427,1006.6149
-303706.5373,-261099.5216,42607.0156,489.8952,1016.1351
-303786.144,-261128.4253,42657.7188,492.2449,1021.3322
-303741.5351,-261170.25,42571.2852,481.0767,1026.6971
-303706.4141,-261110.6602,42595.7539,485.5452,1037.8762
-303667.6183,-261141.134,42526.4844,504.2906,1040.2185
-303853.1418,-261129.0988,42724.043,513.4095,1045.7725
-303637.7374,-261181.4952,42456.2422,478.1472,1042.717
-303837.7883,-261129.1282,42708.6602,500.3802,1033.8186
-304014.5303,-261100.3115,42914.2188,520.1923,1030.7158
-304002.2265,-261187.7616,42814.4648,490.3715,1063.9621
-303897.7441,-261126.1855,42771.5586,476.9856,1037.695
-303780.5715,-261045.8957,42734.6758,491.3305,1057.0381
-303887.5324,-261210.1574,42677.375,494.9366,1079.3987
-304175.938,-261224.0044,42951.9336,513.8575,1091.0607
-303730.8986,-261029.9455,42700.9531,502.6426,1004.1809
-303483.5948,-261110.5675,42373.0273,486.7502,1050.6098
-303968.6932,-261177.4042,42791.2891,515.5042,1040.8513
-303775.4937,-261206.3453,42569.1484,493.8161,1028.721
-303614.9005,-261191.5958,42423.3047,512.3363,1078.2614
-303764.0976,-261130.0,42634.0977,469.4234,1062.5399
-303767.5191,-261122.5933,42644.9258,465.7823,1058.4309
-303708.1058,-261142.0042,42566.1016,461.3169,1032.385
-303790.644,-261184.2026,42606.4414,507.8145,1027.8182
-303846.7606,-261176.7411,42670.0195,505.1099,1063.9574
-303939.5012,-261238.966,42700.5352,524.4862,1062.9137
-303526.8866,-261110.1718,42416.7148,519.9668,1015.074
-303725.2751,-261131.0329,42594.2422,459.2717,1019.6304
-303791.9238,-261214.2324,42577.6914,518.5067,1072.6793
-303794.5722,-261150.4081,42644.1641,517.655,1035.0354
-303900.0588,-261194.715,42705.3438,472.731,1036.336
-303956.7687,-261266.3859,42690.3828,544.3571,1021.2675
-304073.0597,-261211.7121,42861.3477,511.4827,1078.2605
-303871.1721,-261169.6096,42701.5625,512.0921,1018.904
-303934.0493,-261221.6665,42712.3828,513.8637,1039.7446
-303666.6024,-261138.2626,42528.3398,475.2863,1021.7113
-303857.4775,-261169.4736,42688.0039,481.2898,1021.3907
-304002.7129,-261213.455,42789.2578,497.6627,1015.4791
-303728.3945,-261043.4882,42684.9062,520.8723,1053.2643
-303672.9632,-261173.8773,42499.0859,516.4792,1085.1109
-303590.4421,-261145.0476,42445.3945,479.7904,1055.5208
-303936.2093,-261071.6897,42864.5195,508.7109,1000.1207
-304012.7939,-261195.6533,42817.1406,500.0672,1043.4494
-303849.5506,-261160.2381,42689.3125,478.748,1040.5996
-303831.8358,-261164.4764,42667.3594,491.9165,1072.1624
-303883.5093,-261141.3843,42742.125,471.2166,1001.0803
-304087.4531,-261195.168,42892.2852,486.1355,1066.3126
-304051.9813,-261210.0946,42841.8867,525.0818,1024.1002
-303568.4106,-261163.4966,42404.9141,498.5402,1056.3469
-303648.9287,-261077.3506,42571.5781,486.9333,1013.5178
-303903.5162,-261119.0162,42784.5,514.8675,1025.5399
-304036.2298,-261101.7064,42934.5234,485.3927,1089.3056
-303950.7108,-261204.8045,42745.9062,526.5141,1047.3845
-303842.4394,-261146.2988,42696.1406,510.0386,1083.9172
-303783.361,-261179.697,42603.6641,509.8665,1047.6517
-303787.6849,-261113.0951,42674.5898,491.3703,1041.0031
-303836.9517,-261114.0533,42722.8984,475.9226,1037.8815
-303882.1181,-261174.9657,42707.1523,508.1783,1053.5005
-304035.4984,-261242.057,42793.4414,531.6331,1047.5716
-303996.3077,-261211.3585,42784.9492,491.3717,1006.7109
-303763.5121,-261119.0824,42644.4297,501.1594,1012.4078
-303874.9435,-261217.8536,42657.0898,503.5157,1064.4556
-303703.9259,-261118.6368,42585.2891,519.078,1059.5543
-303949.2747,-261153.4154,42795.8594,504.787,1053.4882
-304007.1937,-261194.2093,42812.9844,467.4251,1066.4022
-303740.5998,-261170.01,42570.5898,492.2674,1055.9454
-303911.0615,-261167.0693,42743.9922,525.603,1067.8122
-303757.5896,-261115.449,42642.1406,533.1316,1041.9883
-304062.4285,-261179.2606,42883.168,483.1277,1082.2715
-303825.3197,-261096.7337,42728.5859,463.4999,1013.801
-303363.4273,-261063.7945,42299.6328,479.9661,1069.2742
-303682.1715,-261092.9801,42589.1914,515.2996,1064.953
-303726.2878,-261145.2018,42581.0859,510.1053,1080.5592
-303526.777,-261045.8942,42480.8828,493.7412,1051.6228
-303814.3751,-261074.6915,42739.6836,478.8472,1022.3363
-303863.9578,-261227.7625,42636.1953,499.0333,1073.7202
-303642.5336,-261199.0727,42443.4609,484.2668,1045.306
-303880.266,-261237.016,42643.25,498.8676,1055.9314
-303673.7127,-261067.701,42606.0117,452.2847,1055.3879
-303812.7656,-261112.6406,42700.125,460.2293,1020.9996
-303611.1335,-261102.61,42508.5234,500.8756,1084.8158
-304011.1829,-261244.1985,42766.9844,498.2061,1051.3095
-303792.9219,-261039.2344,42753.6875,484.0591,1050.3616
-304009.9605,-261089.7027,42920.2578,479.4855,1070.3342
-304119.2363,-261224.2675,42894.9688,500.3274,1042.3888
-303807.6626,-261236.0493,42571.6133,479.264,1015.2723
-303929.7669,-261180.3098,42749.457,473.1259,1040.4378
-303818.1639,-261160.781,42657.3828,506.8167,1033.183
-303735.9243,-261121.6431,42614.2812,536.737,1027.3025
-304001.3326,-261128.6724,42872.6602,470.8781,1034.3086
-303727.4267,-261188.5908,42538.8359,503.4389,1018.9522
-303915.1146,-261095.8724,42819.2422,503.2162,1070.2692
-303738.3229,-261108.9049,42629.418,516.061,1060.6854
-303836.8507,-261114.4367,42722.4141,504.0997,1001.14
-303950.9459,-261252.192,42698.7539,533.8266,1050.7094
-303826.8415,-261164.447,42662.3945,468.7438,1049.3951
-303741.5062,-261202.4202,42539.0859,509.6605,1006.4764
-303926.6141,-261093.6414,42832.9727,496.3494,999.8005
-303903.1719,-261210.7227,42692.4492,491.5895,1018.0581
-303974.1798,-261271.8556,42702.3242,508.9625,1064.9075
-303810.315,-261128.8814,42681.4336,473.0028,1055.1648
-304143.4891,-261222.7118,42920.7773,526.5095,1041.9965
-304052.8637,-261198.8324,42854.0312,515.385,1121.0706
-303654.862,-261143.9011,42510.9609,498.181,1030.2507
-303846.2775,-261218.1994,42628.0781,491.0509,1042.3744
-303848.6719,-261102.4062,42746.2656,501.9377,1028.1213
-303985.3099,-261297.0677,42688.2422,488.5256,1049.0662
-303588.9612,-261062.8714,42526.0898,468.4508,1050.4701
-303728.8349,-261211.8389,42516.9961,480.7108,997.4218
-303826.4994,-261077.14,42749.3594,479.591,1017.0888
-303847.7112,-261113.6253,42734.0859,469.8662,998.6966
-303927.661,-261253.3016,42674.3594,524.4273,1058.8825
-303689.0998,-261094.5803,42594.5195,474.0117,1047.7492
-303975.3459,-261190.4436,42784.9023,487.5653,1009.2259
-303858.7862,-261121.8058,42736.9805,504.2448,1040.656
-303584.6379,-261061.802,42522.8359,504.7245,1079.7122
-303860.9611,-261221.5197,42639.4414,499.9159,1060.7869
-303612.513,-261109.3841,42503.1289,491.1637,1043.7058
-303666.9583,-261094.4076,42572.5508,476.5415,1070.12
-303549.8592,-261104.66,42445.1992,494.3539,1048.2904
-303846.5406,-261078.8921,42767.6484,482.5008,1047.2441
-304042.8306,-261182.2837,42860.5469,526.0229,1090.9426
-303721.4929,-261109.489,42612.0039,498.4312,1027.2481
-303982.111,-261225.9353,42756.1758,501.8632,994.7986
-303876.4093,-261143.7648,42732.6445,496.6719,1068.0103
-303899.5519,-261215.0558,42684.4961,506.676,1085.6781
-303842.7443,-261096.4748,42746.2695,469.978,1020.1834
-304131.2503,-261250.4652,42880.7852,526.3687,1083.6579
-303855.2533,-261134.7221,42720.5312,498.0501,1110.6497
-303823.8433,-261270.2886,42553.5547,485.122,1091.4916
-303973.556,-261142.6888,42830.8672,531.2647,1075.6722
-303756.3999,-261111.5131,42644.8867,499.1232,987.7177
-303755.3096,-261045.4306,42709.8789,482.7504,1038.732
-303824.2551,-261201.3527,42622.9023,518.2166,1011.6863
-303925.0997,-261139.5411,42785.5586,464.0113,1058.6972
-303947.7238,-261162.8605,42784.8633,476.5083,1043.2383
-303479.3567,-261113.7317,42365.625,496.9054,1084.6776
-304011.9322,-261160.0611,42851.8711,500.4377,1048.4961
-303861.5187,-261188.714,42672.8047,515.2869,1042.7134
-303800.6661,-261152.0294,42648.6367,492.394,1056.612
-303647.5289,-261124.7125,42522.8164,508.82,1079.4089
-303863.2559,-261062.9981,42800.2578,460.5384,1056.8489
-303812.6546,-261155.9671,42656.6875,483.0528,1047.1654
-303789.7449,-261112.573,42677.1719,509.0476,1051.2351
-303822.3458,-261064.3146,42758.0312,455.0784,1058.2984
-303863.9074,-261120.9425,42742.9648,503.8199,1092.4473
-303623.9568,-261128.5701,42495.3867,478.9486,1047.0118
-303697.4725,-261052.3084,42645.1641,456.57,1034.0243
-303818.0426,-261067.0231,42751.0195,495.3499,1062.2447
-303794.291,-261176.6035,42617.6875,462.0453,1034.2956
-304084.2515,-261164.4937,42919.7578,472.3316,1039.2923
-303772.3465,-261070.3075,42702.0391,506.1558,1013.3093
-303924.3427,-261164.6669,42759.6758,504.4749,1067.0518
-303988.8323,-261153.4651,42835.3672,475.2832,1047.5471
-303984.6203,-261194.3078,42790.3125,485.9982,1055.3832
-303850.1239,-261166.2333,42683.8906,484.4931,1080.6933
-303864.8128,-261093.1214,42771.6914,489.2803,1049.877
-303645.8902,-261072.9488,42572.9414,520.2837,996.0586
-303930.1929,-261132.0718,42798.1211,461.1275,1029.2225
-303761.3139,-261262.3608,42498.9531,461.1054,1044.4209
-303902.3736,-261253.8814,42648.4922,479.5415,1044.7173
-303790.0281,-261111.907,42678.1211,479.9803,1052.1842
-303813.4312,-261143.1109,42670.3203,491.2495,1029.1973
-303612.9136,-261064.4566,42548.457,464.8482,1045.2788
-304030.5932,-261251.4174,42779.1758,533.0782,1035.036
-303876.0527,-261208.1152,42667.9375,509.3573,1077.4577
-303909.8823,-261161.0307,42748.8516,504.0318,1040.96
-303879.4742,-261229.3766,42650.0977,481.6624,1005.7299
-303788.7827,-261173.8022,42614.9805,478.4656,1041.5451
-303921.1352,-261253.9555,42667.1797,481.1917,1076.8351
-303820.7032,-261116.8047,42703.8984,516.6364,1054.3823
-303714.9027,-261145.9613,42568.9414,497.1726,1082.3543
-303921.2043,-261107.9387,42813.2656,493.6975,1016.0099
-303942.6384,-261160.5837,42782.0547,484.4532,1050.7064
-303894.9358,-261190.7132,42704.2227,450.4776,1020.1982
-303810.1625,-261069.7797,42740.3828,498.5982,1028.1731
-303951.3126,-261100.172,42851.1406,514.8472,1020.9402
-303878.0156,-261129.8046,42748.2109,480.1087,1032.4573
-303830.9974,-261175.3177,42655.6797,502.9662,1026.5413
-303910.6956,-261031.1995,42879.4961,483.9609,1094.8949
-303849.6977,-261043.0649,42806.6328,508.5565,1020.4969
-303819.2813,-261049.7149,42769.5664,458.0222,1003.3562
-303934.3378,-261171.1776,42763.1602,499.2836,1064.16
-303709.9723,-261085.9918,42623.9805,491.4944,1019.6243
-303722.7949,-261065.4668,42657.3281,502.3758,1027.2116
-303793.2013,-261144.3224,42648.8789,513.23,1010.8192
-303917.028,-261203.7976,42713.2305,514.677,994.2609
-304024.0207,-261214.0285,42809.9922,505.2642,1080.0925
-303855.1128,-261165.7846,42689.3281,498.4947,1013.3614
-303700.6843,-261209.7312,42490.9531,473.0705,1022.7496
-303904.8496,-261212.0059,42692.8438,470.0735,1042.5406
-303642.283,-261199.7557,42442.5273,490.8605,1012.7973
-303807.3212,-261187.0908,42620.2305,512.6291,1029.5568
-303966.817,-261217.6138,42749.2031,479.8426,1067.7493
-303848.416,-261162.7754,42685.6406,462.7466,1042.5646
-303699.9718,-261168.8194,42531.1523,518.3299,1027.8087
-304128.7644,-261293.0026,42835.7617,475.4035,1058.8993
-303675.8046,-261151.8593,42523.9453,473.5446,1034.8393
-303863.7662,-261228.0553,42635.7109,485.6192,1042.2345
-303939.5826,-261202.7545,42736.8281,478.0723,1043.3083
-303903.7261,-261199.3276,42704.3984,500.7518,1057.6799
-303831.9887,-261196.7348,42635.2539,496.0511,1079.6741
-304009.3128,-261206.5667,42802.7461,498.7731,1023.1115
-303888.0708,-261191.9771,42696.0938,493.4415,1049.0436
-303800.2017,-261127.19,42673.0117,516.6317,1080.398
-303694.4772,-261146.3326,42548.1445,488.3097,1067.595
-303592.9852,-261034.8445,42558.1406,510.8383,1060.9564
-303734.1728,-261187.3056,42546.8672,469.5518,1028.2366
-303838.4884,-261128.4377,42710.0508,496.7446,1033.2525
-303983.2813,-261274.0781,42709.2031,518.6377,1069.2081
-304042.9046,-261138.346,42904.5586,484.073,1022.2445
-303726.9928,-261033.9771,42693.0156,492.042,1034.0645
-303986.2031,-261264.6484,42721.5547,490.9644,1021.3039
-303845.2867,-261241.0328,42604.2539,498.0507,1062.4733
-303933.184,-261218.9691,42714.2148,479.5923,1038.326
-303688.8625,-261153.5891,42535.2734,523.5593,1070.3824
-304169.3251,-261160.5399,43008.7852,474.9102,1034.7072
-304191.0425,-261194.5425,42996.5,499.1222,1065.6014
-303621.6989,-261095.3629,42526.3359,497.2386,1095.7682
-303926.8801,-261246.7824,42680.0977,492.2324,1088.1104
-303841.0482,-261111.5599,42729.4883,498.5615,1031.9029
-304227.2894,-261228.3167,42998.9727,508.523,1048.5733
-303678.295,-261091.2481,42587.0469,484.029,1008.4586
-303841.7383,-261125.25,42716.4883,504.1048,1052.236
-304074.1056,-261141.0509,42933.0547,519.0577,1029.0228
-303625.4614,-261132.8364,42492.625,524.0754,1044.6019
-303967.7248,-261080.8381,42886.8867,505.1753,1035.665
-303927.2655,-261245.3515,42681.9141,502.1785,1040.2705
-304130.2518,-261253.6111,42876.6406,510.165,1037.788
-303984.4214,-261218.6245,42765.7969,509.1912,1033.309
-303874.6151,-261126.8924,42747.7227,472.7666,1050.0302
-304027.2005,-261173.3724,42853.8281,501.2802,1065.5404
-303823.6987,-261113.0542,42710.6445,483.9102,1031.9557
-303792.3765,-261082.6187,42709.7578,471.5913,1002.0902
-304133.488,-261224.1911,42909.2969,476.8696,1020.4799
-303915.4005,-261145.5373,42769.8633,497.866,1027.2773
-304005.3937,-261228.0968,42777.2969,486.4115,1037.1261
-303943.0863,-261175.2113,42767.875,515.2271,1076.2626
-303879.4986,-261125.1158,42754.3828,507.9765,1025.82
-303906.8422,-261117.3657,42789.4766,483.4703,977.8301
-303641.695,-261145.5075,42496.1875,466.1311,1052.1854
-303824.1058,-261164.7777,42659.3281,491.7361,1063.7903
-303817.4403,-261209.3192,42608.1211,482.5436,1010.6456
-303711.9698,-261137.0987,42574.8711,489.118,1028.9476
-303886.2843,-261172.3703,42713.9141,522.8954,1040.5567
-303779.4287,-261122.5108,42656.918,513.8705,1024.1687
-303916.0412,-261102.8576,42813.1836,461.4501,1021.2875
-303982.2905,-261097.4194,42884.8711,493.1999,992.5345
-303487.4753,-261040.4363,42447.0391,488.3185,1022.0767
-303934.0055,-261230.779,42703.2266,504.204,1034.8173
-303964.3315,-261251.6713,42712.6602,518.0535,1054.7775
-303942.1381,-261263.9662,42678.1719,478.9394,1058.1693
-303888.7672,-261087.2633,42801.5039,517.3622,1023.7242
-304007.6481,-261182.0388,42825.6094,508.4027,1035.1116
-303893.8148,-261214.9437,42678.8711,481.5228,1078.8089
-303781.2205,-261234.8651,42546.3555,531.0957,1011.4861
-303850.127,-261132.2481,42717.8789,475.3377,1046.186
-304001.7673,-261233.783,42767.9844,486.1721,1020.5043
-303836.3155,-261099.3428,42736.9727,514.226,1029.0266
-303623.3963,-261181.1385,42442.2578,495.5494,1051.5608
-303917.5602,-261090.318,42827.2422,487.4778,1026.4178
-303764.5349,-261177.781,42586.7539,514.6081,1040.8972
-303683.0546,-261155.6405,42527.4141,474.9441,1065.0051
-303871.1211,-261222.875,42648.2461,508.7374,1076.2353
-303843.5317,-261110.184,42733.3477,483.7931,989.6288
-303890.3843,-261030.0093,42860.375,515.1497,1014.6379
-303829.0093,-261241.1812,42587.8281,505.2896,1020.0697
-303876.6907,-261187.0305,42689.6602,489.4741,1069.728
-303672.421,-261137.2101,42535.2109,497.0444,1027.3868
-303756.859,-261222.7418,42534.1172,502.5012,1023.2927
-303880.895,-261106.4224,42774.4727,519.9148,1007.6526
-303975.5341,-261188.3505,42787.1836,517.6056,1044.5713
-304232.4988,-261281.655,42950.8438,488.8317,1014.2226
-304108.9308,-261262.7277,42846.2031,496.4993,1007.9974
-303543.9833,-261043.2333,42500.75,517.4175,1002.1841
-303702.19,-261147.6392,42554.5508,485.3736,1041.367
-303877.2587,-261189.1259,42688.1328,499.7346,1030.8706
-303840.2381,-261165.6288,42674.6094,498.3013,1004.9546
-303637.2558,-261092.3378,42544.918,498.9748,1003.2182
-304026.4324,-261075.9676,42950.4648,502.4821,1070.0256
-303740.9891,-261081.1805,42659.8086,490.0017,1039.3648
-303798.2917,-261005.8737,42792.418,514.8428,1041.3855
-303663.9636,-261133.2566,42530.707,480.2373,1039.4151
-303898.8503,-261072.2135,42826.6367,509.3588,1054.993
-303751.1355,-261125.28,42625.8555,499.334,1035.656
-303575.8804,-261002.2085,42573.6719,517.6385,1077.0632
-303608.2105,-261103.6558,42504.5547,487.6397,1052.1853
-303600.0411,-261075.3536,42524.6875,541.3176,1046.3866
-303885.337,-261205.3995,42679.9375,512.9363,1047.9941
-303960.4153,-261121.3255,42839.0898,471.4627,1076.105
-303634.1134,-261085.8439,42548.2695,490.1504,1051.3015
-303918.7808,-261132.0698,42786.7109,490.0618,1068.0844
-303754.1485,-261074.4883,42679.6602,486.4826,1025.3487
-303604.1377,-261119.1494,42484.9883,502.7298,1049.7968
-303723.6627,-261034.5104,42689.1523,504.851,1065.2376
-303725.6044,-261213.9091,42511.6953,485.9574,1057.7507
-303787.3748,-261184.2381,42603.1367,517.5854,1051.6544
-303983.3246,-261152.4105,42830.9141,491.5764,1013.9517
-303850.4775,-261207.5752,42642.9023,497.167,1028.5688
-304067.1006,-261163.0381,42904.0625,522.1726,1047.1773
-304092.6208,-261240.902,42851.7188,496.027,1055.874
-303549.9123,-261160.76,42389.1523,472.4567,1020.1202
-303927.9232,-261172.2435,42755.6797,505.7521,1045.8115
-303720.6686,-261185.0397,42535.6289,485.9353,1096.1832
-303946.2132,-261251.8304,42694.3828,471.5638,1055.1025
-303905.4699,-261115.1535,42790.3164,506.9932,1053.9069
-303862.2,-261195.8719,42666.3281,515.2246,1012.6759
-303919.8031,-261205.764,42714.0391,505.3272,993.4856
-303804.8454,-261163.1149,42641.7305,474.327,1057.9141
-303863.3807,-261251.8494,42611.5312,482.3731,1092.9783
-303858.8051,-261182.5004,42676.3047,486.876,1013.9833
-304168.0223,-261181.663,42986.3594,479.1885,1053.205
-303897.3204,-261188.043,42709.2773,497.6709,1058.9804
-303967.1778,-261163.8653,42803.3125,487.5711,1025.3721
-303834.7792,-261155.0527,42679.7266,481.8475,1039.5039
-304028.4204,-261163.4361,42864.9844,494.0648,1031.0309
-303698.5312,-261157.4804,42541.0508,476.8542,1036.4081
-303870.4686,-261129.7069,42740.7617,517.0417,1031.0665
-303814.4676,-261248.6317,42565.8359,516.502,1049.0168
-303875.3678,-261104.7037,42770.6641,499.0379,1059.0093
-303879.6376,-261208.1532,42671.4844,485.9938,1030.2118
-303730.7547,-261212.8211,42517.9336,489.8148,1044.0715
-303682.6074,-261169.416,42513.1914,512.9643,1053.5316
-303785.2185,-261175.9099,42609.3086,512.1545,1027.2146
-303726.5787,-261118.2701,42608.3086,470.7069,1052.2517
-303827.5247,-261129.9075,42697.6172,468.8067,1059.9943
-303407.9058,-261061.9526,42345.9531,513.7774,1040.2743
-303947.5615,-261178.1592,42769.4023,515.1318,1037.562
-303897.5427,-261315.0544,42582.4883,511.7762,1045.4045
-303859.3441,-261165.2855,42694.0586,494.126,1007.5779
-303848.8098,-261201.4466,42647.3633,501.3238,1057.0786
-303867.6109,-261239.8648,42627.7461,479.6838,1041.2484
-303860.5739,-261207.3044,42653.2695,480.6483,1042.768
-303994.0072,-261140.5502,42853.457,483.9033,1002.5096
-303935.3015,-261172.7078,42762.5938,527.3207,1081.3772
-303876.0189,-261170.9369,42705.082,479.7511,1059.5289
-303795.3171,-261122.6882,42672.6289,521.2344,1049.2904
-303655.4246,-261108.1082,42547.3164,498.318,1027.8286
-303795.5224,-261189.4443,42606.0781,493.3164,1002.5266
-304052.1111,-261250.4587,42801.6523,474.9974,1041.8581
-303731.9515,-261110.7093,42621.2422,493.458,1042.3481
-303695.7456,-260968.6167,42727.1289,517.2888,1022.4894
-303907.0821,-261129.6524,42777.4297,485.4753,1017.159
-303880.0393,-261115.9026,42764.1367,508.3406,1016.3468
-303732.9702,-261109.6655,42623.3047,500.8353,1055.6444
-303632.1571,-261107.993,42524.1641,511.9149,1111.1599
-303600.639,-261072.3734,42528.2656,520.3145,1027.7007
-303790.9127,-261051.7291,42739.1836,479.5157,1078.9344
-303781.7368,-261102.4204,42679.3164,465.2823,1003.1024
-303822.0875,-261177.5289,42644.5586,489.1324,1022.4951
-303654.792,-261047.5576,42607.2344,493.0058,1026.4405
-303703.3838,-261119.2432,42584.1406,492.9906,1083.2714
-303909.092,-261180.8146,42728.2773,500.0724,1052.7439
-304109.4341,-261097.9419,43011.4922,499.7725,1016.3238
-303875.3146,-261201.9123,42673.4023,553.0327,1038.1077
-303860.2527,-261173.7762,42686.4766,494.6065,1055.145
-303735.6609,-261097.6179,42638.043,464.3123,1042.0597
-303674.611,-261035.0407,42639.5703,494.306,1029.9481
-303719.6422,-261127.0172,42592.625,513.9011,973.0025
-303716.736,-261154.6735,42562.0625,516.9148,1023.46
-303743.2981,-261183.8684,42559.4297,502.8596,1070.5622
-303828.6061,-261097.4186,42731.1875,492.2477,1001.7153
-303852.2865,-261213.2201,42639.0664,467.7937,1033.5429
-303641.4288,-261052.2843,42589.1445,517.1463,1029.7181
-303736.0541,-261045.1401,42690.9141,500.3937,997.5407
-303752.0867,-261121.6219,42630.4648,481.9362,991.7596
-303769.3431,-261082.2376,42687.1055,505.8378,1008.0761
-303590.787,-261119.6386,42471.1484,475.154,1071.3823
-303799.9715,-261057.3387,42742.6328,500.7051,1042.0796
-303889.9952,-261184.9561,42705.0391,488.7754,1019.8004
-303911.9956,-261167.3785,42744.6172,476.243,1044.3555
-303800.5802,-261134.3459,42666.2344,498.0905,1059.314
-303861.9666,-261140.5369,42721.4297,506.4059,1011.3672
-303816.0152,-261156.7457,42659.2695,506.3291,1041.8773
-303932.0764,-261114.1975,42817.8789,477.4192,978.9752
-303765.5774,-261102.2336,42663.3438,508.8454,1066.7953
-303860.1627,-261108.0963,42752.0664,484.1324,982.1539
-303670.3533,-261125.6619,42544.6914,478.3571,1031.7992
-303767.9401,-261212.7956,42555.1445,461.9869,1019.296
-303998.6903,-261063.2997,42935.3906,477.2537,1061.0122
-303613.5965,-261046.9676,42566.6289,503.1286,1027.7039
-303718.6493,-261146.2431,42572.4062,487.8146,1056.3816
-303677.7363,-261125.248,42552.4883,511.3896,1061.5833
-304016.7471,-261187.1494,42829.5977,497.7055,1025.9701
-303896.1475,-261193.3116,42702.8359,471.6259,1039.4682
-303747.4185,-261191.0084,42556.4102,547.3528,1021.922
-303847.2257,-261162.4406,42684.7852,483.8776,1017.0168
-303839.7781,-261202.0984,42637.6797,464.5241,1063.3218
-303802.1688,-261139.3172,42662.8516,491.6259,1036.9284
-303823.4909,-261210.1862,42613.3047,496.4742,1014.4923
-303980.5875,-261122.3219,42858.2656,480.694,1029.5563
-304039.2295,-261198.6904,42840.5391,479.1082,1019.0058
-303685.9731,-261149.3481,42536.625,483.1734,1062.2313
-304021.6597,-261246.1988,42775.4609,522.365,1044.5831
-303815.4873,-261224.7529,42590.7344,516.0399,1021.023
-303673.7539,-261141.207,42532.5469,475.2465,1004.721
-303896.1646,-261148.274,42747.8906,485.1496,1042.3198
-303740.489,-261187.7859,42552.7031,495.1858,1052.5972
-303642.5007,-261137.1492,42505.3516,486.8995,1009.3188
-303758.3515,-261172.8632,42585.4883,506.2918,1034.5563
-303825.0177,-261199.3966,42625.6211,494.1423,1059.3472
-303722.0156,-261118.3515,42603.6641,492.9782,1045.8872
-303775.4776,-261111.1221,42664.3555,508.0879,1042.4522
-303573.3976,-261039.4367,42533.9609,483.0249,1018.1185
-303973.1011,-261165.7964,42807.3047,495.9811,1045.4734
-303934.8294,-261180.931,42753.8984,502.4703,1051.8165
-303929.4639,-261188.6749,42740.7891,476.8809,1060.3658
-303665.1424,-261116.1463,42548.9961,503.7254,1031.2214
-303769.143,-261108.2523,42660.8906,480.4374,1014.121
-303731.685,-261114.5639,42617.1211,443.9046,1048.9829
-304007.8198,-261355.7182,42652.1016,469.4088,1089.8648
-303926.9868,-261194.9946,42731.9922,499.9526,1044.5295
-304212.1505,-261276.5685,42935.582,497.7411,1054.2682
-303959.0484,-261256.314,42702.7344,516.6958,1098.3747
-303924.2402,-261132.4081,42791.832,503.5666,1040.3722
-303709.92,-261067.17,42642.75,489.4499,1012.4402
-303739.5888,-261187.8388,42551.75,491.3714,1022.2322
-304097.2607,-261156.7763,42940.4844,489.2531,998.2035
-303933.553,-261245.51,42688.043,494.9458,983.2919
-303841.5278,-261138.6215,42702.9062,514.3734,1030.7377
-303486.3939,-261128.4369,42357.957,514.0031,1040.3515
-303873.7794,-261177.3106,42696.4688,493.9241,1035.2244
-303706.7807,-261036.6753,42670.1055,465.1083,1036.1625
-303697.7679,-261093.8733,42603.8945,452.5752,1052.6265
-303858.0439,-261143.6689,42714.375,485.1688,1007.1064
-303999.2505,-261156.6177,42842.6328,497.4194,1028.1079
-303956.2862,-261150.3487,42805.9375,474.0549,1066.051
-303781.7466,-261198.7427,42583.0039,474.5,1058.8177
-303790.0768,-261137.2291,42652.8477,493.8848,1053.2462
-303849.7054,-261183.9007,42665.8047,491.3441,1049.1095
-303915.1607,-261138.9576,42776.2031,498.2004,1017.8281
-303777.0528,-261140.8848,42636.168,514.7517,1028.0301
-303855.9414,-261267.9688,42587.9727,523.4551,1066.6507
-303990.2163,-261182.4155,42807.8008,468.1381,1041.0656
-303782.394,-261183.644,42598.75,477.1228,1041.8161
-303881.6038,-261141.5687,42740.0352,498.8254,1023.832
-303877.4243,-261192.8344,42684.5898,513.4191,998.5863
-303720.9491,-261085.2499,42635.6992,484.0087,1066.5957
-303687.5242,-261096.5086,42591.0156,522.0918,1018.9
-304069.1734,-261126.4546,42942.7188,496.9043,1046.3559
-303863.0698,-261142.5424,42720.5273,487.6357,1025.5684
-303762.2406,-261178.7875,42583.4531,525.1204,1053.6719
-303917.7491,-261270.4639,42647.2852,498.5378,1067.5969
-303720.5807,-261072.9948,42647.5859,477.1321,1046.038
-303839.1854,-261112.8143,42726.3711,507.7224,1056.303
-303921.6072,-261107.2322,42814.375,491.8211,1053.5731
-303795.9409,-261010.7964,42785.1445,540.9685,1055.9113
-303704.8608,-261058.0835,42646.7773,502.1378,1062.9561
-303866.5251,-261124.2204,42742.3047,510.9917,1028.56
-303804.3785,-261037.3863,42766.9922,503.1431,1068.9388
-303718.9336,-261151.4766,42567.457,499.8541,1103.4482
-303623.8887,-261100.4278,42523.4609,493.0946,1073.7935
-304009.331,-261208.7646,42800.5664,517.2868,1067.8536
-303702.3718,-261082.2702,42620.1016,489.5217,1067.0335
-304119.3499,-261247.0608,42872.2891,495.3733,1035.5104
-304292.199,-261171.3357,43120.8633,508.6859,998.8517
-303926.1108,-261280.3647,42645.7461,467.2626,1061.0174
-303925.9216,-261205.4372,42720.4844,528.6368,1015.3656
-304141.4546,-261258.4312,42883.0234,486.2636,1055.7485
-303669.7947,-261108.6697,42561.125,523.0199,1066.4277
-303640.1157,-261098.6196,42541.4961,498.3989,1036.7065
-303733.4693,-261173.8521,42559.6172,523.4703,1069.5623
-303685.4991,-261190.8546,42494.6445,529.6368,1021.6018
-303622.8135,-261069.7042,42553.1094,496.0531,1110.0596
-304267.4147,-261219.3756,43048.0391,507.5936,998.0061
-303947.9163,-261143.0725,42804.8438,482.6974,1045.6815
-303873.638,-261214.9544,42658.6836,496.9941,1095.0146
-304002.5979,-261148.6838,42853.9141,506.8759,1054.2412
-303745.2448,-261083.4909,42661.7539,476.1383,1048.5946
-303764.078,-261102.4725,42661.6055,484.7653,1022.8025
-303649.5152,-261017.1168,42632.3984,506.951,1053.6893
-303878.8994,-261168.3369,42710.5625,485.5929,1047.6411
-303867.9475,-261135.6272,42732.3203,497.9166,1049.6132
-303878.1517,-261149.7884,42728.3633,469.1084,1056.2497
-303693.9235,-261166.1579,42527.7656,498.5049,1066.5206
-303889.3929,-261258.2679,42631.125,514.8568,1066.3463
-303912.7272,-261203.9107,42708.8164,510.4126,1062.9175
-303837.449,-261211.281,42626.168,498.4481,1036.1714
-304055.6414,-261273.2234,42782.418,512.2919,1072.933
-304082.8461,-261193.2328,42889.6133,471.5664,1044.2204
-303806.1376,-261132.9891,42673.1484,485.4498,1020.3715
-303679.6011,-261066.6519,42612.9492,494.4448,1065.253
-303880.1911,-261182.9371,42697.2539,510.3281,1027.2265
-303809.6187,-261155.7515,42653.8672,522.0659,1025.9003
-303812.6535,-261184.5988,42628.0547,524.4431,1067.9174
-303787.7329,-261235.0064,42552.7266,492.8379,990.5318
-303763.6103,-261177.7978,42585.8125,459.8323,1039.7138
-303900.1758,-261184.5508,42715.625,482.4504,1079.8884
-303660.6622,-261061.5372,42599.125,474.7046,1082.6672
-303761.8077,-261159.5851,42602.2227,512.9071,1035.2405
-303467.1567,-261099.9927,42367.1641,489.768,1023.0629
-303984.286,-261224.3134,42759.9727,468.7354,1008.4153
-303750.1036,-261117.2599,42632.8438,478.237,1033.5076
-303809.5135,-261181.951,42627.5625,529.1866,1058.1494
-303680.5319,-261109.3757,42571.1562,440.973,1068.4783
-303772.6703,-261199.1859,42573.4844,509.0639,1074.5785
-303899.8609,-261196.2867,42703.5742,460.1192,1012.1626
-303997.5847,-261204.8581,42792.7266,496.4478,1062.0414
-303827.4588,-261095.283,42732.1758,475.4045,1047.9354
-303851.7456,-261061.5816,42790.1641,498.4004,1020.7453
-303616.9307,-261077.4502,42539.4805,494.7877,1024.9098
-303881.4227,-261164.5555,42716.8672,478.907,1016.643
-303643.8288,-261107.9928,42535.8359,501.4694,995.8647
-303868.7388,-261092.5161,42776.2227,533.8994,1029.4958
-303739.5755,-261062.47,42677.1055,508.0249,990.0702
-303896.4346,-261229.5479,42666.8867,533.5583,1035.1165
-304170.1045,-261233.7646,42936.3398,515.8199,1010.6314
-303856.6555,-261091.5227,42765.1328,497.4808,1039.6882
-303824.5957,-261172.4473,42652.1484,488.1267,1066.0192
-303958.6056,-261124.2618,42834.3438,494.0411,1018.184
-303897.5449,-261147.9082,42749.6367,478.5061,1027.5997
-304317.3444,-261275.4148,43041.9297,508.2345,987.6255
-303883.187,-261084.3315,42798.8555,497.6797,1077.6741
-303934.1018,-261123.926,42810.1758,521.0884,1049.3481
-303898.2701,-261173.2232,42725.0469,510.1157,1022.2656
-303686.9215,-261061.8395,42625.082,480.446,1016.2239
-304095.1198,-261171.1901,42923.9297,479.1738,1066.8222
-303742.3906,-261095.2382,42647.1523,469.3603,1019.5416
-303933.1956,-261244.176,42689.0195,516.325,1052.4636
-304131.9745,-261203.0878,42928.8867,470.1541,1066.3352
-303887.5786,-261114.2387,42773.3398,495.0866,1015.4904
-303779.1769,-261132.4269,42646.75,518.1415,1040.0978
-303772.8331,-261155.7901,42617.043,493.0738,1073.3728
-303876.8133,-261147.7273,42729.0859,484.2986,1021.3196
-303644.5832,-261180.0012,42464.582,506.9684,1087.9792
-303657.9464,-261187.1183,42470.8281,503.5741,1053.8089
-303803.5981,-261149.0746,42654.5234,463.0415,1041.8162
-303906.0834,-261119.353,42786.7305,511.1108,1055.6986
-303806.9314,-261087.3455,42719.5859,481.0619,1059.3266
-303846.0781,-261139.0156,42707.0625,485.598,1043.8231
-303899.5616,-261118.7178,42780.8438,473.8328,1022.5176
-303973.991,-261150.0301,42823.9609,485.5364,1049.8047
-303458.9829,-260992.897,42466.0859,459.8761,996.4257
-303995.4328,-261180.6711,42814.7617,506.7846,1063.3414
-303876.1055,-261253.75,42622.3555,492.5563,1027.4628
-303805.015,-261031.0814,42773.9336,537.9808,1014.6332
-303941.6127,-261117.4135,42824.1992,506.439,1036.672
-303860.8482,-261089.3716,42771.4766,517.5389,993.9466
-303865.5516,-261149.6414,42715.9102,524.3819,1038.9675
-303817.2198,-261043.4229,42773.7969,483.9682,1055.002
-303728.0555,-261168.6219,42559.4336,476.0166,1009.653
-303727.6489,-261162.3013,42565.3477,495.4642,1044.3525
-303869.7845,-261126.0658,42743.7188,517.5566,1046.8432
-303696.5957,-261196.623,42499.9727,503.9713,1055.3879
-303855.2545,-261221.4069,42633.8477,501.4212,1020.8044
-303757.4398,-261145.971,42611.4688,485.7972,1011.4616
-303801.1122,-261055.577,42745.5352,492.7368,1033.0729
-303820.0316,-261085.0824,42734.9492,500.8124,1046.5513
-303678.4748,-261108.799,42569.6758,492.1859,1021.6312
-303724.2755,-261221.8888,42502.3867,511.9617,1076.7451
-303956.5843,-261131.3148,42825.2695,510.3751,1056.983
-303947.3295,-261056.9467,42890.3828,506.1181,1001.1501
-303583.5359,-261127.0633,42456.4727,499.0991,998.7213
-303634.6658,-261059.5759,42575.0898,456.5171,1067.7186
-304227.687,-261205.7026,43021.9844,514.5693,1022.4066
-303939.7581,-261216.3674,42723.3906,515.5991,1010.5041
-303730.9399,-261209.2133,42521.7266,484.0097,1046.071
-303819.4336,-261235.4804,42583.9531,452.7512,1056.4785
-303605.4296,-261156.578,42448.8516,503.9133,1043.1002
-304019.7687,-261226.9054,42792.8633,485.2789,1036.8728
-303892.0811,-261157.4639,42734.6172,511.3154,1042.1746
-303786.6736,-261130.5212,42656.1523,459.6868,1069.0704
-303809.4873,-261129.1943,42680.293,466.4652,1056.7564
-303789.2006,-261203.8725,42585.3281,505.4915,1018.8866
-303906.4377,-261198.9533,42707.4844,508.0536,990.3092
-304159.6907,-261217.7337,42941.957,525.264,1009.2131
-303773.8323,-261224.344,42549.4883,506.7068,1028.0604
-303964.8361,-261217.3674,42747.4688,476.2277,1018.8253
-303928.3054,-261134.6843,42793.6211,483.4053,1029.6504
-303888.4141,-261209.9962,42678.418,508.6343,1065.8528
-304072.1393,-261369.0299,42703.1094,512.9318,987.6323
-304041.5791,-261182.8604,42858.7188,498.6022,1019.0725
-303757.373,-261135.4667,42621.9062,483.7384,1031.9194
-304128.7951,-261236.4865,42892.3086,462.0553,1046.1712
-303991.4076,-261216.7748,42774.6328,498.75,998.1834
-303914.8742,-261102.261,42812.6133,495.148,994.9181
-303855.2694,-261152.0858,42703.1836,473.8393,1067.2303
-303915.4852,-261254.4462,42661.0391,478.0314,1028.1034
-304105.2254,-261290.2918,42814.9336,510.7668,1056.5718
-303985.8739,-261248.1161,42737.7578,453.085,1054.3895
-303844.2542,-261183.4573,42660.7969,469.177,1002.9588
-303830.9949,-261232.3855,42598.6094,476.1434,1033.6999
-304046.8128,-261125.7112,42921.1016,472.5867,1055.6789
-303665.1499,-261207.0405,42458.1094,478.6898,1086.5848
-303905.8084,-261127.4256,42778.3828,490.4098,1070.8064
-303878.59,-261209.3673,42669.2227,516.593,1066.8532
-303771.1518,-261249.1596,42521.9922,489.8831,1066.4524
-303986.6687,-261245.2038,42741.4648,494.6591,1032.651
-303796.0461,-261256.1203,42539.9258,503.0815,1027.9636
-304223.4173,-261253.1087,42970.3086,487.5735,1069.9744
-303809.4727,-261124.379,42685.0938,512.6022,1068.778
-303613.0929,-261089.9093,42523.1836,491.7233,1017.4916
-303732.2591,-261116.2239,42616.0352,511.9566,1028.5431
-303634.6441,-261027.6012,42607.043,478.5497,1054.4135
-303725.7405,-261209.5569,42516.1836,515.4946,1033.1786
-303884.58,-261267.1503,42617.4297,482.0045,1036.7987
-303668.6186,-261064.9467,42603.6719,451.9839,1027.4182
-304076.601,-261206.3119,42870.2891,532.7719,1008.065
-303738.7334,-261188.7256,42550.0078,508.4657,1056.3308
-303990.9445,-261177.2999,42813.6445,519.7577,1045.0575
-303889.0991,-261249.0795,42640.0195,523.5828,1057.8426
-304027.4295,-261204.5427,42822.8867,494.132,1041.1592
-304002.6282,-261155.5344,42847.0938,537.0661,1025.6007
-303682.1703,-261124.7875,42557.3828,492.5605,1000.1938
-303892.0943,-261183.692,42708.4023,493.3484,1026.3638
-303968.038,-261219.5028,42748.5352,493.9158,1012.8364
-303615.376,-261141.544,42473.832,502.4971,1038.5867
-303914.1698,-261197.2011,42716.9688,515.3112,1037.4283
-303642.0039,-261016.2383,42625.7656,491.1898,1004.3306
-303936.3188,-261200.8696,42735.4492,500.4238,1073.2652
-303913.5709,-261084.3756,42829.1953,506.2012,1062.6646
-303950.2357,-261127.6575,42822.5781,511.8736,1016.9206
-303803.364,-261109.2507,42694.1133,490.3042,1053.0483
-303766.7409,-261183.9948,42582.7461,519.0222,1112.7322
-303995.6113,-261278.0644,42717.5469,532.4885,1034.5653
-303801.2549,-261166.1103,42635.1445,492.09,1018.8973
-303768.3022,-261212.9233,42555.3789,490.112,1032.5436
-303900.0157,-261105.461,42794.5547,493.788,1009.7296
-303533.1087,-261033.5696,42499.5391,502.4973,1044.3219
-303971.4644,-261150.0152,42821.4492,459.5937,1013.9307
-303939.2246,-261151.0254,42788.1992,479.8604,968.6873
-303989.3294,-261163.97,42825.3594,476.647,1025.9408
-303644.8457,-261040.834,42604.0117,488.8667,1046.1932
-303675.6654,-261197.9701,42477.6953,500.8668,1017.834
-303744.5973,-261036.6989,42707.8984,502.4787,1055.5427
-303988.8507,-261146.7609,42842.0898,504.7416,1028.7944
-304044.1958,-261173.313,42870.8828,500.5843,1039.1789
-303897.9213,-261189.015,42708.9062,530.2154,1071.9857
-303608.5079,-261161.5157,42446.9922,485.2119,1046.8511
-303814.8783,-261244.308,42570.5703,487.8137,1021.7396
-303888.4635,-261247.4948,42640.9688,503.1568,1031.2377
-304073.7959,-261274.6514,42799.1445,505.3124,1066.2687
-304015.8376,-261172.5368,42843.3008,459.3032,1049.8169
-303646.2154,-261091.3677,42554.8477,498.3416,1017.5716
-303765.9177,-261006.7732,42759.1445,491.4732,1007.0192
-303850.8044,-261178.6052,42672.1992,502.195,1030.8903
-303498.7226,-261041.8047,42456.918,501.8929,1007.3617
-303641.4573,-261060.2776,42581.1797,491.0882,1025.2982
-303953.5625,-261149.211,42804.3516,505.748,1004.8919
-303945.6855,-261163.2519,42782.4336,470.1019,1032.7972
-303705.075,-261181.8016,42523.2734,531.8931,1028.1625
-303756.7038,-261112.735,42643.9688,506.3114,990.345
-303820.8698,-261013.4167,42807.4531,511.2836,1030.5022
-303733.1446,-261222.3008,42510.8438,504.9064,1040.5067
-303846.3203,-261163.1953,42683.125,512.0386,1024.0827
-303703.2871,-261124.7714,42578.5156,506.9115,1016.6996
-303849.6928,-261207.9115,42641.7812,452.3322,1015.9035
-304038.9705,-261186.2595,42852.7109,490.328,1025.7416
-303789.2909,-261160.3222,42628.9688,488.7873,1036.8018
-303945.3559,-261098.7895,42846.5664,518.0778,1075.9979
-304038.5984,-261167.1648,42871.4336,521.5555,1029.6139
-303915.8686,-261208.0991,42707.7695,480.9455,1047.2918
-303952.2688,-261167.8742,42784.3945,514.0721,988.5287
-303813.0788,-261177.3132,42635.7656,479.7787,999.1502
-303984.5865,-261081.8521,42902.7344,472.218,1027.813
-303697.2676,-261161.1894,42536.0781,495.2329,1045.388
-303954.0106,-261241.2254,42712.7852,508.5575,1052.4069
-304071.9963,-261246.4572,42825.5391,496.3714,1008.7883
-304149.6764,-261251.3249,42898.3516,477.4562,1032.4036
-303901.8945,-261228.0937,42673.8008,498.2553,1030.5498
-303833.3213,-261159.0518,42674.2695,488.001,1015.9258
-303718.9696,-261158.5672,42560.4023,502.377,1067.4027
-303758.1415,-261020.4188,42737.7227,482.0819,1016.4009
-303876.0176,-261096.291,42779.7266,495.1646,1043.7315
-303966.8218,-261190.4507,42776.3711,499.9165,1035.6306
-303757.5922,-261024.6039,42732.9883,499.4916,1039.5333
-303775.2153,-261149.2114,42626.0039,490.7429,1072.4326
-303934.6363,-261124.8942,42809.7422,485.4679,1062.273
-303740.9385,-261156.1064,42584.832,488.8314,1041.3652
-303594.8358,-261094.328,42500.5078,489.4228,1032.9498
-303544.8617,-261078.2289,42466.6328,484.7811,1041.9366
-303839.3354,-261127.437,42711.8984,518.1998,1053.7076
-303821.5706,-261155.3128,42666.2578,497.868,1052.6318
-303618.9556,-261255.4713,42363.4844,492.1901,1062.6313
-303807.7213,-261143.5572,42664.1641,480.2723,1034.0713
-303944.1479,-261042.8158,42901.332,477.2677,1006.6916
-303886.8093,-261105.0241,42781.7852,508.5972,1042.4388
-303981.7606,-261097.7919,42883.9688,480.9057,1060.5091
-303696.6551,-261110.1199,42586.5352,472.417,1063.355
-303646.5458,-261113.6434,42532.9023,461.1151,1043.6592
-303971.9711,-261188.6664,42783.3047,497.7497,1029.4436
-304145.2108,-261116.0897,43029.1211,529.3747,1069.7342
-303867.7291,-261149.3619,42718.3672,508.965,1048.487
-303687.1989,-261174.7497,42512.4492,472.8624,1066.7707
-303893.1099,-261123.8169,42769.293,473.1397,1004.8776
-303780.5218,-261197.8734,42582.6484,527.6958,1029.0536
-304020.9403,-261141.5536,42879.3867,497.6417,1118.1296
-303891.1363,-261036.8355,42854.3008,457.3262,1036.2531
-303668.3282,-261095.1173,42573.2109,495.0643,1035.2773
-303738.5495,-261126.1706,42612.3789,482.3218,1043.6297
-303684.7511,-261088.1651,42596.5859,490.8983,1014.8399
-303826.4144,-261265.6918,42560.7227,489.9339,1093.0623
-303666.045,-261220.8067,42445.2383,503.7283,1049.4515
-303891.0895,-261176.1832,42714.9062,517.5928,1041.6657
-303767.4276,-261097.6854,42669.7422,499.7512,1041.0027
-303698.6214,-261189.5745,42509.0469,497.075,1037.1194
-303917.2548,-261150.8173,42766.4375,486.4372,1050.3761
-303760.3712,-261150.0783,42610.293,465.9612,1030.5831
-303644.0727,-261157.7094,42486.3633,523.5545,1077.2471
-303708.3786,-261071.7458,42636.6328,495.1666,1065.9929
-303763.1263,-261163.5873,42599.5391,459.8827,998.1178
-303765.1485,-261102.4883,42662.6602,485.2453,1048.1617
-303943.8691,-261256.6152,42687.2539,495.8873,1062.0593
-303903.288,-261125.9521,42777.3359,511.7295,1036.2542
-303701.5182,-261052.9674,42648.5508,475.3173,1036.6866
-303449.3139,-261071.6733,42377.6406,495.7785,1079.461
-303848.3973,-261217.0418,42631.3555,504.5885,1046.9772
-303852.6928,-261208.7045,42643.9883,465.2933,1043.6305
-303782.7018,-261194.3072,42588.3945,500.4753,1026.7131
-303779.2955,-261102.1588,42677.1367,478.9783,1050.4335
-303890.0932,-261055.1206,42834.9727,463.3855,1031.9698
-303717.3239,-261052.7575,42664.5664,498.8339,1050.3393
-303682.0937,-261154.4219,42527.6719,525.5997,1004.0653
-303731.2392,-261104.8095,42626.4297,510.9287,1062.1663
-303588.9104,-261160.8635,42428.0469,498.5879,1043.8516
-303839.0376,-261078.3931,42760.6445,518.4369,1044.7866
-303932.4991,-261161.2608,42771.2383,463.0477,1055.0065
-303802.8671,-261135.3905,42667.4766,487.3974,1069.4935
-304094.6409,-261150.5432,42944.0977,492.4734,1068.8702
-303671.589,-261135.8273,42535.7617,491.4894,1025.4567
-303851.2106,-261095.9997,42755.2109,492.3031,1052.1799
-304066.255,-261200.6925,42865.5625,510.5227,1072.5657
-303779.4116,-261112.7006,42666.7109,463.9366,1067.2748
-304055.3727,-261307.279,42748.0938,466.6356,1065.602
-303758.5312,-261165.6718,42592.8594,500.8951,993.7547
-303746.8665,-261122.261,42624.6055,491.791,1041.069
-303944.4735,-261112.5868,42831.8867,477.3748,1044.4566
-303627.8617,-261154.7992,42473.0625,485.9985,995.8734
-303895.0504,-261109.6012,42785.4492,472.042,1042.1594
-303982.1928,-261049.4741,42932.7188,490.0153,1016.5263
-303774.4265,-261183.4773,42590.9492,503.5561,1077.0409
-303605.6435,-261082.2724,42523.3711,490.2433,1036.8857
-303866.9474,-261206.8302,42660.1172,506.3032,1066.0992
-303645.1714,-261095.2769,42549.8945,530.7705,1029.0674
-303911.1486,-261202.8009,42708.3477,503.2078,1030.2141
-303878.8412,-261198.0756,42680.7656,466.1299,1079.7963
-303652.4213,-261141.2182,42511.2031,515.5973,1021.3303
-304202.905,-261218.8347,42984.0703,481.3969,1048.6393
-303529.7321,-261085.9782,42443.7539,470.6272,1050.2007
-303659.0015,-261119.4937,42539.5078,480.664,1028.7906
-304097.198,-261146.2722,42950.9258,487.0916,1036.111
-303821.8203,-261225.9258,42595.8945,497.6523,1076.5587
-303748.0856,-261173.4841,42574.6016,481.4373,1015.8338
-303686.504,-261168.0313,42518.4727,483.2339,1028.1097
-303893.8016,-261273.7586,42620.043,499.8609,1032.7846
-303557.1096,-261113.0041,42444.1055,497.8679,1013.8937
-303948.0016,-261184.4743,42763.5273,489.4866,1053.2718
-303606.6287,-261174.7889,42431.8398,477.3151,1010.6688
-303606.1116,-261212.0647,42394.0469,490.7566,1063.6832
-303926.2429,-261159.864,42766.3789,501.6901,1083.9214
-303782.8643,-261159.2784,42623.5859,523.2725,993.9069
-303846.0007,-261101.7936,42744.207,529.9196,1055.1413
-303766.1026,-261207.5401,42558.5625,517.2011,1033.234
-303770.2684,-261224.4051,42545.8633,482.0704,1032.0482
-303709.4722,-261180.0152,42529.457,474.6145,1041.9685
-304003.9559,-261207.3426,42796.6133,529.9783,1018.7159
-303849.6338,-261169.2276,42680.4062,482.6889,1039.3959
-303866.9062,-261100.7499,42766.1562,529.3037,1053.5187
-303909.8524,-261110.1571,42799.6953,512.7604,1013.5913
-303698.1868,-261082.7806,42615.4062,526.3918,1034.7586
-303659.9702,-261117.9859,42541.9844,481.3423,1056.5102
-303773.3906,-261131.2539,42642.1367,508.3402,1009.6041
-303484.8709,-261066.5819,42418.2891,501.3652,1006.2827
-303649.1088,-261143.2767,42505.832,522.4853,1027.4974
-303694.5325,-261176.0208,42518.5117,496.6847,1019.0841
-303806.3548,-261121.5267,42684.8281,519.6432,1052.5126
-303713.1676,-260990.7379,42722.4297,509.469,1030.5975
-303988.9733,-261214.4225,42774.5508,537.0836,1058.6496
-303984.2552,-261148.0911,42836.1641,476.4702,1073.333
-303792.1913,-261185.41,42606.7812,493.1376,1028.3481
-303770.9747,-261132.1505,42638.8242,496.8255,988.4095
-303398.4918,-261078.2301,42320.2617,496.6833,1040.197
-303569.6811,-261118.4468,42451.2344,503.3365,1039.9775
-304063.0624,-261188.41,42874.6523,523.619,1061.0329
-303904.1725,-261167.3718,42736.8008,496.6562,1035.8103
-303893.7611,-261210.6204,42683.1406,483.4298,1071.5326
-303723.966,-261204.6379,42519.3281,494.7011,1005.3523
-303979.9727,-261248.0469,42731.9258,503.4465,1044.8994
-303781.2486,-261100.6275,42680.6211,511.0352,1001.3628
-303928.6166,-261168.7143,42759.9023,488.8955,1037.2474
-303965.1222,-261119.7589,42845.3633,486.9683,1055.0763
-303766.7965,-261032.0738,42734.7227,473.5824,979.3783
-303759.9857,-261149.8334,42610.1523,485.2972,1034.4394
-303809.0005,-261070.0981,42738.9023,519.9744,1037.8342
-303837.0231,-261053.9216,42783.1016,464.8656,1017.5956
-303938.6382,-261210.9155,42727.7227,498.4302,1089.3305
-303808.6412,-261111.0826,42697.5586,489.0725,1039.8932
-303962.0261,-261123.5808,42838.4453,481.9432,1073.5968
-303766.8204,-261139.3087,42627.5117,489.7407,1009.6208
-303752.9069,-261054.8991,42698.0078,476.8231,1035.1537
-303874.8923,-261138.3806,42736.5117,509.298,1066.4306
-303729.679,-261109.1517,42620.5273,496.8664,1042.6923
-303824.8899,-261088.0618,42736.8281,494.3239,1027.7294
-303816.4953,-261251.1164,42565.3789,493.9715,1034.801
-303664.1972,-261132.9785,42531.2188,517.4486,1029.8253
-303744.8569,-261135.271,42609.5859,464.6674,1065.2212
-303764.6247,-261078.6989,42685.9258,522.3068,1059.1692
-304040.4327,-261264.9522,42775.4805,487.5443,1041.8353
-303692.9993,-261180.1946,42512.8047,511.911,1040.2159
-304131.726,-261149.7846,42981.9414,484.3679,1028.9516
-304048.8715,-261200.7699,42848.1016,481.1109,1063.9647
-303721.8763,-261075.9193,42645.957,514.9484,1058.3541
-303904.3943,-261125.7107,42778.6836,501.5756,997.9395
-304112.5535,-261234.3738,42878.1797,520.9693,1046.373
-304010.5766,-261250.0962,42760.4805,473.0897,1077.3475
-303840.9827,-261164.6351,42676.3477,480.1175,1004.7427
-303749.162,-261159.2441,42589.918,511.7488,1067.1509
-304036.9972,-261131.8722,42905.125,518.3393,1069.683
-303968.1943,-261248.124,42720.0703,508.7533,1025.3127
-303838.8404,-261256.1099,42582.7305,516.8423,1010.2925
-303922.4602,-261222.2337,42700.2266,487.2871,1077.7748
-303691.3343,-261098.9046,42592.4297,507.6042,1091.3051
-303764.3055,-261079.9462,42684.3594,493.7459,1020.7759
-303725.08,-261029.623,42695.457,471.3409,1079.3109
-303847.7625,-261153.1531,42694.6094,536.841,1058.4982
-304024.6733,-261211.8647,42812.8086,531.3881,1038.7179
-303864.863,-261108.3122,42756.5508,519.6899,1042.2609
-303710.9921,-261145.7538,42565.2383,486.6813,1023.4949
-303877.0282,-261222.8251,42654.2031,510.3834,1028.5248
-303841.9367,-261172.7804,42669.1562,502.7086,1028.917
-303816.6449,-261197.8363,42618.8086,471.1345,1047.8319
-303946.6165,-261227.597,42719.0195,525.8513,1033.6906
-303823.8889,-261142.8498,42681.0391,501.7663,1008.3139
-304090.5018,-261245.7011,42844.8008,476.1989,1012.9903
-304136.5953,-261309.1148,42827.4805,506.3838,1052.8458
-304156.3095,-261177.1377,42979.1719,484.0841,1030.3074
-303733.8888,-261149.881,42584.0078,478.9466,1046.0429
-303867.7437,-261189.2086,42678.5352,496.4806,1032.0332
-303950.4806,-261171.3674,42779.1133,467.1423,1032.2095
-303931.6948,-261135.7534,42795.9414,486.706,1056.1641
-303861.18,-261178.1136,42683.0664,509.5236,1050.3369
-303764.722,-261199.3275,42565.3945,488.4637,1041.7011
-303744.6535,-261095.927,42648.7266,481.6882,1020.6079
-303611.2735,-261146.6876,42464.5859,503.1517,1022.2279
-303760.2299,-261151.4682,42608.7617,496.5114,1027.1235
-303861.4095,-261257.4056,42604.0039,496.8546,1028.6002
-304139.9357,-261162.756,42977.1797,501.5203,1054.1248
-303804.6878,-261205.3597,42599.3281,505.3304,1072.5083
-303842.5589,-261140.6253,42701.9336,531.5995,1106.2029
-303960.1569,-261191.4147,42768.7422,474.668,1016.0413
-303565.161,-261126.2431,42438.918,494.6598,1037.2544
-303989.0079,-261204.9962,42784.0117,481.1019,1073.4289
-304065.8315,-261154.6557,42911.1758,502.6422,1053.8483
-304017.2562,-261173.389,42843.8672,506.5435,1026.1895
-303962.747,-261151.6455,42811.1016,479.1862,1011.6161
-303874.0116,-261143.8046,42730.207,467.3453,1054.0524
-303767.1912,-261158.6014,42608.5898,545.1993,1014.739
-303912.6039,-261085.1742,42827.4297,504.2092,1044.7174
-303746.1017,-261105.9142,42640.1875,490.5744,1060.2331
-303868.9761,-261223.4527,42645.5234,539.5319,1036.8928
-303852.2681,-261186.061,42666.207,499.2498,1057.3813
-304001.8516,-261286.4727,42715.3789,504.4926,1062.7222
-304072.6,-261192.9867,42879.6133,455.7075,1042.3115
-303977.744,-261198.2909,42779.4531,494.2917,1046.043
-303782.7339,-261116.7105,42666.0234,506.2823,1045.7329
-303784.9456,-261284.43,42500.5156,478.2527,1007.5438
-304075.3842,-261185.9584,42889.4258,469.135,1038.5826
-304067.5696,-261284.7298,42782.8398,491.1899,998.9161
-303595.7816,-261139.6761,42456.1055,466.2783,1074.4393
-304091.5337,-261281.9283,42809.6055,468.1872,1071.0498
-303924.6967,-261077.3842,42847.3125,472.6237,1063.6808
-303775.8171,-261173.239,42602.5781,501.8249,1048.574
-303990.0934,-261325.4332,42664.6602,505.7032,1009.2456
-304023.6461,-261166.689,42856.957,519.4713,1026.3881
-303813.0768,-261130.733,42682.3438,503.5517,1042.3004
-303591.6049,-261125.1478,42466.457,528.6818,1062.9942
-303950.842,-261242.135,42708.707,483.1884,1063.7921
-303921.212,-261260.3526,42660.8594,445.1252,1029.0041
-303706.6615,-261167.1889,42539.4727,513.3842,1018.0764
-303957.1486,-261200.3791,42756.7695,488.9812,1065.7139
-304096.357,-261248.2945,42848.0625,500.6339,1022.1327
-303999.5861,-261157.5314,42842.0547,496.4647,1036.6554
-303832.2329,-261225.3071,42606.9258,488.3561,1052.6866
-303749.8003,-261143.4605,42606.3398,514.1936,1014.8143
-303821.5807,-261113.069,42708.5117,515.8809,1007.6605
-303933.9928,-261200.6764,42733.3164,521.1431,1004.8122
-303817.7007,-261124.1812,42693.5195,495.7157,1029.2782
-303681.4884,-261158.5587,42522.9297,477.8646,1064.7205
-303671.08,-261145.0566,42526.0234,477.1221,1055.219
-303887.6509,-261126.4243,42761.2266,483.8776,1043.2376
-303914.9791,-261195.1041,42719.875,475.4017,1081.4552
-303641.3803,-261141.3569,42500.0234,509.2986,993.7732
-303911.4164,-261227.1312,42684.2852,487.8538,1065.3247
-303850.4601,-261207.5539,42642.9062,459.2189,1043.923
-303819.7417,-261164.5503,42655.1914,511.041,1066.2786
-303948.2973,-261215.4965,42732.8008,472.7395,1032.8233
-303688.4417,-261284.8285,42403.6133,518.0466,1087.3969
-303621.5444,-261124.0717,42497.4727,489.2834,1030.5792
-303723.3352,-261169.679,42553.6562,494.6286,1032.7319
-303762.1214,-261220.9612,42541.1602,488.9228,1042.2583
-303490.0534,-261122.0183,42368.0352,497.3251,1062.35
-303758.0189,-261116.6322,42641.3867,456.3461,1078.3424
-303736.2235,-261220.0477,42516.1758,500.8567,1019.297
-303948.1555,-261227.3196,42720.8359,499.6699,1035.0552
-304305.6054,-261221.0234,43084.582,465.1295,1008.4718
-303749.6399,-261105.9603,42643.6797,500.0044,1001.286
-303937.3747,-261155.8942,42781.4805,501.241,1072.9675
-303779.2636,-261222.6229,42556.6406,512.6927,1046.1064
-303974.5665,-261152.754,42821.8125,478.1218,1012.6923
-303793.2829,-261098.1384,42695.1445,512.6048,1035.9443
-303942.0831,-261171.001,42771.082,490.733,1035.3341
-303840.3063,-261215.9938,42624.3125,503.5859,1046.2294
-303896.3565,-261173.5987,42722.7578,471.6142,1032.2818
-303532.3894,-261224.6941,42307.6953,509.6758,1017.5676
-304005.6897,-261262.5491,42743.1406,490.4843,1016.3113
-304030.7085,-261190.9,42839.8086,453.5061,1048.9848
-304046.0876,-261223.2555,42822.832,470.0457,1073.0548
-303841.3673,-261153.9298,42687.4375,473.6288,1042.482
-303624.1661,-261233.8106,42390.3555,502.2549,1051.2121
-303714.5565,-261120.9901,42593.5664,480.467,1055.2432
-303672.2763,-261149.5068,42522.7695,492.5991,1077.6698
-303819.6848,-261169.7043,42649.9805,473.6983,1045.306
-303869.0431,-261157.9689,42711.0742,506.7479,1060.8766
-304015.3504,-261209.534,42805.8164,482.5413,1048.099
-303932.5035,-261167.6949,42764.8086,492.1232,1027.2571
-303822.2459,-261133.867,42688.3789,489.0966,1101.4712
-303944.3981,-261190.0465,42754.3516,495.2659,1028.2095
-303960.0997,-261170.7052,42789.3945,491.2672,1013.4528
-303666.4349,-261239.8919,42426.543,491.7705,1047.1779
-303671.0573,-261112.3581,42558.6992,519.4445,1037.0194
-303941.8892,-261226.5767,42715.3125,535.6292,1039.6382
-303968.5135,-261185.0955,42783.418,478.8996,1075.4966
-303596.8351,-261150.6945,42446.1406,486.0562,1020.2058
-303877.9464,-261211.3292,42666.6172,493.1818,1039.4624
-303965.0795,-261172.2201,42792.8594,487.1267,1036.281
-303689.6561,-261090.4373,42599.2188,497.6463,1008.4602
-303815.9595,-261190.8462,42625.1133,474.3767,1050.0114
-303725.5384,-261180.9798,42544.5586,508.004,1042.4393
-303842.4952,-261185.4639,42657.0312,496.7205,1040.7704
-303946.771,-261177.9546,42768.8164,511.8345,1004.7963
-304081.6963,-261197.2706,42884.4258,485.571,1077.132
-304057.9301,-261156.4887,42901.4414,492.5011,1007.2946
-303848.782,-261147.9656,42700.8164,495.5859,1030.6872
-303775.9173,-261244.2376,42531.6797,517.878,1032.3642
-303735.5714,-261228.8917,42506.6797,527.9071,1037.4479
-303989.013,-261134.2981,42854.7148,485.8331,1040.1082
-303546.9025,-261198.5275,42348.375,498.8877,1043.2281
-303944.4929,-261335.7234,42608.7695,518.4957,1037.4167
-303975.6598,-261272.4802,42703.1797,493.8852,1038.7232
-303891.3157,-261268.5266,42622.7891,518.3229,1110.8658
-304071.4847,-261242.4222,42829.0625,497.5367,1086.5521
-303971.7687,-261229.3429,42742.4258,515.2514,1058.7063
-303777.0437,-261117.1023,42659.9414,485.2621,1020.6644
-303931.8661,-261169.4208,42762.4453,462.4012,1062.5999
-303994.9911,-261208.0106,42786.9805,511.4091,1034.9421
-303967.4207,-261216.8191,42750.6016,496.1916,1032.3545
-303989.9087,-261201.4556,42788.4531,479.4802,1041.3805
-303911.7895,-261121.7778,42790.0117,485.067,1062.4866
-303739.6202,-261167.0733,42572.5469,488.818,1051.6374
-303894.1591,-261098.6161,42795.543,490.6041,1024.5499
-303802.8427,-261116.5966,42686.2461,501.8154,1040.596
-303860.6752,-261080.9682,42779.707,485.597,992.819
-303898.2253,-261123.8855,42774.3398,491.3145,1059.2342
-303834.3854,-261156.5026,42677.8828,485.8889,1032.551
-304062.0176,-261122.5333,42939.4844,508.0097,998.083
-303787.924,-261223.9709,42563.9531,529.3999,1038.4625
-303793.8306,-261159.0377,42634.793,520.2573,1062.726
-303912.5881,-261132.6311,42779.957,471.1281,1048.7896
-303704.1552,-261047.7372,42656.418,490.5997,1046.4877
-303843.3958,-261118.0833,42725.3125,472.497,1031.5159
-303671.2396,-261097.392,42573.8477,478.6413,1025.7832
-303845.4438,-261151.7641,42693.6797,480.9318,1027.8234
-303649.339,-261084.2023,42565.1367,499.7596,1055.9073
-303854.449,-261125.8162,42728.6328,504.8163,1034.7401
-303819.8408,-261177.454,42642.3867,515.258,1068.0233
-303902.1852,-261124.1735,42778.0117,516.0166,1028.6997
-303633.3808,-261152.8222,42480.5586,486.8221,1017.5153
-303853.0073,-261096.5932,42756.4141,504.7432,1029.887
-304042.3455,-261221.9158,42820.4297,524.0613,1029.0364
-304242.2602,-261250.8891,42991.3711,514.929,1038.0113
-303610.1407,-261035.5548,42574.5859,485.9761,1017.5782
-303788.786,-261227.8954,42560.8906,512.2475,1025.1503
-303900.8852,-261103.7055,42797.1797,481.5454,1054.7258
-303732.3512,-261151.2497,42581.1016,502.5115,1057.1009
-304100.9859,-261187.8921,42913.0938,489.925,1026.2015
-303662.5294,-261106.2325,42556.2969,495.122,1012.021
-303939.8915,-261133.415,42806.4766,453.6371,1048.2991
-303903.2211,-261164.4047,42738.8164,474.2119,1044.1733
-303808.8875,-261245.7,42563.1875,552.3894,1057.8915
-303591.3385,-261113.0143,42478.3242,480.8216,1046.4642
-303995.4067,-261243.6059,42751.8008,530.7301,1086.7464
-303949.5136,-261223.1816,42726.332,474.1198,1062.1583
-304018.038,-261190.9442,42827.0938,508.2811,996.9147
-303658.2539,-261160.1094,42498.1445,496.199,1034.5862
-303829.327,-261160.2176,42669.1094,499.6779,1031.5137
-303932.225,-261242.8578,42689.3672,466.8043,1011.0448
-303897.5871,-261234.5754,42663.0117,495.879,1017.1864
-303666.1778,-261164.5098,42501.668,502.7937,1048.0349
-303778.8205,-261146.7736,42632.0469,495.266,1011.5704
-304027.118,-261203.993,42823.125,502.6447,1077.8798
-304002.2282,-261248.6383,42753.5898,490.9302,1053.2977
-303725.3232,-261108.6475,42616.6758,485.1119,996.8744
-303615.1998,-261123.7037,42491.4961,511.5815,1089.3904
-303794.8512,-261144.9371,42649.9141,475.8522,1045.9833
-303624.8531,-261168.189,42456.6641,497.8431,1005.5949
-304046.6593,-261141.6671,42904.9922,495.7717,1030.0628
-304040.1578,-261166.7633,42873.3945,504.9699,1019.8429
-303794.1317,-261156.4755,42637.6562,483.6077,1038.1351
-303892.5764,-261205.51,42687.0664,520.314,1025.2859
-304200.633,-261261.2931,42939.3398,479.9858,1048.8239
-304083.3283,-261293.7229,42789.6055,523.5408,1016.7808
-303910.2025,-261108.0423,42802.1602,493.5121,1060.0008
-303831.0823,-261331.137,42499.9453,508.6073,1050.8621
-303784.1902,-261181.2371,42602.9531,487.6774,1061.718
-303845.936,-261064.9438,42780.9922,466.0774,1028.7071
-303909.5819,-261246.4296,42663.1523,498.8521,1020.4651
-303583.7859,-261147.0007,42436.7852,524.4845,1036.4185
-303844.8891,-261134.1391,42710.75,489.9926,1038.2652
-303773.8268,-261172.8971,42600.9297,510.97,1037.7433
-303821.3256,-261223.931,42597.3945,494.8714,1051.1641
-303697.0428,-261205.2655,42491.7773,489.0197,1016.3483
-303650.8552,-261158.6208,42492.2344,521.8551,1027.6768
-303959.8022,-261095.8217,42863.9805,483.8902,1067.2723
-303889.1513,-261153.3193,42735.832,424.7103,1032.0444
-303534.571,-261093.7858,42440.7852,515.7608,1052.8815
-303907.6533,-261146.8017,42760.8516,488.5475,1054.6339
-303844.549,-261173.7326,42670.8164,507.8396,1014.6873
-303901.7155,-261180.946,42720.7695,520.2006,1028.7504
-303738.7028,-261132.8083,42605.8945,520.394,1068.4871
-303873.4173,-261161.1985,42712.2188,505.1467,1027.5011
-303811.1064,-261077.954,42733.1523,489.4036,1032.5359
-303776.7954,-261158.8618,42617.9336,474.5646,1067.3879
-303786.4288,-261223.2882,42563.1406,511.4987,1038.9187
-303844.8637,-261208.1372,42636.7266,464.4231,1083.0949
-303756.0871,-261200.4894,42555.5977,470.5142,1027.7201
-303782.3213,-261162.0674,42620.2539,508.8752,1005.5238
-303863.9616,-261174.7584,42689.2031,501.8678,1074.5314
-303826.4008,-261250.5727,42575.8281,506.1349,1046.2021
-303517.6039,-261118.3461,42399.2578,508.3174,1073.5788
-304120.8546,-261185.0304,42935.8242,491.2186,1070.3023
-303736.6653,-261157.4973,42579.168,484.798,1059.5478
-303778.1193,-261208.5372,42569.582,503.9161,1051.9044
-303703.6023,-261149.5671,42554.0352,486.8962,1054.3806
-303822.5932,-261157.3236,42665.2695,497.6307,1020.9154
-304030.0509,-261195.2501,42834.8008,534.7367,1018.9562
-303779.929,-261167.8118,42612.1172,507.5477,1058.3336
-303797.7505,-261199.317,42598.4336,482.7767,1044.2886
-303943.0933,-261197.1284,42745.9648,507.5984,1039.4985
-303989.8305,-261221.3383,42768.4922,476.782,1086.9408
-303871.0315,-261209.3792,42661.6523,511.2562,1043.2038
-303777.1738,-261171.162,42606.0117,460.6078,1044.688
-303858.2025,-261145.0541,42713.1484,509.3442,1046.9526
-303712.564,-261180.8999,42531.6641,497.6956,1022.5259
-304072.6285,-261236.98,42835.6484,484.9093,1050.1473
-303773.0115,-261179.9998,42593.0117,487.093,1036.1718
-303634.5635,-261067.6494,42566.9141,502.8056,1059.0226
-303782.4005,-261158.1271,42624.2734,490.4133,1030.0225
-303951.3107,-261157.8576,42793.4531,503.7634,1020.7492
-303960.4404,-261234.6592,42725.7812,500.4538,1003.9068
-303980.7097,-261153.2917,42827.418,486.7591,1016.7697
-303711.0907,-261183.3094,42527.7812,480.9651,1078.4367
-303589.2249,-261111.8421,42477.3828,509.2866,1032.9658
-303705.9594,-261161.9594,42544.0,496.4039,1039.939
-303734.2235,-261132.4852,42601.7383,501.1904,1045.6307
-303912.9666,-261140.7205,42772.2461,468.3016,979.3516
-303833.1313,-261099.479,42733.6523,491.7426,1065.398
-303880.2256,-261151.9209,42728.3047,501.306,1054.87
-303832.4167,-261291.2761,42541.1406,515.8116,1050.3888
-303847.1588,-261200.7955,42646.3633,498.8835,1055.805
-304037.3022,-261236.9545,42800.3477,483.9806,1033.539
-303794.5632,-261114.4577,42680.1055,494.1319,1017.4567
-303913.3219,-261232.9547,42680.3672,505.2251,1039.7528
-304055.154,-261186.1969,42868.957,487.631,1037.5801
-303876.1141,-261266.4618,42609.6523,518.9179,1039.5447
-303967.6596,-261186.5503,42781.1094,496.6545,1029.5093
-303727.5436,-261101.778,42625.7656,463.1985,1058.795
-303802.8287,-261139.1646,42663.6641,526.1414,1086.4985
-303629.2556,-261093.0212,42536.2344,495.0999,1085.2218
-303720.0519,-261161.7277,42558.3242,499.3942,1051.2852
-303729.6372,-261137.4419,42592.1953,489.6749,1064.2343
-303819.5717,-261147.7123,42671.8594,519.5359,1064.4898
-303925.7685,-261191.3583,42734.4102,474.965,1036.1527
-303888.6096,-261160.0978,42728.5117,492.9387,1064.792
-303803.182,-261149.6312,42653.5508,470.573,1016.2349
-303779.2462,-261193.1251,42586.1211,471.7602,1008.119
-303883.061,-261070.4321,42812.6289,487.0314,1061.7308
-303783.2304,-261227.5351,42555.6953,497.6127,1012.2166
-303960.173,-261226.0987,42734.0742,521.2008,1097.2234
-303797.5,-261117.1016,42680.3984,476.7653,1000.9329
-303979.2965,-261240.3238,42738.9727,494.3661,1024.4932
-303593.3338,-261203.5721,42389.7617,502.1785,1059.4871
-303808.2567,-261242.4598,42565.7969,514.5257,1071.886
-303656.21,-261165.1592,42491.0508,502.599,1022.51
-303702.2838,-261158.6198,42543.6641,531.1256,1060.3334
-303818.2672,-261146.6891,42671.5781,482.5175,1041.7343
-303969.8966,-261145.3067,42824.5898,491.7713,1027.1782
-303934.0217,-261268.5881,42665.4336,524.5223,1049.1002
-303852.224,-261136.8178,42715.4062,476.95,1035.6789
-303727.4314,-261184.1267,42543.3047,519.6511,1047.4027
-303877.1038,-261225.9593,42651.1445,522.2416,1028.9986
-303854.1282,-261144.4094,42709.7188,480.5208,1056.3018
-303718.1001,-261166.729,42551.3711,514.22,1029.6638
-303756.5472,-261115.8245,42640.7227,498.8352,1053.6184
-303952.4776,-261220.2628,42732.2148,513.1981,1071.9783
-303942.857,-261241.646,42701.2109,454.4179,1066.1403
-303815.6396,-261170.6474,42644.9922,504.5037,1016.4087
-304051.1985,-261116.3508,42934.8477,450.3643,1015.8636
-303833.4191,-261060.1066,42773.3125,490.9423,1057.999
-303745.7981,-261072.7005,42673.0977,491.6344,1021.5905
-303834.3917,-261140.4542,42693.9375,490.8814,1040.0321
-303693.4876,-261112.9603,42580.5273,488.8665,1043.9822
-303755.7318,-261007.556,42748.1758,501.7568,1017.8648
-303921.1425,-261227.7246,42693.418,506.8813,1027.3463
-303964.3576,-261180.1935,42784.1641,509.0182,1014.0349
-303725.6634,-261184.5541,42541.1094,493.736,1065.8336
-303740.5265,-261070.4093,42670.1172,523.5738,1065.4791
-303872.623,-261205.5918,42667.0312,534.3791,1061.5702
-303855.4355,-261149.1933,42706.2422,475.6163,1040.2951
-303701.6264,-261186.0483,42515.5781,515.188,1056.5765
-303697.8276,-261059.9643,42637.8633,480.2136,1036.3417
-303962.5849,-261091.4677,42871.1172,531.1594,1013.0601
-304024.134,-261200.5168,42823.6172,485.7568,1033.4087
-303904.7417,-261207.8745,42696.8672,463.8495,1037.059
-303915.4919,-261236.4997,42678.9922,479.206,1005.5342
-303749.6843,-261302.0241,42447.6602,522.0277,1090.1122
-303950.2676,-261187.9239,42762.3438,477.0976,1051.1354
-304027.9221,-261145.5666,42882.3555,507.0622,1011.1803
-303720.2798,-261082.7251,42637.5547,463.667,977.1672
-303622.602,-261043.1723,42579.4297,490.732,1099.136
-303989.9963,-261159.6096,42830.3867,519.296,1044.9813
-303843.9859,-261271.189,42572.7969,493.7023,1017.9929
-304096.3645,-261222.9661,42873.3984,510.4142,966.2568
-303718.6366,-261147.1366,42571.5,471.5747,1037.1604
-304080.6945,-261185.1281,42895.5664,500.4321,1037.3015
-303864.1141,-261178.4461,42685.668,521.8309,1044.7305
-304177.7588,-261205.5478,42972.2109,494.2577,1039.5606
-303834.6333,-261218.0982,42616.5352,505.1688,1038.8559
-303669.1143,-261092.3409,42576.7734,487.062,1048.9547
-303621.8597,-261068.3597,42553.5,512.3716,1031.7608
-303747.508,-261053.7306,42693.7773,456.7039,1067.5736
-303522.7255,-261070.3856,42452.3398,487.4935,1024.3545
-303978.2402,-261146.9511,42831.2891,512.819,1025.1404
-303760.9426,-261119.3254,42641.6172,460.1077,1042.5519
-303867.4153,-261155.4075,42712.0078,492.2852,1051.5961
-303843.1261,-261092.6886,42750.4375,480.1237,1043.7181
-303759.9952,-261005.6397,42754.3555,514.1254,1069.8145
-303625.2943,-261008.1263,42617.168,491.9613,1068.6973
-303737.5475,-261142.8717,42594.6758,449.5825,1028.2064
-303842.4454,-261076.6056,42765.8398,469.356,1020.9819
-303684.9101,-261110.0702,42574.8398,506.8908,1022.467
-303710.686,-261013.4633,42697.2227,483.7466,1014.1718
-303723.7944,-261076.6303,42647.1641,490.9361,989.3804
-303664.9157,-261145.6813,42519.2344,506.717,1013.6768
-303804.649,-261110.4263,42694.2227,480.0163,1047.2842
-303758.115,-261076.6541,42681.4609,485.2146,1031.7264
-303818.3259,-261115.947,42702.3789,507.3732,1039.1014
-303879.2224,-261169.1091,42710.1133,482.845,1095.2796
-303712.5046,-261076.5514,42635.9531,504.0758,1001.0221
-303680.852,-261173.1957,42507.6562,501.0174,1039.1157
-303761.2889,-261164.0702,42597.2188,463.6823,1001.4019
-303885.6381,-261159.2435,42726.3945,474.5009,1030.4698
-304141.4745,-261230.4003,42911.0742,483.4875,1054.8557
-303872.9499,-261184.1492,42688.8008,497.8402,1065.8682
-303735.7695,-261057.0742,42678.6953,486.4604,1031.7667
-303705.659,-261153.5027,42552.1562,522.523,1047.751
-303624.4279,-261028.4669,42595.9609,475.5332,1046.5753
-303733.5278,-261225.0591,42508.4688,497.1627,1058.4246
-303847.1475,-261225.753,42621.3945,514.3651,1101.4481
-303871.3321,-261163.3047,42708.0273,521.4279,1028.8368
-303920.7895,-261143.0864,42777.7031,498.1511,1041.1593
-303916.4596,-261181.694,42734.7656,500.4732,1002.2345
-303561.9071,-261181.5946,42380.3125,499.3966,1035.4348
-303731.9845,-261086.8751,42645.1094,476.0968,1051.5197
-303924.8222,-261239.9745,42684.8477,485.5632,1036.9959
-303937.6215,-261208.3286,42729.293,522.3114,1064.471
-303861.1062,-261156.2702,42704.8359,519.6148,1058.3937
-303973.7924,-261158.8822,42814.9102,505.6714,1050.2639
-304028.7777,-261095.5159,42933.2617,466.3701,1029.2858
-303910.3337,-261114.6306,42795.7031,512.6833,1046.546
-303636.7762,-261052.2371,42584.5391,486.2168,1037.4054
-303870.3051,-261141.7426,42728.5625,452.5856,1028.8846
-303961.7338,-261116.7064,42845.0273,487.0914,1053.0835
-303805.0118,-261160.6095,42644.4023,489.7697,1016.4179
-304026.2319,-261167.6811,42858.5508,505.8479,1038.8199
-304024.8269,-261140.241,42884.5859,515.3345,1079.56
-303564.0648,-261057.4242,42506.6406,503.0464,999.6072
-303852.928,-261094.0569,42758.8711,497.7438,1049.0829
-303942.2194,-261151.8405,42790.3789,482.8675,1057.9186
-303826.1409,-261196.1058,42630.0352,477.5547,1072.8976
-303970.2312,-261170.1414,42800.0898,495.8731,1064.5963
-303903.1563,-261157.8204,42745.3359,494.5394,1012.2562
-304107.8284,-261148.3166,42959.5117,511.9633,1055.3107
-303962.5517,-261096.6299,42865.9219,484.6935,1020.7144
-303672.4198,-261102.7011,42569.7188,511.1364,1031.8263
-303909.2068,-261172.2302,42736.9766,484.7174,1061.3049
-303811.7664,-261181.6609,42630.1055,499.3361,1030.614
-303793.8717,-261181.7389,42612.1328,520.6512,1040.5684
-303990.8677,-261113.149,42877.7188,524.6548,1056.2766
-303790.5167,-261083.3487,42707.168,492.3163,1027.6258
-303934.3905,-261159.1991,42775.1914,512.7193,1042.9007
-303993.6308,-261278.8495,42714.7812,471.0821,1053.2458
-303865.8461,-261124.225,42741.6211,487.9967,1032.0016
-303729.3512,-261109.6754,42619.6758,509.8561,1037.8099
-303866.9292,-261043.8823,42823.0469,493.0391,1032.8975
-303879.9543,-261146.7199,42733.2344,500.2316,1054.3535
-303698.0867,-261134.9344,42563.1523,477.9124,1052.3799
-303721.2818,-261142.9575,42578.3242,510.2209,1062.2998
-303860.6648,-261077.4539,42783.2109,480.9313,1065.4964
-303896.7784,-261102.3096,42794.4688,496.2608,1048.5217
-303828.8506,-261218.7529,42610.0977,519.3998,999.6225
-303821.024,-261160.6685,42660.3555,480.9612,1066.555
-303967.3337,-261128.986,42838.3477,489.7135,1050.8915
-303882.7607,-261177.3427,42705.418,486.4816,1024.7396
-303622.4247,-261142.8036,42479.6211,501.4378,971.9616
-303530.3475,-261074.4725,42455.875,485.3664,1054.4776
-303818.5382,-261035.1163,42783.4219,511.0541,1043.4087
-303925.21,-261209.2725,42715.9375,461.276,1069.6337
-303734.4858,-261163.6889,42570.7969,472.78,1024.9196
-303738.9951,-261110.8623,42628.1328,483.4824,978.356
-303922.8701,-261198.249,42724.6211,489.6391,1107.8178
-303836.5723,-261137.295,42699.2773,512.6787,1007.1392
-303721.0351,-261153.1288,42567.9062,493.1233,1041.8861
-303885.545,-261177.4668,42708.0781,489.1069,1058.1115
-303683.0403,-261060.6692,42622.3711,487.4694,1055.4823
-303928.6842,-261165.5475,42763.1367,487.8023,1035.5764
-303879.0077,-261158.9608,42720.0469,506.9505,974.3231
-303942.4062,-261172.9453,42769.4609,538.8126,1062.1172
-303875.6083,-261151.1982,42724.4102,511.4154,1020.9486
-303703.0157,-261022.2969,42680.7188,495.5433,1021.426
-303982.0949,-261261.2785,42720.8164,472.0696,1071.6036
-304080.4652,-261258.1254,42822.3398,494.3951,1018.1027
-303867.4395,-261186.2481,42681.1914,490.5955,1030.8177
-304080.7144,-261159.0113,42921.7031,516.5812,1039.0081
-303598.7561,-261068.2561,42530.5,491.2249,1036.9661
-304116.357,-261219.6578,42896.6992,497.935,1027.8569
-303858.4212,-261129.7533,42728.668,486.5738,1067.4917
-303310.146,-261085.7554,42224.3906,500.2078,1017.6362
-303892.3236,-261086.765,42805.5586,480.0248,1071.4831
-303833.9404,-261147.2295,42686.7109,499.5786,1067.6874
-303706.4947,-261011.9361,42694.5586,475.6472,1081.205
-303801.7363,-261195.3301,42606.4062,469.4418,1043.2883
-303774.725,-261120.0102,42654.7148,514.2243,1070.8762
-303898.7933,-261194.3363,42704.457,458.2861,1035.0762
-303917.11,-261260.0866,42657.0234,505.9348,1040.1518
-303933.3443,-261137.5279,42795.8164,503.9348,1020.6449
-303887.0685,-261133.9592,42753.1094,478.4086,1056.7756
-303970.1884,-261252.6376,42717.5508,528.2067,1036.3414
-303554.6378,-261187.8058,42366.832,498.4266,1007.2273
-303875.0937,-261116.9765,42758.1172,478.3153,1039.6173
-303945.1626,-261178.9672,42766.1953,476.1112,1041.645
-303654.9244,-261128.7447,42526.1797,533.6269,1067.5233
-303938.0057,-261150.0096,42787.9961,500.3345,1012.3695
-303684.746,-261053.0351,42631.7109,474.033,1021.2392
-303899.9173,-261208.1243,42691.793,510.6504,1037.8044
-303982.5223,-261149.1825,42833.3398,492.7364,1045.5727
-303872.2988,-261235.2793,42637.0195,496.7328,1078.2836
-303762.2335,-261160.1046,42602.1289,514.9681,1036.1439
-303639.578,-261131.957,42507.6211,492.9279,1035.1561
-303812.8261,-261163.287,42649.5391,509.3925,1025.8959
-303697.0648,-261162.9437,42534.1211,514.4365,1009.8527
-303834.5772,-261123.5264,42711.0508,497.6974,1026.1808
-303809.692,-261117.5357,42692.1562,482.7542,1065.5944
-303810.7747,-261205.7825,42604.9922,506.3039,1052.4904
-303956.9321,-261119.0063,42837.9258,487.2027,1043.7193
-304090.0552,-261271.9654,42818.0898,490.6927,1074.0824
-303875.7399,-261258.9352,42616.8047,466.2703,1029.4932
-303818.1494,-261060.9541,42757.1953,518.2266,1026.5419
-304099.5095,-261274.9392,42824.5703,487.5382,1026.6014
-303831.356,-261202.4927,42628.8633,482.3074,1024.6058
-303896.7455,-261204.6908,42692.0547,491.7503,1042.7704
-303909.8048,-261145.59,42764.2148,507.0314,1048.3893
-303788.451,-261137.826,42650.625,515.171,1042.5647
-303769.3025,-261231.4979,42537.8047,480.9962,1019.8966
-303734.9275,-261159.279,42575.6484,486.4658,1021.8794
-303960.4894,-261292.044,42668.4453,506.5936,1015.9725
-303903.992,-261163.0858,42740.9062,480.988,1011.7355
-303678.6805,-261093.8446,42584.8359,526.6476,1053.2421
-304153.903,-261257.2311,42896.6719,510.4787,1037.149
-304117.9636,-261223.7878,42894.1758,504.4622,1000.6948
-303929.9765,-261118.9218,42811.0547,501.3928,1051.089
-303789.9764,-261190.2537,42599.7227,496.6531,1036.1142
-303779.504,-261203.922,42575.582,464.2903,1021.2218
-303922.5827,-261195.4148,42727.168,521.5181,1003.5344
-303766.1396,-261195.3622,42570.7773,500.0056,1064.6799
-303665.798,-261216.6965,42449.1016,494.4698,1011.0885
-303810.8808,-261166.1152,42644.7656,501.5028,1020.3668
-303790.8199,-261230.484,42560.3359,472.3308,1021.7724
-304026.653,-261079.8131,42946.8398,472.8909,1027.1691
-303846.1569,-261146.5944,42699.5625,464.9132,1044.3147
-304076.4188,-261251.9149,42824.5039,502.9614,1041.0187
-303828.1014,-261177.2537,42650.8477,485.4021,1020.5322
-304090.4829,-261255.5298,42834.9531,512.7886,1021.501
-303542.2494,-261090.9174,42451.332,505.6893,1051.1199
-303893.4479,-261166.4557,42726.9922,468.671,1008.8018
-304039.4247,-261134.7723,42904.6523,474.0288,1054.4159
-303985.8057,-261182.2627,42803.543,489.1427,1058.7372
-303998.064,-261209.0132,42789.0508,485.4902,1053.294
-304018.8369,-261192.8643,42825.9727,511.0252,1020.5512
-303926.6435,-261260.7294,42665.9141,498.0817,1035.8637
-303875.9629,-261153.9355,42722.0273,476.8092,1065.6739
-303878.3583,-261165.6435,42712.7148,482.8931,1026.5996
-303996.0464,-261144.9644,42851.082,502.7568,1050.1486
-303969.0685,-261179.006,42790.0625,488.6459,1031.9923
-303476.1156,-261043.9477,42432.168,485.7759,1038.0984
-303941.4833,-261215.8544,42725.6289,475.7785,1021.5593
-303818.3295,-261136.2357,42682.0938,507.1329,1049.9219
-303674.6678,-261158.1912,42516.4766,501.4178,1021.9385
-303879.2666,-261148.9228,42730.3438,502.525,1049.1647
-303774.4707,-261156.584,42617.8867,464.4903,1035.1258
-303729.0659,-261180.4448,42548.6211,515.3252,1020.1591
-303771.703,-261081.6913,42690.0117,523.4289,1049.8331
-303752.0393,-261074.8479,42677.1914,527.5761,1014.7792
-303811.7098,-261184.1473,42627.5625,482.3616,1081.7566
-303726.7968,-261218.4062,42508.3906,498.4524,1036.5958
-303772.6092,-261171.4413,42601.168,509.9189,1051.8376
-303712.9797,-261220.9133,42492.0664,499.379,1049.1904
-303769.9607,-261078.2146,42691.7461,478.0805,1069.3402
-303850.8648,-261216.6891,42634.1758,505.2102,1044.9815
-303983.7465,-261176.7074,42807.0391,479.7699,1045.6515
-303720.8837,-261271.3291,42449.5547,482.2266,1033.8597
-303694.3545,-261075.2998,42619.0547,517.6145,1062.8767
-303830.0178,-261110.8069,42719.2109,473.1351,1024.6583
-303968.4217,-261170.2733,42798.1484,494.8809,1023.956
-303748.5737,-261200.7807,42547.793,534.0557,1077.3386
-303964.2075,-261070.8637,42893.3438,472.1004,1041.6662
-303834.8294,-261117.8958,42716.9336,492.23,1005.4059
-303849.482,-261126.4117,42723.0703,519.0378,1063.2866
-303747.7918,-261139.4363,42608.3555,521.5467,1002.3127
-304018.8503,-261167.6511,42851.1992,500.1457,1032.8635
-303914.6523,-261155.1719,42759.4805,530.6242,1051.989
-303640.6882,-261158.0046,42482.6836,525.2679,1026.9526
-303943.391,-261208.6254,42734.7656,532.2755,1017.9542
-304044.797,-261245.1915,42799.6055,491.5531,1061.495
-303765.1915,-261166.0783,42599.1133,482.9724,1061.9582
-303720.182,-261176.1742,42544.0078,493.6313,1085.9407
-303754.7604,-261195.4479,42559.3125,469.2625,1056.0618
-303875.9402,-261186.5652,42689.375,479.8074,1034.5046
-303918.505,-261205.044,42713.4609,491.9772,1099.0088
-303854.6765,-261083.5241,42771.1523,520.8668,1029.976
-303820.0508,-261146.9844,42673.0664,502.0805,1027.3882
-304070.6142,-261212.0634,42858.5508,486.4896,1049.4389
-304076.7483,-261211.2561,42865.4922,518.9235,998.6821
-303839.8579,-261248.7837,42591.0742,489.0476,1014.4744
-303837.0457,-261182.5887,42654.457,480.4661,1003.6592
-303791.0135,-261103.7401,42687.2734,505.1998,1061.6261
-304002.3002,-261155.8939,42846.4062,468.7237,993.2937
-304008.6858,-261180.514,42828.1719,484.9317,1025.0707
-303592.19,-261143.397,42448.793,488.086,1024.6989
-303667.9006,-261083.5451,42584.3555,523.0323,1056.1665
-303836.672,-261162.4571,42674.2148,489.3312,1034.6102
-303666.5512,-261084.7778,42581.7734,498.6399,1057.9453
-303816.6387,-261055.5059,42761.1328,498.9746,995.5344
-303736.132,-261086.7726,42649.3594,524.465,1005.3587
-304021.0474,-261190.3795,42830.668,512.0231,1012.8779
-303852.0442,-261255.9036,42596.1406,480.8577,1032.2256
-303849.929,-261102.5813,42747.3477,516.9836,1057.2088
-303895.5429,-261142.5586,42752.9844,481.7426,1070.656
-303912.033,-261134.283,42777.75,507.0907,1038.6424
-303856.6338,-261194.251,42662.3828,525.8725,1051.8468
-303712.4273,-261189.6617,42522.7656,511.1815,1028.0775
-303880.1135,-261155.426,42724.6875,503.7708,980.7224
-303818.5975,-261093.8475,42724.75,510.1526,1047.6635
-303811.5621,-261214.4917,42597.0703,512.213,1033.2301
-303786.3805,-261150.8609,42635.5195,509.1028,1065.8238
-303488.1477,-261076.1203,42412.0273,470.5432,1064.256
-304005.281,-261306.0271,42699.2539,496.7314,1039.7543
-303878.1647,-261163.8639,42714.3008,485.0783,1007.1605
-303840.0162,-261168.4068,42671.6094,523.034,1031.3713
-303875.3711,-261211.3126,42664.0586,483.7058,1021.8177
-303915.2686,-261139.1358,42776.1328,472.4953,1025.8171
-303816.8917,-261316.962,42499.9297,502.6417,1046.6786
-303882.1937,-261157.7015,42724.4922,495.165,1054.2024
-303954.2372,-261153.0067,42801.2305,509.6599,1035.4815
-303731.6037,-261114.1311,42617.4727,494.6302,1046.2021
-303546.1197,-261086.1041,42460.0156,464.9268,1025.1903
-303828.1913,-261165.3241,42662.8672,473.9744,1039.6976
-303916.6863,-261159.1199,42757.5664,463.2829,1057.5285
-303995.4802,-261205.4177,42790.0625,476.7802,1039.6051
-303944.9737,-261119.7823,42825.1914,494.2488,1032.2999
-303886.6078,-261193.7602,42692.8477,511.8345,1008.7664
-303836.231,-261109.7075,42726.5234,528.755,1026.2541
-303663.857,-261093.2008,42570.6562,528.7071,1050.2916
-303809.0904,-261113.9537,42695.1367,498.8375,1031.5778
-303914.1256,-261152.106,42762.0195,503.3398,1015.1943
-303763.5367,-261122.5484,42640.9883,480.5512,1011.6828
-303647.8932,-261139.1119,42508.7812,507.2869,1031.6682
-303661.9049,-261102.7994,42559.1055,493.3556,1024.9511
-303865.142,-261137.5053,42727.6367,509.6072,1042.8999
-303739.7778,-261123.3325,42616.4453,495.1017,1077.0435
-303748.6693,-261181.4115,42567.2578,524.0741,1022.7515
-303664.0768,-261151.151,42512.9258,500.5474,1085.5416
-303988.6562,-261290.539,42698.1172,522.2574,1053.9154
-303830.3605,-261100.8488,42729.5117,470.396,1035.5164
-303666.0844,-261131.3735,42534.7109,523.8129,1087.5443
-303970.9054,-261133.4366,42837.4688,496.1084,994.3914
-303948.658,-261179.2283,42769.4297,484.4906,1073.4965
-303599.068,-261109.5407,42489.5273,467.8438,1002.2987
-303803.81,-261166.5991,42637.2109,488.3634,1075.1195
-303778.6694,-261008.0835,42770.5859,528.0677,1071.3106
-303843.0393,-261146.6916,42696.3477,490.0308,1062.3657
-303833.552,-261144.5169,42689.0352,503.0003,1075.6817
-303821.0912,-261110.1732,42710.918,500.0919,1022.2611
-303605.2294,-261062.1982,42543.0312,491.7039,1003.3621
-303918.4562,-261071.714,42846.7422,493.4317,1022.8956
-303950.9935,-261126.6068,42824.3867,494.7737,1077.709
-303861.8719,-261155.4383,42706.4336,476.6267,1037.7561
-304145.6739,-261136.7364,43008.9375,472.7355,1042.3614
-304082.2008,-261136.6735,42945.5273,471.1734,1019.7063
-303778.9376,-261058.2071,42720.7305,512.0866,1058.9797
-303803.9023,-261100.1952,42703.707,480.8614,1087.4944
-303879.3198,-261078.7417,42800.5781,513.7445,1004.3268
-303621.9225,-261106.0982,42515.8242,496.9089,1017.9256
-303784.6905,-261195.0733,42589.6172,490.8558,1073.9433
-303549.7558,-260978.9784,42570.7773,526.4412,1048.2008
-304052.6839,-261116.7347,42935.9492,494.7387,1051.0423
-303933.7133,-261178.3422,42755.3711,517.8241,1063.3681
-303815.8277,-261101.0191,42714.8086,496.1594,1040.0121
-303836.9322,-261155.7799,42681.1523,491.336,1017.2883
-304004.8149,-261152.4751,42852.3398,516.9192,1022.7112
-303914.1454,-261185.9266,42728.2188,523.5945,1093.4791
-304006.0079,-261185.6251,42820.3828,518.0613,1023.3655
-303814.7306,-261138.2618,42676.4688,471.1721,1039.1357
-303836.8301,-261205.4942,42631.3359,481.7465,1057.7656
-303933.1592,-261231.9405,42701.2188,515.5004,1058.0694
-303732.9705,-261048.6463,42684.3242,495.3617,1030.7487
-303796.6935,-261127.2873,42669.4062,502.1147,1019.1944
-303904.2484,-261069.1468,42835.1016,473.7313,1032.6472
-303854.9946,-261175.2953,42679.6992,455.9773,1034.1489
-304135.6537,-261159.8138,42975.8398,493.3099,1031.6184
-303756.6026,-261198.5089,42558.0938,504.1963,1053.7665
-303627.0383,-261088.0344,42539.0039,479.5321,1026.8266
-303795.92,-261138.4747,42657.4453,518.189,1052.1988
-303947.6981,-261205.1551,42742.543,489.8004,1055.4583
-303880.3509,-261111.5697,42768.7812,487.4984,1029.238
-304045.5477,-261206.3329,42839.2148,489.9045,1074.7531
-303777.187,-261193.0112,42584.1758,506.7455,1025.8819
-303950.6799,-261086.7502,42863.9297,480.4126,1016.6899
-303969.3088,-261182.3127,42786.9961,514.9678,1028.7625
-303718.5317,-261056.7739,42661.7578,496.8914,1019.2534
-303695.5994,-261167.3182,42528.2812,478.524,1050.4352
-303866.1896,-261177.7052,42688.4844,545.1053,1029.164
-304032.7997,-261262.6357,42770.1641,539.0137,1049.0537
-303830.1073,-261169.8143,42660.293,503.1829,997.0399
-303836.0301,-261145.0691,42690.9609,503.1302,998.2016
-303839.3267,-261143.9907,42695.3359,467.3625,1063.3246
-303793.6892,-261136.2204,42657.4688,475.962,992.3951
-303931.2902,-261102.6144,42828.6758,522.9939,1003.3881
-303963.2306,-261216.3908,42746.8398,486.4529,1026.8176
-303839.3497,-261152.2833,42687.0664,510.3836,1032.2575
-303960.4136,-261176.6636,42783.75,484.3984,1092.9926
-303631.9268,-261069.8447,42562.082,502.4036,1000.7843
-304069.926,-261221.8635,42848.0625,490.4441,1048.126
-303550.3377,-261061.8885,42488.4492,484.2602,999.9049
-303777.9445,-261210.1633,42567.7812,507.529,1024.0233
-303937.9748,-261116.0373,42821.9375,494.9779,1053.0811
-303856.3817,-261146.2098,42710.1719,505.2191,1024.5929
-303578.0892,-261143.933,42434.1562,507.193,1057.2587
-303978.4625,-261169.443,42809.0195,486.3602,1097.368
-303771.4151,-261122.3175,42649.0977,483.5737,1015.2677
-303567.5984,-261104.2273,42463.3711,491.6299,1080.1586
-303843.4865,-261101.3771,42742.1094,511.1857,1021.8735
-304114.8492,-261144.2047,42970.6445,476.8676,1036.2363
-303909.81,-261150.8686,42758.9414,520.1429,1041.9589
-303989.9465,-261168.3215,42821.625,489.6455,1043.9435
-304012.3944,-261219.8515,42792.543,504.1665,1027.1074
-303712.7771,-261114.6287,42598.1484,533.0831,1004.6116
-303680.3566,-261111.8996,42568.457,479.373,1002.2335
-303745.0234,-261150.4491,42594.5742,508.9508,1014.6146
-303811.3513,-261222.8592,42588.4922,508.9197,1024.6223
-304094.6159,-261132.0105,42962.6055,530.9619,984.168
-303591.8617,-261212.8226,42379.0391,488.5476,1013.0733
-303798.5008,-261194.2587,42604.2422,489.5041,1074.5181
-303828.7813,-261191.0235,42637.7578,483.1863,1034.9315
-303720.2338,-261094.2846,42625.9492,492.6252,1031.6828
-303773.7849,-261157.4763,42616.3086,483.4901,1017.4772
-303680.3959,-261151.5834,42528.8125,486.5573,1039.7263
-303802.4164,-261186.1468,42616.2695,476.6309,1038.619
-303756.3039,-261085.3117,42670.9922,487.9274,1016.5638
-303677.5685,-261149.2013,42528.3672,499.0226,1037.1318
-304064.0984,-261234.9187,42829.1797,471.9044,1042.3267
-304099.0367,-261206.7047,42892.332,507.1928,1017.4966
-304049.9077,-261185.9468,42863.9609,513.8864,979.5109
-303722.2439,-261093.2712,42628.9727,480.348,989.0952
-303773.688,-261153.3755,42620.3125,509.0262,1052.0981
-303754.6817,-261214.9786,42539.7031,510.1353,1002.5953
-303645.5642,-261071.9548,42573.6094,491.0787,1031.6643
-303732.3943,-261206.1912,42526.2031,501.8529,1007.71
-303842.2564,-261170.4673,42671.7891,490.6485,1066.7889
-303961.8971,-261149.6198,42812.2773,495.9455,994.0538
-303922.8706,-261255.5893,42667.2812,528.8726,1041.3719
-303828.867,-261089.0076,42739.8594,493.2881,1028.3661
-303714.4422,-261148.2352,42566.207,513.1942,1123.8428
-304095.996,-261184.746,42911.25,475.2241,1038.6704
-303826.419,-261201.2667,42625.1523,505.4487,1037.2753
-303532.6089,-261014.9566,42517.6523,493.8466,1056.413
-304158.7848,-261147.8082,43010.9766,502.8644,1026.0197
-303752.2819,-261076.9772,42675.3047,500.9556,1051.81
-303740.3521,-261127.4576,42612.8945,489.037,1059.7633
-303808.1605,-261150.9965,42657.1641,496.116,1083.4999
-303956.2349,-261217.0982,42739.1367,515.6885,1037.5267
-303865.733,-261151.1666,42714.5664,504.8107,1060.6254
-303929.2149,-261204.9376,42724.2773,494.3822,1062.067
-303790.4992,-261167.9211,42622.5781,493.6479,1072.9971
-303958.035,-261125.8592,42832.1758,483.0291,1080.9375
-303877.1375,-261194.7508,42682.3867,489.7233,1031.2693
-303862.5012,-261150.677,42711.8242,496.2873,1040.1183
-303670.8764,-261180.521,42490.3555,523.4527,1040.5557
-303736.6726,-261119.3445,42617.3281,490.4444,1008.908
-303930.027,-261196.9997,42733.0273,517.2735,1074.7239
-303855.1018,-261093.0432,42762.0586,459.0664,1029.569
-303593.2859,-261164.614,42428.6719,488.7196,1045.7165
-303699.7191,-261049.9457,42649.7734,511.7765,1060.5447
-303636.775,-261158.2711,42478.5039,499.7835,1029.6616
-303829.5909,-261112.2471,42717.3438,532.2376,1051.5113
-303826.9217,-261123.3201,42703.6016,509.2424,1033.2576
-303765.2944,-261189.1225,42576.1719,464.343,1010.7486
-303873.3813,-261189.9633,42683.418,505.3077,1069.3296
-303850.738,-261162.5935,42688.1445,501.1178,1030.2681
-303743.6282,-261197.2103,42546.418,523.31,1023.8159
-303918.5255,-261126.1778,42792.3477,480.7475,1069.5148
-303774.4725,-261188.5975,42585.875,490.0477,1091.7338
-303775.9195,-261136.6031,42639.3164,479.5109,1023.1451
-303830.3814,-261112.4361,42717.9453,499.1635,1023.6751
-303686.3639,-261122.649,42563.7148,466.766,1002.4502
-303932.3779,-261156.5146,42775.8633,508.8181,1047.8035
-303880.6425,-261059.4667,42821.1758,475.687,1058.5588
-303906.7234,-261138.9969,42767.7266,502.3822,1052.0006
-303896.7804,-261164.3429,42732.4375,480.9374,1078.336
-304087.0869,-261108.6806,42978.4062,510.5164,986.2016
-303641.5434,-261049.727,42591.8164,474.6765,1052.1209
-303676.3719,-261191.5711,42484.8008,499.7219,1002.207
-303615.6296,-261052.3132,42563.3164,500.2144,1058.6138
-303783.1964,-261151.8682,42631.3281,501.3861,1054.8727
-303839.7561,-261179.5608,42660.1953,494.277,1035.9812
-303626.5275,-261065.9377,42560.5898,493.2958,1018.4948
-303718.7789,-261079.7867,42638.9922,474.0237,1037.2609
-304153.5302,-261211.2333,42942.2969,480.4986,1013.0723
-303924.2082,-261240.7512,42683.457,524.7097,1048.5372
-303876.9824,-261113.834,42763.1484,471.9435,1028.64
-303976.511,-261166.1204,42810.3906,496.8322,992.9718
-303767.7994,-261050.5689,42717.2305,516.2173,1025.2619
-303770.6026,-261146.0284,42624.5742,470.1928,1076.647
-303821.6497,-261167.0169,42654.6328,511.3169,1056.0822
-303864.0725,-261067.4905,42796.582,510.8812,1042.9717
-304102.0457,-261132.2762,42969.7695,487.6092,1031.3798
-303880.2733,-261068.7225,42811.5508,508.2248,1046.3313
-303883.7715,-261173.0332,42710.7383,484.494,1009.7846
-303853.8868,-261070.7618,42783.125,503.9614,1011.4531
-303972.7885,-261086.5932,42886.1953,501.0911,1045.9316
-304098.0336,-261251.7601,42846.2734,481.3693,993.5734
-303777.9313,-261166.4508,42611.4805,490.3162,1004.5844
-303754.3536,-261068.8224,42685.5312,452.8888,1007.4971
-303739.0951,-261150.2397,42588.8555,489.0398,1008.0922
-303632.079,-261190.6258,42441.4531,503.3077,1077.9226
-303793.3061,-261209.7553,42583.5508,476.548,1065.164
-303731.7794,-261192.9357,42538.8438,467.5496,1010.6272
-304076.5812,-261145.9602,42930.6211,487.8163,1059.366
-303901.3217,-261217.603,42683.7188,519.0307,1004.9866
-303720.6612,-261057.6846,42662.9766,470.8654,1060.8
-303809.8553,-261065.0975,42744.7578,493.7775,1034.0789
-303749.046,-261071.4678,42677.5781,490.3729,1046.0317
-303970.0228,-261215.2298,42754.793,485.0022,1048.129
-303856.8825,-261102.0622,42754.8203,503.4337,1038.08
-304016.3434,-261168.0934,42848.25,507.6631,1013.9444
-303673.5872,-261089.6966,42583.8906,512.0159,1011.2028
-303963.6019,-261239.9808,42723.6211,486.0581,1040.5444
-303898.5235,-261272.3438,42626.1797,474.9813,1023.7167
-303859.4812,-261132.9343,42726.5469,492.9277,1072.1402
-303875.2434,-261193.8762,42681.3672,479.805,1055.1592
-303816.2358,-261172.146,42644.0898,507.809,1039.076
-303661.6072,-261166.2048,42495.4023,521.7737,1070.0835
-303888.2561,-261054.9827,42833.2734,472.7801,1058.6363
-303919.5114,-261171.7536,42747.7578,500.6194,1050.493
-303837.1458,-261138.7513,42698.3945,494.8291,1067.4496
-303760.8153,-261108.7606,42652.0547,518.6329,1025.7776
-303765.2182,-261194.5385,42570.6797,507.6103,1070.6264
-303842.7868,-261204.8845,42637.9023,485.1507,1087.0404
-303837.1363,-261172.5348,42664.6016,487.9336,1053.8303
-303803.9732,-261105.8091,42698.1641,477.5518,1023.9517
-303893.5947,-261143.3799,42750.2148,490.2186,1028.3191
-303897.2447,-261201.315,42695.9297,486.772,1020.0938
-303812.5435,-261199.5865,42612.957,471.2378,1083.0957
-303652.7257,-261161.2725,42491.4531,498.9168,1008.8661
-303727.5441,-261119.5793,42607.9648,463.6657,1025.6603
-303719.4842,-261118.7771,42600.707,482.5579,1068.8002
-303797.6051,-261104.4372,42693.168,498.8911,1061.6078
-303873.8981,-261240.2419,42633.6562,516.18,1026.5022
-303845.145,-261189.7543,42655.3906,488.7808,1025.3704
-303812.9109,-261179.5125,42633.3984,497.2887,1049.4434
-303763.9682,-261130.0776,42633.8906,487.6456,1033.3057
-303735.2438,-261114.8492,42620.3945,459.8862,1034.1126
-303973.4611,-261315.7423,42657.7188,468.7888,1053.6088
-304030.5911,-261275.5755,42755.0156,501.1606,1065.4467
-303809.0704,-261128.7071,42680.3633,475.7753,1052.886
-303782.1878,-261139.9222,42642.2656,508.9445,1029.3537
-303947.325,-261172.1922,42775.1328,481.4504,1042.7882
-303681.4375,-261128.9023,42552.5352,516.9199,1058.2423
-304057.241,-261207.909,42849.332,524.3622,1048.7058
-303706.7053,-261178.717,42527.9883,482.1354,1086.2582
-303823.2561,-261097.7131,42725.543,496.2744,1078.9603
-303741.3078,-261101.6243,42639.6836,479.4563,1047.2332
-303843.56,-261093.2279,42750.332,487.9442,1057.0825
-303883.7171,-261200.6898,42683.0273,501.6009,1028.3789
-303953.627,-261125.541,42828.0859,475.9846,1040.4771
-303701.1091,-261167.9959,42533.1133,488.232,1017.9568
-303809.2557,-261159.5721,42649.6836,482.8286,1025.8457
-303842.6079,-261125.8384,42716.7695,470.9541,1044.2113
-303651.2167,-261029.3456,42621.8711,468.8208,1070.9096
-303666.9358,-261022.2834,42644.6523,518.1928,1056.774
-303804.3365,-261161.7818,42642.5547,503.0107,1025.7572
-303634.5428,-261015.1678,42619.375,495.805,1036.1079
-303600.0411,-261188.2169,42411.8242,485.9629,1044.4987
-303749.3342,-261080.5569,42668.7773,484.5529,1062.2519
-303931.7122,-261096.8997,42834.8125,489.0614,1009.4984
-303757.4493,-261179.1094,42578.3398,492.7187,1036.3036
-303950.7802,-261207.3778,42743.4023,499.4719,1039.6692
-303999.9142,-261101.8986,42898.0156,501.337,1014.4148
-303562.7516,-261078.236,42484.5156,520.3426,1016.0033
-303643.2885,-261068.9135,42574.375,519.5823,1041.569
-303943.9725,-261105.4217,42838.5508,477.2812,1034.863
-304047.499,-261254.8271,42792.6719,502.7988,990.0307
-303909.4673,-261125.1938,42784.2734,477.1231,1062.8328
-303874.1571,-261143.9579,42730.1992,502.1189,1018.4512
-303782.0295,-261112.9123,42669.1172,495.0128,1075.0215
-303754.0349,-261203.82,42550.2148,484.7175,1023.9351
-303965.0926,-261136.7332,42828.3594,451.9053,1069.2252
-303818.6832,-261161.566,42657.1172,514.037,1016.4452
-303792.3054,-261146.1726,42646.1328,459.8165,1057.6017
-303695.4928,-261212.403,42483.0898,487.4406,1030.2323
-303897.8149,-261192.0922,42705.7227,531.5754,1059.5079
-304038.8252,-261159.4854,42879.3398,492.9504,1032.671
-303785.7562,-261107.4789,42678.2773,497.6139,1068.6918
-303641.86,-261079.9303,42561.9297,482.1452,1007.0506
-303802.577,-261280.1473,42522.4297,499.4857,1007.9886
-303879.0964,-261178.7175,42700.3789,509.6651,1046.0688
-303921.8743,-261114.9602,42806.9141,489.7971,1030.753
-303832.2403,-261128.4786,42703.7617,476.229,1048.0939
-304092.0856,-261160.3669,42931.7188,510.4017,1025.1274
-303843.1741,-261038.1623,42805.0117,527.0867,1030.1744
-303853.6383,-261093.6149,42760.0234,520.5503,1045.2803
-303779.8978,-261114.1126,42665.7852,501.2942,1067.7713
-303693.931,-261132.5208,42561.4102,520.0158,1044.2917
-303873.7263,-261116.1013,42757.625,486.8038,1051.9554
-303881.1828,-261100.7101,42780.4727,480.1383,1029.5082
-303925.6521,-261115.2342,42810.418,496.0346,1074.4578
-303934.2082,-261186.2786,42747.9297,531.6228,1047.9476
-303958.591,-261230.5403,42728.0508,509.4829,1007.7076
-303762.1535,-261152.5675,42609.5859,510.377,1021.9624
-303933.7386,-261183.6058,42750.1328,486.3372,1034.9896
-303793.4899,-261134.6462,42658.8438,483.7969,1001.3496
-303865.341,-261146.3839,42718.957,504.4489,1022.453
-303726.3087,-261132.5158,42593.793,523.6111,1024.8118
-303558.0814,-261152.1986,42405.8828,510.0228,1039.5226
-303729.9426,-261145.6926,42584.25,528.9621,1041.8491
-303931.6901,-261158.7956,42772.8945,509.1942,1045.3812
-303711.5846,-261175.44,42536.1445,500.3965,1056.7908
-304147.9541,-261303.2549,42844.6992,468.4661,1051.7622
-303719.1178,-261096.0904,42623.0273,476.2415,1062.4909
-303893.1133,-261101.9297,42791.1836,485.3938,1049.5116
-303990.2313,-261196.2,42794.0312,506.0404,1049.847
-303887.3667,-261203.523,42683.8438,492.9817,1042.015
-303836.7551,-261129.7395,42707.0156,461.6706,1023.6566
-303919.2607,-261153.9834,42765.2773,520.4262,1006.1775
-304034.1759,-261161.8009,42872.375,478.1376,1058.386
-303840.1851,-261171.6656,42668.5195,507.5823,1007.8049
-303986.9538,-261207.0006,42779.9531,503.8774,1043.7598
-303992.2308,-261245.4457,42746.7852,514.7235,1085.646
-303840.1682,-261148.5159,42691.6523,514.6026,1071.4916
-303724.9472,-261082.4159,42642.5312,497.0949,1046.4764
-303837.2516,-261127.9391,42709.3125,526.4207,1039.3562
-303787.3688,-261153.7907,42633.5781,521.7445,1026.4998
-303585.0447,-261159.0955,42425.9492,513.7743,1067.5302
-303957.0542,-261193.1948,42763.8594,534.1011,1027.9881
-303778.7498,-261191.5466,42587.2031,483.7086,998.3326
-303996.5974,-261164.7888,42831.8086,485.434,1017.5814
-303959.6308,-261097.1347,42862.4961,478.2713,1030.7908
-304002.8804,-261206.7632,42796.1172,493.1088,1047.1221
-303881.3218,-261137.4663,42743.8555,512.278,1076.9151
-303606.1066,-261104.6262,42501.4805,487.2017,1052.3345
-303785.1124,-261176.3389,42608.7734,477.2825,1055.811
-303913.7044,-261116.7083,42796.9961,476.2616,1018.6552
-303719.3568,-261092.8061,42626.5508,452.9105,1034.04
-303803.631,-261129.4084,42674.2227,528.864,1018.723
-303736.2371,-261114.9676,42621.2695,475.8763,1018.8807
-303868.0171,-261182.9585,42685.0586,500.8756,1032.3501
-303825.2279,-261133.1771,42692.0508,480.5097,1029.6146
-303774.6607,-261259.1724,42515.4883,528.5248,1023.1146
-303785.9379,-261198.4613,42587.4766,519.4008,973.2089
-303896.637,-261059.5198,42837.1172,517.6471,1025.0432
-303720.6171,-261141.5351,42579.082,499.6791,1076.4007
-303997.572,-261255.7634,42741.8086,473.9633,1065.3669
-303852.218,-261150.6555,42701.5625,505.6122,1018.2157
-303939.4411,-261203.8552,42735.5859,494.2598,1023.7073
-303795.739,-261193.3875,42602.3516,503.2233,1002.1424
-303856.5701,-261196.2732,42660.2969,532.0319,1082.1206
-303931.5028,-261167.2528,42764.25,495.5901,1001.1995
-303906.9946,-261215.4868,42691.5078,469.1377,1056.6566
-303687.9538,-261154.3561,42533.5977,492.7039,1012.3366
-303866.1891,-261233.7673,42632.4219,464.692,1038.3363
-303873.7695,-261129.168,42744.6016,512.4087,1055.0116
-303649.3009,-261082.2853,42567.0156,496.8084,1049.3148
-304003.8524,-261212.1024,42791.75,483.4864,1017.6867
-303712.0612,-261109.2331,42602.8281,482.0559,1061.7634
-303838.6508,-261105.1742,42733.4766,514.19,1057.32
-303752.792,-261115.253,42637.5391,541.3344,1055.0892
-303611.6978,-261064.6665,42547.0312,471.2623,1068.7267
-303806.4306,-261040.7314,42765.6992,488.2113,1071.1602
-303678.7877,-261173.0494,42505.7383,519.7423,1063.4836
-303878.039,-261140.5664,42737.4727,509.0167,1051.3898
-303970.9224,-261088.3208,42882.6016,466.1625,1038.3254
-303715.0422,-261067.4172,42647.625,487.4577,1037.7998
-303955.0202,-261103.7467,42851.2734,496.4204,1013.3869
-303916.9407,-261215.2844,42701.6562,496.3889,1021.665
-303612.3312,-261098.0929,42514.2383,472.483,1045.1059
-303654.0242,-261150.3523,42503.6719,496.3108,1058.6223
-303780.0377,-261061.8423,42718.1953,513.1691,1077.5813
-304033.9638,-261205.5459,42828.418,472.5437,1008.4001
-303861.758,-261149.5745,42712.1836,511.077,1035.9623
-303697.7493,-261117.6751,42580.0742,482.819,1066.5923
-304090.4768,-261228.5159,42861.9609,496.7164,1046.3645
-303952.8917,-261153.3448,42799.5469,515.6007,1103.5503
-303929.4059,-261257.5231,42671.8828,512.5155,1047.8866
-303931.5141,-261229.6899,42701.8242,512.6299,1047.7252
-303882.4379,-261184.0629,42698.375,455.5756,1035.7989
-303729.4828,-261162.3929,42567.0898,513.057,1056.5173
-303639.8969,-261089.9164,42549.9805,455.5887,1008.7966
-303778.6839,-261221.7191,42556.9648,487.7263,1099.1101
-303848.4157,-261123.6774,42724.7383,513.8511,1023.4114
-303877.8563,-261165.0009,42712.8555,471.7376,1008.0367
-303839.7678,-261148.1311,42691.6367,514.1725,1031.8004
-303950.5058,-261228.369,42722.1367,501.2926,1079.2443
-303812.2068,-261113.5701,42698.6367,495.2556,1027.0797
-304035.0987,-261103.8448,42931.2539,482.055,1035.6815
-303805.5077,-261119.6444,42685.8633,540.8628,1025.6019
-303673.7911,-261067.2559,42606.5352,524.0524,1041.2416
-303861.2637,-261150.8887,42710.375,499.1003,1061.079
-303774.0945,-261098.575,42675.5195,524.7136,1049.9947
-303871.8097,-261185.5753,42686.2344,468.2983,1014.5955
-303778.8213,-261097.8408,42680.9805,511.5113,1061.3217
-303549.0081,-261034.2034,42514.8047,508.0883,1084.2603
-303816.7698,-261185.1995,42631.5703,497.4295,995.8762
-303880.6825,-261144.8583,42735.8242,500.358,1049.3608
-304205.5435,-261250.1295,42955.4141,478.9708,1039.8883
-303841.4828,-261117.6703,42723.8125,462.7257,1019.1664
-303827.2753,-261141.2362,42686.0391,478.7878,1038.5773
-303928.6282,-261196.3548,42732.2734,443.3662,1044.2811
-303858.9034,-261265.1573,42593.7461,485.5526,1023.1689
-304047.1478,-261200.0658,42847.082,472.052,1032.4314
-304147.3721,-261143.3331,43004.0391,475.7417,1001.9849
-303713.5164,-261068.8172,42644.6992,503.8847,1062.1767
-303899.2885,-261183.1674,42716.1211,523.8968,1034.5604
-303948.0393,-261146.7425,42801.2969,504.8632,1041.4418
-303710.465,-261248.258,42462.207,464.1391,1038.2124
-303890.5014,-261212.103,42678.3984,447.3352,1039.532
-303672.624,-261163.2568,42509.3672,470.9497,998.7978
-303957.6192,-261323.127,42634.4922,523.963,1054.4371
-303886.2227,-261243.4649,42642.7578,455.6333,1053.269
-303767.8193,-261217.7256,42550.0938,486.3834,1040.6526
-303771.7166,-261058.3689,42713.3477,471.9409,1021.8685
-303732.5146,-261057.2528,42675.2617,507.0916,1025.6976
-303808.9511,-261185.5605,42623.3906,506.5761,1034.9645
-303922.9525,-261247.5853,42675.3672,499.141,1025.3699
-303896.9959,-261185.1678,42711.8281,511.3811,1066.9717
-303827.0666,-261193.9533,42633.1133,512.3661,1048.8893
-303989.6469,-261123.9399,42865.707,484.3577,1067.2511
-303842.3351,-261054.2023,42788.1328,539.6364,1059.0807
-303745.0044,-261197.4849,42547.5195,498.7063,1038.7494
-303771.9401,-261165.5963,42606.3438,499.4975,1038.5476
-303932.3184,-261248.9473,42683.3711,501.2129,1036.2497
-303859.8982,-261196.2107,42663.6875,518.5109,1022.3168
-304104.4433,-261162.2519,42942.1914,504.4924,1041.1794
-304015.3281,-261194.418,42820.9102,496.2871,1063.2388
-303910.0031,-261098.1086,42811.8945,466.5802,1020.067
-303971.7249,-261143.8967,42827.8281,514.3232,1001.0295
-303880.1687,-261168.8757,42711.293,507.8385,1043.1475
-303763.4632,-261165.7484,42597.7148,477.9487,1048.5133
-303873.2007,-261204.9781,42668.2227,524.0417,1042.6424
-303916.8088,-261185.9611,42730.8477,507.6159,1079.598
-304039.147,-261210.9907,42828.1562,465.3748,1050.4243
-303776.0601,-261191.732,42584.3281,490.1567,1049.07
-303782.6361,-261167.2611,42615.375,491.1142,1061.1832
-303805.5676,-261087.009,42718.5586,483.4103,994.7429
-303895.4749,-261114.8616,42780.6133,478.5814,998.1216
-303974.5775,-261032.3119,42942.2656,489.9732,1045.6912
-303762.131,-261168.7247,42593.4062,478.6436,1046.6538
-303721.1767,-261183.9853,42537.1914,505.6329,1012.392
-304034.5603,-261174.986,42859.5742,499.4525,1066.4399
-303793.288,-261187.8935,42605.3945,499.6399,1046.0627
-303763.046,-261164.7726,42598.2734,509.0193,1054.5731
-303842.3852,-261147.1117,42695.2734,468.9743,1050.4571
-303837.0705,-261152.5744,42684.4961,494.2316,1036.9312
-304006.2771,-261246.2146,42760.0625,521.0155,1045.8664
-303987.1013,-261210.82,42776.2812,474.1545,1077.4953
-303865.0407,-261286.6149,42578.4258,498.8764,1059.7498
-303965.484,-261201.6872,42763.7969,472.9287,1018.8917
-303870.7849,-261141.7185,42729.0664,498.0525,1044.6283
-303825.7125,-261114.9703,42710.7422,469.6449,1070.3665
-303922.6744,-261203.2564,42719.418,508.651,1037.2432
-303603.4724,-261049.2029,42554.2695,489.5441,1043.3766
-303954.8271,-261113.7685,42841.0586,537.0773,1107.9077
-303856.2387,-261156.266,42699.9727,518.0692,1028.8224
-303725.9511,-261107.5722,42618.3789,505.3468,1065.0031
-303868.8871,-261193.9222,42674.9648,513.9027,1085.2745
-303749.8037,-261071.6553,42678.1484,473.1549,1012.6631
-303602.6895,-261019.2794,42583.4102,497.1033,1024.1997
-303845.8176,-261195.5871,42650.2305,509.0803,1050.4478
-304254.6258,-261163.786,43090.8398,515.9554,1017.8208
-303720.8946,-261130.9766,42589.918,499.3225,1019.3696
-303684.0379,-261152.8895,42531.1484,498.3888,1100.1795
-303743.219,-261022.6369,42720.582,500.3837,1036.6309
-303783.2303,-261152.1249,42631.1055,507.6461,1077.3962
-303858.8811,-261119.8889,42738.9922,527.2677,1025.1248
-303824.1034,-261051.9824,42772.1211,486.9638,1069.06
-303694.3519,-261055.4965,42638.8555,511.8355,1047.7139
-303912.1165,-261107.8119,42804.3047,512.4857,1086.3883
-303477.981,-261133.5162,42344.4648,484.2885,1047.5514
-303719.7527,-261141.0926,42578.6602,500.3182,1021.4663
-303897.4413,-261220.0234,42677.418,490.6577,1103.3087
-303845.5555,-261181.9618,42663.5938,507.9906,1033.7653
-303806.6697,-261102.658,42704.0117,489.8722,1067.0838
-303898.0572,-261114.8033,42783.2539,485.7129,1029.8686
-303783.0191,-261202.437,42580.582,472.8333,1060.4958
-304049.1772,-261198.4389,42850.7383,483.3483,1052.3594
-303902.8549,-261194.2181,42708.6367,492.7625,1027.9206
-303884.5853,-261155.5462,42729.0391,503.8558,1000.5762
-303726.8187,-261098.4984,42628.3203,487.9963,1038.8517
-303964.7214,-261232.1784,42732.543,504.4134,1049.5434
-303945.3087,-261163.5001,42781.8086,509.0889,1030.57
-303776.7919,-261184.5497,42592.2422,504.9676,1059.5611
-303884.1752,-261204.9018,42679.2734,468.394,967.9712
-303802.4077,-261124.8492,42677.5586,524.8681,1015.9105
-303901.0691,-261222.6277,42678.4414,474.2092,1022.0153
-304031.2136,-261154.0301,42877.1836,460.624,995.1285
-304142.1626,-261188.4399,42953.7227,477.9846,1002.5509
-303842.4118,-261103.7711,42738.6406,506.0592,1062.709
-303762.2281,-261150.0055,42612.2227,493.1248,1019.7189
-303779.3941,-261133.4683,42645.9258,498.1483,1069.4316
-303891.8321,-261214.7188,42677.1133,502.6142,1028.9701
-304035.5909,-261232.083,42803.5078,513.5853,1039.2205
-303692.4107,-261138.5357,42553.875,488.2634,1032.3648
-303943.381,-261178.6505,42764.7305,467.2032,1012.8066
-303742.3825,-261196.7614,42545.6211,504.6592,1060.2451
-303560.6716,-261136.5466,42424.125,505.6357,1016.8882
-303565.6011,-261118.1206,42447.4805,486.6514,1021.1174
-303716.3189,-261083.7408,42632.5781,528.1789,1054.697
-303893.6829,-261158.0696,42735.6133,511.266,1008.7919
-303824.4626,-261115.4392,42709.0234,474.5599,1018.7749
-303786.8787,-261096.1443,42690.7344,496.0708,1028.2982
-303762.7179,-261163.4288,42599.2891,485.7399,1019.2075
-303962.9293,-261203.0738,42759.8555,508.897,1006.1037
-303885.7779,-261094.1138,42791.6641,502.222,1016.9929
-303693.9477,-261187.7328,42506.2148,484.6765,1017.6092
-303673.5687,-261127.5882,42545.9805,496.7862,1025.1743
-303951.058,-261119.7338,42831.3242,512.6501,1022.8039
-303675.2783,-261165.5439,42509.7344,506.173,1046.3387
-303820.5755,-261091.3177,42729.2578,472.3819,1041.1509
-304061.7721,-261193.112,42868.6602,475.7653,1022.0051
-304057.4464,-261203.7316,42853.7148,519.4701,997.8326
-303954.5185,-261228.9286,42725.5898,506.833,1036.7448
-303815.8224,-261277.6193,42538.2031,503.0723,1034.1868
-303810.7926,-261157.3433,42653.4492,502.519,1040.4793
-303857.5195,-261128.8398,42728.6797,474.3099,1041.9251
-303758.1377,-261118.8994,42639.2383,487.4013,1035.2367
-303661.5948,-261161.208,42500.3867,523.2939,991.6189
-304037.0028,-261258.0184,42778.9844,501.8761,1039.2031
-303664.5662,-261072.0506,42592.5156,543.0943,1011.6047
-303491.2329,-261088.604,42402.6289,486.4788,1047.5559
-303986.6998,-261146.3912,42840.3086,479.9619,1049.5594
-303645.2159,-261055.6534,42589.5625,530.7742,1009.2122
-303799.2958,-261130.6161,42668.6797,520.8285,1016.254
-303940.471,-261120.6897,42819.7812,461.7065,1045.8213
-303832.3068,-261179.799,42652.5078,499.1191,1014.9623
-303791.3298,-261074.7791,42716.5508,476.5332,1018.1642
-303817.3017,-261170.3369,42646.9648,483.427,1032.4209
-304006.895,-261303.9458,42702.9492,524.5363,1048.4709
-303820.1617,-261173.9468,42646.2148,510.8305,1066.2846
-303667.2362,-261118.6971,42548.5391,517.5529,1039.8419
-303915.0377,-261193.1822,42721.8555,475.4466,1040.3401
-303799.2634,-261054.4275,42744.8359,501.0123,1065.9011
-303802.8947,-261081.3205,42721.5742,521.8526,1094.9153
-303741.1945,-261227.9484,42513.2461,482.1708,1026.885
-303707.9642,-261171.929,42536.0352,541.1547,1066.5936
-303971.3797,-261173.954,42797.4258,488.7871,1052.5872
-303600.6021,-261109.5006,42491.1016,519.4402,1039.339
-303762.3415,-261119.572,42642.7695,501.7403,1046.1455
-303808.7062,-261306.1515,42502.5547,497.1921,1053.0265
-303842.021,-261115.8023,42726.2188,490.084,1012.2908
-303666.2393,-261169.0127,42497.2266,475.2191,1050.3946
-303708.1935,-261194.2013,42513.9922,490.1235,1027.3621
-303894.3328,-261125.5711,42768.7617,465.0571,988.403
-303856.1019,-261151.4652,42704.6367,466.4293,1026.4938
-303788.9965,-261190.6567,42598.3398,494.6657,1039.5083
-303757.5998,-261169.1428,42588.457,476.881,1009.3188
-304104.0584,-261145.4177,42958.6406,497.1326,1027.6496
-303675.2895,-261206.9574,42468.332,491.5712,1030.1009
-304071.5063,-261223.4477,42848.0586,504.453,1033.2301
-304212.3806,-261177.1306,43035.25,485.9977,1020.6748
-303762.1616,-261188.7436,42573.418,487.5768,1108.0592
-303629.4605,-261104.8863,42524.5742,487.5573,1018.1423
-304061.2511,-261255.1768,42806.0742,519.0968,1041.5753
-303894.4998,-261244.8592,42649.6406,511.1483,1069.6261
-303775.5018,-261106.201,42669.3008,482.8699,1023.0906
-303954.287,-261187.8026,42766.4844,496.0224,1055.7662
-303895.5009,-261175.6376,42719.8633,501.4325,1044.9399
-303669.608,-261088.8424,42580.7656,518.6726,1033.5868
-304034.1052,-261181.7849,42852.3203,497.7435,1031.9386
-303841.8103,-261110.0057,42731.8047,492.1058,1019.9803
-303870.3695,-261183.4398,42686.9297,533.6894,983.558
-303800.6357,-261108.1982,42692.4375,490.2292,1042.9972
-304044.4435,-261186.8537,42857.5898,450.1714,1014.7519
-303825.9515,-261166.0882,42659.8633,474.3467,1068.6005
-303932.589,-261104.4366,42828.1523,507.3873,1065.0363
-303989.5978,-261205.5392,42784.0586,534.2117,1031.4493
-303785.4154,-261173.7318,42611.6836,544.5839,1059.251
-303836.5093,-261226.564,42609.9453,525.8766,1056.5138
-303957.5612,-261206.3776,42751.1836,478.9507,1008.8568
-303779.8211,-261105.2156,42674.6055,475.7464,1048.11
-303650.8378,-261147.6307,42503.207,527.6139,1016.099
-303971.1758,-261186.4258,42784.75,459.8959,979.954
-303911.5382,-261114.7218,42796.8164,493.3175,1036.3968
-303910.6378,-261220.3253,42690.3125,486.5524,994.9908
-303909.6108,-261146.9663,42762.6445,472.4171,1045.9101
-303876.7079,-261230.9423,42645.7656,472.6455,1058.5387
-303850.9076,-261142.9506,42707.957,501.0067,1055.0331
-303810.7578,-261245.6094,42565.1484,523.6819,1058.3258
-303871.047,-261141.3673,42729.6797,499.6488,1051.4629
-303836.5911,-261159.427,42677.1641,489.8472,1024.7862
-304114.7522,-261210.0764,42904.6758,491.6863,1004.3685
-303743.1349,-261111.3849,42631.75,498.094,1046.7793
-303915.7902,-261177.8761,42737.9141,475.0353,1026.2702
-303955.0728,-261158.5923,42796.4805,492.9443,1023.3599
-304353.9129,-261216.3387,43137.5742,501.3284,1053.8424
-303854.5397,-261206.1959,42648.3438,518.8604,1028.529
-303641.0416,-261188.1431,42452.8984,495.9528,1042.1835
-303509.1777,-261139.4707,42369.707,496.2617,1059.7599
-303776.4974,-261179.7162,42596.7812,489.974,1023.7245
-303725.8816,-261068.8113,42657.0703,485.3151,1018.2231
-304073.3011,-261222.2503,42851.0508,497.5446,1011.6882
-303812.7114,-261056.2934,42756.418,510.1428,1015.0047
-303866.4489,-261150.5583,42715.8906,486.5479,1049.9107
-303680.0819,-261216.3788,42463.7031,468.0289,1019.3745
-303846.3327,-261048.778,42797.5547,499.5837,1005.5319
-303758.1513,-261222.9717,42535.1797,487.4208,1062.1721
-303920.2873,-261226.0412,42694.2461,529.4763,1014.8493
-303861.0342,-261104.9795,42756.0547,492.359,1030.5895
-303718.7349,-261143.274,42575.4609,471.0485,1069.2378
-303839.1301,-261205.8254,42633.3047,501.4955,1031.4955
-303893.5107,-261113.0146,42780.4961,497.8634,1074.6129
-303793.6338,-261107.7042,42685.9297,492.0585,1062.8378
-304021.9948,-261156.6706,42865.3242,466.0684,1087.9473
-303796.8703,-261251.9562,42544.9141,507.8231,1036.2557
-303892.0596,-261239.04,42653.0195,506.9515,1072.1007
-303896.6869,-261212.5697,42684.1172,477.6324,982.6516
-304006.2967,-261254.0741,42752.2227,488.2019,1048.9896
-303778.3168,-261197.1957,42581.1211,509.2259,1091.0014
-304081.3781,-261223.2922,42858.0859,492.8168,991.9699
-303824.2432,-261149.6768,42674.5664,515.2775,1023.5674
-303847.7788,-261139.2319,42708.5469,489.9702,1067.6617
-303617.793,-261104.1758,42513.6172,486.813,1048.7979
-303942.7203,-261286.2906,42656.4297,500.5655,1058.1028
-304078.6032,-261235.6579,42842.9453,528.6573,1061.4445
-303948.4551,-261168.7325,42779.7227,517.9833,1028.7257
-303922.3117,-261194.1594,42728.1523,483.8848,993.1077
-303954.3196,-261236.1126,42718.207,506.8742,1079.2308
-303827.3474,-261039.5349,42787.8125,512.0107,1067.8186
-303741.4711,-261084.5023,42656.9688,490.2269,998.1256
-303837.4608,-261073.2968,42764.1641,467.0578,1032.7672
-304095.0472,-261175.1722,42919.875,497.881,992.2254
-303763.8321,-261038.6641,42725.168,506.0232,1019.1076
-304033.4288,-261181.7491,42851.6797,489.952,1022.3351
-303932.0796,-261231.4976,42700.582,504.2946,1038.8184
-303843.2244,-261151.1736,42692.0508,509.7521,1002.5655
-303824.7318,-261269.1108,42555.6211,494.3163,1032.7442
-303797.0078,-261112.6797,42684.3281,479.1918,1042.8265
-303867.9474,-261204.6974,42663.25,500.0612,1015.7988
-303867.6782,-261168.9282,42698.75,497.0282,1023.2967
-303807.7918,-261165.0262,42642.7656,537.7198,1038.2089
-303805.5999,-261195.6194,42609.9805,520.0831,1028.4554
-303789.2011,-261205.0878,42584.1133,473.9106,1039.5253
-303729.8626,-261131.6751,42598.1875,498.387,1016.807
-303820.7094,-261116.7719,42703.9375,484.6091,1027.1564
-303678.4353,-261045.5173,42632.918,493.7045,1019.6021
-303739.0193,-261120.9256,42618.0938,464.6699,1046.8068
-303800.9283,-261158.1666,42642.7617,500.154,1055.825
-303982.6366,-261127.1796,42855.457,514.5794,1036.8426
-303627.86,-261046.8327,42581.0273,461.4976,1016.623
-304096.1659,-261160.162,42936.0039,470.1545,1062.0255
-303828.52,-261162.3637,42666.1562,503.2241,1065.2834
-303773.5216,-261127.8927,42645.6289,483.5357,1106.6328
-304024.7369,-261204.3854,42820.3516,472.1219,1049.1582
-303775.7411,-261120.0419,42655.6992,481.6544,1025.1114
-303762.6964,-261207.5675,42555.1289,503.9628,1033.7434
-303738.9707,-261125.1856,42613.7852,499.8453,1032.1523
-303755.7521,-261157.6193,42598.1328,479.963,1078.4231
-303552.6145,-261082.7082,42469.9062,493.4988,1066.9573
-304082.9848,-261150.477,42932.5078,496.0735,1047.309
-303733.2635,-261099.9353,42633.3281,495.8675,1045.3677
-303795.5514,-261135.3365,42660.2148,488.227,1086.4116
-304057.4172,-261223.1906,42834.2266,469.9872,1055.389
-303752.9591,-261132.9825,42619.9766,504.3132,1068.2446
-303659.925,-261145.2688,42514.6562,508.675,1024.7508
-304055.2842,-261073.7764,42981.5078,482.1297,1006.2473
-303960.0968,-261174.2296,42785.8672,484.4877,1027.4618
-303785.3076,-261118.9561,42666.3516,484.3668,1038.1094
-304210.2951,-261103.756,43106.5391,482.8204,1012.5089
-303774.5382,-261144.7374,42629.8008,504.1768,1040.8944
-303831.2028,-261178.2146,42652.9883,477.368,1067.3623
-303860.8776,-261142.733,42718.1445,477.6289,1021.445
-303838.5038,-261191.9452,42646.5586,487.3216,1017.9663
-303954.8271,-261152.8271,42802.0,509.2855,1030.242
-303714.8314,-261104.9056,42609.9258,513.892,1074.9069
-303785.2752,-261120.0995,42665.1758,482.0576,1050.0126
-303876.6047,-261218.132,42658.4727,503.0142,1078.0893
-303764.3301,-261072.2832,42692.0469,499.608,1067.7727
-303642.1823,-261107.737,42534.4453,493.1509,1085.7209
-303755.6736,-261139.0915,42616.582,495.6747,1082.1734
-303731.7705,-261137.4737,42594.2969,501.7008,1020.811
-303859.5077,-261109.8085,42749.6992,478.3541,1023.3315
-304004.2291,-261219.8502,42784.3789,517.9525,1028.112
-303960.9854,-261210.4854,42750.5,493.0325,1084.6549
-303995.0304,-261182.8429,42812.1875,499.8417,1031.4343
-303853.9726,-261153.3866,42700.5859,515.2549,1023.2978
-303701.0993,-261114.4079,42586.6914,482.5935,1046.9188
-303623.3965,-261015.0215,42608.375,472.7565,1055.2661
-303889.5659,-261044.976,42844.5898,500.2794,1055.2044
-304183.8182,-261189.9862,42993.832,481.754,1008.917
-303689.6872,-261025.4529,42664.2344,519.5156,998.3863
-303622.5808,-261173.9988,42448.582,483.9503,1028.2814
-303862.9341,-261062.3794,42800.5547,468.3159,1013.7542
-303868.2357,-261167.3686,42700.8672,484.2197,1007.7794
-303645.6753,-261154.9683,42490.707,514.7068,1066.0033
-303760.6092,-261134.0623,42626.5469,473.5052,1043.0472
-303982.3087,-261199.0235,42783.2852,489.7886,1055.8516
-304042.7313,-261213.8367,42828.8945,497.856,1008.7211
-303994.4748,-261174.2014,42820.2734,518.7201,1029.7846
-303796.5687,-261172.4124,42624.1562,464.6732,1114.3901
-303957.827,-261131.7137,42826.1133,506.1248,1013.3588
-303946.7598,-261169.213,42777.5469,536.6888,1012.4471
-303923.1148,-261161.0718,42762.043,493.6914,1045.362
-303852.6269,-261157.1269,42695.5,484.5617,1020.9887
-304004.6389,-261067.1897,42937.4492,492.7286,1029.7453
-303741.2935,-261226.6372,42514.6562,493.9913,1060.0992
-303840.2342,-261144.7537,42695.4805,498.6669,1036.3245
-303939.0046,-261198.6492,42740.3555,511.2411,1031.9679
-303997.5086,-261150.5281,42846.9805,493.7852,1048.8329
-303983.8656,-261246.2445,42737.6211,475.6408,1043.8479
-303799.2681,-261108.8814,42690.3867,494.9117,1047.959
-303729.5964,-261192.9011,42536.6953,496.3708,1053.1915
-304061.8927,-261215.4943,42846.3984,492.4701,1064.071
-303805.5905,-261189.6062,42615.9844,480.8802,1061.5539
-304116.8339,-261202.6815,42914.1523,509.0959,1023.4619
-303916.359,-261209.5036,42706.8555,485.5231,1028.803
-303699.844,-261151.9104,42547.9336,512.3848,1034.0908
-303843.3914,-261063.1805,42780.2109,501.1162,998.5179
-303536.8165,-261058.0196,42478.7969,493.2341,1039.7947
-303631.489,-261097.3094,42534.1797,448.6415,1021.7819
-303833.1854,-261244.7791,42588.4062,524.006,1046.9315
-303702.844,-261238.9183,42463.9258,516.1298,1024.8283
-303798.8509,-261155.6869,42643.1641,493.836,1045.2066
-303802.9412,-261111.2381,42691.7031,531.3989,1040.8743
-303827.576,-261201.5017,42626.0742,506.6804,1051.4121
-303897.9482,-261082.5575,42815.3906,463.4336,1076.0392
-303636.3655,-261119.1702,42517.1953,485.0775,1043.4577
-303996.7905,-261158.7827,42838.0078,485.6267,1037.0358
-303735.1599,-261090.1248,42645.0352,480.5699,1040.234
-303744.5818,-261157.7927,42586.7891,486.7702,1008.9968
-304111.6486,-261201.7814,42909.8672,493.0834,1030.9837
-303865.7727,-261138.8079,42726.9648,510.7566,1034.952
-303885.3538,-261255.8148,42629.5391,502.4094,1032.2113
-303758.8954,-261177.3094,42581.5859,509.8915,1007.8931
-304064.8682,-261136.9893,42927.8789,502.7249,1025.1657
-303824.4533,-260980.2775,42844.1758,517.3155,1032.0903
-303710.0658,-261168.6361,42541.4297,480.0046,1086.3645
-303915.9832,-261178.534,42737.4492,490.5181,1019.4349
-304059.253,-261183.1124,42876.1406,499.9909,1021.7773
-303817.8511,-261171.0386,42646.8125,471.8975,1074.7124
-303629.6795,-261064.6834,42564.9961,514.4639,1007.1555
-303894.1087,-261181.6009,42712.5078,504.8654,1042.7729
-304070.8017,-261096.5556,42974.2461,485.1758,1041.4131
-303895.0325,-261103.4739,42791.5586,495.9543,1006.8273
-303972.1778,-261135.2794,42836.8984,486.5027,985.7145
-303706.145,-261050.1333,42656.0117,486.3334,1030.2849
-303804.3477,-261169.3594,42634.9883,505.2752,1004.2866
-303755.3238,-261054.4097,42700.9141,488.7744,1001.1352
-303934.5646,-261215.7834,42718.7812,499.1699,997.7062
-303745.8297,-261162.8375,42582.9922,519.0521,1040.616
-303740.9449,-261160.902,42580.043,471.1334,1009.7871
-303925.5712,-261131.6415,42793.9297,523.2123,994.3269
-304097.7017,-261198.0064,42899.6953,496.8043,1027.0454
-303525.5147,-261063.7452,42461.7695,511.5016,1042.8081
-303686.4281,-261163.2406,42523.1875,503.7987,1008.5148
-303824.0095,-261137.7673,42686.2422,454.5242,1033.7205
-303829.3704,-261094.0423,42735.3281,468.0349,1057.909
-303710.7109,-261133.6171,42577.0938,501.4848,1026.6029
-303719.9571,-261083.6446,42636.3125,522.4492,1056.5012
-303533.5371,-261091.2793,42442.2578,519.5475,1043.46
-303641.9708,-261117.6974,42524.2734,506.4605,1058.8125
-303943.5934,-261252.277,42691.3164,500.3328,1043.3284
-303685.6957,-261196.6097,42489.0859,488.1445,1040.6364
-304017.6055,-261175.8242,42841.7812,469.0906,1015.0468
-303714.9821,-260995.2673,42719.7148,499.3121,1001.7592
-303979.8052,-261251.7075,42728.0977,502.2433,1065.1081
-303977.3224,-261203.7834,42773.5391,530.9257,1068.3493
-303727.1579,-261108.947,42618.2109,503.6719,978.4195
-303962.1664,-261174.6938,42787.4727,502.5053,1071.6249
-303707.2902,-261029.5285,42677.7617,475.1958,1047.9348
-303993.5076,-261222.2967,42771.2109,523.4332,1065.4206
-303864.5263,-261165.5458,42698.9805,509.5468,1048.4432
-303699.3904,-261116.0857,42583.3047,525.4422,1012.1271
-303891.4968,-261148.5125,42742.9844,508.4293,1059.2534
-303964.3518,-261069.1643,42895.1875,530.9791,1052.9605
-303904.952,-261214.4793,42690.4727,480.8432,1039.1178
-303886.4461,-261108.5907,42777.8555,495.0555,1037.9579
-303935.5584,-261110.578,42824.9805,497.7906,1047.908
-303963.4814,-261218.5479,42744.9336,498.8104,1044.9126
-303752.112,-261094.9284,42657.1836,479.6523,1049.9538
-303872.89,-261081.4564,42791.4336,485.6925,984.4928
-303855.7715,-261123.041,42732.7305,500.7993,1036.1501
-303807.4131,-261129.7608,42677.6523,484.7055,1019.0327
-303650.4717,-261135.6514,42514.8203,485.9421,1031.5791
-303798.1114,-261132.6739,42665.4375,472.6702,1010.5636
-303750.4394,-261154.6972,42595.7422,507.1949,1037.9392
-303593.1767,-261153.9111,42439.2656,503.3468,1030.8891
-303760.1596,-261185.726,42574.4336,490.7544,969.1499
-303678.04,-261020.0908,42657.9492,493.5801,988.2148
-303882.0689,-261164.9712,42717.0977,472.7867,1059.7531
-303804.3181,-261146.6423,42657.6758,511.4254,1039.0173
-303858.186,-261171.022,42687.1641,482.174,1037.3128
-303673.4977,-261130.4391,42543.0586,460.8008,1022.8561
-303630.0371,-261002.0449,42627.9922,485.5651,1050.0355
-303949.1444,-261207.41,42741.7344,480.5079,1104.7446
-303994.9684,-261205.8122,42789.1562,497.2737,1023.8767
-303715.5656,-261050.7335,42664.832,517.9657,1040.7772
-303623.1092,-261086.199,42536.9102,488.8546,1042.9041
-303925.1202,-261128.4287,42796.6914,495.944,1057.5092
-303776.923,-261113.4387,42663.4844,472.0274,1050.4414
-303826.0042,-261224.8167,42601.1875,504.53,1063.3189
-303692.1497,-261193.4075,42498.7422,500.6126,1052.943
-303740.8254,-261107.3644,42633.4609,457.6561,1076.8829
-303807.9704,-261220.6422,42587.3281,499.5116,1036.7436
-303893.3333,-261130.5599,42762.7734,506.1613,1035.3345
-303676.71,-261213.5147,42463.1953,492.3292,1057.5711
-303683.9185,-261073.5591,42610.3594,509.5559,1058.8403
-303706.8126,-261159.2462,42547.5664,494.0243,1044.4804
-303785.8147,-261199.9514,42585.8633,493.2341,1047.4956
-303726.3374,-261090.8843,42635.4531,510.082,1076.1576
-303896.277,-261196.5035,42699.7734,508.2803,1034.804
-303779.3448,-261153.9737,42625.3711,508.0066,1009.2817
-303652.1069,-261083.6303,42568.4766,481.3918,1020.7279
-303850.5497,-261101.9052,42748.6445,481.8626,1037.2745
-303862.858,-261170.4049,42692.4531,467.1214,1027.0258
-304010.6226,-261185.3726,42825.25,464.1442,1003.7831
-303809.6608,-261161.9304,42647.7305,486.5979,1026.8299
-304018.7546,-261244.5397,42774.2148,532.5952,1020.0913
-303851.1372,-261150.6059,42700.5312,475.9005,1017.064
-303674.6276,-261107.4948,42567.1328,486.7211,1013.9506
-303936.9565,-261161.8862,42775.0703,481.1615,1113.0304
-303834.5832,-261186.1574,42648.4258,474.0867,1023.755
-303940.6264,-261099.6382,42840.9883,516.2115,998.7399
-304148.3649,-261205.8219,42942.543,468.7481,1062.0409
-303454.0859,-261066.2305,42387.8555,520.0504,1055.877
-303843.6972,-261131.4902,42712.207,499.0787,1043.9572
-303719.0714,-261131.0519,42588.0195,511.6477,1062.6818
-303846.7493,-261139.6165,42707.1328,482.0401,1032.0759
-303842.6764,-261186.0396,42656.6367,526.3593,1022.6276
-303668.3834,-261021.3248,42647.0586,485.8639,1057.2807
-303718.3552,-261216.4802,42501.875,452.5803,1041.7375
-303508.1387,-261089.0801,42419.0586,499.1874,1008.2818
-303813.6687,-261227.739,42585.9297,433.9996,1064.7248
-303866.771,-261184.4429,42682.3281,496.2101,1048.9131
-303934.8558,-261220.0862,42714.7695,502.9746,1008.807
-303781.5899,-261160.1172,42621.4727,542.3374,1058.494
-303899.5638,-261283.0052,42616.5586,513.871,1056.5182
-303861.1713,-261244.2416,42616.9297,464.8696,1054.1174
-303744.3028,-261106.5528,42637.75,524.0967,1025.1763
-303616.7886,-261101.7964,42514.9922,527.7467,1030.6197
-303797.2124,-261207.4624,42589.75,503.6325,1058.6008
-303982.4642,-261207.0775,42775.3867,497.9546,1035.9283
-303937.2557,-261168.2557,42769.0,476.4231,1040.5216
-304133.0947,-261233.4736,42899.6211,501.3175,1024.0192
-303617.0883,-261084.9164,42532.1719,464.2264,1047.8994
-303897.4924,-261194.0432,42703.4492,494.3059,1003.4744
-303792.8748,-261172.1834,42620.6914,473.5519,1007.947
-303716.4899,-261089.4313,42627.0586,484.2718,1054.2571
-303777.2644,-261113.9831,42663.2812,481.2,1000.5101
-303987.0714,-261131.0987,42855.9727,510.5419,1018.1509
-303738.223,-261127.4456,42610.7773,494.654,1037.6018
-303837.8909,-261127.3674,42710.5234,480.3518,1030.6389
-303861.543,-261251.3359,42610.207,507.1324,1108.2573
-303923.9013,-261167.8114,42756.0898,477.843,1071.3806
-303911.5418,-261153.7215,42757.8203,494.9222,1060.4602
-303858.5109,-261167.843,42690.668,491.4983,1070.8397
-303796.6379,-261124.6418,42671.9961,483.6473,999.3104
-303985.0147,-261279.3467,42705.668,490.1572,1023.5431
-304026.1702,-261119.4241,42906.7461,475.514,1022.7182
-303745.332,-261140.4765,42604.8555,447.4293,1058.656
-303702.4767,-261097.0978,42605.3789,485.4783,1082.3992
-303894.9003,-261218.123,42676.7773,489.2651,1060.8208
-303705.5487,-261204.7908,42500.7578,475.7102,1060.9201
-303717.084,-261093.2676,42623.8164,545.1402,995.414
-303904.1486,-261114.5783,42789.5703,481.178,1058.7182
-303809.005,-261080.2315,42728.7734,522.3619,1046.0754
-304019.2599,-261137.5294,42881.7305,521.1783,1046.0478
-303605.318,-261082.5329,42522.7852,531.5405,997.8495
-303849.4753,-261233.7214,42615.7539,465.047,1031.8439
-303658.4663,-261149.0913,42509.375,489.6039,1035.0298
-303874.667,-261172.3076,42702.3594,493.2791,1017.3306
-303737.9891,-261203.8289,42534.1602,493.3844,1042.4554
-303856.4482,-261088.581,42767.8672,516.4099,1029.6606
-303742.9114,-261094.5052,42648.4062,476.4254,1048.2763
-303931.5179,-261187.8616,42743.6562,479.8997,1024.3784
-303894.4559,-261137.1864,42757.2695,480.0421,1020.7038
-303761.3556,-261104.1251,42657.2305,463.7928,1002.738
-303709.4068,-261055.6646,42653.7422,480.0672,1076.8368
-303745.7079,-261196.7001,42549.0078,526.3939,1092.63
-303541.5047,-261204.0945,42337.4102,508.3267,998.012
-303915.5221,-261108.0729,42807.4492,495.9822,1058.6877
-303905.8178,-261098.4858,42807.332,470.9322,1056.2419
-303767.6331,-261143.3167,42624.3164,515.2949,1010.9954
-303819.9945,-261112.2055,42707.7891,457.1392,1047.3814
-303593.2564,-261072.2056,42521.0508,499.6521,1035.676
-303745.7773,-261106.3281,42639.4492,496.8945,1079.725
-303823.9434,-261097.9786,42725.9648,512.0413,1067.3516
-303665.1991,-261112.4256,42552.7734,482.7995,1039.6044
-303987.5682,-261152.0604,42835.5078,473.0939,1033.4515
-303731.7592,-261026.142,42705.6172,508.6097,1066.9049
-303971.7762,-261246.3114,42725.4648,505.0003,1052.9691
-304025.6471,-261229.9557,42795.6914,503.7833,1069.9189
-303898.2604,-261133.7174,42764.543,484.4298,1073.7951
-303974.2985,-261174.4196,42799.8789,488.2243,1007.1637
-303724.1249,-261178.7382,42545.3867,475.0468,1047.6936
-303854.6337,-261114.915,42739.7188,493.8267,1047.2109
-303392.912,-261054.7987,42338.1133,518.9153,1054.0422
-303860.4849,-261226.6919,42633.793,492.571,1030.1958
-303974.0728,-261206.9829,42767.0898,518.358,1004.6199
-303886.0011,-261221.8292,42664.1719,491.9584,1026.6923
-303901.7302,-261123.5466,42778.1836,471.2119,1038.3816
-303774.459,-261162.1191,42612.3398,496.4748,1072.2608
-304003.8564,-261192.6845,42811.1719,523.3779,1058.3118
-303739.5358,-261217.7702,42521.7656,478.9235,1078.7829
-304035.4342,-261204.9654,42830.4688,503.5497,1060.4798
-303983.0024,-261023.5141,42959.4883,479.5555,1037.3915
-303963.2202,-261207.8921,42755.3281,481.3011,1057.8868
-303676.0779,-261240.6834,42435.3945,503.5064,1045.0172
-303837.2731,-261147.5075,42689.7656,499.352,1012.7537
-303980.4454,-261248.6797,42731.7656,459.6683,1022.0241
-303855.1228,-261109.0759,42746.0469,467.8159,1041.3178
-303801.8328,-261113.1687,42688.6641,502.5319,1047.4355
-304000.1504,-261188.4902,42811.6602,504.4258,1070.7508
-303831.3467,-261198.2686,42633.0781,479.9477,1074.4156
-303991.1253,-261258.9652,42732.1602,490.5283,1036.9776
-303893.0628,-261268.1605,42624.9023,501.5556,1093.0103
-304085.309,-261287.3676,42797.9414,492.0393,1039.0013
-303881.5389,-261238.4139,42643.125,515.7638,1004.8016
-303786.6686,-261197.1335,42589.5352,485.072,1040.7464
-304218.6233,-261129.8851,43088.7383,504.3776,1033.6691
-303776.9705,-261210.1228,42566.8477,524.8919,1044.4505
-303464.7301,-261133.8551,42330.875,462.1664,1002.044
-303965.5888,-261143.8192,42821.7695,476.321,1040.8061
-303460.9659,-261030.2081,42430.7578,512.0021,1029.7764
-303854.3376,-261175.8258,42678.5117,488.6849,1047.7886
-303833.6256,-261131.3717,42702.2539,501.0189,1020.4971
-303891.6972,-261172.3339,42719.3633,535.4265,1042.3376
-303748.124,-261058.1162,42690.0078,506.6777,1009.6174
-303824.2544,-261197.6958,42626.5586,503.3866,1017.2045
-303855.4579,-261189.9306,42665.5273,470.4229,1083.2171
-303967.0742,-261152.0273,42815.0469,513.7261,1057.3925
-303892.052,-261160.1341,42731.918,490.5876,1043.2855
-303759.2851,-261138.7148,42620.5703,496.4734,1048.3771
-303708.4168,-261031.2567,42677.1602,470.1379,1039.9394
-303779.5534,-261138.9401,42640.6133,521.6553,1043.869
-303722.9219,-261190.6797,42532.2422,502.5986,1026.3482
-303644.0482,-261080.5013,42563.5469,494.4589,1061.7518
-304107.4447,-261242.7377,42864.707,473.4247,1078.151
-303732.2289,-261130.5844,42601.6445,492.0452,1033.5442
-303881.444,-261036.3424,42845.1016,512.8023,1033.0778
-303728.1964,-261150.8409,42577.3555,482.1392,1087.8362
-303740.9928,-261169.8249,42571.168,488.6211,1052.7365
-303851.3085,-261067.9491,42783.3594,472.4819,1041.5518
-304019.4291,-261233.9057,42785.5234,494.8836,1012.8005
-303597.1255,-261148.8404,42448.2852,527.6651,1053.0649
-303661.4521,-261106.4795,42554.9727,488.8004,1046.6647
-303659.6372,-261096.9028,42562.7344,520.5441,1007.1333
-303993.8745,-261225.0698,42768.8047,493.5055,1032.0986
-303740.8942,-261173.8825,42567.0117,511.9872,1026.0807
-303824.3722,-260998.005,42826.3672,501.0449,1038.831
-303818.3951,-261196.1763,42622.2188,503.6997,1058.7064
-303924.0429,-261194.203,42729.8398,494.1011,1044.8816
-303963.4156,-261233.1383,42730.2773,500.4637,1076.8563
-303741.9702,-261083.6303,42658.3398,480.5691,1029.633
-303824.754,-261148.9767,42675.7773,498.4672,1042.388
-303723.3107,-261041.8067,42681.5039,507.699,1005.9607
-304081.096,-261268.1117,42812.9844,517.5726,1029.9248
-303696.2952,-261188.1428,42508.1523,501.0863,1025.6998
-303736.712,-261078.1144,42658.5977,482.6374,1046.2027
-303784.5949,-261167.4503,42617.1445,476.7132,1030.3594
-303533.7009,-261109.4274,42424.2734,502.6403,1067.9757
-303850.55,-261145.2336,42705.3164,516.1511,1045.1058
-303886.3872,-261108.5318,42777.8555,468.2128,1058.07
-304081.5837,-261241.6462,42839.9375,490.1188,1047.9467
-303617.2951,-261025.5256,42591.7695,506.558,1057.7479
-303756.5525,-261109.5759,42646.9766,465.819,1037.0076
-303661.8081,-261132.8354,42528.9727,480.0809,1052.8673
-303931.305,-261113.3323,42817.9727,512.8305,1076.5842
-303736.081,-261088.8076,42647.2734,481.2982,987.9885
-303950.3512,-261257.691,42692.6602,481.9861,1067.2847
-303812.8054,-261129.2195,42683.5859,481.105,1024.9243
-303694.3719,-261164.2234,42530.1484,516.5048,1017.0335
-303635.265,-261117.8861,42517.3789,488.1054,1030.3023
-303774.7899,-261053.1727,42721.6172,502.1458,1071.5029
-303912.2482,-261214.5685,42697.6797,493.1598,1009.1536
-303854.8572,-261137.4548,42717.4023,498.8638,1053.1584
-303986.1669,-261220.5185,42765.6484,492.0334,1055.789
-303959.9546,-261133.5093,42826.4453,485.0426,1039.8142
-303705.9517,-261109.4205,42596.5312,502.5312,1065.0595
-303395.2123,-260965.888,42429.3242,532.8463,1065.2492
-303848.3435,-261149.9607,42698.3828,467.2563,1070.058
-303879.3299,-261246.7791,42632.5508,490.7368,1046.5291
-303697.1837,-261215.9259,42481.2578,503.1094,1013.0192
-303766.5496,-261178.2996,42588.25,498.6106,1040.1911
-303654.123,-261081.455,42572.668,492.9872,1022.2519
-303907.6197,-261117.8423,42789.7773,483.5882,1031.5324
-303774.1068,-261087.5521,42686.5547,459.1088,1000.3676
-303703.1246,-261165.8668,42537.2578,483.3597,1064.5136
-303873.8568,-261180.6927,42693.1641,504.1116,1076.2509
-303796.3092,-261242.1295,42554.1797,523.4191,1017.4765
-303898.18,-261265.2308,42632.9492,520.3131,1043.0746
-303687.0546,-261024.6288,42662.4258,490.593,1013.0004
-303954.0254,-261224.3731,42729.6523,479.9934,1039.4751
-303911.2586,-261155.1297,42756.1289,484.72,1045.3666
-303834.3593,-261257.7382,42576.6211,513.9155,1064.0191
-303693.4952,-261130.5381,42562.957,505.3542,1037.3654
-303657.2701,-261083.6412,42573.6289,508.3735,1045.4271
-303761.8999,-261155.7437,42606.1562,496.2154,1059.2139
-303594.8071,-261110.4126,42484.3945,505.1192,1020.5783
-303847.8462,-261168.0025,42679.8438,476.8795,1040.7754
-303711.3122,-261176.5427,42534.7695,485.2335,1012.0736
-303987.405,-261182.444,42804.9609,497.4003,1070.6622
-304098.2517,-261134.2048,42964.0469,485.8767,1016.6202
-303786.6817,-261173.9512,42612.7305,491.1788,1059.1959
-303934.4702,-261278.6225,42655.8477,531.2816,995.038
-303934.4805,-261131.207,42803.2734,510.3454,1010.167
-303721.2894,-261119.2738,42602.0156,483.5696,1015.1804
-303915.1147,-261186.7358,42728.3789,482.4006,1068.0042
-303703.2403,-261097.6114,42605.6289,446.8724,1057.2235
-303913.1448,-261227.1526,42685.9922,483.8822,1023.2668
-303759.0364,-261092.6067,42666.4297,514.9172,1033.916
-303931.3364,-261050.7075,42880.6289,499.5978,1058.0335
-303729.3712,-261145.3869,42583.9844,505.5609,1041.4771
-303824.8411,-261183.2708,42641.5703,474.833,1008.5419
-303834.7997,-261137.4403,42697.3594,491.6189,1042.1767
-303703.0827,-261201.9538,42501.1289,497.4666,1044.7493
-303653.1785,-261174.7996,42478.3789,469.5618,1054.5146
-303860.8379,-261180.5801,42680.2578,496.5645,1010.4221
-303694.4402,-261170.4285,42524.0117,523.2753,1056.9693
-304022.1565,-261227.2424,42794.9141,512.6731,1027.5679
-303919.3389,-261136.7256,42782.6133,486.2948,1059.1144
-303660.6033,-261129.1658,42531.4375,448.1195,1060.5416
-303959.5614,-261110.0067,42849.5547,506.7673,1038.4503
-303935.0106,-261140.3504,42794.6602,495.9108,1047.8503
-303792.4639,-261168.4639,42624.0,475.103,1062.6694
-303712.2139,-261128.9795,42583.2344,501.6806,1052.5307
-303849.6163,-261267.4835,42582.1328,529.9903,1051.4492
-303694.5523,-261083.146,42611.4062,484.3425,1057.056
-304026.4399,-261195.7484,42830.6914,518.1173,1038.0293
-304019.1934,-261251.9629,42767.2305,514.9369,1007.6238
-303915.4602,-261194.1243,42721.3359,483.248,1023.6715
-303703.2443,-261199.1623,42504.082,473.721,1049.9161
-303676.5822,-261210.5432,42466.0391,505.1978,1061.8158
-303907.0249,-261241.5835,42665.4414,516.731,1018.6894
-303790.3739,-261200.4989,42589.875,478.8862,1022.3078
-303606.6445,-261109.8789,42496.7656,496.6421,1032.3732
-303884.6954,-261178.6524,42706.043,473.8876,1041.8457
-303916.8584,-261186.0889,42730.7695,502.864,1045.1514
-304105.9135,-261215.3354,42890.5781,490.353,1016.6685
-303537.5373,-261187.2482,42350.2891,470.678,1075.6448
-303983.8867,-261240.7266,42743.1602,517.0372,1040.1271
-303956.1005,-261181.8739,42774.2266,485.6144,1014.5895
-303866.7918,-261264.7957,42601.9961,498.0843,1031.2792
-304056.7318,-261182.3333,42874.3984,452.4073,999.5223
-303699.5635,-261166.2783,42533.2852,484.93,1066.2824
-304089.8283,-261194.2736,42895.5547,482.6159,1033.8253
-304066.6841,-261210.6528,42856.0312,496.1636,1015.32
-303617.0943,-260989.27,42627.8242,487.036,1026.9149
-303784.1984,-261194.2218,42589.9766,486.7909,1051.4312
-303832.4056,-261149.0579,42683.3477,473.7441,1045.8898
-303852.5573,-261166.2175,42686.3398,499.4023,1052.6111
-303721.8204,-261114.2227,42607.5977,503.7732,1038.611
-303911.5384,-261219.9134,42691.625,475.6441,1092.7506
-303824.026,-261076.3151,42747.7109,514.085,1040.9877
-303826.8809,-261204.6621,42622.2188,538.0709,1058.0365
-303961.8242,-261262.4844,42699.3398,470.1525,1050.7021
-303820.6227,-261121.5133,42699.1094,486.1411,1035.6798
-303849.9541,-261124.2471,42725.707,489.0834,1073.2655
-303690.2757,-261127.9788,42562.2969,543.9242,1018.9805
-303987.293,-261193.7813,42793.5117,492.9872,994.8461
-303896.2057,-261197.6042,42698.6016,493.0967,1045.6956
-303769.168,-261113.8477,42655.3203,485.9263,1032.7803
-303737.1982,-261154.3935,42582.8047,488.6615,1028.9831
-303870.4017,-261170.9682,42699.4336,496.426,1007.8967
-303852.4273,-261216.0601,42636.3672,509.9,1014.6303
-303601.4507,-261136.564,42464.8867,506.9745,1047.6199
-304104.6102,-261163.743,42940.8672,470.6103,1013.6455
-303570.3651,-261117.1268,42453.2383,492.3349,1015.1654
-303776.1471,-261140.1588,42635.9883,492.6738,1061.3415
-303664.1534,-261115.126,42549.0273,497.2049,1016.9247
-303968.1276,-261184.8151,42783.3125,505.2782,1059.0897
-303849.6174,-261100.34,42749.2773,458.832,1051.4191
-303984.5948,-261127.1573,42857.4375,506.7687,1040.3484
-303917.5748,-261241.235,42676.3398,446.6733,1032.5559
-304069.3737,-261300.0924,42769.2812,507.13,1065.2217
-303679.8846,-261121.3494,42558.5352,489.6476,1017.6997
-304135.2771,-261108.8044,43026.4727,500.8868,1000.1644
-303990.4897,-261143.0327,42847.457,496.8729,1042.9954
-303723.5946,-261145.6375,42577.957,495.7913,1023.6647
-303584.4876,-261145.8587,42438.6289,519.2145,1032.284
-304000.0446,-261221.8571,42778.1875,471.4039,1072.1097
-303876.9409,-261115.7378,42761.2031,504.6246,1039.9038
-303802.3551,-261100.1832,42702.1719,476.4951,1035.2732
-303782.4342,-261176.9303,42605.5039,498.0462,1028.14
-303585.6999,-261088.4187,42497.2812,494.4996,1030.8491
-303713.6756,-261149.7225,42563.9531,505.158,1061.1809
-303757.3826,-261108.0388,42649.3438,508.4181,1004.581
-303845.7093,-261110.7054,42735.0039,497.9659,1090.2457
-303745.0238,-261151.7269,42593.2969,527.035,1074.3942
