EPtot,Etot,EKtot,Bond,Angle
-304026.8637,-261429.0785,42597.7852,515.98,1024.2694
-304718.9159,-261905.4432,42813.4727,519.5189,1031.7551
-304920.3781,-261987.3938,42932.9844,496.8334,1071.3349
-304591.5196,-262008.7188,42582.8008,525.1023,1043.2115
-304826.013,-261982.0325,42843.9805,478.3839,1040.3248
-304633.2928,-262010.2694,42623.0234,515.2259,1044.0752
-304580.5786,-261981.6802,42598.8984,486.9884,1041.4564
-304808.4485,-262069.4134,42739.0352,501.9961,1050.6832
-304659.9565,-262079.8979,42580.0586,525.4544,1013.5725
-304927.6683,-262074.6644,42853.0039,484.4806,1030.0053
-304798.8389,-261990.9795,42807.8594,513.5525,1038.5145
-304844.8145,-262021.0645,42823.75,506.1512,997.836
-304604.9792,-262011.6589,42593.3203,505.1819,1055.6214
-304650.2285,-261953.1074,42697.1211,502.7503,1045.0164
-304822.3128,-262013.7191,42808.5938,486.1027,1023.0634
-304958.5292,-262012.9081,42945.6211,485.0812,1087.0207
-304863.7425,-262063.8207,42799.9219,538.1807,1060.9526
-304691.1925,-262039.6261,42651.5664,510.6047,1040.1802
-304933.7825,-262109.7747,42824.0078,532.8471,1012.8547
-304661.2352,-262016.5398,42644.6953,506.8365,1075.3631
-304955.58,-262097.5956,42857.9844,500.831,1009.0789
-304607.3812,-261947.5805,42659.8008,506.2169,1014.3933
-304666.9765,-262102.8398,42564.1367,468.249,1007.8204
-304855.7751,-261999.3962,42856.3789,523.0347,1033.395
-304790.4608,-262069.0194,42721.4414,495.2708,1011.1093
-304911.5401,-262080.1065,42831.4336,502.4408,1038.5927
-304610.9798,-262100.9837,42509.9961,542.0432,1116.2737
-304667.8819,-262035.9991,42631.8828,486.1635,1054.0496
-304821.8387,-262143.4519,42678.3867,489.2136,1074.5593
-304566.6807,-261993.0909,42573.5898,496.0655,1056.2824
-304563.7641,-262016.1039,42547.6602,529.4183,1066.329
-304717.4217,-262063.4412,42653.9805,504.8554,1042.1119
-304859.6814,-262075.6501,42784.0312,533.6002,1061.5336
-304763.4345,-261972.2353,42791.1992,515.3739,1049.9307
-304826.5114,-262021.8005,42804.7109,519.5333,1027.7222
-304721.4068,-261959.8365,42761.5703,532.683,973.1239
-304908.5506,-262055.9491,42852.6016,482.294,1041.6049
-304855.7834,-262084.0412,42771.7422,490.768,1045.9853
-304663.9611,-262038.1368,42625.8242,486.4385,1049.2409
-304677.1561,-261979.2069,42697.9492,504.2565,1006.1363
-304568.7472,-261993.9542,42574.793,503.3208,1043.8733
-304556.425,-262017.3937,42539.0312,493.0585,1054.6188
-304672.61,-262105.86,42566.75,510.9297,1019.1069
-304673.5097,-262188.6308,42484.8789,525.5671,1035.3755
-304842.8405,-262152.8131,42690.0273,506.6533,1004.8807
-304920.3356,-262066.6833,42853.6523,491.8033,991.0127
-304668.1936,-262045.2601,42622.9336,479.7075,1039.9073
-304820.8643,-261996.8994,42823.9648,515.3112,1026.8859
-304931.2064,-262015.7611,42915.4453,499.6016,1036.8376
-304768.7043,-262058.7317,42709.9727,503.7272,1069.8574
-304925.5863,-262141.1996,42784.3867,517.2446,1059.7389
-305045.0714,-262120.0792,42924.9922,513.269,1064.2399
-304778.8083,-262093.6951,42685.1133,542.5928,1047.6567
-304801.0597,-261975.798,42825.2617,514.233,1048.7999
-305220.3039,-262087.3078,43132.9961,500.4559,1069.2904
-304684.7363,-262015.4003,42669.3359,513.9022,1025.2033
-304546.6371,-262021.6253,42525.0117,490.8558,1025.9765
-304559.0164,-261951.9421,42607.0742,501.0165,1038.1843
-304723.3191,-262025.2449,42698.0742,515.4581,1008.5113
-305040.5307,-262053.1245,42987.4062,488.0379,1016.0666
-304662.8315,-262092.601,42570.2305,500.392,1044.6035
-304705.4405,-262056.1201,42649.3203,475.4219,1036.9953
-304785.6961,-262000.0359,42785.6602,482.9696,1023.6482
-304744.8916,-262062.8564,42682.0352,488.9021,992.1065
-304889.7731,-262117.3317,42772.4414,503.5915,997.7315
-304739.198,-262043.8308,42695.3672,491.4987,1045.5734
-304694.1945,-262057.6906,42636.5039,538.9629,1043.1339
-304809.3667,-261994.6713,42814.6953,476.6575,1043.8545
-304697.6059,-262034.7622,42662.8438,514.6721,994.0735
-304725.0941,-261979.1019,42745.9922,502.3032,1036.4665
-304781.4508,-261934.2945,42847.1562,521.8513,1005.2056
-304627.0345,-262021.3158,42605.7188,506.924,1035.1949
-304931.2697,-262131.7736,42799.4961,509.6982,1038.7476
-304729.2314,-261979.3915,42749.8398,506.2631,1036.4028
-304606.8403,-261971.516,42635.3242,476.4338,1020.0718
-304637.5507,-262056.9335,42580.6172,501.483,1041.23
-304684.6675,-262042.98,42641.6875,507.4072,1044.9877
-304887.404,-262108.322,42779.082,502.6358,1023.7944
-304706.9566,-262095.0113,42611.9453,505.0107,1030.011
-304834.6542,-261988.7284,42845.9258,526.1671,1062.3086
-304878.9946,-262038.8657,42840.1289,493.8896,1041.5413
-304598.6823,-261974.1315,42624.5508,502.6659,1037.9044
-304605.8991,-262065.4187,42540.4805,493.1167,1023.4279
-304437.4743,-261959.5642,42477.9102,507.4346,1028.0456
-304710.1413,-262068.3561,42641.7852,502.5141,1030.5355
-304955.2884,-262073.9798,42881.3086,488.4106,998.1498
-304912.7174,-261999.6393,42913.0781,464.6276,1053.2176
-304714.5099,-262038.5568,42675.9531,515.0537,1009.899
-304665.2618,-262031.7033,42633.5586,481.5789,1049.8162
-304825.8467,-262006.0694,42819.7773,496.7513,1027.9829
-304765.9562,-261893.589,42872.3672,476.8221,1037.8162
-304631.8788,-261908.5507,42723.3281,494.3589,1023.3084
-305026.496,-262029.5038,42996.9922,489.7729,1008.9909
-304673.3296,-262032.1382,42641.1914,518.6083,1029.057
-304531.1333,-262071.9887,42459.1445,502.7379,1038.9167
-304652.4496,-261994.4535,42657.9961,495.5022,1068.7855
-304509.9327,-261923.3936,42586.5391,520.6996,1014.8607
-304892.1772,-262071.9662,42820.2109,496.5165,1038.6714
-304520.1978,-261954.7486,42565.4492,504.2524,1051.1937
-304581.2234,-261952.8249,42628.3984,516.8809,1026.4268
-304779.5367,-262018.6266,42760.9102,490.0642,1029.9171
-304828.119,-262055.3964,42772.7227,466.9811,1004.2616
-304795.1746,-261864.5496,42930.625,499.5386,1051.9197
-304785.9106,-261925.1996,42860.7109,522.2586,1008.9972
-304670.5145,-262015.4286,42655.0859,503.2035,1065.9616
-304865.8618,-262075.5766,42790.2852,497.7162,1012.0265
-304779.2265,-262131.539,42647.6875,459.2374,1074.7068
-304831.0839,-262090.0175,42741.0664,514.4884,1076.5556
-304715.5418,-262044.5223,42671.0195,510.3363,1033.2477
-304799.3363,-262105.6449,42693.6914,515.1699,1060.5963
-304738.6098,-262087.352,42651.2578,504.647,1035.3423
-304874.5182,-262120.4284,42754.0898,518.0445,994.4213
-304731.9273,-262023.3179,42708.6094,516.8417,1036.2526
-304765.3361,-262056.9377,42708.3984,510.3839,1031.3934
-304809.3435,-262022.9803,42786.3633,481.4379,1036.9854
-304767.8282,-262021.875,42745.9531,501.4971,1073.7698
-304413.0881,-261936.1936,42476.8945,487.6228,1005.9366
-304850.7678,-262002.303,42848.4648,501.9013,1039.7191
-304661.0722,-261983.8495,42677.2227,485.5137,1020.3923
-304720.2635,-261974.5253,42745.7383,485.5258,1045.1038
-305095.8629,-262030.3629,43065.5,484.7541,1084.9371
-304820.5374,-262062.6663,42757.8711,491.7934,1043.3138
-304684.2499,-261958.91,42725.3398,525.1686,1017.8724
-304533.6649,-261993.3993,42540.2656,525.2503,1084.6437
-304980.1648,-262033.7547,42946.4102,485.2284,1069.4053
-304805.5019,-261956.4667,42849.0352,489.6109,1022.3357
-304595.2573,-261931.6088,42663.6484,511.4743,1031.1742
-304583.0095,-261987.1033,42595.9062,476.0592,1047.7207
-304897.5514,-262003.4186,42894.1328,502.4108,1024.8321
-304560.4933,-261956.8526,42603.6406,513.8345,1102.7014
-304698.0398,-262068.5281,42629.5117,509.8375,1050.9918
-305013.7774,-262027.8478,42985.9297,483.1532,1003.8796
-304799.7035,-262000.141,42799.5625,463.3917,1059.9321
-304637.8506,-261960.8076,42677.043,506.685,1051.4678
-304756.5662,-262022.2459,42734.3203,506.0122,1051.7992
-304734.0686,-262061.9592,42672.1094,488.5529,1076.5655
-304816.8868,-261992.6017,42824.2852,476.5591,1050.0056
-304694.8829,-262033.3517,42661.5312,489.1321,1044.4045
-304679.3066,-261948.0761,42731.2305,443.9256,1001.1536
-304665.9721,-261898.2729,42767.6992,452.0923,1034.054
-304411.6535,-261905.8801,42505.7734,472.2691,1052.392
-304813.8623,-262098.1357,42715.7266,519.402,1036.6933
-304694.2768,-261966.394,42727.8828,522.8992,1023.8917
-304557.0362,-262015.2628,42541.7734,480.1126,1023.6367
-304550.6488,-262072.223,42478.4258,505.8649,1056.5704
-304692.196,-261932.4616,42759.7344,519.9233,1003.8488
-304575.6209,-262007.6209,42568.0,481.8258,1049.3381
-304660.0937,-262068.9258,42591.168,506.3286,1047.5841
-304494.9057,-261933.2338,42561.6719,492.5371,1014.0684
-304538.9449,-262026.3277,42512.6172,515.9159,985.6756
-304810.7065,-261982.9917,42827.7148,488.0795,1079.1431
-304777.8131,-262080.7624,42697.0508,506.8181,1039.5588
-304750.0195,-261925.5703,42824.4492,477.159,1017.9861
-304694.915,-262039.7588,42655.1562,500.1411,1036.5661
-304866.1032,-262013.9899,42852.1133,500.9161,1042.3519
-304646.0751,-261998.9306,42647.1445,512.2436,1037.2814
-304559.6266,-261921.8531,42637.7734,512.6398,1047.0279
-304485.2365,-262019.3029,42465.9336,514.6008,1029.2812
-304846.9463,-262012.7979,42834.1484,512.4125,1032.3142
-304527.2529,-261976.7412,42550.5117,508.1663,1039.9281
-304678.2982,-262159.806,42518.4922,486.9091,1034.4668
-304837.0421,-262095.6944,42741.3477,515.9326,996.9314
-304636.2821,-261918.2157,42718.0664,487.943,1034.9481
-304870.5595,-262056.3915,42814.168,513.4008,1016.9918
-304742.255,-261942.798,42799.457,487.4848,1064.7254
-304975.5869,-262073.4502,42902.1367,519.4819,1085.2223
-304771.8425,-262042.694,42729.1484,489.1371,1043.1921
-304720.2485,-262052.6664,42667.582,488.2929,1007.196
-304557.9145,-261853.8989,42704.0156,490.9584,1065.6265
-304513.4501,-261996.786,42516.6641,536.8294,1070.2378
-304779.9695,-261916.7937,42863.1758,502.1345,1056.9517
-304877.7069,-262081.2655,42796.4414,496.6208,1038.4389
-304686.858,-262010.5612,42676.2969,518.9332,1029.372
-304695.9518,-261998.3815,42697.5703,495.7673,1044.0102
-304781.1613,-262041.2785,42739.8828,520.1232,1059.3311
-304690.0773,-261947.5578,42742.5195,523.6848,1014.847
-304694.1224,-262061.0208,42633.1016,502.0221,1018.0989
-304741.8207,-262054.0043,42687.8164,524.3064,1042.7784
-304896.2224,-262050.1013,42846.1211,499.5744,1017.7541
-304666.1223,-262082.052,42584.0703,495.3763,1030.9724
-304743.5993,-261980.5056,42763.0938,515.5349,1042.661
-304690.1366,-262119.6679,42570.4688,519.1272,1074.9079
-304744.5592,-262083.2506,42661.3086,491.1545,1081.9079
-304965.7013,-262083.3654,42882.3359,540.0869,985.0033
-304577.5517,-261950.0986,42627.4531,527.6356,1052.4295
-304667.6852,-262003.0837,42664.6016,464.2496,1057.3077
-304805.4791,-261951.2564,42854.2227,505.5754,1006.3461
-304509.4522,-261995.4092,42514.043,524.7253,1033.917
-304686.6496,-261970.9973,42715.6523,484.505,1069.3413
-304655.8181,-261907.6228,42748.1953,539.5068,1017.4212
-304862.8703,-262048.8274,42814.043,485.0413,1078.5439
-304683.6504,-262089.9316,42593.7188,495.1981,1044.1609
-304807.6186,-262129.31,42678.3086,495.2746,1040.429
-304641.6751,-261903.5579,42738.1172,492.2759,1024.7177
-304419.934,-261893.0863,42526.8477,527.304,1016.8087
-304690.7662,-262001.8053,42688.9609,512.6259,1031.5964
-304760.0234,-262023.5585,42736.4648,498.2392,1035.1881
-304812.7831,-261983.5683,42829.2148,503.1126,1061.1178
-304755.3285,-262057.6137,42697.7148,509.9805,1008.7054
-304636.5705,-262051.6017,42584.9688,522.4914,1071.192
-304733.8367,-262067.2976,42666.5391,514.6061,1042.9229
-304913.2825,-262093.1653,42820.1172,502.3427,1040.8562
-304608.7006,-262058.3256,42550.375,522.326,1085.7314
-304731.4996,-262086.5621,42644.9375,533.3554,1046.8659
-304807.5367,-262130.0562,42677.4805,505.338,1082.2718
-304450.8898,-262078.464,42372.4258,495.2261,1073.5956
-304530.5848,-261998.9051,42531.6797,528.9057,1051.0744
-304659.4838,-262087.8822,42571.6016,510.4859,1028.2793
-304602.2268,-261980.9807,42621.2461,514.4556,1013.8196
-304955.1082,-262172.0614,42783.0469,466.6674,1082.1281
-304859.9617,-262020.9734,42838.9883,476.1044,1013.1892
-304722.8374,-261975.0991,42747.7383,497.2059,1015.1944
-304687.7562,-261937.5921,42750.1641,482.9356,1026.0071
-304629.9013,-262027.0732,42602.8281,485.3737,1063.3841
-304536.5093,-262002.3062,42534.2031,519.3947,1007.1219
-304548.8072,-261995.4048,42553.4023,534.0713,1048.4881
-304751.0631,-262019.4616,42731.6016,492.5384,1033.1145
-304725.2036,-261963.5786,42761.625,492.949,1061.4351
-304878.2807,-262038.2612,42840.0195,527.8955,1011.1103
-304809.2218,-262058.8897,42750.332,507.8081,1022.4683
-304677.0349,-262073.945,42603.0898,458.3754,1018.3871
-305067.3287,-262046.0982,43021.2305,498.8102,1050.4624
-304758.7403,-262064.0255,42694.7148,483.7695,1099.1681
-304692.2473,-262006.8605,42685.3867,500.0547,1000.2976
-304577.1014,-262065.8006,42511.3008,498.6872,1069.0459
-304586.3237,-262010.3003,42576.0234,518.4884,1046.5105
-304795.6873,-261982.3787,42813.3086,496.3668,1070.0945
-304852.4338,-262030.758,42821.6758,488.4274,1032.3771
-304823.589,-262072.2531,42751.3359,498.3705,1011.8444
-304723.6608,-262123.1412,42600.5195,486.1773,1084.5459
-304632.683,-262012.476,42620.207,510.1348,1062.5105
-304730.2557,-261934.6659,42795.5898,497.5229,1024.9078
-304609.4716,-261995.8388,42613.6328,523.1897,1095.5278
-304681.2609,-261983.8859,42697.375,511.8156,1052.5858
-304828.5211,-262122.6968,42705.8242,469.4794,1044.8404
-304538.3196,-261969.2962,42569.0234,515.3229,1051.1045
-304675.9296,-262097.6757,42578.2539,495.2254,1053.783
-304858.2527,-262061.034,42797.2188,510.2358,1009.4641
-304718.3947,-262026.8869,42691.5078,518.1375,1035.9444
-304785.7931,-262030.6291,42755.1641,475.9668,1047.7116
-304710.3707,-262074.4644,42635.9062,495.6672,1006.4911
-304670.5106,-262083.3114,42587.1992,520.3753,1053.0734
-304789.8637,-262076.1879,42713.6758,544.4022,1049.4688
-305018.6821,-262063.5493,42955.1328,479.8294,1064.1182
-304525.0179,-262055.8851,42469.1328,494.3838,1029.1554
-305017.65,-262110.6187,42907.0312,514.4922,1044.1897
-304621.451,-261939.3768,42682.0742,492.3663,1051.9712
-304676.0217,-262086.6467,42589.375,516.9304,1075.9563
-304623.4084,-261967.5452,42655.8633,500.4409,1084.8095
-304824.9295,-262021.6951,42803.2344,520.1585,1044.0632
-304809.1107,-262114.1693,42694.9414,523.9371,1059.2832
-304744.0203,-262101.1922,42642.8281,543.7235,1049.8192
-304376.6938,-262061.2055,42315.4883,522.4591,1020.0627
-304925.4811,-262061.6686,42863.8125,492.2058,1072.0813
-304756.3169,-262099.3599,42656.957,510.2362,994.6182
-304668.4252,-262044.7728,42623.6523,514.5156,1032.8169
-304718.9763,-262078.3083,42640.668,518.925,1083.9771
-304764.3627,-262113.0931,42651.2695,481.6419,1032.0658
-304574.7515,-262042.4468,42532.3047,513.4907,1095.1875
-304821.2516,-262107.2594,42713.9922,500.4878,1089.6162
-304916.9124,-262074.3694,42842.543,478.5584,1067.5841
-305094.6633,-262152.1516,42942.5117,505.6657,1065.4519
-304797.2384,-262097.2111,42700.0273,499.1172,1082.869
-304590.9344,-261999.618,42591.3164,489.5894,1043.3937
-304672.2384,-262039.3947,42632.8438,523.1927,1040.2215
-304493.2551,-262062.6379,42430.6172,514.5241,1055.7635
-304786.4907,-262066.0493,42720.4414,527.2041,1019.4949
-304595.0143,-262040.6119,42554.4023,466.741,1036.2659
-304835.8704,-262063.7259,42772.1445,478.7672,1038.6419
-304917.8319,-262022.535,42895.2969,498.5632,1005.6689
-304727.9983,-261959.3381,42768.6602,496.0552,1024.2311
-304580.2092,-262076.2521,42503.957,503.1437,1063.0223
-304680.4523,-262017.1242,42663.3281,478.7962,1075.3269
-304882.2029,-261985.9334,42896.2695,512.8627,1035.2822
-304743.7961,-262022.7493,42721.0469,540.1212,1043.8904
-304783.2294,-262133.8466,42649.3828,506.8456,1076.1133
-304758.8145,-262000.252,42758.5625,467.5631,1025.0405
-304739.2939,-262068.7471,42670.5469,514.4209,998.4153
-304736.03,-262120.9988,42615.0312,520.8764,1051.6782
-304734.143,-262102.1274,42632.0156,497.4021,1047.2798
-304658.4318,-262065.2834,42593.1484,534.0838,1043.9848
-304663.0825,-262087.559,42575.5234,494.0069,1058.8751
-304921.7189,-262183.336,42738.3828,498.7525,1061.7815
-304662.4046,-262012.5218,42649.8828,507.2456,1004.8885
-304822.0254,-262038.17,42783.8555,488.635,1061.9571
-304805.6771,-262079.9662,42725.7109,499.8547,1050.2653
-304406.3673,-262025.797,42380.5703,487.6213,1064.4252
-304736.1175,-262028.2229,42707.8945,503.2978,1028.1642
-304726.1521,-261922.9295,42803.2227,471.2637,1075.1565
-304415.304,-261965.5462,42449.7578,471.6082,1076.9592
-304712.3041,-262008.6596,42703.6445,508.5165,1042.04
-304694.1743,-262057.1821,42636.9922,507.0909,1017.4713
-304564.9196,-262094.2829,42470.6367,525.9468,1101.4245
-304609.4751,-261959.6431,42649.832,506.4318,1037.4495
-304789.1015,-262033.0898,42756.0117,515.9251,1047.838
-304726.4888,-261955.7193,42770.7695,510.3887,1002.4466
-304758.0613,-262036.9988,42721.0625,515.3289,1037.7046
-305161.535,-262108.1522,43053.3828,515.4003,1008.2366
-304865.8707,-262031.8355,42834.0352,506.6693,1045.121
-304603.9084,-261981.0373,42622.8711,489.5712,1030.4769
-304950.4107,-262046.0943,42904.3164,488.415,1040.7083
-304482.0938,-261993.7696,42488.3242,502.6692,995.1466
-304751.1658,-262053.6931,42697.4727,490.2793,1010.9154
-304999.206,-262066.0146,42933.1914,469.6375,1025.3677
-304672.1773,-262108.0562,42564.1211,496.9205,1002.9176
-304472.1203,-262041.2609,42430.8594,525.3182,1070.4133
-304715.3399,-261932.9728,42782.3672,502.2689,1012.9214
-304802.7566,-262020.3074,42782.4492,495.0936,1059.0596
-304763.3738,-262081.0808,42682.293,485.9959,1036.8754
-304677.4552,-262047.2013,42630.2539,521.1517,1028.3195
-304710.1368,-262029.254,42680.8828,521.5109,1025.7119
-304744.8231,-262052.2606,42692.5625,507.9178,1033.8157
-304723.4185,-262029.5787,42693.8398,499.7966,1040.9794
-304909.0695,-262082.3468,42826.7227,479.4873,1030.5123
-304606.0661,-262093.8591,42512.207,461.0609,1056.1662
-304843.0359,-262034.1335,42808.9023,484.0805,1039.46
-304766.8525,-261957.6728,42809.1797,511.623,969.5517
-304767.6577,-262012.6694,42754.9883,491.9279,1029.7364
-304791.6948,-262064.6909,42727.0039,487.4524,1100.6307
-304824.2134,-262026.2408,42797.9727,491.2377,999.3935
-304687.5719,-262085.8922,42601.6797,497.9573,1034.6659
-304769.2071,-261989.3985,42779.8086,495.1657,1046.4628
-304636.1193,-261966.1661,42669.9531,471.6161,1033.2646
-304768.218,-261987.8274,42780.3906,464.4277,1053.7513
-304626.4239,-261975.8887,42650.5352,485.5033,1073.2051
-305106.7843,-262014.0655,43092.7188,507.5922,1016.4016
-304840.8827,-262160.2889,42680.5938,482.2085,1052.7349
-304885.8483,-262113.6217,42772.2266,481.9917,1030.2876
-304488.8965,-262045.5801,42443.3164,550.6013,1031.8553
-304819.6426,-262154.3223,42665.3203,502.3426,1072.3006
-304587.092,-261971.7404,42615.3516,533.0996,1051.8663
-304693.3655,-262028.342,42665.0234,474.596,1050.093
-304672.0115,-261947.2264,42724.7852,471.7677,1036.2488
-304759.6146,-261947.9466,42811.668,460.7133,1037.5795
-304831.6699,-262024.3183,42807.3516,463.5121,1039.3973
-304742.1269,-262090.2675,42651.8594,493.3258,1007.5681
-304700.9895,-262003.6145,42697.375,486.7446,1048.1873
-304902.1688,-262132.2821,42769.8867,515.6274,1064.7591
-304716.0269,-262127.1168,42588.9102,527.5609,1092.6026
-304725.0938,-262131.0469,42594.0469,512.0144,1076.8674
-304710.0781,-262068.0117,42642.0664,485.9262,1021.9268
-304767.5476,-262008.2937,42759.2539,506.2808,1040.7834
-304785.4546,-262057.2007,42728.2539,503.5647,1003.9755
-304768.9852,-262115.8758,42653.1094,534.2632,1023.0376
-304758.3614,-262045.8301,42712.5312,490.106,1009.3883
-304707.6399,-261991.8821,42715.7578,515.6824,1080.6229
-304864.4288,-262069.6202,42794.8086,490.1478,997.6715
-304626.9941,-262062.58,42564.4141,471.6432,1034.8892
-304638.5074,-262023.0816,42615.4258,502.1011,1042.6298
-304495.7558,-261987.9706,42507.7852,513.8818,1053.4039
-304798.1496,-262044.923,42753.2266,501.7082,1029.0733
-304607.3419,-262017.9318,42589.4102,537.4958,1064.2233
-304471.8155,-261965.8545,42505.9609,505.1705,1065.3878
-304920.6909,-262076.2807,42844.4102,521.2348,1056.2778
-304611.151,-261987.6979,42623.4531,507.6595,1026.488
-304819.5244,-262039.4268,42780.0977,483.8448,1081.1243
-304683.2268,-261981.0549,42702.1719,510.6803,1072.5593
-304504.1582,-262023.8028,42480.3555,499.7974,1075.1157
-304723.6371,-262016.1879,42707.4492,481.0842,1056.3442
-304897.733,-262031.4049,42866.3281,502.9895,1095.2076
-304861.9812,-262012.0046,42849.9766,499.3697,1025.7642
-304853.6117,-262109.3109,42744.3008,525.9266,1037.2705
-304923.7853,-262005.8556,42917.9297,500.7441,1014.3962
-304700.4893,-262086.8487,42613.6406,513.4428,1060.1857
-304821.3515,-261950.7616,42870.5898,474.6896,1038.4842
-305006.2185,-262088.5974,42917.6211,523.4499,985.8966
-304775.9292,-261994.2066,42781.7227,490.6185,1027.2
-304848.2433,-262093.2511,42754.9922,472.612,1019.2458
-304532.9416,-261936.676,42596.2656,485.7602,1009.4673
-304665.9426,-262031.6145,42634.3281,510.9812,1011.7935
-304745.4728,-262032.758,42712.7148,475.4483,1090.1604
-304797.6666,-262098.4049,42699.2617,482.4751,1010.8906
-304888.3692,-262006.6113,42881.7578,495.6884,1048.4135
-304666.4958,-261996.6403,42669.8555,499.243,992.4402
-304801.7614,-262044.9059,42756.8555,505.2964,1004.6043
-304466.664,-261945.3046,42521.3594,494.501,1035.4226
-304625.0145,-261988.4247,42636.5898,516.1633,1027.7735
-304707.779,-262044.8298,42662.9492,504.9249,1050.2371
-304581.9038,-261983.7749,42598.1289,507.139,1069.7774
-304531.469,-261992.5745,42538.8945,487.3167,1056.0897
-304825.3192,-262085.9988,42739.3203,506.5097,1036.9055
-304803.3849,-261986.2677,42817.1172,488.2703,1065.5316
-304648.8274,-262028.2454,42620.582,520.0458,1044.6184
-304974.3054,-262009.7859,42964.5195,489.6101,1018.9414
-304722.7607,-262057.749,42665.0117,489.4809,1047.4653
-304760.803,-262039.6312,42721.1719,504.0684,1042.6342
-304565.705,-262033.4003,42532.3047,493.721,999.2405
-304613.1979,-262012.1823,42601.0156,491.2341,1057.6513
-304672.0624,-262031.8163,42640.2461,525.1948,1048.3721
-304667.5813,-262034.968,42632.6133,519.2416,1078.6837
-304891.0844,-262010.9633,42880.1211,495.3546,1010.5265
-304685.3045,-261981.2655,42704.0391,500.5547,1036.9768
-304676.098,-262026.8988,42649.1992,523.7627,1041.7698
-304676.0496,-262057.3856,42618.6641,503.6085,1092.7432
-304631.7384,-261921.8244,42709.9141,475.547,1036.2414
-304713.3685,-262017.1067,42696.2617,508.1953,1027.132
-304551.6646,-262016.0513,42535.6133,546.4795,1050.5547
-304943.451,-262025.2595,42918.1914,478.7254,1019.3788
-304783.5372,-261900.631,42882.9062,502.2795,1031.9038
-304691.6259,-261958.2353,42733.3906,461.8328,1057.343
-304331.7899,-261928.4032,42403.3867,487.4099,1025.7879
-304869.6499,-262017.1108,42852.5391,537.7426,1052.0236
-304719.3379,-262026.6856,42692.6523,496.066,1075.8435
-304526.6304,-262038.7671,42487.8633,483.665,1033.1847
-304730.8707,-262007.4175,42723.4531,505.2233,1033.3628
-304648.4201,-261980.4514,42667.9688,489.5526,1018.7558
-304748.4036,-261969.4583,42778.9453,484.8404,1023.9339
-304639.0093,-262012.9038,42626.1055,486.2798,1009.7835
-304667.3385,-261991.4166,42675.9219,499.2968,1086.4855
-304652.6053,-261983.91,42668.6953,497.2004,1022.8494
-304687.8603,-262041.2939,42646.5664,503.5205,1036.3213
-304691.1314,-262087.1744,42603.957,476.5158,1025.2941
-304642.6027,-261988.2785,42654.3242,511.9476,1012.4703
-304688.3247,-261988.7348,42699.5898,478.8523,1035.2473
-304796.9671,-261980.7522,42816.2148,516.2479,1043.9905
-304473.894,-262076.7026,42397.1914,487.5758,1052.8686
-304763.1499,-262046.1225,42717.0273,512.3648,1030.9772
-304728.9384,-262031.8368,42697.1016,531.1376,1037.347
-304663.0828,-261940.2274,42722.8555,483.9315,1022.9503
-304862.3928,-262067.6232,42794.7695,514.5212,1053.8219
-304854.5709,-262080.7701,42773.8008,513.7307,1013.5267
-304841.6254,-262005.8324,42835.793,521.2873,960.0801
-304484.075,-261986.157,42497.918,489.9881,1020.4536
-304717.9864,-261993.9943,42723.9922,512.3576,973.7266
-304693.4025,-262085.2657,42608.1367,527.7586,1005.7496
-304761.7941,-262003.1339,42758.6602,487.0505,1003.3613
-304713.7772,-262018.5546,42695.2227,507.1297,1059.5764
-304465.6544,-262031.6154,42434.0391,508.4439,1042.6143
-304748.6979,-262008.1588,42740.5391,489.843,1078.1859
-304713.2748,-262025.7084,42687.5664,462.3583,1028.603
-304433.334,-262010.9864,42422.3477,525.6369,1041.6437
-304727.9681,-262062.6282,42665.3398,502.3958,1053.8329
-304693.4018,-262037.3471,42656.0547,515.5896,1041.1317
-304536.1174,-262021.0392,42515.0781,512.7576,1079.8137
-304673.6249,-262098.7616,42574.8633,517.5749,1027.8607
-304768.0578,-261990.55,42777.5078,466.1491,1029.5504
-304546.2816,-261928.3675,42617.9141,527.1917,1055.7019
-304697.925,-261977.4367,42720.4883,514.4153,1093.4932
-304893.3525,-262088.5283,42804.8242,492.31,1077.5868
-304377.9097,-261816.1988,42561.7109,476.755,1089.0831
-304732.1454,-262033.3564,42698.7891,530.4369,1029.7492
-304726.1552,-262099.9833,42626.1719,502.9407,1030.4306
-305029.4288,-262154.4796,42874.9492,491.8352,1039.9143
-304609.2768,-261997.6674,42611.6094,532.8686,1058.6277
-305054.885,-262097.2873,42957.5977,522.5346,1010.9822
-304812.52,-262117.7153,42694.8047,489.7843,1015.5244
-304922.1859,-262087.3969,42834.7891,504.2375,1030.7426
-304792.0839,-262066.7089,42725.375,502.5193,1037.7684
-304736.4878,-262045.5151,42690.9727,496.9012,996.5047
-304976.6007,-262102.5617,42874.0391,461.1947,972.0533
-304650.764,-262068.8812,42581.8828,481.2742,1046.6872
-304855.9026,-262066.9885,42788.9141,486.1319,1050.4634
-304540.228,-261904.8882,42635.3398,502.1125,1065.8691
-304708.754,-262028.1212,42680.6328,486.038,1007.7369
-304968.8339,-261997.9823,42970.8516,538.6591,1057.4807
-304681.0622,-262036.8395,42644.2227,505.7134,1010.9466
-304728.2166,-262027.0486,42701.168,505.2335,1076.3711
-304846.4083,-262065.3068,42781.1016,525.3145,1054.7945
-304780.4806,-262057.633,42722.8477,465.0216,1002.4259
-304708.6236,-262065.8697,42642.7539,482.5338,1050.3568
-304753.481,-261982.4575,42771.0234,514.2118,1034.7458
-304650.8434,-262070.6481,42580.1953,505.368,1035.7369
-304617.9447,-262015.6478,42602.2969,468.9592,1065.0627
-304604.7621,-262014.1097,42590.6523,530.0267,1015.8397
-304588.8624,-261979.9796,42608.8828,502.0203,986.2183
-304713.9662,-262089.5912,42624.375,483.069,1014.7993
-304685.7544,-261990.481,42695.2734,521.062,1042.4573
-304815.8845,-262067.3454,42748.5391,528.5541,1090.8711
-304783.2557,-262038.0486,42745.207,495.545,1057.3601
-304686.8169,-262044.2856,42642.5312,501.1045,1021.3722
-304735.5705,-262041.1369,42694.4336,533.1867,1049.5856
-304587.4522,-261999.542,42587.9102,509.0875,1039.4909
-304699.1314,-261984.7368,42714.3945,513.5352,1007.7925
-304640.1742,-262052.3421,42587.832,506.1759,1055.0019
-304772.4088,-262054.7369,42717.6719,516.2834,1035.7919
-304921.8908,-262109.8283,42812.0625,521.2516,1080.1053
-304739.8397,-262046.4647,42693.375,506.9812,995.905
-304876.989,-262024.946,42852.043,488.4842,1038.8324
-304861.5984,-262096.907,42764.6914,489.541,1056.2249
-304629.7505,-262011.4966,42618.2539,506.0836,1034.5555
-304834.9188,-261907.8837,42927.0352,516.7135,1025.8693
-304729.225,-261974.6,42754.625,502.3231,1028.3356
-304651.6527,-261988.512,42663.1406,482.5742,1051.6584
-304977.4111,-262118.8095,42858.6016,514.4228,1059.2994
-304721.784,-262060.698,42661.0859,511.7599,1028.3876
-304850.1014,-262004.0194,42846.082,514.8679,992.3566
-304828.1102,-261989.2821,42838.8281,504.5744,1066.8854
-304769.5462,-262096.0228,42673.5234,519.8859,1020.7143
-304853.6947,-262079.7259,42773.9688,489.8043,1103.0064
-304587.4157,-262006.8337,42580.582,487.8095,1072.6635
-304861.3816,-262032.9675,42828.4141,501.3549,1089.9921
-304597.6048,-261985.3314,42612.2734,475.8219,1062.9487
-304447.4276,-261988.2323,42459.1953,534.9768,1027.4481
-304709.2748,-262048.6811,42660.5938,516.9893,1040.0288
-304740.9112,-261990.3174,42750.5938,495.2061,1067.9834
-304651.9432,-262019.1737,42632.7695,512.179,1041.0751
-304863.4853,-262008.9502,42854.5352,497.0095,1044.9814
-304706.4222,-262046.0823,42660.3398,473.7182,1036.5723
-304766.4464,-262039.1808,42727.2656,479.9165,1065.7065
-304802.1187,-261991.6499,42810.4688,519.152,1006.2141
-304946.9681,-262098.8314,42848.1367,471.816,1044.6443
-305139.1325,-262150.9528,42988.1797,462.4126,1037.4702
-304401.1664,-262016.2679,42384.8984,467.3686,1028.1793
-304645.5195,-261981.2305,42664.2891,538.8115,1041.2571
-304733.4231,-262106.2903,42627.1328,504.2219,1069.1138
-304652.1382,-262000.2749,42651.8633,497.3363,1048.6115
-304774.3519,-262101.6449,42672.707,523.8655,1052.5586
-304870.5628,-262120.0784,42750.4844,493.5558,1053.9629
-304869.9674,-262127.0182,42742.9492,515.0173,1075.9877
-304545.5557,-261932.7198,42612.8359,546.4075,1059.6797
-304715.1397,-261984.0147,42731.125,505.5611,1047.2001
-304668.9079,-262030.318,42638.5898,497.6606,1080.9599
-304612.8734,-262018.643,42594.2305,506.5187,1010.3721
-304712.5867,-262042.9891,42669.5977,503.071,1006.6902
-304798.488,-262063.9646,42734.5234,488.5492,1048.0695
-304666.8511,-261989.6518,42677.1992,493.0823,988.2896
-304580.5616,-261933.4796,42647.082,475.6387,1008.7792
-304636.9242,-261979.7796,42657.1445,499.0241,1016.9635
-304533.8247,-261985.2817,42548.543,511.0071,1051.9411
-304541.5127,-262065.8174,42475.6953,515.3169,978.2745
-304705.1309,-262125.8067,42579.3242,496.5373,1027.3864
-304613.355,-262047.1129,42566.2422,497.625,1049.2145
-304677.7079,-261967.0399,42710.668,511.7676,1027.2049
-304719.4889,-262041.3639,42678.125,489.92,1083.1116
-304742.7182,-261982.5463,42760.1719,486.8547,1040.8404
-304522.7383,-261915.9062,42606.832,504.7454,1018.1479
-304830.9795,-262119.6045,42711.375,498.9476,1011.4486
-304679.4061,-262045.7381,42633.668,489.1682,1028.853
-304451.8691,-262011.2089,42440.6602,486.6696,1067.1163
-304602.6241,-261985.1358,42617.4883,476.7894,1065.2414
-304776.7248,-262023.1076,42753.6172,508.0764,1083.3804
-304814.8345,-262111.4595,42703.375,511.3181,1045.1122
-304660.0462,-261984.1595,42675.8867,525.9632,1031.7459
-304660.356,-261952.5747,42707.7812,531.5273,1036.7463
-304832.7952,-262021.0608,42811.7344,500.9173,1034.6354
-304743.3247,-261991.3442,42751.9805,488.156,1065.9425
-304652.6509,-262017.6782,42634.9727,457.0008,1044.8462
-304616.6345,-262013.7595,42602.875,494.2587,1028.5727
-304644.6119,-262094.7877,42549.8242,503.0327,1049.5682
-304615.5481,-262038.9504,42576.5977,503.9338,1031.8795
-304547.6618,-261984.4196,42563.2422,460.9558,1065.2993
-304981.9859,-262259.4077,42722.5781,533.0961,1033.5943
-304660.5458,-262070.8427,42589.7031,509.0177,1038.9922
-304875.8041,-262032.8471,42842.957,495.6355,1043.5629
-304637.7369,-261941.3853,42696.3516,524.1522,1061.298
-304746.0661,-261965.1364,42780.9297,507.6762,1073.3224
-304889.6775,-262159.7673,42729.9102,512.3025,1065.0487
-304824.1197,-262041.1197,42783.0,486.239,1058.1555
-304662.4373,-262031.3631,42631.0742,464.6124,1032.1513
-304718.0046,-261958.2781,42759.7266,497.1238,1066.3002
-304758.6929,-262111.232,42647.4609,487.1176,1049.8159
-304767.1733,-262068.7162,42698.457,531.8913,1004.3668
-304634.4282,-262039.8384,42594.5898,511.6192,1017.3764
-304852.1996,-262077.645,42774.5547,508.7195,1042.4965
-304532.1985,-262006.5227,42525.6758,498.8473,1007.7177
-304836.7731,-262073.1715,42763.6016,524.5024,1027.2651
-304757.1199,-261970.8465,42786.2734,529.6684,1022.275
-304486.0995,-261960.7753,42525.3242,521.622,1058.6747
-304907.8081,-262036.2066,42871.6016,496.8166,1055.8906
-304964.3171,-262123.9812,42840.3359,496.0178,1037.8989
-304664.0889,-262003.6553,42660.4336,505.3418,1058.8365
-304702.5032,-261985.9251,42716.5781,516.1871,1024.4596
-304716.7529,-262037.6474,42679.1055,534.7779,1015.6439
-304675.0084,-261958.6568,42716.3516,532.158,1022.8849
-304751.1351,-262070.8382,42680.2969,531.4216,1043.4208
-304625.5373,-261946.1662,42679.3711,472.3704,1076.5071
-304683.6103,-262017.2158,42666.3945,517.3194,1013.1614
-304686.426,-261938.5744,42747.8516,498.7367,955.1513
-304601.3129,-261997.3051,42604.0078,488.9683,1041.4261
-304768.2233,-261912.3873,42855.8359,520.3459,1022.9826
-304477.4376,-262025.1993,42452.2383,493.5855,1012.7925
-304718.8325,-262193.6645,42525.168,511.7294,1061.2146
-304906.7188,-262058.5547,42848.1641,500.9627,1011.5681
-304530.8953,-261999.0711,42531.8242,531.4971,1043.1204
-304721.8952,-262018.7077,42703.1875,538.8106,986.8572
-304606.4564,-262083.8158,42522.6406,473.1998,1052.1233
-304569.3059,-261985.1028,42584.2031,509.4574,1084.1338
-304650.7105,-261978.898,42671.8125,526.0073,1057.9783
-304621.8876,-262105.954,42515.9336,496.6442,1065.2574
-304511.2609,-261987.171,42524.0898,476.9834,1004.4787
-304898.8315,-262094.476,42804.3555,527.0644,1013.3844
-304780.3598,-262023.1801,42757.1797,510.7335,1069.4698
-304660.6043,-262037.5691,42623.0352,491.0435,1075.6745
-304760.6893,-262022.5018,42738.1875,509.1609,1026.4299
-304592.6086,-261999.718,42592.8906,520.4673,1050.9015
-304732.7705,-262123.7353,42609.0352,499.8951,1008.4525
-304978.7672,-262044.3492,42934.418,525.6483,1060.6313
-304638.6074,-261990.2363,42648.3711,521.582,990.8111
-304841.6156,-262027.6742,42813.9414,501.9992,1064.0342
-304632.3982,-262085.656,42546.7422,510.4816,1026.7657
-304839.5335,-262085.3148,42754.2188,528.0481,1083.5982
-304622.2713,-262065.0956,42557.1758,513.6556,963.8751
-304745.246,-262088.3827,42656.8633,499.7411,1004.5255
-304754.0221,-262075.6784,42678.3438,509.3756,1031.6184
-304464.0084,-261979.567,42484.4414,486.4556,982.751
-304815.0972,-262040.2613,42774.8359,503.0856,1049.4171
-304789.5789,-262065.6922,42723.8867,514.5661,1054.1686
-304803.9276,-262093.1073,42710.8203,524.0814,1019.3061
-304476.9975,-261915.7045,42561.293,487.9059,1024.9776
-304806.102,-262049.8247,42756.2773,497.5611,1035.3011
-304545.232,-261984.3414,42560.8906,513.6838,1044.2343
-304678.4416,-261980.1994,42698.2422,523.1723,1089.5532
-304571.7594,-262003.1383,42568.6211,502.6307,1025.6756
-304558.5842,-261933.4592,42625.125,493.0642,1036.3462
-304670.4444,-262101.7647,42568.6797,542.0622,1082.3139
-304878.1504,-262191.0176,42687.1328,495.3767,1056.0491
-304573.6758,-262092.9766,42480.6992,511.1841,1072.3844
-304511.6406,-261888.0937,42623.5469,511.4747,1038.3638
-304791.6357,-262081.7216,42709.9141,451.9329,1051.2438
-305143.2893,-262095.6018,43047.6875,483.0709,1043.0761
-304748.5535,-262031.0066,42717.5469,481.9146,1071.1842
-304708.415,-261967.9306,42740.4844,500.4717,1051.7883
-304524.0317,-261972.1801,42551.8516,510.4359,1078.2184
-304865.282,-262072.4812,42792.8008,530.5399,1015.359
-304759.598,-262053.4652,42706.1328,484.719,1051.7002
-304884.7961,-262059.2102,42825.5859,520.5273,1063.1747
-304503.2753,-262001.0839,42502.1914,464.122,1064.9526
-304864.6492,-262120.3132,42744.3359,484.846,1041.1023
-304771.7325,-262072.5372,42699.1953,513.0563,1061.975
-304514.0308,-262001.8003,42512.2305,509.6941,1030.8901
-304749.2288,-262128.885,42620.3438,522.55,1038.5558
-305002.0415,-262095.8853,42906.1562,457.4738,1061.3828
-304523.0023,-261967.8734,42555.1289,508.4813,1051.2637
-304857.0039,-262087.4297,42769.5742,518.6628,1074.2507
-304849.9331,-262141.3198,42708.6133,555.4324,1092.5623
-304746.4393,-262033.662,42712.7773,492.4163,1030.2081
-304762.9158,-262074.5876,42688.3281,458.918,1021.2426
-304806.98,-261997.98,42809.0,514.6981,1013.2789
-304735.4033,-262034.8135,42700.5898,472.0409,1045.9821
-304524.9599,-261918.0849,42606.875,506.4458,1050.5671
-304741.3586,-262006.0735,42735.2852,478.3167,1027.2753
-304657.7003,-262036.712,42620.9883,488.855,1067.5191
-304602.4864,-261960.0685,42642.418,532.3877,998.6411
-304819.672,-261960.1056,42859.5664,527.5831,1074.3325
-304588.5458,-261986.0419,42602.5039,511.9272,1023.2253
-304521.0713,-262000.9775,42520.0938,491.188,1082.3795
-304814.201,-262041.9901,42772.2109,515.4457,1039.3673
-304776.2806,-261942.7181,42833.5625,536.2911,1013.7376
-304619.6337,-262027.4891,42592.1445,489.1784,1031.4073
-304847.4171,-262094.7843,42752.6328,541.1116,1041.8219
-304623.7705,-262050.6377,42573.1328,480.0991,1060.7462
-304950.6592,-262030.9365,42919.7227,551.0817,1061.0728
-304869.4693,-262092.4458,42777.0234,517.9601,1020.2152
-304752.594,-261981.9417,42770.6523,506.9566,1067.6558
-304990.6213,-262057.465,42933.1562,504.1763,1048.746
-304917.5059,-261986.8341,42930.6719,500.836,1010.3301
-304788.5355,-262048.7738,42739.7617,495.8611,1074.6364
-304822.8063,-262025.6501,42797.1562,500.1301,1027.6929
-304587.8654,-261995.1544,42592.7109,505.5103,1058.7875
-304867.2459,-261989.6287,42877.6172,502.4302,1030.393
-304858.9868,-262030.5141,42828.4727,493.0085,1044.7784
-304769.2066,-261938.3551,42830.8516,524.5733,1042.7353
-304708.7981,-262036.6927,42672.1055,521.7553,1039.2707
-304867.4786,-262110.4513,42757.0273,492.1609,1025.3326
-304859.0309,-262006.8551,42852.1758,511.3804,1050.843
-304625.5932,-262070.9878,42554.6055,517.1931,1015.8639
-304638.4828,-262036.0024,42602.4805,492.597,1056.2421
-304597.569,-261999.1862,42598.3828,501.0789,1045.1454
-304802.2206,-262039.619,42762.6016,496.385,1044.031
-304806.9401,-262051.1823,42755.7578,497.3976,1027.3791
-304587.3556,-262007.3556,42580.0,518.3279,1015.0905
-305061.5399,-262088.3641,42973.1758,539.1568,1060.5267
-304626.579,-261991.4149,42635.1641,500.9924,1006.7649
-304698.0296,-262067.3461,42630.6836,510.2002,1049.1822
-304548.2107,-262079.6912,42468.5195,502.1708,1031.5675
-304930.2685,-262041.9989,42888.2695,495.2149,1039.96
-304529.8188,-262001.1703,42528.6484,500.7982,1028.0715
-304886.0599,-262032.2904,42853.7695,531.9556,1025.8549
-304720.8342,-262030.7131,42690.1211,493.6888,1044.0517
-304849.9027,-262053.7464,42796.1562,526.4455,1043.8437
-304901.6619,-262047.5721,42854.0898,493.2722,1056.929
-304608.8643,-262072.5518,42536.3125,528.3656,1023.1619
-304726.0842,-262048.4905,42677.5938,493.5218,1007.3058
-304755.83,-262010.7401,42745.0898,498.9535,1011.189
-304745.5235,-261944.7696,42800.7539,517.7687,1096.9455
-304587.2263,-262002.7537,42584.4727,529.3042,1039.8191
-304871.474,-262097.1068,42774.3672,520.6379,1028.5683
-304893.2631,-262122.0952,42771.168,491.4974,1017.0602
-304535.8472,-261978.9605,42556.8867,504.9713,1000.0983
-304519.0343,-261921.6828,42597.3516,482.8229,1013.8583
-304573.4008,-261943.2954,42630.1055,501.0174,1027.0542
-304540.9755,-261930.4638,42610.5117,514.4091,1092.7179
-304646.31,-262082.5132,42563.7969,474.6468,1045.5261
-304960.8474,-262033.8709,42926.9766,523.7237,1011.3619
-304767.7762,-262004.7762,42763.0,466.4395,1051.2648
-304451.9038,-261951.3647,42500.5391,504.6361,1044.6139
-304798.7235,-262000.9071,42797.8164,473.815,970.2818
-304555.1443,-262023.1365,42532.0078,498.979,1035.7167
-304847.8423,-262001.4048,42846.4375,491.5272,998.2137
-304714.3299,-262070.9706,42643.3594,491.7347,1042.9947
-304727.735,-261937.1295,42790.6055,486.4774,1023.6294
-304726.1599,-262114.1755,42611.9844,527.3528,1042.6106
-304749.5804,-262024.971,42724.6094,494.1781,1011.0001
-304573.6379,-262021.0246,42552.6133,507.259,1027.3638
-304795.5329,-262000.7478,42794.7852,527.9887,1036.811
-304786.4342,-262044.3717,42742.0625,471.1819,1050.557
-304737.7387,-262022.7387,42715.0,524.0353,1060.0717
-304731.4258,-262022.5548,42708.8711,466.9505,1027.8585
-304580.1726,-261970.3289,42609.8438,489.8205,1061.2817
-304580.2808,-261995.8081,42584.4727,520.9632,1063.3008
-304836.1846,-262118.8526,42717.332,528.2973,1018.6579
-304895.2524,-262062.2641,42832.9883,523.5428,1054.1902
-304805.0386,-261972.9293,42832.1094,516.2242,1020.6225
-304667.676,-262024.7267,42642.9492,523.1946,1049.3727
-304536.541,-262027.7675,42508.7734,488.02,1027.1002
-304646.8348,-262003.5184,42643.3164,516.3439,1079.4652
-304456.5062,-262025.1976,42431.3086,486.7931,1015.6789
-304806.7273,-262005.6101,42801.1172,481.5433,1024.68
-304999.1048,-262077.9173,42921.1875,475.8765,1056.1309
-304650.1874,-262030.3007,42619.8867,504.0271,1075.0418
-304575.562,-261998.0268,42577.5352,490.4626,1063.56
-304893.9581,-262166.2199,42727.7383,510.0184,1070.9105
-304708.7926,-262047.8356,42660.957,475.5664,1111.4281
-304562.5725,-262106.8342,42455.7383,533.5431,1035.2687
-304806.1051,-262056.6637,42749.4414,535.7057,1040.513
-304584.3722,-262054.5909,42529.7812,531.0487,1005.572
-304872.0619,-262007.5307,42864.5312,514.5907,1004.4199
-304891.4241,-262044.0842,42847.3398,508.1901,1074.7148
-304783.0419,-262097.5028,42685.5391,498.8007,1031.5311
-304996.4873,-262100.2607,42896.2266,500.1609,1050.5689
-304773.8115,-261999.2138,42774.5977,509.9459,1024.3633
-304750.2855,-262060.9027,42689.3828,500.6629,1000.6887
-304575.5085,-261939.6608,42635.8477,509.2186,1030.7022
-304497.8192,-262012.9246,42484.8945,533.2825,1023.2464
-304702.0362,-262106.5635,42595.4727,550.6461,1027.1023
-304911.3135,-261996.458,42914.8555,455.9693,992.3349
-304719.1306,-261934.2321,42784.8984,496.4872,1031.7933
-304884.624,-262076.499,42808.125,503.3492,1050.0386
-304714.3799,-261899.1729,42815.207,517.1349,1011.5992
-304724.0288,-262041.7437,42682.2852,505.9427,975.4986
-304916.1757,-262018.0741,42898.1016,499.6737,1003.5059
-304840.2855,-262028.0706,42812.2148,513.9526,1033.7714
-304588.3276,-262057.683,42530.6445,514.6769,1006.5296
-304730.9791,-261972.1002,42758.8789,520.8771,1014.7347
-304637.5916,-261967.5017,42670.0898,507.5043,1004.2421
-304692.1152,-262048.5488,42643.5664,481.5887,1035.625
-304785.3563,-262131.6923,42653.6641,522.9763,1113.2037
-304642.0846,-261932.151,42709.9336,509.7569,1047.0035
-304683.4483,-262083.1397,42600.3086,509.4353,1049.1627
-304888.639,-261990.2601,42898.3789,526.5051,1051.9371
-304674.9317,-261962.4122,42712.5195,515.7598,1054.3552
-304926.3923,-262014.0408,42912.3516,520.0571,1046.8652
-304586.8136,-262035.3058,42551.5078,542.5643,1025.5892
-304603.3945,-261958.9063,42644.4883,492.5748,1052.521
-304632.1665,-262019.7837,42612.3828,499.9568,1075.1799
-304692.7118,-262003.0282,42689.6836,503.11,1057.8866
-304704.8369,-261950.1298,42754.707,507.4734,1018.1838
-304594.4443,-261945.8662,42648.5781,503.5563,1028.347
-304565.8132,-261947.8953,42617.918,508.8304,1051.0675
-304770.2641,-262039.2133,42731.0508,512.5517,1051.1187
-304714.3613,-262006.8222,42707.5391,465.9151,1053.753
-304430.8393,-261910.3901,42520.4492,498.366,1031.4159
-304439.9913,-261993.2842,42446.707,505.7219,1008.6064
-305020.7498,-262057.7732,42962.9766,519.4942,1023.4417
-304690.3496,-262068.0605,42622.2891,520.4441,1075.0863
-304861.5903,-262049.8832,42811.707,521.697,1051.7289
-304638.0706,-262017.0941,42620.9766,498.5536,1036.4244
-304889.5525,-262078.8064,42810.7461,483.0802,1004.4829
-304817.7398,-261976.3335,42841.4062,468.4201,1029.1992
-304584.0828,-261865.5203,42718.5625,490.4573,1015.58
-304609.9806,-261971.6525,42638.3281,508.8155,1043.802
-304711.2756,-261954.7365,42756.5391,514.5837,1009.1471
-304798.9473,-262082.9512,42715.9961,500.2582,1042.8997
-304949.5259,-262030.1665,42919.3594,494.7433,1037.0295
-304515.1813,-262012.9899,42502.1914,498.3618,1053.4834
-304871.8801,-262018.3372,42853.543,490.2476,1075.0315
-304756.1946,-262112.929,42643.2656,504.494,1040.4368
-304612.5502,-261966.0619,42646.4883,525.0999,1039.9328
-304484.5823,-262012.2034,42472.3789,499.225,1050.8372
-304894.972,-262083.6322,42811.3398,488.4768,1040.4382
-304765.3129,-261997.5629,42767.75,511.786,1019.8396
-304815.8352,-261987.468,42828.3672,502.7349,1055.7454
-304692.1132,-262071.4686,42620.6445,510.7077,1065.61
-304761.2649,-262003.7532,42757.5117,518.5403,1048.5267
-304684.0709,-261915.3795,42768.6914,491.5355,1052.7419
-304745.1557,-262043.226,42701.9297,507.0781,1068.1995
-304858.5088,-261971.876,42886.6328,506.5258,1018.4792
-304756.7628,-261888.3449,42868.418,482.8387,1015.7332
-304528.0413,-261989.0023,42539.0391,501.7402,1044.7975
-304763.1511,-261991.9831,42771.168,478.8908,1089.2198
-304843.7128,-262031.1737,42812.5391,480.979,1034.55
-304817.2399,-262123.4782,42693.7617,467.0129,1048.096
-304714.6919,-262047.9302,42666.7617,506.0353,1024.8801
-304813.0881,-262064.2014,42748.8867,519.458,1028.1599
-304875.915,-262101.3525,42774.5625,521.6985,1056.4886
-304633.8946,-262047.2735,42586.6211,505.3274,1070.6088
-304725.09,-262134.7072,42590.3828,486.3944,1040.457
-304645.9798,-261942.2493,42703.7305,503.061,1029.2508
-304639.9091,-261982.4989,42657.4102,527.4054,1082.3027
-304783.5462,-262031.4798,42752.0664,505.0875,1086.7813
-304719.0236,-262013.4963,42705.5273,519.3618,1042.9561
-304759.8784,-262120.1518,42639.7266,503.3372,1033.219
-304587.9287,-262049.8819,42538.0469,542.8956,1107.7274
-304566.5191,-261917.7027,42648.8164,484.6051,1045.6369
-304843.9371,-261985.0426,42858.8945,497.6927,1061.6712
-304737.5916,-262027.4666,42710.125,515.5831,1044.8849
-304660.5921,-261946.9437,42713.6484,514.5594,1012.7517
-304637.0877,-261996.6228,42640.4648,510.9891,1057.8122
-304605.975,-261917.4008,42688.5742,524.2546,1059.1055
-304820.342,-262073.4904,42746.8516,514.3637,1032.7731
-304461.3049,-262066.3557,42394.9492,529.2886,1099.5325
-304446.7499,-261980.2187,42466.5312,514.3967,1043.7732
-304706.5863,-261969.5667,42737.0195,514.4355,1050.9445
-304749.8931,-261987.7212,42762.1719,522.1977,1044.8611
-304693.6077,-261959.721,42733.8867,555.6394,1033.3692
-304681.2906,-261976.2555,42705.0352,477.4385,1073.5179
-304606.5137,-262082.5606,42523.9531,519.8763,1049.4428
-304743.6093,-262048.4179,42695.1914,489.8954,1074.3638
-304675.5085,-262095.7077,42579.8008,500.7832,1072.0853
-304596.0006,-261973.8717,42622.1289,491.3141,989.7056
-304701.1134,-262048.1212,42652.9922,484.6248,1067.2569
-304474.3739,-262078.6121,42395.7617,484.454,1057.9586
-304884.7796,-262107.7405,42777.0391,484.6515,1061.5928
-304798.0571,-262087.5493,42710.5078,525.4233,1062.581
-304726.4232,-262062.9467,42663.4766,497.0786,1035.6219
-304598.0409,-261930.2558,42667.7852,498.9499,1073.7965
-304437.4608,-261977.5311,42459.9297,524.8361,1034.1294
-304870.8421,-262120.1742,42750.668,482.4245,1009.8015
-304835.3461,-261945.6977,42889.6484,487.907,1035.0718
-304660.7959,-261949.6475,42711.1484,522.196,1047.6918
-304755.4428,-261951.4467,42803.9961,486.3504,1019.2013
-304793.8547,-261968.5813,42825.2734,473.7866,1034.6558
-304821.0692,-261937.0262,42884.043,520.8801,1033.2887
-304700.6692,-261912.6536,42788.0156,481.6508,1016.2529
-304866.9034,-261977.251,42889.6523,494.2863,1032.951
-304849.6436,-262024.1475,42825.4961,506.6861,1017.7247
-304601.7473,-261980.7317,42621.0156,520.9186,1024.8006
-304575.4509,-262026.8533,42548.5977,508.1679,1024.2519
-304715.4429,-262143.5484,42571.8945,510.3555,1062.6033
-304622.8273,-261967.8429,42654.9844,522.4896,1053.1036
-304622.5224,-262042.8935,42579.6289,505.2538,1042.4111
-304725.0,-262062.875,42662.125,499.3152,1018.5821
-304915.0307,-262057.4057,42857.625,529.1704,1005.1012
-304816.6334,-262031.5983,42785.0352,536.4422,1051.2461
-304745.2892,-262001.5196,42743.7695,458.9648,1045.5418
-304827.9387,-262025.134,42802.8047,490.5246,1044.7836
-304713.129,-262104.9766,42608.1523,510.31,1045.5578
-304775.3431,-262114.6595,42660.6836,497.7927,1066.5295
-304841.6636,-261953.5738,42888.0898,526.2789,1040.4334
-304737.9122,-261997.4474,42740.4648,473.79,1040.7483
-304672.7398,-261972.0406,42700.6992,530.7947,1007.6602
-304854.8223,-262059.0528,42795.7695,504.5416,1003.9203
-304654.4776,-262137.1572,42517.3203,530.6871,1043.4484
-304584.288,-261946.1943,42638.0938,533.4068,1071.3324
-304535.6115,-262066.1701,42469.4414,507.6841,1036.863
-304731.8292,-261975.1182,42756.7109,505.4164,1048.6206
-304819.82,-262073.1129,42746.707,514.6058,1066.1334
-304947.5767,-262064.6197,42882.957,502.7922,1023.966
-304601.8303,-262018.0647,42583.7656,517.3957,1016.8113
-304564.8606,-261960.6848,42604.1758,503.3162,1041.9195
-304692.8316,-262018.2105,42674.6211,502.1048,1014.1959
-304786.8021,-261902.9935,42883.8086,548.501,1022.6112
-304694.5674,-261977.2119,42717.3555,540.2304,1021.9079
-304713.3449,-262086.0754,42627.2695,486.8401,1004.3122
-304599.9959,-261917.0623,42682.9336,527.0195,1046.6287
-304651.6453,-261975.5046,42676.1406,515.4208,1000.6669
-304727.8576,-262054.3615,42673.4961,522.0902,1030.1786
-304806.235,-262035.1218,42771.1133,502.8841,984.7984
-304738.1592,-262014.7959,42723.3633,483.1929,1023.4881
-304738.0648,-262058.7718,42679.293,514.9201,1004.4956
-304649.7749,-262008.3647,42641.4102,504.0741,1004.9335
-304725.2976,-262054.0827,42671.2148,512.8748,1058.0326
-304655.0481,-261998.5676,42656.4805,516.6851,1075.1638
-304545.4995,-262034.2065,42511.293,540.9215,1059.2604
-304792.6026,-262001.3136,42791.2891,511.8283,1014.4515
-304791.3994,-262068.2119,42723.1875,466.7232,1029.6952
-304844.6884,-262058.0204,42786.668,519.9068,1041.8694
-304764.695,-261934.734,42829.9609,517.6671,1035.9628
-304745.895,-262052.2231,42693.6719,491.1311,1046.7002
-304639.4071,-262077.0243,42562.3828,489.6972,1016.9477
-304838.3712,-262016.8985,42821.4727,507.4358,1066.9943
-304990.879,-262143.5587,42847.3203,527.9432,1044.9322
-304834.8746,-262006.5113,42828.3633,528.0562,1004.8941
-304719.4819,-262037.6499,42681.832,512.6345,1062.7111
-304734.3237,-262014.3706,42719.9531,505.6578,1035.6189
-304752.1359,-262008.8039,42743.332,488.4597,1059.536
-304702.0202,-262099.7897,42602.2305,512.0168,1045.3204
-304576.0526,-261992.4237,42583.6289,520.7429,1003.762
-304859.4544,-262005.3841,42854.0703,509.0849,1016.3613
-304707.6065,-262030.7237,42676.8828,522.0374,1058.4919
-304645.4123,-262027.8576,42617.5547,507.8799,1052.9083
-304653.3668,-261909.1285,42744.2383,494.2159,1033.9019
-304519.2015,-261913.4554,42605.7461,503.668,1044.9298
-304788.8496,-262070.7793,42718.0703,490.384,1019.9796
-304502.3167,-262013.8363,42488.4805,510.6624,1074.8409
-304674.067,-261911.9732,42762.0938,467.2713,1075.295
-304722.1203,-262073.8,42648.3203,535.665,1041.6975
-304797.8147,-262015.8928,42781.9219,513.6254,1030.462
-304574.0093,-261985.4976,42588.5117,493.4504,1046.2891
-304780.9989,-262020.62,42760.3789,483.4607,1025.5105
-304602.8302,-262054.8302,42548.0,516.3883,1042.4273
-304904.38,-261973.1768,42931.2031,480.6398,1060.8329
-304811.7893,-262092.4377,42719.3516,491.5754,1016.3484
-304714.7606,-262023.9442,42690.8164,491.5787,1050.6241
-304707.1104,-262028.6455,42678.4648,488.1981,1055.1291
-304725.1207,-262053.0973,42672.0234,497.8877,1047.6108
-304753.0639,-262032.021,42721.043,505.7227,1065.6317
-304695.7064,-261922.4876,42773.2188,530.7197,1034.6959
-304663.8729,-261957.3143,42706.5586,491.9904,1062.316
-304800.0228,-262000.5814,42799.4414,523.2652,1024.6392
-304730.6326,-262049.4959,42681.1367,497.0129,1028.4442
-304832.5947,-261993.0634,42839.5312,479.9249,1009.8809
-304834.3895,-262011.9793,42822.4102,511.9097,1028.2302
-304794.1288,-262098.0507,42696.0781,479.2474,1038.4944
-304661.7602,-262008.7641,42652.9961,487.057,1010.9393
-304893.7633,-262191.1696,42702.5938,524.9603,1045.5247
-304721.0852,-262069.9485,42651.1367,484.1674,1056.9379
-304495.26,-262015.9357,42479.3242,469.1998,1075.5732
-304554.3011,-261995.9495,42558.3516,487.9468,1050.0346
-304839.8601,-262071.7195,42768.1406,507.4306,1060.0278
-304745.879,-262054.7619,42691.1172,469.8857,1052.421
-304983.6814,-262132.9197,42850.7617,512.6655,1034.4641
-304661.4189,-262062.2275,42599.1914,480.3398,1057.1497
-304610.416,-262018.4668,42591.9492,483.3092,1042.6541
-304703.0373,-262032.0412,42670.9961,516.8043,1056.0238
-304832.1671,-262115.3546,42716.8125,511.2149,1076.9143
-304771.1029,-262058.8138,42712.2891,455.4356,1022.218
-304859.5017,-262121.9275,42737.5742,510.5885,1007.3374
-304815.6199,-262106.4598,42709.1602,470.0043,1027.4572
-304801.8733,-262006.346,42795.5273,469.6758,1059.6281
-304659.8623,-261996.8897,42662.9727,503.3407,1055.8645
-304696.509,-261930.3372,42766.1719,503.431,1043.4497
-304741.369,-261983.1971,42758.1719,502.7414,1045.7287
-304845.4956,-262121.3589,42724.1367,502.9855,1062.2933
-304748.1946,-262000.1399,42748.0547,516.3169,1043.7631
-304554.8354,-261904.9253,42649.9102,490.8065,1008.1535
-304800.6655,-262081.1733,42719.4922,522.2747,1055.9684
-304840.2931,-262129.7697,42710.5234,505.5008,1007.0963
-304483.3533,-261938.6814,42544.6719,548.5279,1070.8883
-304799.5058,-262081.0254,42718.4805,485.4791,993.6614
-304900.0643,-262026.1073,42873.957,487.9673,1022.3401
-304827.3939,-262077.3041,42750.0898,528.1625,984.3467
-304510.8581,-261973.7839,42537.0742,508.5569,1031.2716
-304612.5959,-261961.1233,42651.4727,505.0492,1041.4333
-304651.3554,-262038.0976,42613.2578,501.9777,1063.0927
-304790.7638,-261983.6544,42807.1094,521.9104,1053.2422
-304756.1312,-262063.1039,42693.0273,477.9459,1013.2669
-304732.2177,-262048.1904,42684.0273,470.2223,992.6826
-304705.9508,-262036.068,42669.8828,492.1163,1047.9053
-304685.6345,-262097.9119,42587.7227,503.025,1010.9781
-304801.3765,-262056.8452,42744.5312,503.3256,1090.7442
-304918.7181,-262156.7649,42761.9531,506.8244,1060.3465
-304608.2877,-262065.2799,42543.0078,532.661,1061.7801
-304750.8307,-261989.4322,42761.3984,477.3275,1010.962
-304877.4607,-262010.2419,42867.2188,492.1972,1063.4654
-304541.7281,-262021.5757,42520.1523,520.9784,1034.011
-304567.1362,-262083.0425,42484.0938,490.2696,1025.7627
-304945.3178,-262174.0248,42771.293,496.8635,1051.937
-304614.518,-262014.2562,42600.2617,522.4066,1049.6779
-304823.2707,-262017.0715,42806.1992,491.9541,1083.5768
-304922.3788,-262073.2382,42849.1406,510.2302,1011.2861
-304741.7508,-262048.786,42692.9648,508.1434,1038.4667
-304672.5767,-262057.1627,42615.4141,492.0621,1019.7668
-304553.4951,-261954.4599,42599.0352,513.1224,1064.7688
-304809.4523,-262051.8781,42757.5742,509.6914,1049.112
-304795.3517,-261987.3478,42808.0039,508.8802,1022.7302
-304541.1897,-262022.9397,42518.25,509.1469,1004.8364
-304643.745,-262082.1942,42561.5508,480.5199,1039.066
-304553.0228,-261970.1673,42582.8555,497.2332,1070.5855
-304704.602,-261983.4966,42721.1055,534.1454,1045.3561
-304635.5556,-262003.1924,42632.3633,480.7072,1053.5769
-304524.5954,-261997.8533,42526.7422,508.2193,1046.7968
-304790.0362,-262051.0402,42738.9961,489.8284,1031.8737
-304964.9963,-262003.8401,42961.1562,490.5716,991.0249
-304890.1988,-262037.4957,42852.7031,462.9386,1044.7428
-304628.1884,-262025.5321,42602.6562,468.9695,1015.6531
-304681.0821,-261944.6212,42736.4609,501.0125,1050.3725
-304864.7239,-262118.1106,42746.6133,519.2165,1054.6492
-304926.243,-262003.9383,42922.3047,467.1542,1044.1884
-304839.3058,-262093.3566,42745.9492,490.5516,1032.2943
-304468.4171,-261994.0733,42474.3438,497.8741,1091.0935
-304540.4181,-262046.2306,42494.1875,518.7875,1027.1369
-304387.4631,-261958.7874,42428.6758,487.4418,1035.2872
-304832.6448,-262024.2893,42808.3555,508.4315,1073.4686
-304767.1903,-262033.6786,42733.5117,516.512,1027.6497
-304685.8948,-261925.3558,42760.5391,514.369,992.3568
-304745.729,-262089.8267,42655.9023,488.6157,1019.1547
-304682.1949,-261992.2066,42689.9883,532.9267,1052.9639
-304796.2683,-262068.4401,42727.8281,487.3555,1057.7842
-304726.0179,-262083.8773,42642.1406,498.3113,1034.0679
-304789.0704,-261989.7227,42799.3477,478.072,1042.7077
-304806.7434,-261917.4739,42889.2695,506.6155,1036.8062
-304579.3893,-261967.7604,42611.6289,490.8101,1060.409
-304611.0288,-262027.9897,42583.0391,522.7011,1051.2013
-304606.372,-262057.0712,42549.3008,506.549,1023.1529
-304713.6597,-262015.566,42698.0938,460.4183,1059.3983
-304711.4344,-262064.7547,42646.6797,485.8572,1078.4037
-304838.6759,-262017.8751,42820.8008,496.8286,1054.3685
-304938.1203,-262064.1789,42873.9414,511.5572,1052.7678
-304679.1775,-262048.2361,42630.9414,498.1402,1073.0783
-304717.4738,-262046.5597,42670.9141,478.1155,1066.7846
-304805.2387,-262055.7153,42749.5234,489.7396,1061.306
-304737.4438,-261999.5493,42737.8945,488.8728,1026.8276
-304578.4607,-261943.492,42634.9688,484.3904,1033.5752
-304631.1097,-262044.0394,42587.0703,472.133,1023.602
-304671.8724,-262008.0599,42663.8125,487.0566,1017.8901
-304513.6705,-261922.2057,42591.4648,483.934,1049.0817
-304850.2723,-262041.698,42808.5742,503.2261,1002.9963
-304511.7146,-261908.6326,42603.082,512.7897,1030.8879
-304683.0494,-262011.5298,42671.5195,511.4257,1019.5466
-304831.5523,-262063.9194,42767.6328,498.2352,1037.2551
-304607.5293,-261974.6894,42632.8398,510.7996,1000.7318
-304632.9807,-262016.1878,42616.793,469.5655,1008.4084
-304751.7524,-262035.1274,42716.625,477.5959,1061.8287
-304840.076,-262003.9081,42836.168,525.0741,1058.5824
-304754.5795,-262027.9897,42726.5898,491.9183,1021.4358
-304826.0373,-262057.3577,42768.6797,507.6148,1037.1403
-304862.5879,-261992.4121,42870.1758,508.6231,1048.047
-304911.3969,-262078.0649,42833.332,500.318,1037.699
-304655.4428,-262049.8959,42605.5469,477.8878,1073.9256
-304785.8036,-262010.9481,42774.8555,528.9912,1044.4706
-304765.292,-262089.6279,42675.6641,514.9634,1031.7677
-304675.2857,-262042.1607,42633.125,482.6374,1051.2518
-304573.5085,-261934.9108,42638.5977,503.4881,976.3764
-304534.0527,-261964.8027,42569.25,480.845,1043.1542
-304928.3378,-262086.3847,42841.9531,500.1015,1028.228
-304821.1122,-262059.3622,42761.75,515.2334,1031.8161
-304804.3343,-261978.2796,42826.0547,498.9633,1032.2162
-304872.6029,-262055.5248,42817.0781,517.8181,1005.5697
-304736.1084,-262084.9638,42651.1445,495.3795,1050.1343
-304736.9432,-262018.3455,42718.5977,523.1872,1077.9645
-305079.0873,-262042.2005,43036.8867,524.8442,1060.1962
-304473.7657,-261863.7735,42609.9922,489.7423,993.134
-304759.2794,-261921.4513,42837.8281,484.9586,1034.1209
-304669.3305,-261988.9399,42680.3906,535.5851,1068.1031
-304885.9061,-262062.16,42823.7461,515.3567,1026.4476
-304674.783,-262033.5447,42641.2383,494.6654,1052.2389
-304663.0053,-262013.2162,42649.7891,512.0629,1062.4538
-304795.7612,-262024.4175,42771.3438,495.5994,1024.6191
-304785.6759,-262040.2188,42745.457,496.4757,1042.6396
-304912.6301,-262015.4465,42897.1836,505.549,1040.7634
-304558.0812,-262042.8234,42515.2578,485.4504,1076.0339
-304687.9206,-261987.5026,42700.418,504.7655,1050.0149
-304495.8813,-261945.0806,42550.8008,509.1565,1037.7972
-304592.9075,-261991.9309,42600.9766,514.8315,1053.9791
-304560.0933,-261975.9526,42584.1406,519.2236,1036.1057
-304764.9022,-262066.5545,42698.3477,530.6798,1057.1721
-304679.6372,-262018.2193,42661.418,517.3412,1027.2919
-304765.6713,-262056.6869,42708.9844,511.5807,1059.0643
-304625.3984,-262065.7148,42559.6836,525.6706,1049.8896
-304686.128,-262025.2881,42660.8398,536.0342,1036.9527
-304575.1332,-262047.2817,42527.8516,531.5806,1052.839
-304740.0726,-262030.7484,42709.3242,487.7349,998.7058
-304662.5546,-262036.0038,42626.5508,513.683,1036.2854
-304740.5688,-262056.8383,42683.7305,481.5774,1063.9216
-304805.2347,-262116.4222,42688.8125,521.4803,1114.9009
-304702.007,-262040.05,42661.957,535.0738,1037.769
-304758.5209,-262001.1654,42757.3555,533.9601,1015.3087
-305019.524,-262115.6685,42903.8555,478.6795,1037.3972
-304710.3634,-261995.2814,42715.082,465.1765,1028.8223
-304617.9233,-262075.1537,42542.7695,519.5569,1016.161
-304666.8723,-262028.2083,42638.6641,507.1746,1056.5998
-304746.8484,-262052.9187,42693.9297,507.679,1056.5359
-304863.648,-262119.0699,42744.5781,475.8999,1009.7111
-304818.3695,-261995.5023,42822.8672,520.7555,1025.6957
-304497.7474,-261944.3763,42553.3711,466.9802,1070.9332
-304581.0391,-261889.6719,42691.3672,516.5486,1020.3345
-304546.4047,-261976.2758,42570.1289,482.1036,1023.5951
-304584.8374,-261901.0718,42683.7656,461.273,1032.9439
-304706.6906,-261964.5851,42742.1055,488.4839,1056.2194
-304792.4019,-262070.5191,42721.8828,505.2856,1061.0017
-304627.5302,-261939.1396,42688.3906,479.7745,985.0257
-304668.9594,-261930.1664,42738.793,499.7317,1048.6852
-304442.544,-261950.4034,42492.1406,529.9789,1031.7556
-304632.6133,-262014.6094,42618.0039,501.6992,1055.1935
-304728.2599,-262011.1505,42717.1094,510.5993,1031.1909
-304552.2449,-261982.2097,42570.0352,496.9533,1047.5449
-304844.5418,-262021.9988,42822.543,502.7254,1046.0359
-304485.4002,-261906.0682,42579.332,509.3815,1009.494
-304559.7832,-261973.0098,42586.7734,523.0931,1036.3346
-304895.3528,-261988.2629,42907.0898,517.4998,1010.2471
-304880.8538,-262148.678,42732.1758,514.0923,1052.4591
-304866.2419,-262019.7419,42846.5,516.2083,1028.1717
-304838.9147,-261975.6218,42863.293,508.3327,970.3168
-304600.3815,-261988.5768,42611.8047,481.9164,1039.7485
-304857.7289,-262010.7562,42846.9727,514.0287,1011.3614
-304521.9947,-261961.5298,42560.4648,496.5157,1045.9532
-304465.8034,-262014.401,42451.4023,504.7617,1068.401
-304635.7965,-261953.2184,42682.5781,503.5724,1024.5603
-304750.0672,-261945.8406,42804.2266,499.0018,1051.4485
-304833.0679,-261993.9468,42839.1211,470.6799,1048.0836
-304735.156,-261966.4255,42768.7305,489.9069,1024.1
-304822.213,-262018.6466,42803.5664,498.7938,1002.3323
-304924.0234,-262022.7655,42901.2578,481.5742,1037.1845
-304596.0055,-262000.3766,42595.6289,530.788,1008.6056
-304758.0976,-261926.2851,42831.8125,503.3344,999.8448
-304612.2277,-262053.8293,42558.3984,474.8616,1062.5202
-304863.0067,-262114.8192,42748.1875,505.8509,988.8019
-304813.1851,-262042.7906,42770.3945,485.8784,1056.0589
-304618.9518,-262024.0885,42594.8633,482.4202,1074.7052
-304454.1235,-261950.9204,42503.2031,469.4295,1059.3233
-304636.9471,-262062.2752,42574.6719,497.2353,1047.4947
-304770.4578,-262005.1219,42765.3359,505.3597,1060.5404
-304625.5364,-262092.6771,42532.8594,519.9342,1026.6213
-304775.4077,-262038.1733,42737.2344,512.5855,1046.0954
-304812.365,-262029.0486,42783.3164,553.972,1028.3353
-304752.3616,-262022.4358,42729.9258,515.7759,1069.5999
-304443.457,-261975.5898,42467.8672,507.7181,1032.0706
-304603.318,-261983.4938,42619.8242,472.2702,1059.5539
-304856.1563,-262001.7267,42854.4297,523.2703,1004.2377
-304751.7845,-262052.0423,42699.7422,491.1445,1009.4781
-304490.4634,-261967.9985,42522.4648,486.7733,1030.8295
-304646.323,-261922.6199,42723.7031,489.3803,1040.8457
-304739.6118,-261961.6236,42777.9883,507.4748,1055.4399
-304518.0735,-261950.4016,42567.6719,510.6888,1049.9099
-304843.5567,-262085.2677,42758.2891,531.8762,1041.9689
-304841.1338,-262048.126,42793.0078,513.412,1003.0124
-304711.7351,-261892.5242,42819.2109,473.8433,1045.2179
-304633.2674,-262095.533,42537.7344,533.8886,1050.9853
-304738.8195,-262068.1711,42670.6484,510.367,1073.1294
-304903.851,-262032.0737,42871.7773,521.1397,1047.1663
-304770.1276,-262060.9518,42709.1758,498.1206,1053.2002
-304789.1441,-262074.7379,42714.4062,523.2634,1046.293
-304550.9038,-261971.0249,42579.8789,509.1156,994.2022
-304952.7256,-262064.0302,42888.6953,504.4459,991.6522
-304705.9195,-262085.8687,42620.0508,513.4752,1034.9294
-304601.1741,-261987.7601,42613.4141,501.9854,1023.3264
-304854.0549,-262081.7931,42772.2617,498.9508,1044.5969
-304971.7692,-262031.7965,42939.9727,495.7229,1053.0866
-304802.8916,-262035.3838,42767.5078,536.0984,1045.121
-304747.7283,-261923.6619,42824.0664,505.2429,1001.5348
-304683.9482,-261997.0966,42686.8516,493.964,1044.0594
-304779.8264,-261994.5373,42785.2891,525.033,993.5531
-304432.4734,-261887.1062,42545.3672,502.9368,1049.532
-304749.371,-261950.7929,42798.5781,498.78,1005.2253
-304694.3674,-262045.0783,42649.2891,504.0593,1048.125
-304879.5772,-261984.4678,42895.1094,519.7965,1059.2276
-304573.1482,-262035.1248,42538.0234,514.9046,1049.5039
-304477.8579,-261961.3618,42516.4961,481.4366,1030.734
-304639.3498,-261926.8928,42712.457,490.0889,1089.0365
-304863.0721,-262086.0409,42777.0312,466.0244,1018.4007
-304636.9744,-261978.4705,42658.5039,515.1073,998.9585
-304683.9143,-262022.9651,42660.9492,500.6224,1050.0757
-304538.2086,-261999.7086,42538.5,493.01,1028.0533
-304720.1273,-262036.4437,42683.6836,494.0518,1071.2146
-304603.2245,-261962.5331,42640.6914,499.8494,1014.2163
-304821.2615,-261941.738,42879.5234,496.4373,1045.8627
-304621.2681,-261971.4361,42649.832,469.4787,1013.808
-304814.3494,-262050.283,42764.0664,494.5402,1030.8235
-304677.5905,-262038.4772,42639.1133,531.432,1021.7292
-304553.4528,-262054.0192,42499.4336,502.2712,1083.0362
-304692.5451,-261910.0021,42782.543,504.5106,1081.4061
-304923.6081,-262136.6902,42786.918,544.8355,1031.0495
-304686.4483,-261928.464,42757.9844,490.4777,1014.9125
-304809.1607,-261979.188,42829.9727,501.9553,1078.2609
-304670.4459,-261934.356,42736.0898,483.6759,1058.2979
-304719.3876,-262100.954,42618.4336,518.403,1020.2613
-304764.6197,-262072.2603,42692.3594,506.0018,1055.8127
-304735.2728,-262037.0814,42698.1914,533.6233,1050.3529
-304720.57,-261926.3903,42794.1797,523.1438,1073.6281
-304873.1899,-261954.6157,42918.5742,500.5779,1046.4249
-304790.0058,-261961.7128,42828.293,477.2947,1017.5837
-304809.6512,-261965.2801,42844.3711,486.906,1079.218
-304367.5383,-262000.6125,42366.9258,499.1821,1044.6223
-304628.3474,-262059.2302,42569.1172,525.0202,1038.3998
-304949.7125,-262047.3375,42902.375,506.3565,1090.4711
-304577.6014,-262043.4921,42534.1094,489.0246,1111.9875
-304986.0456,-261958.6393,43027.4062,485.5907,1014.3172
-304783.8534,-261956.0058,42827.8477,525.7562,1037.8667
-304719.9815,-262014.9815,42705.0,450.4366,1038.9419
-304521.0638,-261949.9192,42571.1445,477.0094,997.3231
-304892.3996,-261999.1418,42893.2578,512.6367,1054.9704
-304917.732,-262035.1695,42882.5625,523.8458,1047.4706
-304385.2303,-261993.6522,42391.5781,509.0735,1046.2641
-304957.8082,-262027.0699,42930.7383,511.4468,1052.1115
-304580.5403,-262019.7317,42560.8086,488.642,1031.189
-304821.7256,-262015.667,42806.0586,510.5302,996.9024
-304706.8896,-262000.4677,42706.4219,498.1253,1018.5998
-304333.8268,-261936.2838,42397.543,470.5206,1055.9729
-304598.0699,-261976.8589,42621.2109,503.1802,1032.4507
-304531.8749,-261950.8046,42581.0703,490.0464,1023.8124
-304567.5177,-261976.8887,42590.6289,482.9096,1045.1826
-304813.87,-261969.0184,42844.8516,496.0853,1055.392
-304733.2116,-261954.8053,42778.4062,515.5109,1005.3579
-304619.878,-262020.0186,42599.8594,461.2663,1024.6642
-304686.366,-261929.7605,42756.6055,484.3642,1020.6119
-304573.6297,-261996.9813,42576.6484,495.8548,1022.4331
-304515.4244,-261996.3345,42519.0898,481.8864,1043.6405
-304377.4352,-261988.6305,42388.8047,513.6897,1059.2048
-304716.9502,-261984.1768,42732.7734,495.3662,1017.3976
-304706.8352,-262027.468,42679.3672,466.0256,1067.459
-304779.3919,-262101.0599,42678.332,520.8478,1031.588
-304610.6013,-262055.1326,42555.4688,512.9382,1082.6241
-304811.1134,-261946.6837,42864.4297,474.0788,995.1726
-304596.7941,-262000.0402,42596.7539,495.1645,1041.0643
-304706.4299,-262046.1213,42660.3086,511.1578,1048.3631
-304643.6842,-261999.1295,42644.5547,510.8393,1068.808
-304926.6296,-261971.1139,42955.5156,509.5521,1042.2475
-304683.9949,-261958.9011,42725.0938,490.3335,1066.7807
-304848.9404,-261961.9873,42886.9531,495.619,1035.0371
-304474.9079,-262002.0485,42472.8594,498.857,992.7052
-304620.7747,-261878.3646,42742.4102,475.0475,997.2672
-304732.3779,-262026.2607,42706.1172,501.0573,962.805
-304546.0774,-262042.9446,42503.1328,501.4328,1013.8749
-304573.0115,-261938.2498,42634.7617,483.0309,1024.8902
-304737.4306,-262033.1415,42704.2891,487.693,1019.0646
-304650.61,-261907.1843,42743.4258,496.1976,1000.678
-304506.4993,-261938.6126,42567.8867,500.2132,1030.9432
-304624.0344,-261957.2024,42666.832,505.7306,1023.4066
-304584.1624,-261903.3773,42680.7852,478.5942,1029.0168
-304532.9885,-261963.3557,42569.6328,516.587,1059.5917
-304925.6198,-262030.7839,42894.8359,505.2271,1022.7157
-304741.6108,-262002.3608,42739.25,492.2453,1022.6147
-304759.0035,-261927.4917,42831.5117,542.7888,1021.4254
-304645.1197,-262034.1705,42610.9492,513.3941,1026.1642
-304720.8201,-262004.1483,42716.6719,464.6134,1000.4763
-304890.9691,-262155.2035,42735.7656,501.5258,1044.8154
-304733.4098,-261963.1324,42770.2773,500.3249,1046.8192
-304659.332,-261937.207,42722.125,489.4905,1019.0324
-304863.4519,-262061.7449,42801.707,511.9272,985.9176
-304695.7947,-262063.7634,42632.0312,535.0934,1011.9524
-304499.7748,-261923.9076,42575.8672,492.0841,1041.0751
-304567.9647,-261923.5585,42644.4062,512.6049,1027.0351
-304849.8652,-261988.6308,42861.2344,479.014,1049.4321
-304782.1596,-262014.0737,42768.0859,523.3685,1023.0605
-304650.8618,-261986.1821,42664.6797,505.652,1043.4756
-304659.3745,-261929.7769,42729.5977,471.3234,1034.2072
-304640.4813,-261954.5829,42685.8984,525.7812,1008.01
-304725.7521,-261925.6349,42800.1172,468.5045,1019.2748
-304623.4089,-262035.9597,42587.4492,499.067,987.7146
-304722.453,-262035.9569,42686.4961,511.8687,1049.0494
-304609.0526,-262106.1698,42502.8828,485.9255,1058.6887
-304660.1308,-261934.4863,42725.6445,505.399,1031.0086
-304847.0886,-262101.0495,42746.0391,520.7355,1047.2656
-304599.2671,-262096.1343,42503.1328,505.784,1048.557
-304596.3215,-261853.1809,42743.1406,483.4887,1042.9449
-304409.6471,-262025.5299,42384.1172,549.8148,1015.0261
-304614.9658,-261958.7392,42656.2266,479.4004,1032.6831
-304850.6642,-262004.8868,42845.7773,519.8841,1023.9226
-304808.5163,-262089.4343,42719.082,505.8458,994.3464
-304938.1348,-261985.8809,42952.2539,509.7391,1033.5494
-304707.862,-262068.694,42639.168,539.9649,1037.1417
-304626.848,-262028.6879,42598.1602,506.6624,1058.1859
-304859.2531,-262139.464,42719.7891,506.3315,1078.6402
-304789.4064,-262039.3283,42750.0781,502.5734,1024.6655
-304920.6643,-262060.0198,42860.6445,490.0087,1022.1858
-304791.8375,-262138.8297,42653.0078,481.6389,1078.961
-304846.9581,-262059.9971,42786.9609,505.38,1047.1145
-304630.6985,-261977.9837,42652.7148,501.493,1037.5088
-304500.532,-261925.8797,42574.6523,510.2639,1046.1428
-304789.5184,-262005.3465,42784.1719,522.7167,1009.5779
-304600.3972,-261990.9871,42609.4102,525.6204,1067.6712
-304649.1361,-261954.1556,42694.9805,521.24,1067.8791
-304721.427,-262003.7121,42717.7148,547.3974,1055.46
-304574.6393,-262038.7447,42535.8945,506.5131,1058.4386
-304960.2097,-262006.0379,42954.1719,495.2791,1056.1352
-304733.435,-261958.474,42774.9609,502.5518,1031.5593
-304673.4968,-261902.0905,42771.4062,500.2099,1071.3981
-304575.2546,-261935.4421,42639.8125,506.5102,1073.7499
-304813.9082,-261967.8887,42846.0195,512.1954,1002.9654
-304679.567,-261953.5905,42725.9766,502.2811,1032.3081
-304581.1947,-262047.7455,42533.4492,497.0053,1066.0687
-304691.8811,-262107.9436,42583.9375,459.5835,1034.47
-304750.392,-261974.099,42776.293,509.2601,1063.1296
-304510.456,-262000.0654,42510.3906,512.0294,1076.822
-304429.7905,-262000.4077,42429.3828,517.1899,1036.5766
-304495.5893,-261958.8432,42536.7461,536.6401,1032.9415
-304595.7792,-261953.0136,42642.7656,506.512,1044.6458
-304428.0386,-261914.2769,42513.7617,489.3251,1036.5417
-304627.0555,-261911.9266,42715.1289,483.2179,1044.3072
-304719.8557,-261995.2229,42724.6328,497.2059,1016.4753
-304468.1586,-262021.725,42446.4336,522.0033,1061.338
-304677.747,-262005.0517,42672.6953,527.358,1018.8922
-304656.1079,-261966.6353,42689.4727,494.4865,1047.5399
-304547.7024,-261964.5188,42583.1836,505.7243,1037.9306
-304643.747,-261965.4697,42678.2773,532.2514,1023.4956
-304480.4076,-261856.474,42623.9336,485.2647,1016.5825
-304552.5666,-261996.0548,42556.5117,499.9256,1044.1653
-304755.1338,-262003.9971,42751.1367,515.4014,1038.6979
-304713.5484,-262031.6266,42681.9219,505.1244,991.9733
-304709.6712,-261977.4837,42732.1875,487.4362,1058.1121
-304882.132,-261981.0734,42901.0586,485.2097,1055.2067
-304609.2488,-262047.698,42561.5508,504.1252,1027.1033
-304683.9409,-261980.3979,42703.543,502.8515,1000.054
-304752.9516,-262005.1625,42747.7891,501.6337,1022.3251
-304652.615,-262024.24,42628.375,507.2512,1017.4617
-304526.7075,-261976.3364,42550.3711,508.2014,1024.2629
-304905.2103,-261918.1322,42987.0781,534.3101,1018.8723
-304686.9628,-261951.9159,42735.0469,507.2536,1022.0478
-304699.8041,-262014.5971,42685.207,505.4845,1037.0242
-304519.3879,-261940.1613,42579.2266,502.9433,1031.3075
-304871.6959,-262011.4029,42860.293,479.2162,1012.591
-304940.4397,-262034.8537,42905.5859,505.3624,1070.1033
-304782.1816,-262089.6895,42692.4922,459.8523,1004.063
-304778.2119,-262031.1065,42747.1055,471.16,1037.8024
-304779.4675,-262032.6785,42746.7891,484.595,1058.7334
-304816.0847,-262005.5222,42810.5625,520.9075,1039.2156
-304578.2074,-261939.3871,42638.8203,500.9288,1040.961
-304775.316,-262009.609,42765.707,513.8634,1033.3753
-304652.8891,-261921.3266,42731.5625,498.199,986.7602
-304838.4046,-262084.9437,42753.4609,494.7515,1022.3099
-304482.8694,-261941.1233,42541.7461,485.641,983.9326
-304518.3826,-262041.3865,42476.9961,491.5551,1075.6538
-304866.1737,-261970.2675,42895.9062,547.1832,1027.0309
-304856.013,-262030.0599,42825.9531,493.831,1022.7879
-304706.7077,-261970.0124,42736.6953,517.8397,1023.4152
-304637.0452,-261983.7639,42653.2812,521.249,1010.1925
-304674.8548,-262036.8821,42637.9727,529.6749,998.7019
-304701.7134,-262030.9439,42670.7695,517.7643,1035.5118
-304736.4132,-262003.2297,42733.1836,494.1948,991.618
-304873.3416,-262012.2048,42861.1367,469.2742,1035.2585
-304565.9747,-261946.0723,42619.9023,532.1683,986.001
-304654.7845,-262009.0775,42645.707,515.4157,1047.7544
-304804.5055,-261969.2047,42835.3008,507.2594,1008.1143
-304409.4475,-261977.7717,42431.6758,524.5738,1040.1204
-304753.7391,-261978.8055,42774.9336,522.1058,1063.1866
-304758.7927,-261951.1521,42807.6406,517.4032,1040.9753
-304711.7398,-262085.9741,42625.7656,486.1141,1012.6162
-304643.8451,-261985.8139,42658.0312,520.7704,1070.3933
-304529.1256,-261939.1139,42590.0117,491.6719,1048.9124
-304857.2856,-262112.7817,42744.5039,531.4268,1043.3164
-304603.7849,-262050.738,42553.0469,472.1689,1054.5255
-304818.8431,-262043.4408,42775.4023,491.0337,1021.5381
-304744.5704,-262009.3126,42735.2578,502.3293,998.6252
-304747.4241,-261968.5999,42778.8242,509.3688,1063.161
-304670.5704,-261993.7345,42676.8359,483.4533,1023.2425
-304676.2233,-261966.7194,42709.5039,520.5615,1013.3264
-304635.4852,-262016.0009,42619.4844,472.0975,1051.8887
-304630.5323,-262017.3058,42613.2266,519.1028,1071.3127
-304635.6113,-262022.4043,42613.207,525.1587,1061.1174
-304803.9366,-261949.7959,42854.1406,496.0733,1067.9235
-304727.1791,-262035.4291,42691.75,522.8398,1069.9791
-304902.8328,-262058.4344,42844.3984,511.1024,1046.7307
-304625.3971,-261986.5963,42638.8008,518.836,1035.9429
-304696.8358,-262010.1053,42686.7305,492.1053,1013.944
-304878.4101,-262084.9726,42793.4375,502.8976,1009.3513
-304789.8549,-261976.7885,42813.0664,505.2244,1012.8858
-304643.8507,-262001.7257,42642.125,536.7638,1081.6967
-304713.8829,-262076.1876,42637.6953,472.9254,1061.2924
-304610.2036,-261996.645,42613.5586,494.2297,1019.0928
-304771.1693,-262059.9349,42711.2344,526.8768,1054.7653
-304880.9055,-262062.9993,42817.9062,485.289,1010.3041
-304859.4979,-262057.576,42801.9219,476.9045,1068.1344
-304511.8244,-261948.0158,42563.8086,499.9397,1044.4502
-304695.389,-261951.9397,42743.4492,527.0512,1070.9973
-304565.5065,-261973.2956,42592.2109,508.1992,1050.964
-304634.6797,-262031.5625,42603.1172,503.0367,1034.8015
-304712.6363,-261988.5191,42724.1172,488.56,1044.1089
-304643.6909,-261967.187,42676.5039,510.3643,1027.7976
-304646.7458,-262033.031,42613.7148,514.8356,1048.5678
-304937.8532,-262104.8063,42833.0469,524.5856,1030.743
-304841.0763,-261974.0333,42867.043,469.2872,1041.1503
-304860.1015,-262091.082,42769.0195,492.9798,1024.1007
-304862.4857,-261993.2513,42869.2344,520.6001,1035.6011
-304846.0167,-261995.0675,42850.9492,491.2846,1033.0595
-304518.0044,-261976.1489,42541.8555,463.6495,1064.5992
-304920.2444,-262107.8265,42812.418,464.7086,1066.1823
-304593.341,-261998.548,42594.793,479.0111,1039.0654
-304685.4587,-261969.9041,42715.5547,509.9394,1023.323
-304819.2025,-262048.0618,42771.1406,491.6093,1073.8369
-304675.2898,-261974.3562,42700.9336,509.1822,997.4556
-304548.5568,-261914.7794,42633.7773,500.8624,1029.9383
-304838.3905,-262077.6835,42760.707,484.0416,1052.7335
-304871.2481,-262083.7012,42787.5469,476.7153,1002.7979
-304917.9554,-262098.971,42818.9844,504.9646,1054.2625
-304668.9105,-262108.766,42560.1445,485.0708,1056.2579
-304862.1256,-262096.2584,42765.8672,468.8664,1056.7456
-304791.5552,-262042.9771,42748.5781,475.6136,1012.3879
-304658.2584,-262019.9107,42638.3477,510.9392,1067.4694
-304875.9775,-261992.6845,42883.293,527.3539,1064.2072
-304684.2244,-262025.904,42658.3203,526.9487,1036.4452
-304901.7795,-262086.2404,42815.5391,491.9574,1028.5589
-305152.0502,-262042.8236,43109.2266,508.164,1033.5795
-304770.5954,-262125.443,42645.1523,507.6387,1026.5099
-304704.7352,-262030.8485,42673.8867,478.1613,1087.8291
-304419.6055,-261934.0,42485.6055,501.2766,1046.0759
-304886.4459,-262092.2427,42794.2031,501.4956,1042.323
-304772.5542,-262038.0542,42734.5,515.2272,1029.8583
-304717.9396,-262104.3341,42613.6055,511.7831,1067.5439
-304780.7262,-261961.1793,42819.5469,495.6644,1036.783
-304868.1138,-262018.4654,42849.6484,492.7686,1047.5703
-304783.3042,-261967.5894,42815.7148,499.4199,995.2075
-304686.7353,-262011.4463,42675.2891,472.5409,1027.9147
-304984.9318,-262102.2951,42882.6367,513.9001,1057.1826
-304432.6332,-261916.1567,42516.4766,517.5043,1002.0654
-304564.8592,-262015.9099,42548.9492,487.4584,1041.1267
-304814.6429,-261997.0452,42817.5977,507.8194,1032.7185
-304732.3944,-261974.9569,42757.4375,516.0544,1043.6506
-304681.1187,-262020.1109,42661.0078,536.7856,1020.3722
-304847.7597,-261936.5801,42911.1797,477.5965,1060.5996
-304808.4919,-262053.8044,42754.6875,507.1508,1058.0773
-304568.3917,-261966.0831,42602.3086,493.6198,1057.3554
-304658.199,-261958.4958,42699.7031,469.5036,1006.9781
-304724.229,-262088.4946,42635.7344,516.4794,989.34
-304690.9306,-261928.7978,42762.1328,499.3676,1017.065
-304461.0556,-261994.536,42466.5195,520.2995,1009.8964
-304648.2937,-262031.614,42616.6797,517.1387,1012.1158
-304757.4992,-261978.9016,42778.5977,479.2113,1060.1828
-304903.6429,-261982.432,42921.2109,450.4606,1041.4362
-304450.6309,-261930.1856,42520.4453,534.6466,1057.3337
-304896.9887,-262025.6801,42871.3086,515.5338,1042.3981
-304662.208,-262034.876,42627.332,538.9207,1040.415
-304876.3798,-262001.0126,42875.3672,489.2865,1047.0232
-304729.0992,-262097.9977,42631.1016,514.9418,1042.2639
-304794.7855,-262019.6058,42775.1797,498.5323,1030.557
-304814.0056,-262038.1814,42775.8242,523.2724,1036.5591
-304678.3991,-261996.4421,42681.957,504.6112,1029.5377
-304830.9862,-262062.5174,42768.4688,474.0052,1087.5041
-304770.3417,-262014.0566,42756.2852,502.0937,1029.924
-304843.2775,-262075.09,42768.1875,526.4606,1064.3516
-304719.98,-261963.6245,42756.3555,525.6201,1067.1694
-304690.5721,-261978.8963,42711.6758,549.3238,1002.5912
-304635.9619,-262071.2158,42564.7461,495.8977,1028.9336
-304676.1877,-261995.6721,42680.5156,516.4284,1031.9158
-304598.6628,-262090.3308,42508.332,519.4472,1039.3982
-304709.7618,-261995.6798,42714.082,510.2741,1068.0982
-304411.2957,-261876.0808,42535.2148,514.6108,989.4123
-304756.6085,-262023.6085,42733.0,501.8843,1041.2282
-304469.716,-261984.4738,42485.2422,489.6948,1039.1243
-304342.7874,-262021.9398,42320.8477,506.8408,1029.1405
-304748.4899,-261939.7711,42808.7188,501.9332,966.7964
-304693.2865,-261965.0404,42728.2461,473.3627,1070.2968
-304742.5987,-262042.0128,42700.5859,530.1396,1003.8424
-304703.6763,-261994.9497,42708.7266,500.4042,1030.0286
-304527.0708,-262039.9497,42487.1211,529.7443,1032.2496
-304901.2766,-262067.1165,42834.1602,485.2552,1077.1212
-304808.8588,-262036.0932,42772.7656,503.4927,1095.2586
-304892.3302,-262008.0685,42884.2617,532.3144,1051.5934
-305060.8914,-262054.8368,43006.0547,515.6468,1056.7402
-304599.6274,-261917.272,42682.3555,521.4351,1028.2171
-304533.4276,-262003.2206,42530.207,506.8852,992.9827
-304883.4131,-262034.1787,42849.2344,497.7381,1068.1401
-304876.9058,-262087.6167,42789.2891,488.6255,1034.2319
-304830.9315,-262043.3417,42787.5898,511.7797,1039.4587
-304746.8997,-262013.5521,42733.3477,519.4546,1094.3071
-304870.1882,-262045.282,42824.9062,487.8486,1043.5483
-304600.5706,-262016.0979,42584.4727,480.9754,1079.2343
-304949.7163,-262010.5913,42939.125,487.6665,1028.0393
-304852.8819,-261920.3194,42932.5625,494.4325,997.7956
-304806.6715,-262053.9528,42752.7188,513.0294,992.1733
-304680.9048,-261976.2759,42704.6289,499.884,1072.0892
-304750.7914,-261980.4672,42770.3242,514.0149,1031.1911
-304520.353,-261932.0756,42588.2773,504.4586,1013.3172
-304649.8528,-262035.7708,42614.082,480.9236,1053.8739
-304821.134,-262146.7746,42674.3594,500.0212,1003.5588
-304835.6565,-262001.0237,42834.6328,465.2713,991.8977
-304831.5197,-262023.9572,42807.5625,501.2534,1044.7364
-304939.2563,-262108.5024,42830.7539,508.9379,1024.7634
-304762.8622,-261982.8349,42780.0273,506.6787,1031.0683
-304778.7854,-262062.5627,42716.2227,510.2217,1056.5646
-304474.2285,-261928.1933,42546.0352,515.726,1063.595
-304854.6668,-262055.8075,42798.8594,508.4747,1042.1401
-304752.4517,-262029.4869,42722.9648,483.3798,1066.6561
-304401.6823,-261984.0027,42417.6797,506.52,1027.647
-304853.4764,-262016.66,42836.8164,495.7433,1045.4402
-304712.9558,-262064.1004,42648.8555,473.3982,1064.8273
-304861.5318,-262038.8013,42822.7305,529.491,1065.6134
-304614.0439,-261987.6142,42626.4297,515.8469,1016.3096
-304822.5366,-262021.7866,42800.75,498.9413,1069.6534
-304702.9325,-261941.3895,42761.543,532.1258,1049.6452
-304440.459,-261962.5684,42477.8906,504.0761,989.7339
-304843.9731,-262132.9223,42711.0508,534.8211,1023.6077
-304553.6074,-261955.1738,42598.4336,456.7542,1051.9691
-304905.6837,-262038.461,42867.2227,510.2753,1043.7368
-304773.2376,-261966.8313,42806.4062,493.6236,1043.7462
-305108.5482,-262041.1888,43067.3594,483.8643,1031.9711
-304841.9546,-262018.5132,42823.4414,494.1068,1103.5777
-304771.0089,-261969.0792,42801.9297,490.1575,1032.7859
-305136.7063,-262169.2532,42967.4531,507.8478,1031.8493
-304761.9931,-262054.7197,42707.2734,494.9796,981.3902
-304670.0826,-262040.1725,42629.9102,506.7159,1046.0614
-304577.7594,-261946.6656,42631.0938,538.9626,1033.8682
-304864.4484,-261982.7179,42881.7305,530.2232,1012.2047
-304656.2057,-261894.6159,42761.5898,543.7461,1022.9195
-304629.8793,-261987.8754,42642.0039,511.6475,991.3727
-304750.4014,-262011.8428,42738.5586,471.9751,1027.9659
-304462.2539,-261918.5274,42543.7266,499.4115,1052.3364
-304636.9319,-261993.4671,42643.4648,487.6986,996.7206
-304687.6628,-261973.2136,42714.4492,492.2522,1058.968
-304567.8174,-262048.4346,42519.3828,516.6817,1018.6172
-304692.2383,-261989.75,42702.4883,477.5114,1057.4321
-304640.1743,-261978.3891,42661.7852,499.8777,1083.1388
-304705.6975,-261919.6546,42786.043,510.8889,1049.3575
-304639.7611,-261928.7533,42711.0078,509.835,1062.4637
-304885.9002,-262107.7166,42778.1836,512.2928,1044.4142
-304764.8569,-262022.3412,42742.5156,507.0772,1016.681
-304659.0376,-262055.0102,42604.0273,470.8639,1042.0291
-304749.809,-262128.1528,42621.6562,469.9351,1027.7659
-304690.9889,-262004.6725,42686.3164,501.1726,1038.0496
-304575.9168,-261849.3582,42726.5586,507.7808,1031.0474
-304765.9816,-262025.2004,42740.7812,501.5553,1031.9497
-304498.9975,-261940.9233,42558.0742,488.2425,1040.7284
-304476.507,-261924.2218,42552.2852,481.3813,1016.6192
-304834.6732,-261925.7045,42908.9688,520.3505,1054.4372
-304718.2444,-261971.2014,42747.043,505.3875,1049.6783
-304848.0475,-262020.6139,42827.4336,527.4489,1035.7174
-304774.7673,-262021.2322,42753.5352,488.0355,1046.0154
-304791.4317,-262036.9981,42754.4336,526.9769,1043.1701
-304551.1486,-261919.2267,42631.9219,500.5344,1019.8198
-304749.9916,-262021.6206,42728.3711,437.996,1021.7573
-304890.9359,-261923.5492,42967.3867,492.41,1054.6856
-304834.1702,-261993.5491,42840.6211,481.5193,1042.2533
-304711.0628,-262010.8245,42700.2383,515.2946,1073.1872
-304851.3039,-262030.8196,42820.4844,496.0951,1017.3202
-304729.316,-261943.648,42785.668,493.5963,1095.4176
-304739.3814,-262003.2134,42736.168,520.1899,1030.7812
-304780.1492,-262052.4227,42727.7266,511.5113,1038.5533
-304642.5277,-262019.4769,42623.0508,496.5511,1076.6869
-304711.399,-262020.274,42691.125,483.7499,1068.6271
-304911.2841,-262080.9794,42830.3047,487.2893,1038.271
-304793.6679,-262001.8125,42791.8555,516.2008,1040.6202
-304848.9501,-261966.0478,42882.9023,510.6619,998.1327
-304683.6798,-262099.2775,42584.4023,515.1185,1068.1028
-304522.6239,-261996.8231,42525.8008,502.5401,1043.7863
-304543.3863,-261989.902,42553.4844,528.7492,1070.2413
-304556.4343,-261986.7898,42569.6445,511.6103,1026.5559
-304770.4886,-262012.6332,42757.8555,507.0324,996.6158
-304646.017,-261955.0522,42690.9648,498.82,1022.4826
-304425.8473,-262004.1716,42421.6758,523.4369,1030.3438
-304763.3344,-261903.9321,42859.4023,478.3297,1019.572
-304980.759,-262012.9348,42967.8242,469.9859,1040.7574
-304735.8539,-262054.1664,42681.6875,510.975,1083.5701
-304788.1879,-261986.4692,42801.7188,505.3513,1058.3503
-304713.9162,-261944.2443,42769.6719,466.5723,1054.8387
-304630.9263,-261977.3131,42653.6133,489.3764,1027.8891
-304763.3159,-261956.1245,42807.1914,474.7042,1044.1824
-304652.4954,-261953.6907,42698.8047,489.4704,1050.376
-304578.7694,-262024.0897,42554.6797,483.1781,1048.1612
-304826.1816,-261998.3027,42827.8789,519.6329,1035.023
-304409.061,-261850.1391,42558.9219,524.9593,1056.7264
-304759.6201,-262062.8154,42696.8047,505.9276,1028.4124
-304805.9521,-261924.8935,42881.0586,465.744,963.1514
-304456.0128,-261992.0636,42463.9492,523.9987,1051.293
-304474.591,-261974.3645,42500.2266,515.4438,1056.9124
-304744.6017,-261973.5275,42771.0742,481.8761,1021.7663
-304778.5976,-261982.3085,42796.2891,517.243,1009.8185
-304799.6254,-262063.0942,42736.5312,525.6261,1033.8956
-304659.2756,-262034.0373,42625.2383,511.2571,991.0976
-304433.3243,-262013.0548,42420.2695,525.3559,1014.8424
-304925.4553,-262080.6506,42844.8047,492.0676,1038.5774
-304660.9879,-262054.1872,42606.8008,489.263,998.3422
-304693.1227,-261957.2868,42735.8359,553.9262,977.3203
-304591.6074,-261949.377,42642.2305,490.9315,1019.9399
-304747.0622,-261954.3161,42792.7461,501.764,1034.229
-304770.601,-262084.4721,42686.1289,499.4458,1058.8231
-304638.6635,-262017.6831,42620.9805,523.7285,1031.7187
-304886.0597,-262066.2668,42819.793,540.6631,1044.9523
-304710.2671,-261980.2905,42729.9766,504.6737,1045.0734
-304562.8724,-261957.5834,42605.2891,509.9915,1031.5652
-304748.3722,-261942.6222,42805.75,523.4447,1011.1941
-304725.3408,-262122.8369,42602.5039,510.8053,1004.7504
-304884.3844,-262132.65,42751.7344,465.8037,1032.516
-304785.4441,-262012.034,42773.4102,523.8349,1028.3458
-304615.9683,-262002.0386,42613.9297,515.9132,1003.8406
-304772.1859,-261986.8695,42785.3164,475.4317,1063.2194
-304927.7879,-262058.909,42868.8789,491.8161,1029.9175
-304694.3189,-262049.233,42645.0859,505.0062,1066.5693
-304801.9089,-261914.3347,42887.5742,544.581,1022.0283
-304617.3922,-262066.6657,42550.7266,460.9006,1037.8389
-304707.2496,-262021.1129,42686.1367,532.3478,1033.5943
-304631.338,-261943.1622,42688.1758,465.4836,1051.8891
-304504.8902,-261995.8785,42509.0117,469.4125,1055.3027
-304416.1136,-261935.3753,42480.7383,501.5956,1031.5067
-305019.6111,-262083.3103,42936.3008,511.2707,1053.3892
-304802.205,-262107.7206,42694.4844,510.3638,1048.934
-304627.5419,-261976.7919,42650.75,503.9286,1045.0603
-304781.785,-262035.8006,42745.9844,471.3988,1108.6104
-304836.3668,-262072.6441,42763.7227,526.9022,1005.2861
-304470.5762,-261949.1621,42521.4141,485.928,1027.9913
-304753.6826,-261947.6435,42806.0391,492.2822,1058.0421
-304746.9827,-262061.0374,42685.9453,507.6854,1041.769
-304518.2438,-261974.3376,42543.9062,503.3896,1067.0205
-304799.0497,-262069.9326,42729.1172,497.2577,1018.5084
-304859.1749,-261970.3546,42888.8203,499.5309,1050.1476
-304557.1195,-261953.0609,42604.0586,490.2065,1042.9884
-304506.9414,-261856.8437,42650.0977,479.1358,1030.5653
-304386.2729,-261962.0737,42424.1992,489.7261,1035.5723
-304921.0077,-262059.3006,42861.707,519.7981,1033.5513
-304549.4479,-261910.6784,42638.7695,511.2522,1032.5709
-304618.9023,-261964.2616,42654.6406,513.1132,1053.4122
-304802.739,-262068.2195,42734.5195,499.8948,1008.9661
-304644.1933,-261976.6699,42667.5234,475.4818,1037.2636
-304816.2987,-261990.8729,42825.4258,515.6925,1009.6664
-304658.8668,-262023.4293,42635.4375,487.0703,1066.9256
-304958.6634,-261968.0931,42990.5703,466.9612,1062.8119
-304667.1092,-262058.3357,42608.7734,469.5408,1039.6489
-304526.503,-261912.0655,42614.4375,485.0273,1072.9751
-304771.8784,-262008.3237,42763.5547,504.8462,1066.3722
-304883.7902,-261999.9191,42883.8711,498.2358,1043.0154
-304842.5932,-262046.4214,42796.1719,508.1995,1017.8136
-304749.2458,-262036.3747,42712.8711,487.9373,1065.621
-304836.5633,-262035.0321,42801.5312,489.3368,1094.0122
-304715.6076,-261974.3069,42741.3008,550.3136,1003.8442
-304565.8199,-261942.9996,42622.8203,501.4194,1014.7389
-304677.2053,-262004.3185,42672.8867,518.934,1050.924
-304639.0337,-262013.311,42625.7227,509.0053,1059.9081
-304569.6167,-261862.7456,42706.8711,530.1695,1012.3877
-304869.0939,-262063.4064,42805.6875,510.713,1050.5049
-304787.5159,-262008.5863,42778.9297,525.2652,1043.5116
-304577.6578,-261916.0524,42661.6055,514.9865,1043.839
-304738.4992,-261974.718,42763.7812,483.5533,1022.0418
-304846.3253,-262061.3995,42784.9258,473.4569,1023.4493
-304693.0544,-262033.8552,42659.1992,505.9801,1013.0812
-304606.1551,-261996.6472,42609.5078,525.1023,1047.9234
-304537.8385,-262020.2681,42517.5703,505.1716,1094.3598
-304868.9893,-261919.044,42949.9453,510.9063,1045.84
-304656.069,-262002.4166,42653.6523,524.9978,1017.9897
-304562.2751,-262002.7946,42559.4805,504.8931,1041.7802
-304653.4384,-261885.8525,42767.5859,489.8241,1008.6605
-304829.4626,-261969.072,42860.3906,503.915,1009.6116
-304662.0692,-262025.2449,42636.8242,503.0999,1045.9107
-304581.6939,-262001.6822,42580.0117,495.0715,1036.3987
-304338.845,-262039.8567,42298.9883,507.9624,979.3249
-304916.6021,-261985.4146,42931.1875,485.2526,1017.8515
-304950.5255,-262092.338,42858.1875,539.0846,1042.3331
-304436.7588,-261990.1221,42446.6367,489.8141,1021.0317
-304765.0851,-262073.5226,42691.5625,489.2794,1041.1076
-304654.8653,-262001.3301,42653.5352,509.2362,1059.3453
-304706.9973,-262029.7785,42677.2188,515.3892,1026.1658
-304527.2401,-261951.9003,42575.3398,529.0314,1066.1848
-304821.2809,-262026.2614,42795.0195,515.1033,1040.0357
-304780.7458,-262061.3083,42719.4375,511.5139,1110.7743
-304567.2741,-262008.7741,42558.5,501.458,1058.5254
-304508.2942,-262104.0949,42404.1992,491.5759,1066.664
-304335.5927,-261889.5185,42446.0742,539.7273,1066.8665
-304500.314,-261890.0992,42610.2148,469.9014,1077.6769
-304914.6922,-262085.4813,42829.2109,519.5492,1014.7376
-304734.0003,-262158.0277,42575.9727,510.4477,1029.9436
-304736.6073,-261965.7284,42770.8789,475.5817,1031.2346
-304521.6676,-261891.9019,42629.7656,474.9178,1050.7883
-304861.3093,-262040.8328,42820.4766,510.1401,1047.5478
-304301.0235,-261909.961,42391.0625,486.6143,1060.0881
-304743.0965,-261919.7567,42823.3398,500.3759,1021.0509
-304733.0786,-261968.3989,42764.6797,480.3093,1028.4895
-304855.2647,-262036.624,42818.6406,522.0535,1070.8218
-304843.7866,-262083.0718,42760.7148,517.1513,1079.4839
-304798.2461,-262002.8086,42795.4375,473.0974,1096.206
-304727.1865,-262028.7138,42698.4727,540.2469,1085.097
-304409.3868,-261980.0508,42429.3359,489.8779,1040.1453
-304682.4839,-262007.23,42675.2539,488.0356,1076.6084
-304650.7497,-261963.0193,42687.7305,520.2836,1049.5021
-304712.9015,-262050.9328,42661.9688,533.5835,1046.7205
-304741.442,-261994.1139,42747.3281,502.5356,1095.0638
-304811.4599,-261911.1357,42900.3242,529.2812,1040.8931
-304701.3233,-262002.8545,42698.4688,491.3229,1032.2479
-304692.9909,-262043.6041,42649.3867,506.8294,1034.7456
-304925.0608,-262062.5452,42862.5156,493.4162,1049.1804
-304813.745,-261948.8309,42864.9141,555.9174,1029.1989
-304780.167,-262061.1865,42718.9805,556.5384,1020.8669
-304720.0387,-262014.6597,42705.3789,507.366,1075.6456
-304764.2159,-262095.544,42668.6719,534.165,1060.3084
-304665.3218,-261998.5992,42666.7227,493.9929,1054.673
-304514.4602,-261935.6672,42578.793,528.3094,1078.0003
-304568.658,-261955.8415,42612.8164,518.2401,1038.5762
-304386.4153,-261903.4622,42482.9531,509.2168,1045.8553
-304793.6123,-261994.1748,42799.4375,497.3165,1028.693
-304312.9844,-261806.0,42506.9844,522.5746,1018.2905
-304537.5543,-261924.9097,42612.6445,483.7749,1040.8715
-304649.6949,-261961.8004,42687.8945,512.782,1043.5664
-304769.4302,-262010.9459,42758.4844,509.3142,1038.2741
-305005.2023,-262015.8312,42989.3711,505.9209,1035.0871
-304858.1296,-261961.1218,42897.0078,501.4285,1062.9893
-304855.3021,-262126.7943,42728.5078,490.6579,1020.4934
-304672.4588,-262005.3143,42667.1445,502.7733,1050.2825
-304412.3667,-261934.2221,42478.1445,497.4934,1074.4287
-304537.4549,-262006.3299,42531.125,505.2958,1051.2421
-304877.2985,-262071.4977,42805.8008,515.7288,1003.7203
-304607.8898,-261891.7765,42716.1133,519.3009,1046.1398
-304689.0004,-262035.4965,42653.5039,486.6077,1067.2372
-304836.8357,-262034.3826,42802.4531,496.8004,1055.9958
-304618.3898,-261949.9641,42668.4258,486.1783,1060.9619
-304903.2224,-262024.3084,42878.9141,515.0161,1055.8734
-304781.5598,-262050.6926,42730.8672,514.6531,1014.2434
-304423.4789,-261839.7054,42583.7734,485.9408,1060.1839
-304714.0401,-261963.1886,42750.8516,478.3762,1075.2773
-304186.5699,-261878.2066,42308.3633,522.4085,1043.029
-304813.4833,-262060.5731,42752.9102,487.6667,1070.4325
-305043.3298,-261941.6501,43101.6797,486.9291,1046.9268
-304643.9383,-261982.407,42661.5312,504.2181,1051.4147
-304472.3352,-261994.7531,42477.582,534.1378,1037.8741
-304902.361,-262095.8727,42806.4883,490.8976,1042.2862
-304576.5469,-261991.0782,42585.4688,489.4495,1029.7619
-304666.9901,-262012.2479,42654.7422,484.0218,1081.8137
-304576.6454,-261995.1258,42581.5195,480.8302,1046.5802
-304845.9885,-262023.7268,42822.2617,500.5462,1048.8315
-304912.5679,-261982.4585,42930.1094,528.0084,1035.682
-304838.32,-261990.7379,42847.582,501.3061,1043.4509
-304746.814,-262096.6421,42650.1719,524.6064,998.9349
-304923.0122,-261974.395,42948.6172,500.5223,1004.2265
-304686.4795,-261964.7256,42721.7539,523.8451,1052.3076
-304698.1874,-262012.5116,42685.6758,517.4272,1076.5131
-304936.8201,-262139.0897,42797.7305,500.8865,1097.2878
-304558.2523,-262014.8109,42543.4414,539.0428,985.4204
-304644.8517,-262057.215,42587.6367,476.687,1054.3385
-304567.0651,-262013.9323,42553.1328,436.3296,1043.2776
-304625.2331,-262000.1159,42625.1172,497.8234,1029.9171
-304653.5086,-261936.3016,42717.207,472.2362,1060.4616
-304521.5849,-261875.9091,42645.6758,500.3968,1078.084
-304874.3873,-261994.7936,42879.5938,502.583,1031.8108
-304599.7559,-261977.2051,42622.5508,510.1334,1056.4599
-304724.1306,-262000.3884,42723.7422,493.2296,1075.1535
-304698.0849,-261981.663,42716.4219,457.5787,1048.1882
-304399.4888,-262011.0279,42388.4609,517.6708,1095.1747
-304706.4865,-262009.6076,42696.8789,526.2536,1059.3631
-304739.0689,-262060.061,42679.0078,480.3591,1021.5213
-304489.8962,-261947.7634,42542.1328,553.5075,1072.0494
-304757.0614,-262035.1279,42721.9336,483.7441,1062.5461
-304615.3577,-261951.432,42663.9258,510.146,1009.5284
-304920.5643,-262042.1425,42878.4219,484.7985,1052.1648
-304697.6238,-262057.7371,42639.8867,477.0183,1068.8788
-304527.2361,-261994.4978,42532.7383,513.8681,1028.4573
-304406.9848,-261843.2348,42563.75,492.3942,1048.1749
-304723.7643,-262010.362,42713.4023,495.1067,1038.686
-304729.3589,-262029.4175,42699.9414,488.3672,1055.0615
-304485.8115,-262083.292,42402.5195,526.2637,1048.9782
-304613.0289,-262034.8922,42578.1367,507.4094,1064.273
-304683.8564,-262012.5048,42671.3516,482.3594,1044.6397
-304738.0413,-262067.264,42670.7773,487.4188,1069.8449
-304724.8246,-262000.6215,42724.2031,538.3149,1049.9859
-304578.3363,-261904.6918,42673.6445,525.6841,1064.2004
-304672.6266,-261935.611,42737.0156,519.406,1028.1065
-304804.1955,-262012.9455,42791.25,487.6482,993.109
-304477.9727,-261862.4961,42615.4766,462.7144,1021.0754
-304647.819,-261984.4362,42663.3828,487.2686,1077.7671
-304670.261,-262030.0501,42640.2109,494.0289,1025.7932
-304641.9515,-262049.2327,42592.7188,544.8594,1022.4306
-304655.0109,-261972.6749,42682.3359,515.8631,1055.6107
-304533.2687,-262088.3859,42444.8828,503.4552,1076.0673
-304691.7972,-262060.8323,42630.9648,489.8534,1031.6687
-304827.1878,-262119.0393,42708.1484,487.7514,1033.3803
-304477.2558,-262017.2988,42459.957,462.9949,1044.7574
-304753.1995,-261991.7308,42761.4688,495.7871,1043.8156
-304543.112,-261947.0846,42596.0273,531.8323,1030.0803
-304578.6676,-261995.9059,42582.7617,502.6667,1006.5994
-304797.3769,-261977.4824,42819.8945,507.1236,1074.1064
-304571.3654,-261908.6662,42662.6992,504.819,1030.2221
-304577.4434,-261969.6074,42607.8359,479.9951,1048.5726
-304596.8799,-262016.2158,42580.6641,494.603,1042.7252
-305075.0733,-262096.4287,42978.6445,504.3057,982.0507
-304419.4668,-261967.4395,42452.0273,485.7877,1049.6719
-304721.2046,-261971.6616,42749.543,511.5264,1044.8501
-304625.5498,-261967.6514,42657.8984,507.0969,1054.9991
-304881.0304,-262107.7999,42773.2305,500.7509,1047.0744
-304750.5825,-261907.6332,42842.9492,501.8429,1036.6143
-304530.24,-262062.3806,42467.8594,513.8148,1043.3002
-304765.7942,-261958.5755,42807.2188,517.1242,1059.8558
-304791.6876,-262046.7188,42744.9688,509.617,1026.153
-304895.6788,-262045.1397,42850.5391,531.8859,1015.3736
-304644.6226,-261969.8531,42674.7695,504.0455,1061.9262
-304634.168,-262055.4141,42578.7539,486.8924,1067.9115
-304713.3611,-262038.2009,42675.1602,485.9702,1029.3919
-304577.7108,-261996.035,42581.6758,499.5143,1026.9352
-304599.61,-262063.0397,42536.5703,486.7226,1042.4685
-304789.6729,-261911.5635,42878.1094,512.6773,1040.6036
-304501.0692,-261919.7489,42581.3203,485.3575,1016.8889
-304722.062,-261939.3784,42782.6836,508.9342,1045.0963
-304849.7739,-261933.02,42916.7539,509.6062,1030.6541
-304569.802,-261944.9699,42624.832,484.5993,1012.7858
-304543.7737,-261921.8636,42621.9102,510.7078,1047.6397
-304612.4442,-262015.4832,42596.9609,453.5868,1009.6855
-304866.3316,-262033.312,42833.0195,540.3906,1029.4502
-304756.436,-262036.2993,42720.1367,483.7746,1038.2248
-304731.4155,-261902.1108,42829.3047,499.9007,1089.4082
-304703.7787,-261902.0638,42801.7148,522.4874,1004.1175
-304625.1034,-262074.0214,42551.082,530.6389,1014.0798
-304493.9398,-262045.8539,42448.0859,468.9486,1061.3118
-304768.1339,-261979.0675,42789.0664,490.7494,1062.045
-304642.3408,-262010.3838,42631.957,528.2259,1000.8951
-304459.9575,-261858.149,42601.8086,492.5391,1037.3493
-304515.8432,-261958.3119,42557.5312,530.4588,1019.9781
-304891.8688,-262018.3844,42873.4844,485.4905,1061.8578
-304661.7124,-261952.5092,42709.2031,521.4626,984.6392
-304631.7814,-261904.7072,42727.0742,524.6649,1082.0523
-304565.823,-261985.7839,42580.0391,487.7094,1070.685
-304761.2014,-262052.2444,42708.957,503.0261,1031.2733
-304943.5484,-262007.6344,42935.9141,525.9868,1017.312
-304798.6697,-261964.8142,42833.8555,511.4519,1057.4126
-304782.9087,-262048.5259,42734.3828,489.4488,1063.2881
-304737.093,-262063.4484,42673.6445,529.2802,1034.3122
-304951.4163,-262043.9202,42907.4961,518.3531,1019.3952
-304902.1238,-262070.4519,42831.6719,490.4637,992.9145
-304493.8129,-262001.7778,42492.0352,498.0928,1060.6969
-304611.342,-262079.9788,42531.3633,540.7408,1065.3033
-304822.3915,-262023.1532,42799.2383,505.2933,1003.4462
-304478.9296,-262133.9062,42345.0234,510.3616,1071.0119
-304838.0874,-262052.0171,42786.0703,518.7709,1044.3273
-305064.2137,-262003.2567,43060.957,499.0367,1027.1626
-304646.7044,-261932.2786,42714.4258,514.0411,1018.8937
-304680.9876,-261971.2337,42709.7539,523.6178,1022.9012
-304797.2666,-262010.2158,42787.0508,478.92,1030.4279
-304786.729,-262031.733,42754.9961,490.5363,1056.7507
-304753.578,-262041.0311,42712.5469,499.6884,1042.3972
-304826.5338,-262100.026,42726.5078,474.6367,1057.6445
-304615.5387,-261949.0973,42666.4414,519.7716,1073.5918
-304595.5343,-261949.296,42646.2383,503.2349,1014.976
-304748.231,-262008.0123,42740.2188,511.5347,1021.7355
-304586.4213,-261898.6752,42687.7461,469.0634,1035.9326
-304541.9423,-261935.7821,42606.1602,540.6971,976.0674
-304609.3988,-261960.262,42649.1367,468.4995,970.1915
-304323.8954,-261857.5361,42466.3594,497.8913,1066.9609
-304913.2847,-262020.5464,42892.7383,514.0306,1032.3608
-304502.5195,-261951.5391,42550.9805,501.6128,1031.6952
-304972.7735,-262005.4961,42967.2773,503.4836,1039.7926
-304911.5686,-261942.2874,42969.2812,500.0998,978.6889
-304544.042,-261911.6592,42632.3828,503.8247,994.3739
-304659.216,-262036.8371,42622.3789,540.5436,1072.7514
-304941.8472,-262046.9722,42894.875,515.7438,1035.5429
-304483.1261,-261938.4307,42544.6953,483.3139,1042.0653
-304547.3455,-262025.0448,42522.3008,495.1555,1006.5469
-304957.7809,-262005.0738,42952.707,509.345,1072.3489
-304831.3351,-262048.9835,42782.3516,522.3188,1014.7166
-304586.2288,-261987.0257,42599.2031,504.5817,1046.7084
-304869.2605,-262120.866,42748.3945,513.5291,1030.3187
-304735.5489,-262027.881,42707.668,499.0029,1025.8303
-304892.9591,-262065.338,42827.6211,487.0696,1018.6567
-304561.2137,-261980.4325,42580.7812,526.0168,1022.0724
-304619.4573,-261978.9105,42640.5469,509.506,1050.3633
-304603.8902,-261981.273,42622.6172,494.5963,1066.0237
-304586.4431,-262016.5525,42569.8906,489.8818,1077.4186
-304781.5306,-262056.4915,42725.0391,513.1637,1048.9185
-304465.946,-262015.2663,42450.6797,480.8607,1046.4431
-304860.7868,-262061.9509,42798.8359,476.3163,1008.9921
-304878.972,-262016.7337,42862.2383,491.5484,1028.8504
-305069.676,-262103.9768,42965.6992,487.7864,1052.579
-304508.366,-262002.9129,42505.4531,518.4056,1048.4611
-304857.3138,-262038.9427,42818.3711,508.3172,1037.5631
-304683.2878,-262048.4479,42634.8398,487.1225,1094.7543
-304501.505,-261945.173,42556.332,489.521,1009.2595
-304653.1244,-261987.3471,42665.7773,508.4723,1046.9758
-304889.8606,-262027.4739,42862.3867,502.3821,1053.9777
-304783.1925,-262018.1183,42765.0742,517.4394,1046.821
-304712.8067,-262038.4004,42674.4062,516.4484,1014.1785
-304916.016,-262015.1527,42900.8633,571.5298,1032.8487
-304561.3545,-262089.5811,42471.7734,514.7162,1020.8031
-304472.9595,-262031.1899,42441.7695,528.6941,1030.7599
-304829.2825,-261984.9583,42844.3242,500.6744,1078.8392
-304748.3114,-261990.9325,42757.3789,493.9872,1022.9423
-304533.1676,-261967.3121,42565.8555,507.5253,1040.168
-304341.235,-261971.0202,42370.2148,502.8148,1005.2512
-304697.8686,-262020.0483,42677.8203,490.939,984.7381
-304672.2101,-262028.9328,42643.2773,491.5828,1004.5748
-304372.6444,-261921.3788,42451.2656,480.1817,1041.9483
-304558.5518,-261974.7432,42583.8086,519.9407,1041.8307
-304455.6106,-261819.4778,42636.1328,506.0382,1086.9377
-304844.8397,-261984.1327,42860.707,495.2219,994.4771
-304815.8944,-261971.3358,42844.5586,488.6516,992.5195
-304677.3774,-261972.1548,42705.2227,483.7937,1039.1722
-304837.1055,-262016.4375,42820.668,498.6208,1052.5259
-304528.4434,-261953.2637,42575.1797,504.0226,1043.1527
-304538.6449,-261930.0863,42608.5586,535.4815,1048.9005
-304740.0081,-261972.93,42767.0781,510.0365,1051.6991
-304695.5641,-262017.9469,42677.6172,545.8119,1026.5505
-304496.0282,-262008.7,42487.3281,487.5465,1020.4155
-304696.8774,-261977.0297,42719.8477,467.9149,1029.1836
-304719.3472,-262044.816,42674.5312,509.9243,981.468
-304889.9986,-262053.7525,42836.2461,475.5334,1024.5183
-304504.2246,-261986.4004,42517.8242,514.6061,998.9364
-304724.8859,-261904.4836,42820.4023,491.7831,1036.6348
-304861.0228,-262091.179,42769.8438,501.5236,1072.7028
-304566.1136,-261972.473,42593.6406,516.4839,1012.911
-304814.6238,-262024.9676,42789.6562,520.2795,1070.957
-304861.9618,-262013.5361,42848.4258,544.92,1046.3909
-304419.2488,-261914.8816,42504.3672,505.7158,1057.1736
-304742.3701,-262030.3545,42712.0156,489.3982,1100.3776
-304676.1113,-261942.9824,42733.1289,482.8962,1028.3166
-304686.0582,-261961.0309,42725.0273,495.0976,1029.1403
-304709.1969,-262038.4938,42670.7031,514.7721,1009.7142
-304785.2036,-261958.5357,42826.668,506.4505,1057.9379
-304520.8059,-262026.3411,42494.4648,455.8394,1051.6906
-304708.8768,-262072.0839,42636.793,517.1561,1036.2295
-304623.8385,-261945.1198,42678.7188,497.3076,1047.1193
-304632.5152,-261951.9058,42680.6094,451.4409,1033.6429
-304669.5219,-262039.2758,42630.2461,495.3035,1089.2923
-304440.5834,-261947.8334,42492.75,509.6861,1028.641
-304597.3485,-262013.8172,42583.5312,524.7818,1047.5673
-304685.2016,-261853.0727,42832.1289,522.2444,1062.3868
-304703.5484,-261987.7555,42715.793,496.7608,1053.3171
-304560.6022,-261898.2897,42662.3125,509.0119,1044.3111
-304550.1784,-261998.8581,42551.3203,490.8089,1065.9851
-304481.2228,-261953.8712,42527.3516,492.054,1044.0045
-304642.2452,-262012.2803,42629.9648,516.4465,1029.3461
-304521.381,-261919.8263,42601.5547,520.5347,1033.0114
-304895.4523,-262145.1163,42750.3359,491.0586,1022.2861
-304781.2572,-261989.097,42792.1602,498.9979,1017.837
-304719.9582,-261963.1496,42756.8086,508.8361,1071.8271
-304859.1488,-262011.6957,42847.4531,545.7238,1047.8981
-304726.004,-262028.547,42697.457,522.8965,1016.3623
-304596.381,-262024.1076,42572.2734,493.9372,1055.6353
-304614.9481,-261979.5224,42635.4258,519.1658,1027.6133
-304908.9406,-261995.4367,42913.5039,534.1617,1020.4341
-304783.052,-261998.259,42784.793,524.4504,1043.5264
-304624.3377,-261924.3181,42700.0195,513.9916,1013.5989
-304591.9023,-261845.6874,42746.2148,501.0196,1021.0746
-304744.7345,-262026.797,42717.9375,520.8471,1040.6314
-304713.3796,-262027.9187,42685.4609,499.5015,987.9184
-304950.3246,-262012.1957,42938.1289,509.2497,1054.899
-304661.584,-261956.6856,42704.8984,482.9733,1081.1906
-304672.7477,-262034.7712,42637.9766,513.3923,1034.4696
-304612.8773,-261975.4788,42637.3984,521.0035,1060.161
-304451.8873,-261951.7389,42500.1484,487.3307,1060.3962
-304543.2858,-262066.8522,42476.4336,470.4388,1077.5247
-304645.3821,-261995.7922,42649.5898,471.0048,1022.8663
-304684.6923,-261978.0165,42706.6758,526.572,1038.6587
-304889.419,-262041.1885,42848.2305,475.7401,1013.9369
-304497.0595,-261988.5908,42508.4688,523.4715,1023.9877
-304752.5265,-261951.5265,42801.0,506.4754,1017.3773
-304791.2618,-262059.6251,42731.6367,496.0612,1026.7833
-304686.3161,-261995.5192,42690.7969,486.8612,1053.514
-304622.5119,-261947.5197,42674.9922,514.8623,1034.9874
-304907.1476,-262071.2922,42835.8555,509.5194,1040.3918
-304717.0887,-261977.3035,42739.7852,511.0374,1076.9751
-304727.8147,-262017.5295,42710.2852,529.4084,1051.3693
-304543.512,-261932.7268,42610.7852,510.2907,1037.5804
-304644.5021,-261999.6505,42644.8516,516.3282,1068.6192
-304626.8803,-261954.5873,42672.293,498.8867,1019.1127
-304717.852,-261968.9067,42748.9453,498.6399,1083.4142
-304664.1893,-261982.9901,42681.1992,518.5781,1004.0112
-304724.719,-262047.8869,42676.832,508.1819,1035.0477
-304829.6371,-261912.9261,42916.7109,491.0674,1033.065
-304404.7469,-261968.161,42436.5859,481.5808,1104.875
-304543.5411,-261918.7481,42624.793,474.4506,1044.564
-304627.1469,-262068.9009,42558.2461,517.3926,1014.306
-304647.1029,-261982.5443,42664.5586,502.1725,1003.2288
-304707.1827,-262007.3976,42699.7852,483.2702,1070.6814
-304378.3533,-261994.283,42384.0703,524.6911,1059.4128
-304669.3631,-261984.9451,42684.418,514.5025,1007.2337
-304729.4578,-262031.0594,42698.3984,481.8208,1047.498
-304883.5211,-262008.7008,42874.8203,528.1186,1043.0837
-304577.3892,-262028.983,42548.4062,483.3068,1028.8421
-304550.8472,-261961.2886,42589.5586,523.0436,1053.9791
-304442.6673,-261973.2142,42469.4531,483.8917,1043.239
-304970.5931,-262108.5033,42862.0898,491.4955,1046.6754
-304998.3175,-262116.2862,42882.0312,476.4004,1050.0245
-304679.2064,-262051.347,42627.8594,515.3948,1054.6191
-304848.127,-262058.6934,42789.4336,466.9739,1019.5756
-304641.2488,-262121.7684,42519.4805,529.7416,1015.9584
-305000.6742,-262096.9086,42903.7656,466.7572,1036.8999
-304675.4329,-261971.8939,42703.5391,512.556,1010.3549
-304773.3866,-262000.5272,42772.8594,509.176,1018.4173
-304524.0058,-262000.9042,42523.1016,517.1248,1017.7221
-304725.4314,-262033.826,42691.6055,517.7866,1003.7658
-304692.286,-262025.247,42667.0391,508.9723,1035.6639
-304731.1146,-262025.5521,42705.5625,506.8137,1025.934
-304640.0305,-262008.1594,42631.8711,494.8564,1098.0294
-304628.1708,-262065.5302,42562.6406,501.4139,1039.7275
-304615.0164,-262044.5125,42570.5039,477.0082,1029.42
-304545.9229,-261935.0323,42610.8906,493.0458,1039.8704
-304731.7422,-261944.5547,42787.1875,531.1821,1046.3177
-304558.0964,-262095.9831,42462.1133,477.709,1042.0939
-304770.8269,-262019.2839,42751.543,478.958,1018.4355
-304519.2834,-261972.6584,42546.625,501.1229,1059.7906
-304646.2054,-262012.3421,42633.8633,495.2375,1082.0948
-304596.6896,-261965.0646,42631.625,491.58,1044.0415
-304636.4713,-262016.1471,42620.3242,533.6654,1003.1913
-304780.7765,-261999.9914,42780.7852,528.1281,1068.8574
-304796.0719,-262049.3415,42746.7305,484.8388,1005.1133
-304565.7976,-262054.5164,42511.2812,507.3439,1038.1026
-304701.83,-261981.1737,42720.6562,508.315,1030.7646
-304667.0954,-262009.8414,42657.2539,484.8735,1009.2081
-304858.659,-262172.9988,42685.6602,489.7785,1025.7834
-305070.8757,-262118.8406,42952.0352,499.1194,1057.5638
-304812.3761,-261942.6691,42869.707,491.9082,1003.7434
-304673.952,-261960.5262,42713.4258,497.0078,975.3014
-304742.4106,-262020.9028,42721.5078,472.6279,1052.7262
-304522.2407,-261985.2407,42537.0,480.2466,1029.2066
-304771.621,-261999.2851,42772.3359,472.383,1043.9437
-304484.0294,-261950.2364,42533.793,482.4325,1024.0431
-304681.2288,-262039.1702,42642.0586,466.7832,1036.3951
-304543.8964,-262065.9706,42477.9258,536.3961,995.5971
-304756.3885,-261998.7283,42757.6602,523.6113,1030.2987
-304765.63,-262099.3683,42666.2617,483.6227,1022.3715
-304914.5934,-262078.4802,42836.1133,522.6006,1057.6407
-304756.3322,-262044.0002,42712.332,508.0459,1023.3286
-304780.6901,-261991.3737,42789.3164,504.3979,1075.3254
-304761.028,-261940.8054,42820.2227,497.7591,996.5327
-304689.5637,-261999.4895,42690.0742,522.7608,1056.3977
-304755.944,-262080.8776,42675.0664,487.6414,1082.9827
-304707.3423,-261972.854,42734.4883,517.9807,1065.5564
-304778.2643,-262047.8463,42730.418,540.8062,1063.0826
-304682.4482,-262046.4756,42635.9727,499.3099,1054.3532
-304593.3412,-261924.4154,42668.9258,498.1203,1084.028
-304730.4805,-262060.9766,42669.5039,499.1913,1057.8382
-304919.2169,-261974.8263,42944.3906,497.6241,1019.5533
-304625.3374,-261986.3374,42639.0,519.5206,1032.9039
-304590.7833,-262065.049,42525.7344,495.0753,1028.254
-304716.0546,-262048.4999,42667.5547,494.5359,1070.8104
-304496.399,-261973.6842,42522.7148,485.4139,1014.4114
-304792.2662,-262043.8795,42748.3867,523.2971,1041.062
-304683.7882,-262031.0187,42652.7695,507.7421,1005.5014
-304684.1014,-262102.621,42581.4805,486.4549,1034.9179
-304776.1814,-262002.5603,42773.6211,493.8969,1044.1413
-304806.9171,-262065.1476,42741.7695,501.1706,1044.7857
-304876.6244,-262065.5853,42811.0391,522.8573,1029.1306
-304585.7622,-261989.2583,42596.5039,501.3221,1044.6244
-304903.2367,-262054.2289,42849.0078,486.5804,1027.8274
-304619.2577,-261957.6366,42661.6211,491.101,1088.5571
-304839.5759,-261998.3025,42841.2734,474.0575,1026.7954
-304737.1904,-261987.0693,42750.1211,517.723,1041.3534
-304445.4932,-261999.9854,42445.5078,472.9359,1082.3554
-304641.6906,-262080.7101,42560.9805,482.0957,1059.3877
-304565.6792,-261983.0464,42582.6328,529.4289,1033.9912
-304764.377,-262079.7364,42684.6406,476.7433,1016.5526
-304906.3399,-262147.4102,42758.9297,508.6062,1045.7804
-304712.4751,-261958.647,42753.8281,489.0385,1020.4623
-304622.0183,-261925.5613,42696.457,525.8261,990.7458
-304708.2828,-261980.2711,42728.0117,489.5882,1013.4614
-304734.6307,-262005.287,42729.3438,501.2424,1055.1915
-304572.9135,-261968.1479,42604.7656,515.9203,1054.0953
-304609.2314,-262018.5087,42590.7227,512.2583,1036.3055
-304686.9172,-262058.7688,42628.1484,509.6134,1011.7679
-304538.8801,-261997.7747,42541.1055,477.2819,1068.2254
-304479.3863,-261930.7222,42548.6641,520.3356,1029.132
-304608.9879,-262020.4293,42588.5586,508.0596,1060.5191
-304808.3304,-261948.3617,42859.9688,531.1585,1064.2387
-304714.9219,-262055.5743,42659.3477,487.3098,1036.5483
-304473.6827,-261893.0225,42580.6602,534.2214,1029.9957
-304453.8368,-261922.2978,42531.5391,532.2169,1062.0735
-304615.99,-262039.5135,42576.4766,530.925,1054.5459
-304637.2569,-261903.3194,42733.9375,502.0617,1046.0176
-304678.0352,-261974.7852,42703.25,516.4274,1070.0031
-304491.3929,-262009.8499,42481.543,511.2393,1027.1699
-304444.1848,-261905.7434,42538.4414,477.3186,1047.6774
-305013.2025,-262104.7025,42908.5,484.5905,1005.6989
-304645.2213,-261971.3385,42673.8828,520.9667,1037.4062
-304759.6775,-262040.7557,42718.9219,503.0137,1050.1162
-304703.846,-262046.764,42657.082,537.9302,1027.7569
-304630.9926,-261954.0043,42676.9883,466.7093,1025.6748
-304568.3365,-262003.5045,42564.832,503.9309,1042.739
-304640.4636,-261959.2683,42681.1953,485.2477,1069.1216
-304756.3608,-261972.978,42783.3828,490.1086,1051.9681
-304610.4973,-262051.4543,42559.043,471.428,1023.2835
-304872.4918,-261952.0972,42920.3945,534.516,1004.6969
-304801.9659,-262101.7784,42700.1875,493.4845,1078.2006
-304727.6106,-262071.8411,42655.7695,503.2866,1073.1049
-304568.9058,-261986.2534,42582.6523,480.6418,1019.1318
-304676.0084,-261891.9147,42784.0938,502.441,1078.6685
-304739.2815,-261968.0198,42771.2617,500.1603,1055.0385
-304756.4067,-261969.9613,42786.4453,487.4831,1068.2321
-304803.3057,-261958.583,42844.7227,539.4818,1025.1972
-304620.355,-261948.3238,42672.0312,485.8557,1022.2056
-304777.667,-262064.4443,42713.2227,501.9643,1026.254
-304715.0928,-261945.9796,42769.1133,488.1822,1042.2003
-304816.0853,-262101.5541,42714.5312,521.4252,1057.95
-304784.1679,-262152.3789,42631.7891,477.4626,1043.7802
-304763.3828,-262020.914,42742.4688,491.7276,1056.426
-304685.8826,-262066.824,42619.0586,487.6911,1065.6528
-304572.4827,-261962.5725,42609.9102,518.4502,1007.0219
-304677.7394,-262083.7941,42593.9453,497.0475,1035.107
-304546.8848,-261964.8301,42582.0547,472.9729,1013.2368
-304791.8481,-262044.0082,42747.8398,544.8382,1058.1568
-304717.835,-262049.3662,42668.4688,526.0243,1018.2095
-304634.8176,-262006.4699,42628.3477,507.5246,1017.6249
-304748.3104,-262130.2597,42618.0508,495.3487,1033.4487
-304606.8197,-261957.2377,42649.582,500.1667,1082.288
-304633.8576,-261934.9982,42698.8594,486.7469,1037.1844
-304683.3851,-261978.2679,42705.1172,476.1915,1073.146
-304531.6739,-261983.9004,42547.7734,511.9992,1032.7255
-304770.0961,-262049.7015,42720.3945,503.2029,1058.2167
-304630.1937,-261976.5843,42653.6094,492.9971,1038.2627
-304675.2561,-262022.2756,42652.9805,542.8622,1047.004
-304641.2062,-261951.3312,42689.875,493.2085,1053.2266
-304653.1893,-261956.1503,42697.0391,508.3936,1047.8762
-304756.4568,-261971.5271,42784.9297,494.871,1026.2776
-304833.8023,-262014.9898,42818.8125,490.2663,1070.3598
-304739.9503,-262007.4151,42732.5352,507.4531,1014.32
-304703.7766,-261916.2414,42787.5352,520.8491,993.7097
-304673.8277,-261924.4332,42749.3945,538.8251,1038.7548
-304810.8576,-262004.5138,42806.3438,529.2441,1048.5062
-304628.071,-261972.1374,42655.9336,480.5986,1054.9222
-304853.7244,-261910.74,42942.9844,510.6226,1046.5611
-304651.4112,-262009.9229,42641.4883,525.0067,1031.5711
-304629.3561,-261930.6335,42698.7227,494.6471,1046.4996
-304597.0831,-261958.3214,42638.7617,464.2517,1033.0052
-304697.8444,-261942.2506,42755.5938,496.717,1039.3383
-304635.4255,-262055.8122,42579.6133,515.4354,1041.5182
-304588.6662,-261914.4435,42674.2227,512.0111,1056.0001
-304913.4868,-262097.4478,42816.0391,489.8514,1024.1136
-304715.3866,-262081.5194,42633.8672,485.9941,1032.035
-304839.3593,-262028.3788,42810.9805,461.2016,1020.7828
-304668.5706,-262028.9221,42639.6484,465.5752,1047.9455
-304863.8272,-262047.6241,42816.2031,513.1612,1020.0346
-304637.6045,-261986.0967,42651.5078,519.5558,1006.9361
-304579.3102,-261991.0837,42588.2266,496.8539,1058.5733
-304585.4949,-262028.6277,42556.8672,491.6901,1080.8213
-304509.9676,-261955.8621,42554.1055,518.0795,1033.5625
-304593.2077,-262033.235,42559.9727,509.7875,1065.1479
-304770.7774,-261992.3906,42778.3867,501.7367,1005.924
-304764.2925,-262008.0698,42756.2227,484.5546,1066.455
-304589.6458,-261939.927,42649.7188,465.3695,1036.8291
-304568.1328,-261950.9531,42617.1797,495.8101,1069.0928
-304591.9002,-262023.5447,42568.3555,522.5143,1024.2568
-304574.3144,-261929.4667,42644.8477,491.5994,1052.746
-304518.6744,-261914.7682,42603.9062,493.5772,1005.5765
-304686.6236,-262008.2408,42678.3828,502.0603,1043.3285
-304608.9632,-261989.6468,42619.3164,503.0713,1066.8558
-304557.1517,-262026.6322,42530.5195,505.583,1084.7154
-304760.6792,-261994.937,42765.7422,506.3171,1038.0228
-304731.0944,-262067.0514,42664.043,509.8946,1043.6408
-304538.3712,-261999.8985,42538.4727,512.9089,1025.2737
-304955.9203,-262032.518,42923.4023,500.603,1042.0457
-304641.1894,-261970.3222,42670.8672,500.864,1045.9434
-304674.8161,-261996.2224,42678.5938,499.1843,1008.4581
-304628.7342,-261978.074,42650.6602,496.5685,1068.7449
-304521.6959,-262010.5943,42511.1016,524.4061,1045.5119
-304707.6348,-261984.2012,42723.4336,492.954,1029.8864
-304649.6731,-262001.6731,42648.0,502.5147,1044.7027
-304861.9099,-262030.1638,42831.7461,494.989,1048.4623
-305004.8833,-262100.1138,42904.7695,510.359,1024.8426
-304900.159,-262150.2254,42749.9336,507.8468,1062.4746
-304828.6748,-261988.1631,42840.5117,479.0647,1059.2384
-304495.2724,-261933.6318,42561.6406,469.8484,1023.0894
-304719.3172,-261984.5399,42734.7773,506.4731,1035.3398
-304843.7342,-262036.4842,42807.25,490.5723,1057.2108
-304528.0799,-262034.8065,42493.2734,506.1649,1040.1184
-304856.3437,-262035.1484,42821.1953,495.7536,1054.6869
-304910.2935,-262022.524,42887.7695,502.2976,1029.2671
-304869.1551,-261985.1707,42883.9844,485.4699,1050.2035
-304983.4436,-262030.549,42952.8945,476.7529,984.0178
-304732.1091,-262033.9177,42698.1914,528.7833,1044.1219
-304738.9495,-262015.5979,42723.3516,493.6768,993.0314
-304871.2126,-261967.6892,42903.5234,478.4475,1075.0771
-304873.4198,-262049.0604,42824.3594,540.3404,1032.9097
-304880.9268,-262027.5127,42853.4141,473.4409,1057.892
-304747.3168,-262029.8793,42717.4375,543.7006,1073.5673
-304687.8958,-261951.2279,42736.668,537.3087,992.6155
-304845.5873,-262131.1341,42714.4531,488.5828,1001.6435
-304693.9847,-261902.2699,42791.7148,513.888,1075.4198
-304527.5824,-261968.2504,42559.332,514.2558,1048.4609
-304552.8497,-261990.5372,42562.3125,502.4087,1038.0326
-304850.9673,-262054.1977,42796.7695,489.6781,1023.533
-304481.6469,-261972.268,42509.3789,500.4924,1037.9374
-304790.854,-262035.2798,42755.5742,503.8299,1073.3737
-304861.5123,-262016.7467,42844.7656,535.3856,1036.3027
-304778.7763,-261967.7958,42810.9805,495.4639,1031.56
-304527.9079,-261943.947,42583.9609,504.7049,1013.785
-304818.6363,-261905.7809,42912.8555,495.5935,1040.8093
-304748.5867,-262012.739,42735.8477,533.5031,1073.0705
-304686.5234,-261958.6718,42727.8516,509.9936,1043.7621
-304712.9157,-262008.5329,42704.3828,512.9367,1051.6942
-304932.933,-261975.3549,42957.5781,499.4536,1060.5124
-304561.4863,-261979.2988,42582.1875,505.0382,1010.5747
-304817.3917,-262048.712,42768.6797,505.9855,1021.6099
-304644.6016,-261984.457,42660.1445,528.8918,1084.8533
-304735.1812,-261932.146,42803.0352,480.8035,1031.2061
-304737.3942,-261976.2419,42761.1523,491.7399,1060.337
-304811.3096,-261999.0791,42812.2305,485.9199,1068.1763
-304682.0099,-261927.0333,42754.9766,479.0218,1068.1383
-304768.3291,-262006.3916,42761.9375,511.3621,1059.3256
-304364.6116,-261948.8851,42415.7266,507.5983,1043.1345
-304510.9111,-261953.2236,42557.6875,500.9877,1038.8803
-304739.4047,-261926.3031,42813.1016,504.4408,1038.8089
-304608.9159,-261948.58,42660.3359,503.7836,1011.5467
-304708.9682,-262026.1127,42682.8555,510.5504,1074.8333
-304480.6966,-262005.7434,42474.9531,526.3802,1083.9636
-304736.46,-262031.8272,42704.6328,498.3868,1019.7146
-304960.8096,-262101.587,42859.2227,503.0368,1052.3934
-304677.7976,-262036.5476,42641.25,508.1869,1037.2388
-304506.9067,-261978.4497,42528.457,506.2287,999.3066
-304624.3929,-261953.1038,42671.2891,514.6526,1062.8267
-304460.3011,-261971.141,42489.1602,503.3408,1022.993
-304701.8682,-261976.8877,42724.9805,504.2737,1041.4081
-304685.7435,-262025.6107,42660.1328,497.5052,1051.1436
-304755.4712,-261930.5806,42824.8906,522.4454,1053.5698
-304793.9573,-262033.6097,42760.3477,496.8405,1014.0759
-304730.35,-261990.9516,42739.3984,498.0726,1059.1936
-304981.5274,-262046.3438,42935.1836,492.4572,1025.1996
-304784.1929,-261989.4664,42794.7266,499.6068,1029.9768
-304848.4477,-262029.3149,42819.1328,490.9993,1090.4233
-304640.5209,-261999.267,42641.2539,499.3037,1070.7256
-304752.8366,-262099.9889,42652.8477,510.5682,1057.5487
-304492.4168,-262027.4285,42464.9883,524.469,991.9101
-304781.4813,-262012.829,42768.6523,527.1211,1036.4047
-304750.6837,-262013.172,42737.5117,534.618,1038.401
-304718.8464,-261962.9597,42755.8867,521.136,1057.2246
-304577.4824,-262079.3144,42498.168,547.0719,1056.6417
-304756.9389,-261996.646,42760.293,486.2551,1009.3315
-304897.0348,-262097.1091,42799.9258,510.3,1040.4898
-304995.9792,-262114.5691,42881.4102,518.4303,989.1679
-304706.1537,-262014.0209,42692.1328,456.4449,1045.7834
-304563.5059,-261939.0528,42624.4531,470.1489,1007.5554
-304514.9459,-261972.0436,42542.9023,526.0795,1019.499
-304690.9931,-262004.2822,42686.7109,455.509,1044.0081
-304775.2003,-262008.8604,42766.3398,490.7574,1009.761
-304615.4958,-261942.8083,42672.6875,555.988,1050.8674
-304950.0241,-261997.8483,42952.1758,531.9017,1062.4919
-304800.7479,-262022.6268,42778.1211,504.3686,1064.0849
-304733.1858,-261968.3069,42764.8789,490.7342,1030.852
-304674.1594,-261980.4368,42693.7227,506.6306,1074.6268
-304648.9385,-262087.5518,42561.3867,514.0531,1004.6921
-304708.8937,-262030.7453,42678.1484,512.9576,1071.3145
-304811.1667,-261940.3308,42870.8359,530.2971,1071.7341
-304958.7743,-262096.9813,42861.793,501.5913,1033.6435
-304828.1107,-262005.0794,42823.0312,536.9196,1074.5605
-304538.1248,-261976.1326,42561.9922,529.0659,1037.4795
-304660.2056,-262036.8463,42623.3594,495.3957,1057.9235
-304387.7728,-261887.9603,42499.8125,509.2123,1080.8241
-304348.2833,-261909.8458,42438.4375,495.862,1033.4864
-304913.5614,-262030.4208,42883.1406,507.7955,1055.1893
-304422.4557,-262003.5182,42418.9375,497.7077,1026.535
-304460.2433,-261969.1417,42491.1016,494.6092,1035.4568
-304707.8229,-261967.0494,42740.7734,519.3973,1009.4147
-304513.1534,-261974.38,42538.7734,500.8208,1026.7745
-304482.7206,-262052.6425,42430.0781,546.0126,1021.9568
-304672.0037,-262027.2341,42644.7695,516.6498,1018.958
-304483.0792,-262010.5362,42472.543,490.2994,1076.4537
-304740.0007,-262048.9265,42691.0742,543.695,1015.5447
-304621.4087,-261924.94,42696.4688,503.5622,1023.1199
-304642.0771,-262032.1787,42609.8984,490.237,1026.5442
-304500.7609,-262040.9016,42459.8594,474.4361,1018.0113
-304843.2773,-261954.4491,42888.8281,544.1846,1021.502
-304613.5096,-261996.4042,42617.1055,515.5295,1063.3383
-304643.1293,-261973.7074,42669.4219,497.6816,1077.2994
-304443.8356,-262004.2653,42439.5703,508.2373,1073.1033
-304646.3677,-262011.7114,42634.6562,527.2884,1072.6484
-304885.9658,-261953.0673,42932.8984,482.0699,1087.8651
-304667.0272,-262017.6483,42649.3789,493.6371,1080.1585
-304895.6843,-262020.3484,42875.3359,493.9576,1032.0409
-304711.2331,-262098.6472,42612.5859,521.4031,1059.4743
-304535.6037,-261935.2756,42600.3281,487.0849,1045.6919
-304670.8718,-262000.3015,42670.5703,483.1435,1056.4302
-304816.82,-261985.406,42831.4141,484.4742,1064.2544
-304851.7018,-262054.5807,42797.1211,505.0367,1051.4271
-304609.3095,-262030.8915,42578.418,523.7155,1064.898
-304470.4526,-261912.8823,42557.5703,505.3452,1061.3668
-304780.3296,-262101.0328,42679.2969,585.472,1006.5714
-304641.9252,-261934.1361,42707.7891,504.248,1041.5361
-304754.5622,-261999.6169,42754.9453,527.9286,1010.3262
-304756.8613,-262078.4511,42678.4102,456.124,991.4243
-304636.9235,-261995.0251,42641.8984,492.887,1040.4728
-304669.4076,-261999.6498,42669.7578,493.2712,1028.9462
-304767.4714,-262038.1159,42729.3555,490.0147,1041.0252
-304819.3654,-262005.2443,42814.1211,485.2608,1051.9434
-304776.1822,-262034.5181,42741.6641,491.9443,1064.0965
-304541.3422,-261994.1938,42547.1484,528.1657,1062.6699
-304697.9147,-262060.0944,42637.8203,526.531,1002.2935
-304841.2498,-262116.3787,42724.8711,482.6518,1045.6736
-304702.5523,-261922.0796,42780.4727,503.4014,1030.4161
-304515.6226,-262000.7476,42514.875,503.0993,1032.3476
-304391.3558,-262012.2308,42379.125,503.0419,1047.4066
-304704.1165,-262027.8352,42676.2812,470.0111,1030.3693
-304870.8854,-261960.3736,42910.5117,488.8204,1081.9994
-304650.0887,-261995.909,42654.1797,510.6521,1068.9257
-304571.3262,-262111.0098,42460.3164,490.5256,1015.3954
-304501.108,-261937.9908,42563.1172,519.9058,1067.1265
-304817.7832,-262097.8535,42719.9297,512.6352,1014.6796
-304560.9778,-262018.7708,42542.207,496.3333,1034.4601
-304704.6802,-261941.1763,42763.5039,497.6454,1034.7691
-304651.6579,-262012.5173,42639.1406,506.98,1009.1426
-304618.8155,-261920.5343,42698.2812,504.555,1067.7873
-304630.151,-261933.7877,42696.3633,500.3129,1045.776
-304659.3597,-262071.637,42587.7227,495.0948,1042.0129
-304568.6899,-262048.768,42519.9219,494.0054,1103.9738
-304939.7559,-262073.2559,42866.5,500.7387,1030.4658
-304727.3315,-262040.4722,42686.8594,541.1636,1055.6631
-304840.1607,-262043.6451,42796.5156,509.3885,1046.8264
-304703.1663,-262054.3733,42648.793,524.1663,1072.4362
-304837.6871,-262033.6558,42804.0312,514.5907,1055.1142
-304617.6567,-262024.4067,42593.25,504.4055,1042.4395
-304629.3636,-262026.3909,42602.9727,526.2058,1055.1221
-304585.3516,-262103.9258,42481.4258,521.4645,1020.928
-304717.5964,-261976.6941,42740.9023,493.8377,1052.0685
-304579.558,-262008.0541,42571.5039,505.8247,1052.414
-304698.117,-261931.7693,42766.3477,508.9848,1015.8254
-304505.6336,-261954.5437,42551.0898,531.6626,1019.0833
-304575.8822,-261986.6243,42589.2578,528.3009,1062.7285
-304635.1274,-261990.1509,42644.9766,491.577,1052.0662
-304625.8284,-262007.0041,42618.8242,528.7023,1043.3085
-304745.9114,-262067.8684,42678.043,506.2449,1047.3882
-304853.7914,-262028.7055,42825.0859,462.2585,1023.3421
-304822.8721,-261984.3603,42838.5117,470.4791,1071.5155
-304508.7872,-261958.67,42550.1172,494.3089,1009.0441
-304737.2793,-262031.5801,42705.6992,469.5114,1037.2229
-304501.403,-261942.8092,42558.5938,505.0311,1038.7719
-304425.9141,-261858.8242,42567.0898,508.327,1022.1448
-304664.5256,-261939.635,42724.8906,505.6526,1053.8131
-304807.152,-261938.6872,42868.4648,498.2653,1062.2945
-304953.2452,-262126.5577,42826.6875,512.643,1063.0159
-304675.197,-261977.7048,42697.4922,538.4513,1024.9757
-304718.218,-261949.5813,42768.6367,487.6269,1034.2037
-304738.4976,-262030.1343,42708.3633,461.3447,1021.8134
-304652.7213,-262027.9323,42624.7891,501.2386,1042.1817
-304850.1756,-262036.8826,42813.293,486.1374,988.794
-304682.4355,-261952.3652,42730.0703,521.7356,1014.322
-304732.8019,-261961.755,42771.0469,510.4193,1044.4695
-304836.1193,-261992.1232,42843.9961,484.0142,1022.9724
-304842.7366,-261954.9397,42887.7969,484.0593,1017.3844
-304339.2013,-261855.8966,42483.3047,515.9359,1000.182
-304912.3211,-262094.0125,42818.3086,508.3058,1058.4258
-304893.8457,-262017.9043,42875.9414,525.4083,1053.819
-304609.0435,-262070.8873,42538.1562,494.5428,1075.1357
-304747.0637,-261958.1926,42788.8711,495.7834,1028.5553
-304771.4018,-261988.0033,42783.3984,482.9885,1062.2425
-304668.9998,-261942.9255,42726.0742,509.9359,1082.5277
-304762.4408,-262032.5228,42729.918,512.2278,1070.8916
-304601.7758,-261968.8695,42632.9062,494.0495,1057.438
-304808.8262,-261925.2755,42883.5508,500.8864,1049.842
-304710.0623,-262051.6952,42658.3672,521.3962,1032.8418
-305024.709,-262025.9121,42998.7969,457.4981,1066.8596
-304706.3307,-262041.8932,42664.4375,484.2233,1025.1345
-304708.7827,-261945.5483,42763.2344,504.5696,1043.4487
-304701.2894,-262029.1214,42672.168,495.3336,1076.0962
-304629.7054,-261946.3109,42683.3945,499.2834,1035.709
-304516.9777,-261930.1066,42586.8711,521.824,1032.9286
-304548.8643,-261960.2588,42588.6055,476.4886,1032.3447
-304551.5219,-262022.8071,42528.7148,486.115,1051.7072
-304785.0289,-261942.0211,42843.0078,495.5657,1057.963
-304588.0035,-261947.8004,42640.2031,504.4743,1097.1004
-304682.6853,-261994.1033,42688.582,484.9712,1055.5454
-304703.0436,-261925.8053,42777.2383,494.3019,990.3022
-304611.9809,-261923.1176,42688.8633,510.8505,1062.3237
-304787.0421,-261967.6163,42819.4258,509.608,1035.5314
-304766.3051,-261926.7426,42839.5625,464.0764,1058.1041
-304733.707,-262054.4609,42679.2461,491.4862,1062.6611
-304738.9635,-262012.4713,42726.4922,483.3175,1023.015
-304643.2173,-261996.7408,42646.4766,481.7186,1069.0904
-304546.6817,-261997.0294,42549.6523,519.0288,1074.4118
-304576.0488,-261995.08,42580.9688,499.325,995.305
-304814.4532,-262142.3086,42672.1445,538.6843,1017.2186
-304817.7035,-262021.5121,42796.1914,483.9128,1050.3706
-304699.875,-261921.4219,42778.4531,506.3536,1037.0802
-304518.1577,-261954.2788,42563.8789,525.7175,1058.2469
-304660.4609,-262037.6758,42622.7852,501.8101,1063.369
-304605.8189,-262080.0728,42525.7461,480.7213,1051.6669
-304825.1362,-262017.7183,42807.418,491.3575,1065.8215
-304638.8278,-261958.5504,42680.2773,496.4033,1022.2474
-304437.31,-261851.5092,42585.8008,538.3641,1003.9576
-304691.8677,-262075.8794,42615.9883,476.306,1012.77
-304458.2149,-261898.336,42559.8789,477.5151,1030.6993
-304603.6315,-262019.069,42584.5625,533.2852,1011.8093
-304664.079,-261998.3798,42665.6992,543.1185,1030.0866
-304537.2688,-261991.1594,42546.1094,483.0385,1030.0877
-304965.4758,-262092.4993,42872.9766,512.9485,1026.7731
-304649.6711,-261972.9133,42676.7578,486.6437,1018.9745
-304837.2984,-262074.189,42763.1094,493.9674,1087.7233
-304749.9982,-261950.8849,42799.1133,492.9242,1033.4645
-304478.3099,-261873.8685,42604.4414,544.3592,1029.1758
-304580.5152,-261946.8238,42633.6914,508.5082,1036.6595
-304758.464,-261982.2023,42776.2617,497.2597,1038.2638
-304420.4003,-261899.8574,42520.543,503.8121,1059.3613
-304719.3137,-261936.3332,42782.9805,506.3822,1033.7587
-304564.8555,-261915.4883,42649.3672,491.531,1038.9126
-304636.3539,-261929.5805,42706.7734,474.4492,1028.7917
-304641.8402,-262012.2035,42629.6367,494.1393,1034.3034
-304678.5294,-262029.3654,42649.1641,510.0865,1045.3893
-304716.2544,-261951.9028,42764.3516,512.2737,1023.9612
-304601.2021,-261840.5888,42760.6133,488.6279,1042.5487
-304590.9547,-261941.1031,42649.8516,506.9002,1041.0861
-304897.5425,-262022.0268,42875.5156,477.3216,1044.1419
-304713.578,-262025.371,42688.207,520.5484,1036.9986
-304828.0149,-262042.5267,42785.4883,482.1054,1039.7738
-304580.3745,-261865.187,42715.1875,492.1893,1021.5522
-304729.6592,-261948.3272,42781.332,486.9571,1056.0679
-304645.9548,-262017.7556,42628.1992,490.1895,1030.6895
-304777.2727,-262067.4876,42709.7852,495.2105,1085.1027
-304945.7677,-261993.3576,42952.4102,498.9091,1069.7022
-304505.0059,-261994.4121,42510.5938,527.5059,1057.7091
-304674.59,-262012.8283,42661.7617,510.9415,1043.7154
-304738.3749,-261997.2655,42741.1094,472.4586,1039.5313
-304529.5569,-261821.0608,42708.4961,533.5283,1044.9257
-304376.0449,-261990.5878,42385.457,479.3399,1064.0284
-304597.1268,-261876.8534,42720.2734,505.1866,1043.3553
-304768.5749,-261938.3053,42830.2695,578.3675,1004.6617
-304605.249,-261979.3194,42625.9297,472.4577,1046.6784
-304987.0004,-261998.1294,42988.8711,496.9001,1033.7003
-304785.4192,-262004.4621,42780.957,504.0801,1067.4676
-304677.4969,-261983.4773,42694.0195,497.9472,1051.1167
-304548.1558,-261935.8745,42612.2812,513.956,1054.5553
-304636.4474,-262021.8224,42614.625,491.6712,1048.7208
-304845.2131,-261997.2873,42847.9258,506.4404,1030.7706
-304570.3209,-261821.11,42749.2109,470.6737,1066.5851
-304727.6102,-261971.9422,42755.668,482.5678,1024.1767
-304621.0433,-261936.2894,42684.7539,555.1795,1048.029
-304567.0272,-261883.664,42683.3633,502.4413,1034.0122
-304835.0044,-262098.7349,42736.2695,504.4292,1057.9869
-304851.2297,-262048.5501,42802.6797,513.5275,1039.0457
-304661.5033,-261884.5072,42776.9961,507.6488,1029.1926
-304598.5162,-262060.9264,42537.5898,522.3148,1071.085
-304684.5259,-262000.3579,42684.168,509.8773,989.8688
-304764.6521,-262130.4333,42634.2188,531.7288,991.2748
-304479.3115,-261905.9404,42573.3711,500.3467,1019.8892
-304815.7738,-261995.602,42820.1719,495.8584,1060.6855
-304781.6543,-261978.6504,42803.0039,491.3455,1049.2847
-304508.0871,-261869.8606,42638.2266,463.9174,1044.0693
-304562.9202,-261915.1429,42647.7773,502.0674,1059.5601
-304681.5507,-261988.1093,42693.4414,523.1351,1026.6716
-304634.6512,-262007.6316,42627.0195,528.5182,1019.9972
-304502.2282,-261895.2478,42606.9805,517.5875,1067.1456
-304725.6238,-262012.3465,42713.2773,493.173,1029.7324
-304736.0713,-262010.4776,42725.5938,548.0225,1060.6707
-304690.778,-262022.0436,42668.7344,504.455,1024.0072
-304726.388,-262036.8372,42689.5508,506.276,1081.283
-304607.4723,-262005.1051,42602.3672,524.8057,1069.1873
-304588.1475,-261876.1827,42711.9648,496.4127,1031.447
-304749.3538,-262071.3851,42677.9688,490.7313,997.7605
-304828.8586,-262006.7609,42822.0977,487.8366,1057.9345
-304572.6679,-261921.9061,42650.7617,529.7793,1046.2355
-304681.5457,-262075.4832,42606.0625,505.0852,1025.1879
-304676.3478,-261953.0978,42723.25,482.6619,1024.5514
-304591.3093,-261908.4578,42682.8516,506.3322,1018.4363
-304765.6336,-262028.2508,42737.3828,505.8533,971.6227
-304803.3221,-262003.3182,42800.0039,518.7716,1081.3347
-304671.2393,-261991.6572,42679.582,488.9788,1080.5548
-304578.8437,-261970.3945,42608.4492,492.2778,1030.8274
-304430.8712,-261942.2188,42488.6523,504.1363,1036.7893
-304614.2592,-261913.7826,42700.4766,523.7632,1054.6842
-304858.278,-262117.8601,42740.418,489.4543,1035.565
-304488.3877,-261975.29,42513.0977,494.9314,1016.8719
-304499.8239,-261982.6403,42517.1836,485.0786,1016.5635
-304734.8801,-261984.8449,42750.0352,507.2008,1054.5161
-304495.3279,-261835.2185,42660.1094,503.3719,1038.1302
-304597.7023,-261952.3429,42645.3594,534.9118,1045.3869
-304662.3217,-261996.3061,42666.0156,494.485,1036.0477
-304630.6461,-261978.4469,42652.1992,533.1775,1067.0745
-304589.38,-261966.4659,42622.9141,486.3559,1041.8148
-304532.4545,-261939.2748,42593.1797,504.6018,1046.6041
-304920.2438,-262015.5172,42904.7266,509.5233,1049.0185
-304657.453,-261973.4803,42683.9727,482.4745,1048.9566
-304502.0352,-261919.4063,42582.6289,473.6397,1020.1273
-304721.7738,-262058.6253,42663.1484,521.0285,1056.2627
-304707.2286,-262024.4942,42682.7344,486.343,1054.9003
-304757.523,-262038.5269,42718.9961,494.1199,1064.7704
-304689.2581,-262016.0745,42673.1836,492.8328,1047.2662
-304482.8455,-262048.9002,42433.9453,500.7192,1092.2718
-304660.593,-262049.5578,42611.0352,537.418,1060.2679
-304737.1751,-261963.1517,42774.0234,469.4079,1016.7839
-304383.1812,-261939.357,42443.8242,493.0504,983.0489
-304761.7078,-262013.7586,42747.9492,492.8032,1056.6022
-304529.9615,-262016.3639,42513.5977,532.9213,1037.1481
-304878.1443,-262049.0622,42829.082,506.6708,1029.838
-304600.7339,-261947.7613,42652.9727,531.6175,1059.8299
-304609.1555,-262000.3781,42608.7773,525.3685,1021.3511
-304748.195,-261925.1677,42823.0273,510.5032,1048.3283
-304897.1993,-262007.0235,42890.1758,507.4146,1044.3093
-304462.7346,-261956.1643,42506.5703,525.4899,1011.7673
-304825.2611,-262063.7025,42761.5586,470.414,1078.2388
-304569.3428,-261987.0732,42582.2695,490.3571,1034.2207
-304716.1761,-262004.4613,42711.7148,512.4122,1031.6288
-304681.4621,-262056.8957,42624.5664,515.666,1018.0421
-304918.9033,-262132.5009,42786.4023,497.74,1014.7177
-304631.6105,-261924.173,42707.4375,492.6626,1044.1599
-304594.8478,-261871.5197,42723.3281,537.2914,1055.2301
-304521.6866,-261938.5851,42583.1016,534.6274,1062.663
-304695.0533,-261947.7564,42747.2969,518.1513,1000.1279
-304946.5136,-262049.6425,42896.8711,521.4647,1066.0839
-304874.5152,-262114.691,42759.8242,504.2004,1039.9039
-304586.8773,-261962.2835,42624.5938,499.032,1006.7271
-304699.3049,-261925.4729,42773.832,486.1737,1023.8296
-304720.3276,-262010.6557,42709.6719,490.5913,1050.4206
-304582.498,-261980.5839,42601.9141,504.2191,1028.4202
-304827.4877,-262012.0619,42815.4258,480.1462,1006.4976
-304788.5092,-261990.2827,42798.2266,491.6962,1005.124
-304764.7535,-262003.1871,42761.5664,491.209,1062.5625
-304732.048,-261987.0363,42745.0117,468.8999,1070.6424
-304527.6001,-261904.5767,42623.0234,519.7569,1069.9043
-304225.6967,-261843.0327,42382.6641,500.6267,1018.2295
-304479.3308,-261933.4753,42545.8555,506.4932,1013.4183
-304596.8585,-262022.3507,42574.5078,499.9352,1049.8824
-304774.1384,-261963.111,42811.0273,465.7375,1005.3825
-304643.8455,-261892.0838,42751.7617,515.3298,1021.3838
-304573.5568,-261961.8967,42611.6602,490.8204,1006.1225
-304868.2413,-262034.8038,42833.4375,503.8491,1060.3446
-304545.4385,-262065.7002,42479.7383,515.7485,1032.6029
-304846.2928,-261993.3944,42852.8984,509.1515,1063.4181
-304681.2226,-262075.082,42606.1406,499.6677,1041.0842
-304774.8505,-262002.5927,42772.2578,506.0137,1003.5009
-304738.4969,-262068.3563,42670.1406,491.576,1062.638
-304562.7337,-262008.6868,42554.0469,521.3184,1039.3558
-304698.8871,-262046.0121,42652.875,507.6784,1067.7265
-304618.4023,-262017.6015,42600.8008,498.8121,1074.9323
-304478.8943,-261965.5505,42513.3438,471.2642,1052.7935
-304564.018,-261993.979,42570.0391,496.7883,1062.8586
-304687.7094,-261971.2484,42716.4609,501.0358,1035.885
-304893.585,-262052.7725,42840.8125,508.4,1068.1637
-304523.3254,-262047.1886,42476.1367,521.5408,995.4636
-304626.4752,-261927.5651,42698.9102,493.434,1048.147
-304626.7308,-262029.7738,42596.957,482.9529,1028.1444
-304603.2577,-261945.3788,42657.8789,511.9643,1069.6449
-304484.7346,-261976.0588,42508.6758,479.8994,1052.0877
-304381.5399,-261978.8524,42402.6875,510.2187,1028.2767
-304611.2427,-261959.6763,42651.5664,501.5461,1029.2374
-304759.0131,-261919.5444,42839.4688,482.7929,1010.1215
-304621.4238,-261897.5019,42723.9219,502.683,1016.195
-304821.2067,-261963.9294,42857.2773,493.5977,1011.1117
-304774.2468,-262007.3835,42766.8633,509.743,1048.3388
-304800.8332,-262086.2277,42714.6055,502.0551,1015.8754
-304629.5679,-261949.0054,42680.5625,496.8167,1032.053
-304856.9408,-261958.2494,42898.6914,518.0075,1033.8959
-304585.7061,-262027.9756,42557.7305,509.2292,1049.5545
-304626.3366,-261987.4108,42638.9258,544.0488,1032.2499
-304678.2198,-261943.837,42734.3828,520.6626,1030.5206
-304677.4567,-261908.9645,42768.4922,499.5031,1055.133
-304753.6892,-262044.9783,42708.7109,527.3297,1071.6743
-304526.3151,-261953.6941,42572.6211,512.1117,997.5338
-304600.5224,-261943.7333,42656.7891,517.8842,1046.1204
-304766.0431,-261998.1798,42767.8633,501.2545,1034.1387
-304472.5815,-261980.4214,42492.1602,516.1399,1014.9032
-304967.0658,-262146.4642,42820.6016,513.2769,1078.9825
-304577.7232,-261921.6295,42656.0938,525.029,1054.751
-304479.8196,-262064.4915,42415.3281,488.3605,1038.6022
-304586.936,-262038.2017,42548.7344,469.2167,1042.9377
-304924.4965,-262152.5356,42771.9609,489.9352,1029.9303
-304699.5973,-262001.0231,42698.5742,478.395,1036.442
-304688.9612,-261996.6956,42692.2656,523.2618,1044.4606
-304442.9239,-261971.4785,42471.4453,483.6801,1036.8135
-305044.6478,-262140.2533,42904.3945,500.1683,1046.7108
-304893.3599,-262037.1802,42856.1797,509.7649,1047.7447
-304705.316,-261938.9762,42766.3398,534.3754,1078.1774
-304739.8458,-262039.752,42700.0938,493.6484,1045.0412
-304667.5161,-261946.0278,42721.4883,508.6299,1032.7926
-304469.6352,-261927.7758,42541.8594,509.0214,1030.3598
-304642.9323,-261948.1745,42694.7578,495.1616,1013.6888
-304597.4149,-262002.0009,42595.4141,495.7358,1044.0052
-304721.265,-262000.0072,42721.2578,490.4795,1006.0487
-304813.1737,-262014.498,42798.6758,476.2481,1045.7103
-304680.9142,-261957.6056,42723.3086,502.7713,1065.5886
-304828.7534,-262001.8276,42826.9258,501.5829,1015.2321
-304978.7189,-262092.254,42886.4648,515.4686,1054.1519
-304771.8344,-261964.5649,42807.2695,500.1636,1024.7864
-304754.7057,-262008.2916,42746.4141,485.3072,1021.1249
-304737.455,-262057.9277,42679.5273,518.9236,1029.8559
-304747.2351,-262039.2663,42707.9688,520.582,1047.2079
-304768.9992,-262019.8703,42749.1289,505.9426,1072.4006
-304593.1609,-262062.1102,42531.0508,515.6525,1082.3846
-304623.4938,-261923.0133,42700.4805,477.312,1005.5782
-304919.653,-262019.4069,42900.2461,506.0592,1045.5096
-305017.7007,-262172.3609,42845.3398,525.7796,1095.3913
-304750.0994,-262089.6228,42660.4766,532.1319,1057.408
-304708.6191,-262108.6269,42599.9922,499.7211,1036.8041
-304819.5652,-262003.2332,42816.332,486.1926,1058.8251
-304536.3686,-261967.8569,42568.5117,489.7366,995.54
-304556.7787,-261974.6772,42582.1016,503.1635,1002.4977
-304645.0696,-261992.8391,42652.2305,476.1603,1028.1359
-304848.4749,-262008.5647,42839.9102,520.6926,1061.8297
-304758.8014,-261959.8405,42798.9609,498.6978,1048.2033
-304736.2198,-262004.2823,42731.9375,493.1245,996.702
-304684.8316,-261980.4488,42704.3828,503.0783,1021.1265
-304667.5235,-261986.2384,42681.2852,500.988,1074.1138
-304736.1705,-262007.9244,42728.2461,482.8474,1033.009
-304704.4988,-261971.1706,42733.3281,501.5213,1049.1085
-304774.8923,-261931.0642,42843.8281,506.2277,1073.1153
-304999.3686,-262001.6186,42997.75,492.7405,1043.2873
-304514.2581,-262038.8362,42475.4219,533.5075,1013.8503
-304782.2778,-262041.1606,42741.1172,523.2222,1038.163
-304882.2937,-262074.7156,42807.5781,464.7789,1002.1542
-304692.6257,-262069.0242,42623.6016,493.5683,1029.5836
-304772.3414,-262006.6149,42765.7266,507.357,1101.6213
-304627.4965,-261942.1567,42685.3398,475.4254,1044.5721
-304797.7154,-262027.1139,42770.6016,528.7257,1047.172
-304788.6004,-261989.5379,42799.0625,490.7248,1067.9073
-305059.1015,-262057.9882,43001.1133,509.4216,1017.6598
-304628.1837,-262004.2189,42623.9648,476.2225,1023.5048
-304749.443,-261931.8883,42817.5547,489.8276,1058.808
-304750.3219,-262004.2555,42746.0664,497.7909,1004.0843
-304852.9897,-262016.7826,42836.207,490.6026,1048.5442
-304962.2349,-261984.7583,42977.4766,510.71,1011.93
-304744.5414,-262037.9867,42706.5547,516.8115,1060.9992
-304800.5519,-261907.509,42893.043,468.3221,1052.4377
-304696.3559,-262060.0903,42636.2656,536.5611,1055.3055
-304672.4582,-262014.6222,42657.8359,488.3922,1062.5069
-304754.4074,-262005.1301,42749.2773,473.8315,1001.0545
-304711.0993,-262042.0212,42669.0781,512.3964,1039.6678
-304754.278,-262011.0359,42743.2422,518.0398,1008.923
-304447.957,-261934.2226,42513.7344,547.3153,1029.9993
-304586.2948,-262010.1151,42576.1797,522.8732,1036.0625
-304618.8043,-262185.816,42432.9883,519.9669,1023.5523
-304429.7263,-261918.8631,42510.8633,501.1101,1048.8608
-304805.5496,-261918.7957,42886.7539,489.5543,1030.8783
-304494.1442,-262007.4489,42486.6953,480.8328,1025.5253
-304756.2365,-261980.8107,42775.4258,532.3641,1071.178
-304670.0542,-262013.8394,42656.2148,537.7252,1074.776
-304660.3628,-261988.5854,42671.7773,523.7248,1084.7187
-304683.1895,-261975.4434,42707.7461,499.962,1087.9888
-304873.4151,-262043.7901,42829.625,492.1305,1076.2166
-304512.744,-261938.2596,42574.4844,499.841,1055.4838
-304649.1561,-261958.2303,42690.9258,539.7045,1064.3115
-304609.3155,-261976.1632,42633.1523,502.1168,1053.5012
-304788.451,-262001.7166,42786.7344,504.0074,1000.9244
-304663.8196,-261885.4954,42778.3242,505.2087,1020.7141
-304613.2845,-261934.7689,42678.5156,510.2398,1063.1704
-304561.3894,-261940.0261,42621.3633,540.1645,996.8906
-304716.402,-261918.4919,42797.9102,507.8992,1015.922
-304682.8823,-261945.9917,42736.8906,488.3807,1057.5424
-304840.0169,-261996.8606,42843.1562,542.761,999.7727
-304703.1036,-261955.795,42747.3086,504.9454,1008.2227
-304914.3861,-261938.472,42975.9141,470.8303,1007.0857
-305065.452,-262013.8777,43051.5742,500.7399,1045.553
-304703.1327,-262065.5155,42637.6172,527.7333,1049.9041
-304741.9079,-261975.1071,42766.8008,495.2812,1058.8684
-304776.2067,-261934.4528,42841.7539,479.3426,1039.0677
-304659.3219,-261998.9352,42660.3867,463.9945,1029.3091
-304517.5763,-261994.5997,42522.9766,507.766,1046.2579
-304526.1005,-262033.4443,42492.6562,499.7847,1008.8065
-304771.7413,-262081.1866,42690.5547,513.0572,1047.3369
-304939.4092,-262031.6475,42907.7617,482.3289,1050.1498
-304651.2159,-261903.7589,42747.457,487.7456,1023.2076
-304501.1509,-262003.3774,42497.7734,490.9153,1057.483
-304650.7003,-261965.1573,42685.543,511.5509,1048.4589
-304771.51,-262000.4084,42771.1016,521.6144,1013.2044
-304569.0945,-261939.3797,42629.7148,528.0423,1037.6624
-304769.9965,-261986.3715,42783.625,487.4544,1016.4295
-304664.6294,-261958.4653,42706.1641,510.9866,1039.8475
-304719.3028,-261983.834,42735.4688,523.3391,1027.241
-304796.7587,-261838.0868,42958.6719,510.8949,1042.0769
-304647.3052,-261984.1099,42663.1953,513.8619,1025.7775
-304752.902,-262050.3824,42702.5195,494.9333,1026.5704
-304870.4992,-262105.4641,42765.0352,514.241,1039.2849
-304973.2497,-262041.9059,42931.3438,531.3877,1049.5967
-304652.438,-261957.4887,42694.9492,537.4946,1015.7413
-304876.4699,-262099.3059,42777.1641,506.3201,1058.4022
-304543.3471,-261905.7494,42637.5977,489.887,994.386
-304464.9748,-261890.9201,42574.0547,489.5272,1067.0519
-304692.7913,-262018.4241,42674.3672,513.9857,1049.8697
-304634.5456,-261976.7136,42657.832,501.7137,1030.5748
-304897.2042,-262042.7081,42854.4961,507.1949,1035.3686
-304879.0094,-261961.5055,42917.5039,523.9722,1078.5553
-304548.2595,-261987.2986,42560.9609,500.7026,1029.295
-304606.899,-262004.3013,42602.5977,501.7828,1073.3085
-304761.847,-261928.4368,42833.4102,496.4142,997.6576
-304754.4316,-262096.2167,42658.2148,535.5525,1037.4123
-304644.0605,-261938.209,42705.8516,542.4934,1022.0946
-304556.6795,-261926.8904,42629.7891,474.3231,1075.3552
-304707.5039,-261876.1757,42831.3281,478.1185,1019.6748
-304537.3266,-261962.729,42574.5977,496.8651,1018.4177
-304666.6977,-261984.8306,42681.8672,523.7298,1025.8505
-304638.1219,-262022.7586,42615.3633,497.2695,1015.1286
-304955.2727,-262012.9562,42942.3164,474.422,1020.4214
-304551.1302,-262039.388,42511.7422,501.2733,1016.0131
-304850.2454,-262004.761,42845.4844,503.1805,1020.9701
-304852.0947,-261983.0165,42869.0781,464.353,1047.7979
-304572.7354,-261938.294,42634.4414,499.4954,1042.1356
-304762.2795,-262066.842,42695.4375,498.1723,1018.8102
-304676.7663,-261941.5202,42735.2461,506.5863,1017.1236
-304622.2334,-262005.7998,42616.4336,518.7715,1015.7
-304403.7818,-261893.5279,42510.2539,505.7681,1030.0491
-304898.9786,-262075.5489,42823.4297,501.7801,1014.0648
-304766.7466,-262039.5865,42727.1602,479.1891,1062.8594
-304726.7508,-261962.9149,42763.8359,508.8742,1040.472
-304932.7413,-262092.2843,42840.457,515.6743,1022.826
-304408.286,-261981.6102,42426.6758,520.705,1039.5077
-304722.6428,-262081.9475,42640.6953,495.123,1070.0721
-304568.4667,-261952.451,42616.0156,501.4429,1058.6112
-304566.9189,-261975.6455,42591.2734,507.3785,1029.9431
-304684.5107,-262049.3466,42635.1641,527.5556,1035.222
-304930.5031,-262070.257,42860.2461,482.6122,1036.1014
-304781.2967,-262090.285,42691.0117,525.3942,1049.6589
-304726.3501,-262089.8619,42636.4883,501.1707,1048.0071
-304430.262,-262009.9066,42420.3555,539.1667,1062.5411
-304906.6763,-262045.6607,42861.0156,509.7617,972.5305
-304701.2958,-262038.745,42662.5508,507.5436,989.8704
-304642.1944,-262037.6475,42604.5469,515.7793,1046.8452
-304540.9862,-261999.7166,42541.2695,484.9511,1068.6422
-304665.132,-261984.1086,42681.0234,529.2726,1047.0465
-304561.6714,-261970.5268,42591.1445,489.9992,1027.6578
-304676.841,-261946.5871,42730.2539,505.9022,1041.6445
-304690.6429,-261966.5101,42724.1328,524.2521,1052.0719
-304854.1318,-262061.2607,42792.8711,512.3236,1065.1106
-304808.7206,-262088.1776,42720.543,527.6559,1028.1399
-304650.2073,-262114.7893,42535.418,507.6179,1064.6794
-304652.8078,-262011.1086,42641.6992,506.6935,1051.6963
-304742.443,-262040.9039,42701.5391,492.2542,1023.5759
-304719.9801,-262033.1169,42686.8633,505.7058,1030.2078
-304512.6639,-262041.742,42470.9219,474.2052,996.9845
-304616.5642,-262128.5213,42488.043,495.9509,1056.7991
-304669.8466,-262040.3388,42629.5078,498.8003,1025.3793
-304658.1008,-262011.6555,42646.4453,516.6715,1002.095
-304879.1939,-261986.565,42892.6289,504.0994,983.7213
-304571.22,-261925.6654,42645.5547,520.223,1044.0392
-304769.4836,-261957.3078,42812.1758,500.5219,1063.0747
-304720.6531,-261973.0085,42747.6445,528.3741,1048.2284
-304821.8771,-262010.4435,42811.4336,517.7701,1012.7527
-304707.6181,-262064.3759,42643.2422,469.6467,1064.0426
-304832.961,-262050.2384,42782.7227,481.9056,1053.5016
-304764.9549,-262004.1775,42760.7773,518.1386,1042.224
-304540.9563,-262019.4836,42521.4727,504.9308,1094.6576
-304564.2351,-261998.8445,42565.3906,515.8444,1090.9902
-304712.0328,-262067.7594,42644.2734,487.9264,1029.586
-304758.1386,-261962.8613,42795.2773,529.1845,1079.567
-304739.8974,-262019.3583,42720.5391,505.9291,1046.0871
-304935.7532,-262092.2102,42843.543,518.0772,1048.0019
-304838.2602,-261976.6626,42861.5977,491.355,1055.1599
-304590.9062,-261990.582,42600.3242,497.1611,1051.7448
-304513.2395,-262001.0324,42512.207,511.9243,1007.0026
-304549.6566,-261916.3206,42633.3359,538.9298,1001.7953
-304512.945,-261880.3083,42632.6367,523.8657,1002.0629
-304497.1276,-261930.0182,42567.1094,503.2502,1037.6078
-304549.9253,-261910.7417,42639.1836,515.4287,1069.3063
-304615.1788,-261950.2648,42664.9141,496.829,1056.6859
-304873.2536,-262024.07,42849.1836,510.8643,1030.1887
-304571.7928,-261949.41,42622.3828,519.0842,1062.9398
-304916.1696,-262053.7594,42862.4102,481.155,1059.9492
-304605.0117,-261963.3906,42641.6211,492.3725,1025.6768
-304496.2692,-261934.3082,42561.9609,523.7172,1040.9204
-304463.1158,-261984.651,42478.4648,518.3768,1024.2525
-304886.7749,-261965.4272,42921.3477,509.7579,1042.1024
-304729.5472,-261932.4926,42797.0547,509.1022,1052.2913
-304662.2402,-262001.4824,42660.7578,497.5776,1001.5985
-304752.6076,-261980.7443,42771.8633,519.5192,1034.8209
-304591.2063,-261994.8469,42596.3594,459.1599,1016.7282
-304764.0758,-261892.3609,42871.7148,465.9205,1025.6829
-304919.7029,-261983.0662,42936.6367,501.6721,1070.756
-304777.082,-261906.2343,42870.8477,462.5162,1000.847
-304746.969,-262029.3205,42717.6484,477.8575,1042.6251
-304640.3918,-261920.6575,42719.7344,496.4216,1025.7152
-304705.5038,-261880.5468,42824.957,509.674,1011.0475
-304657.7171,-262012.2444,42645.4727,507.2006,1052.0187
-304802.8182,-261965.326,42837.4922,513.7507,1059.5949
-304545.4568,-261807.9021,42737.5547,495.9955,1052.9354
-304535.0248,-261944.2592,42590.7656,505.4339,1008.3576
-304662.3243,-261990.1758,42672.1484,505.7957,1076.6809
-304527.4565,-261911.8159,42615.6406,525.3288,1058.1624
-304913.8076,-262022.4326,42891.375,495.1414,1047.1623
-304722.0197,-262039.9415,42682.0781,459.5266,1072.9177
-304667.4742,-261989.5055,42677.9688,521.7083,1086.0592
-304682.1502,-261939.2674,42742.8828,523.7646,1017.8444
-304597.4142,-261962.0861,42635.3281,491.8098,1071.4892
-304922.4627,-262076.0018,42846.4609,473.8363,1082.1563
-304581.3684,-261892.466,42688.9023,491.3478,1011.2769
-304676.9571,-262035.8203,42641.1367,514.4014,1076.617
-304599.3919,-262084.8919,42514.5,477.616,998.5467
-304855.2636,-261981.9199,42873.3438,492.8438,1027.0751
-304616.7266,-261973.461,42643.2656,527.0416,1019.3071
-304900.7866,-262054.853,42845.9336,545.6796,1045.2848
-304940.6599,-262082.4412,42858.2188,524.0732,1001.55
-304794.3915,-262005.0673,42789.3242,495.9508,1044.1306
-304614.528,-262013.2468,42601.2812,494.9096,1019.6852
-304487.339,-261982.5031,42504.8359,490.0976,1090.3123
-304788.9758,-262024.8782,42764.0977,505.4265,1104.8427
-304681.2988,-262026.6426,42654.6562,518.844,1047.9933
-304777.2996,-262045.4051,42731.8945,502.1549,1044.1901
-305133.6275,-262130.0455,43003.582,497.2989,1019.4377
-304720.1942,-261913.9481,42806.2461,504.5184,1050.4676
-304601.5134,-261935.3181,42666.1953,505.0888,1052.5841
-304658.7391,-261972.9969,42685.7422,530.8516,1034.1068
-304767.1424,-262065.9237,42701.2188,522.3024,1018.3353
-304795.6673,-262090.3236,42705.3438,469.0353,1053.2188
-304769.1164,-262106.468,42662.6484,474.4631,1051.7311
-305013.0802,-262092.2872,42920.793,528.2481,1041.6356
-304662.9546,-262002.2671,42660.6875,491.1331,1029.5444
-304838.732,-261996.4624,42842.2695,498.6313,1048.9382
-304637.5913,-262000.4898,42637.1016,503.1883,1070.7333
-304865.6596,-262196.7182,42668.9414,528.3332,1087.788
-304720.9808,-261961.3988,42759.582,508.1632,1052.2383
-304683.5067,-261950.6435,42732.8633,506.5528,1065.628
-304521.7078,-261897.1688,42624.5391,502.778,1057.3105
-304537.3016,-261944.3329,42592.9688,524.8455,1011.2997
-304614.2792,-261949.4238,42664.8555,510.9773,1038.8294
-304622.7839,-261913.3738,42709.4102,493.0981,985.0765
-304937.0315,-262019.6018,42917.4297,522.2669,1015.9948
-304855.9897,-261949.4506,42906.5391,479.2481,984.2793
-304668.1626,-261959.9673,42708.1953,492.3973,989.6519
-304759.8372,-262009.5012,42750.3359,501.273,1039.1913
-304708.0679,-261981.857,42726.2109,525.5817,1042.2179
-304629.8038,-262046.0499,42583.7539,489.2532,1044.013
-304601.436,-262056.9438,42544.4922,481.8655,1102.6595
-304641.8408,-262037.3564,42604.4844,539.0355,996.5563
-304877.8117,-262062.2648,42815.5469,482.6577,1065.2106
-304522.4383,-261945.5867,42576.8516,525.0666,1074.1665
-304707.6406,-262040.2461,42667.3945,480.3255,1050.0322
-304937.0741,-262049.4608,42887.6133,475.6911,1046.1571
-304524.7833,-262063.7247,42461.0586,510.7046,1069.3141
-304651.1436,-262008.0928,42643.0508,491.0887,1054.9853
-304820.7545,-262077.8287,42742.9258,498.8131,1018.5447
-304538.5231,-261968.3551,42570.168,494.5861,998.2995
-304769.2865,-261996.7006,42772.5859,508.8113,1009.9213
-304590.5622,-261886.2223,42704.3398,515.4807,1051.0448
-304854.8968,-261994.6038,42860.293,510.4232,1026.5179
-304622.6963,-261990.876,42631.8203,491.795,1051.1158
-304643.7947,-262035.2674,42608.5273,487.0402,1060.9051
-304666.2716,-261980.4474,42685.8242,519.5106,1077.1315
-304908.3803,-261944.5638,42963.8164,500.261,1027.5459
-304842.3962,-262136.7087,42705.6875,494.6658,1046.9757
-304817.0015,-262038.5328,42778.4688,505.6902,1014.6695
-304840.7643,-261993.0885,42847.6758,497.8538,1072.9863
-304807.5617,-262115.7687,42691.793,510.8141,1075.8168
-304668.5072,-261982.1009,42686.4062,496.2844,1065.6078
-304603.5822,-261923.4924,42680.0898,511.2236,1058.6228
-304438.9161,-261913.1153,42525.8008,507.5605,1068.0193
-304880.3757,-261994.7038,42885.6719,501.088,1059.4205
-304540.7608,-261908.2725,42632.4883,519.3791,1031.7012
-304627.4319,-261966.5686,42660.8633,494.6114,1026.9631
-304859.6112,-262048.8729,42810.7383,486.696,1027.2647
-304802.4408,-262070.9838,42731.457,513.7015,1065.4938
-304680.5555,-262023.8094,42656.7461,523.3109,1050.488
-304617.8252,-261895.0752,42722.75,519.7138,1044.8427
-304860.2566,-262049.405,42810.8516,511.3011,1023.7564
-304735.8108,-262012.7092,42723.1016,502.4176,1028.6346
-304755.3029,-262011.7052,42743.5977,530.2106,988.7796
-304682.0417,-262014.0144,42668.0273,519.0904,1021.8153
-304967.6965,-262042.5871,42925.1094,477.2514,982.2823
-304738.5467,-262068.9139,42669.6328,528.5896,1033.721
-304579.1719,-261994.4023,42584.7695,476.6576,1051.8391
-304658.7958,-261971.3817,42687.4141,504.1342,1092.3657
-305061.1031,-262017.8453,43043.2578,494.7798,1062.1136
-304718.4623,-261974.1069,42744.3555,514.2176,1039.7049
-304718.0031,-261963.8156,42754.1875,503.133,1072.8356
-304816.0288,-261944.7906,42871.2383,493.017,1035.0233
-304487.0977,-261965.086,42522.0117,496.1311,1021.1869
-304927.2325,-262131.0684,42796.1641,511.5538,1064.0428
-304803.8011,-261966.9417,42836.8594,496.1391,1079.0654
-304521.948,-261953.4011,42568.5469,489.8147,1034.7011
-304297.3914,-261971.7469,42325.6445,479.5217,1060.9936
-304496.2679,-261945.014,42551.2539,534.3378,1063.317
-304768.313,-262118.1255,42650.1875,510.8051,1036.2884
-304881.4633,-261988.186,42893.2773,481.6169,1031.7662
-304797.3262,-261989.9786,42807.3477,500.8199,1050.107
-304709.2141,-261972.7649,42736.4492,478.7468,1049.4239
-304691.4561,-261997.4521,42694.0039,513.4402,1057.0713
-304699.5114,-262076.3629,42623.1484,500.4246,1066.6309
-304841.0783,-262137.9104,42703.168,497.3674,1055.2463
-304887.3416,-262081.908,42805.4336,498.2782,1055.3523
-304834.9451,-261981.285,42853.6602,510.5521,1025.4285
-304658.0759,-261997.5798,42660.4961,492.4354,1042.9345
-304630.2196,-262016.7274,42613.4922,498.8476,1004.813
-304825.9804,-262005.539,42820.4414,471.5187,1071.1664
-304749.8852,-261971.2993,42778.5859,518.2077,1011.2021
-304443.5432,-262031.2425,42412.3008,530.609,1036.8098
-304576.095,-261925.9466,42650.1484,532.0329,1045.4434
-304614.7433,-261995.0245,42619.7188,509.0109,1013.0042
-304599.3595,-261897.8283,42701.5312,500.7596,1074.9007
-304724.3123,-262062.2069,42662.1055,494.2146,1038.1275
-304790.0054,-261936.9194,42853.0859,498.4108,1034.4174
-304741.5254,-262060.8574,42680.668,539.2499,1044.5019
-304583.9625,-261904.3844,42679.5781,494.5335,1029.6201
-304569.565,-261957.5298,42612.0352,489.2321,1020.6632
-304451.659,-261962.4051,42489.2539,535.4407,1051.211
-304683.9961,-261920.8945,42763.1016,516.3166,1061.9445
-304746.3702,-262116.0655,42630.3047,509.1585,1056.7852
-304366.3704,-261925.5072,42440.8633,487.3109,1046.3352
-304796.8094,-262011.1415,42785.668,499.2465,1012.0507
-304556.0769,-261977.5574,42578.5195,527.4946,1070.7616
-304649.6121,-261914.198,42735.4141,490.9005,988.7905
-304662.9485,-261988.0618,42674.8867,501.1767,1007.3352
-304766.7533,-261999.0893,42767.6641,496.7544,1017.1157
-304518.1713,-261989.0072,42529.1641,481.5964,1055.4836
-304589.7913,-262004.0101,42585.7812,484.2551,1010.4731
-304729.3199,-261967.8472,42761.4727,525.1998,1011.1305
-304600.0584,-261926.9998,42673.0586,486.6479,1048.3738
-304568.9899,-261912.818,42656.1719,496.3936,1069.8024
-304702.1836,-261969.5352,42732.6484,490.3115,1036.0517
-304625.1372,-261957.9419,42667.1953,543.3147,1035.8866
-304701.7752,-262037.158,42664.6172,527.4367,1065.4908
-304572.354,-261944.1431,42628.2109,534.88,1038.1309
-304632.7499,-262008.2733,42624.4766,461.0055,1057.5748
-304611.7409,-261963.2058,42648.5352,489.0082,1046.2558
-304402.8708,-261983.9138,42418.957,486.9273,1069.8277
-304653.1533,-262070.997,42582.1562,497.593,1050.2977
-304692.2253,-262065.9675,42626.2578,527.4935,1047.5944
-304546.1927,-261848.4857,42697.707,494.8904,1014.9826
-304615.4758,-261878.5891,42736.8867,503.8805,1065.0379
-304509.8622,-261865.7645,42644.0977,475.2885,1051.1234
-304830.0672,-261958.6492,42871.418,501.0914,1008.1871
-304661.0544,-261942.1208,42718.9336,512.4253,1060.647
-304834.8461,-261963.1468,42871.6992,506.6765,1022.5773
-304734.255,-262040.0636,42694.1914,529.1156,1064.9757
-304805.0333,-262051.5138,42753.5195,498.7598,1024.5399
-304268.09,-261956.6877,42311.4023,514.4619,1035.312
-304827.775,-261971.7632,42856.0117,504.1266,1012.0643
-304589.8141,-261859.0134,42730.8008,509.1983,1045.9453
-304583.0783,-262019.7775,42563.3008,497.3444,1025.258
-304741.9351,-261937.5601,42804.375,489.009,1039.4591
-304329.3429,-261912.4132,42416.9297,484.1402,1052.9293
-304632.1214,-262114.68,42517.4414,508.9203,1098.4989
-304578.9923,-261979.5118,42599.4805,456.2603,1023.8437
-304881.1568,-262037.3599,42843.7969,504.0439,1082.6073
-304766.4125,-262082.061,42684.3516,488.587,1041.4878
-304370.0463,-261930.1245,42439.9219,528.4225,1012.1338
-304661.2238,-261953.3488,42707.875,511.3457,1022.2798
-304267.043,-261949.1797,42317.8633,472.4033,1014.5934
-304684.9212,-261889.304,42795.6172,513.1598,1067.0839
-304675.6536,-261996.5364,42679.1172,520.2929,1000.8913
-304671.2125,-261976.8414,42694.3711,521.7351,1060.7066
-304831.8659,-262079.0066,42752.8594,529.8002,1078.6225
-304415.3521,-261969.942,42445.4102,503.2261,1047.8982
-304733.3311,-262054.0732,42679.2578,521.3006,1075.747
-304958.2547,-262034.2352,42924.0195,461.5314,1013.6731
-304589.8997,-261902.5208,42687.3789,511.4649,1041.4512
-304722.5733,-262004.5928,42717.9805,489.6578,1044.9229
-304648.6883,-262082.1843,42566.5039,507.4506,1050.6766
-304735.119,-261959.2323,42775.8867,503.1449,1058.9304
-304859.4125,-262082.1391,42777.2734,523.2184,1028.5174
-304762.6571,-262086.0438,42676.6133,504.3744,1058.0254
-304505.3666,-261955.4682,42549.8984,503.6497,1010.4806
-304807.4022,-262003.0623,42804.3398,468.3166,1062.3911
-304705.4044,-261986.4278,42718.9766,513.1103,1027.4521
-304597.2222,-261936.9292,42660.293,498.8553,1068.9943
-304795.9363,-262070.573,42725.3633,537.82,1010.6974
-304583.4597,-261899.28,42684.1797,524.0689,1030.685
-304597.6254,-261870.8441,42726.7812,496.5652,1009.0108
-304658.5654,-261909.3037,42749.2617,461.2358,1070.4582
-304698.9324,-261955.1863,42743.7461,467.9759,1058.3895
-304688.1996,-261933.0902,42755.1094,504.554,1043.2533
-304435.5075,-261907.0114,42528.4961,492.6432,1036.2214
-304546.932,-261965.5218,42581.4102,501.1173,1027.1225
-304583.2055,-262001.2875,42581.918,497.175,1067.474
-304390.8979,-261917.3588,42473.5391,514.668,1075.0956
-304673.907,-261997.4656,42676.4414,509.2727,997.2535
-304699.9004,-262059.2832,42640.6172,516.9321,1066.9379
-304553.9719,-261967.882,42586.0898,498.8522,1031.9238
-304606.3433,-261967.8199,42638.5234,483.9695,1047.4477
-304641.4382,-262008.8288,42632.6094,502.2297,1021.8724
-304760.7334,-262077.7099,42683.0234,444.9123,1059.3328
-304636.4817,-261973.5833,42662.8984,500.7975,1004.1362
-304846.3724,-262026.7982,42819.5742,497.7466,1061.4053
-304793.9228,-262044.8877,42749.0352,490.2616,1040.3728
-304475.6055,-261974.0665,42501.5391,495.4098,1084.451
-304417.8997,-261922.5325,42495.3672,504.3223,1045.184
-304622.7861,-261889.6416,42733.1445,504.727,1051.2492
-304725.7902,-261958.5949,42767.1953,480.4411,1029.9876
-304624.9854,-261949.8995,42675.0859,523.0462,1025.2883
-304710.1377,-261966.4619,42743.6758,536.73,1004.133
-304855.5946,-262012.954,42842.6406,541.3605,1057.3614
-304514.8445,-261995.9851,42518.8594,486.9516,1033.7919
-304713.8213,-262082.3448,42631.4766,522.2446,1034.3505
-304933.5795,-262000.4818,42933.0977,507.8096,1046.4312
-304709.1001,-262019.7563,42689.3438,473.9217,1057.6912
-304647.7902,-262023.5714,42624.2188,527.8325,1028.1891
-304732.573,-262038.0379,42694.5352,490.855,1069.1695
-304602.7562,-261970.9164,42631.8398,488.4864,1017.4485
-304736.1069,-262043.0561,42693.0508,492.9317,1052.0683
-304648.8514,-262087.0467,42561.8047,508.2252,1052.1986
-304680.8492,-261962.3921,42718.457,495.3908,1070.9554
-304632.1889,-261922.8725,42709.3164,523.7781,1016.2063
-304438.7083,-261936.7981,42501.9102,496.614,1040.1578
-304656.6048,-262031.7767,42624.8281,515.9749,1027.9045
-304687.6015,-261960.4218,42727.1797,514.1293,1041.6536
-304580.736,-261879.5993,42701.1367,472.599,1056.2855
-304868.4099,-262051.6443,42816.7656,511.4774,1041.6657
-304691.6379,-261993.6105,42698.0273,508.5834,1026.0663
-304631.7865,-261975.2123,42656.5742,504.561,1068.2185
-304934.5323,-261929.1573,43005.375,499.4855,1007.9545
-304793.6713,-262059.476,42734.1953,491.0601,1027.445
-304658.7628,-262070.8292,42587.9336,486.1607,1076.6317
-304819.3183,-262002.1269,42817.1914,547.8695,1044.663
-304747.3932,-261967.8854,42779.5078,479.7931,1033.7204
-304614.4227,-261901.3992,42713.0234,473.9529,1035.5726
-304672.6224,-261937.3997,42735.2227,482.8926,1026.0626
-304577.642,-262043.1107,42534.5312,504.8425,1023.6928
-304791.32,-261969.1442,42822.1758,477.3579,1042.0778
-304663.215,-261952.8635,42710.3516,495.2005,1021.5202
-304478.2133,-261951.1586,42527.0547,510.8682,1048.0008
-304660.4746,-262011.9199,42648.5547,492.9672,1027.2662
-304627.6557,-261916.144,42711.5117,489.9618,1023.8649
-304660.5058,-262011.2949,42649.2109,494.8958,1013.6687
-304607.9324,-261986.3035,42621.6289,503.9808,1050.1304
-304643.2159,-261969.6456,42673.5703,510.6843,1032.7892
-304656.9692,-262058.7113,42598.2578,448.9053,1005.9348
-304759.0217,-262015.6818,42743.3398,505.3885,1083.9131
-304594.7696,-261937.4806,42657.2891,507.8473,1069.7803
-304652.4381,-262064.692,42587.7461,496.2019,1017.009
-304571.2247,-262015.1739,42556.0508,489.9155,1044.3801
-304525.1652,-262003.7394,42521.4258,527.5704,1020.3343
-304627.0148,-261991.632,42635.3828,475.5276,1043.9239
-304409.4356,-261963.8067,42445.6289,526.1935,1009.0728
-304441.0685,-261852.1583,42588.9102,483.949,1026.1527
-304630.843,-261944.089,42686.7539,498.8444,1037.4986
-304948.1705,-262013.7095,42934.4609,482.9645,1032.4532
-304532.4488,-261983.1558,42549.293,523.4103,1048.7775
-304790.4394,-261963.08,42827.3594,489.3242,1018.9349
-304709.2009,-261925.1423,42784.0586,508.9876,1030.4409
-304729.9762,-261990.3473,42739.6289,519.7742,1051.698
-304640.7851,-261936.3125,42704.4727,503.2194,994.6405
-304664.4396,-261916.4084,42748.0312,511.7701,1045.6038
-304832.9121,-262107.2715,42725.6406,493.256,1031.4214
-304925.9184,-261991.1527,42934.7656,516.8069,1018.6344
-304730.7415,-262062.9876,42667.7539,539.5061,1036.0538
-304839.9698,-262047.3292,42792.6406,496.6224,1059.1751
-304700.1321,-262020.5267,42679.6055,533.8333,1047.3919
-304702.1498,-262013.685,42688.4648,495.7039,1032.6257
-304757.5709,-262036.7545,42720.8164,514.1609,1045.0031
-304512.4183,-261936.1526,42576.2656,522.4655,1032.9614
-304579.1964,-261979.0948,42600.1016,517.6469,1030.7526
-304864.9916,-261973.9799,42891.0117,507.1156,1042.2997
-304746.348,-262006.4535,42739.8945,520.6566,1048.2004
-304642.5946,-261944.2117,42698.3828,546.3739,1035.2195
-304523.9129,-262054.5262,42469.3867,542.3348,1028.087
-304655.0702,-261974.6639,42680.4062,518.7152,1060.3405
-304802.054,-262066.4486,42735.6055,483.5309,1064.3292
-304896.6359,-262038.4601,42858.1758,490.3527,1050.527
-304538.0293,-261918.3847,42619.6445,470.3354,1011.3014
-304526.245,-261917.6239,42608.6211,500.6966,1002.5648
-304597.3168,-261971.1683,42626.1484,519.0912,1043.934
-304589.5642,-261961.2283,42628.3359,524.7753,1054.8506
-304763.4381,-262086.1373,42677.3008,502.9215,1031.6906
-304547.0607,-261939.881,42607.1797,494.6377,1044.5211
-304730.8071,-262011.9555,42718.8516,514.2829,1025.0586
-304818.7016,-261919.6625,42899.0391,501.7175,1021.2149
-304766.2062,-262015.5265,42750.6797,497.9683,1094.3671
-304713.8825,-261970.4489,42743.4336,517.6758,1063.0133
-304536.9519,-261962.8112,42574.1406,568.7462,1082.3457
-304698.862,-262107.8737,42590.9883,519.8438,1085.1123
-304907.9048,-262023.7447,42884.1602,498.6595,1069.6522
-304836.6302,-261968.8528,42867.7773,493.6808,1012.6504
-304954.7942,-262088.2747,42866.5195,488.7748,1004.5954
-304724.9046,-262019.6858,42705.2188,489.0945,1072.1216
-304972.0523,-261987.7438,42984.3086,484.0961,1043.2391
-304792.5748,-261978.9185,42813.6562,513.0091,979.3853
-304565.6399,-261994.7063,42570.9336,505.8831,1013.7434
-304577.6608,-262004.4069,42573.2539,502.3232,1033.8698
-304879.8011,-262036.8831,42842.918,463.7601,1044.7281
-304812.3408,-262049.4424,42762.8984,500.613,1060.789
-304591.2065,-261990.0932,42601.1133,499.3325,1046.6579
-304874.8273,-262020.1476,42854.6797,545.8953,1080.2239
-304760.5511,-262047.141,42713.4102,521.6031,1032.2335
-304778.9872,-261991.495,42787.4922,533.149,1056.8985
-304828.1811,-261878.4311,42949.75,491.6106,1041.5554
-304538.3406,-261921.8132,42616.5273,503.4455,1006.9548
-304547.3482,-261980.0787,42567.2695,475.6007,1037.1715
-304723.5538,-262047.1983,42676.3555,490.0397,1045.0452
-304508.8364,-261903.2036,42605.6328,493.6625,1071.176
-304638.7074,-261961.1371,42677.5703,531.1561,1012.8481
-304991.134,-261999.1066,42992.0273,500.7744,1044.1997
-304752.7756,-262019.0959,42733.6797,523.8711,1022.0958
-304551.0775,-261937.0033,42614.0742,537.0297,1010.903
-304693.8077,-262031.0812,42662.7266,509.5061,1046.568
-304460.9618,-262069.9735,42390.9883,493.4299,1054.9438
-304609.0355,-261926.8949,42682.1406,497.3719,1039.0956
-304861.6356,-261982.9871,42878.6484,495.3629,1034.2585
-304728.227,-262046.4067,42681.8203,464.48,1006.3295
-304608.2126,-262053.6813,42554.5312,516.773,1030.0634
-304674.0795,-262082.4624,42591.6172,479.7312,1044.3315
-304651.0977,-262034.6602,42616.4375,497.3331,1052.1195
-304735.6609,-261999.0633,42736.5977,488.5922,1037.0762
-304528.3146,-261911.3966,42616.918,497.1189,1030.5564
-304780.5423,-262002.1126,42778.4297,497.6181,968.7566
-304503.3785,-261943.3785,42560.0,515.2474,1052.056
-304668.9009,-261972.772,42696.1289,498.2185,1086.6648
-304737.4823,-262035.1854,42702.2969,545.7641,1063.6013
-304721.6481,-261946.5622,42775.0859,506.4319,1040.5917
-304773.0844,-262068.9789,42704.1055,508.0632,1086.4082
-304571.8279,-261960.0311,42611.7969,514.3941,1041.7445
-304539.1503,-262007.2362,42531.9141,502.1691,1042.3564
-304381.478,-261952.6772,42428.8008,501.7351,1086.3136
-304652.8523,-262020.618,42632.2344,507.7386,1031.6912
-304705.2935,-261999.5786,42705.7148,506.1901,1057.5463
-304701.8837,-262023.9579,42677.9258,495.1063,996.857
-304638.9619,-262030.9268,42608.0352,524.8127,1063.3491
-304754.1697,-262026.6033,42727.5664,464.6993,1021.6886
-304582.362,-261930.6627,42651.6992,502.244,1015.4074
-304686.1949,-261942.5621,42743.6328,485.0478,987.9171
-304801.2293,-262004.9988,42796.2305,477.5902,1043.4906
-304857.7449,-262064.6433,42793.1016,462.1631,1036.4379
-304794.9199,-261988.459,42806.4609,465.2817,1033.0269
-304653.3281,-261904.8477,42748.4805,531.4429,1090.7156
-304533.0083,-262015.3169,42517.6914,523.6155,1058.2631
-304848.2284,-261986.2948,42861.9336,474.0376,1067.5827
-304866.9348,-261999.6106,42867.3242,466.3534,1049.8874
-304815.9753,-262072.5573,42743.418,504.6583,1011.8173
-304496.8904,-261943.4841,42553.4062,494.3683,1025.6689
-304571.0351,-262044.496,42526.5391,529.3383,1066.3216
-304660.8214,-261940.8917,42719.9297,490.1085,1066.6655
-304721.6421,-262013.9858,42707.6562,510.6034,1082.9986
-304749.1134,-261978.547,42770.5664,526.4642,1060.9114
-304779.2855,-261994.8246,42784.4609,490.6962,1028.8139
-304710.1795,-261940.1756,42770.0039,501.0482,1040.7359
-304627.5952,-261906.771,42720.8242,468.7766,1086.1235
-304569.1555,-261912.7844,42656.3711,505.5195,1052.7557
-304644.1698,-262082.3886,42561.7812,494.7228,1048.3633
-304535.9293,-261963.5699,42572.3594,493.0762,1069.335
-304980.4485,-261991.1556,42989.293,493.6678,1013.2161
-305076.8113,-262135.1004,42941.7109,507.4397,1049.1416
-304800.9616,-261997.5632,42803.3984,494.1674,1048.7643
-304900.6408,-262062.8869,42837.7539,503.6271,989.0083
-304530.2778,-261899.6372,42630.6406,498.9136,1086.5585
-304699.4683,-261938.5542,42760.9141,487.5658,1048.2891
-304923.3014,-262074.4225,42848.8789,516.2329,1024.9384
-304753.5412,-261960.1545,42793.3867,506.925,1030.0151
-304680.3132,-261907.7624,42772.5508,495.2443,1025.6457
-304454.9078,-261914.3453,42540.5625,518.8651,1020.5406
-304754.7693,-261953.4451,42801.3242,507.7553,1065.8854
-305014.5058,-262003.9668,43010.5391,493.7132,1040.9904
-305033.3574,-262031.8926,43001.4648,528.0423,1094.6964
-304525.6353,-261925.6353,42600.0,527.1914,1026.2471
-304784.1462,-262011.9001,42772.2461,518.2018,1019.1897
-304647.7926,-261904.7301,42743.0625,508.7517,1001.2315
-304637.3998,-262054.3959,42583.0039,477.0616,1035.1694
-304896.1485,-262059.9961,42836.1523,497.9005,1019.8519
-304559.2533,-262001.933,42557.3203,520.1028,1074.804
-304718.4091,-262029.2919,42689.1172,481.3059,1039.5918
-304717.3392,-262040.4486,42676.8906,486.6395,1003.5959
-304711.8455,-261997.9549,42713.8906,480.9973,1015.872
-304807.7669,-261960.2317,42847.5352,519.5022,1021.1221
-304934.5461,-262071.0109,42863.5352,521.3622,1030.2871
-304739.1113,-262075.2754,42663.8359,529.5863,1018.8468
-304770.0081,-262089.348,42680.6602,532.2289,1069.9296
-304858.2439,-262045.8689,42812.375,533.0542,1041.7122
-304684.1698,-262112.9941,42571.1758,498.0817,1089.7551
-304803.2448,-262016.8542,42786.3906,484.6004,1035.8484
-304745.4893,-262014.169,42731.3203,502.1806,984.8173
-304637.047,-261941.004,42696.043,487.689,1041.0911
-304459.6158,-261991.2916,42468.3242,519.5268,1050.9308
-304792.4473,-262054.0996,42738.3477,513.4623,1039.5164
-304516.5231,-261971.0934,42545.4297,513.5651,1056.6734
-304638.1657,-261955.4079,42682.7578,515.269,1015.3395
-304491.2737,-261955.1018,42536.1719,516.6695,1026.7563
-304679.472,-261993.3236,42686.1484,528.9382,1036.2238
-304648.2926,-261919.1051,42729.1875,513.6306,1028.9696
-304733.1656,-261992.7359,42740.4297,489.9995,1029.498
-304458.6188,-261983.111,42475.5078,519.5609,1063.232
-304385.3132,-261910.7351,42474.5781,527.4149,1021.1723
-304658.0398,-261995.1218,42662.918,517.2623,1073.3717
-304711.7752,-261937.5565,42774.2188,498.1966,989.339
-304646.9372,-262022.7224,42624.2148,529.6887,1041.3044
-304746.9254,-262001.5504,42745.375,542.5007,1045.4108
-304546.3906,-262026.4413,42519.9492,510.3882,1076.1359
-304676.2762,-261984.8348,42691.4414,496.8973,1033.7956
-304653.6517,-261970.4407,42683.2109,511.8498,1076.929
-304760.4512,-261960.0332,42800.418,529.7354,1015.0076
-304892.2202,-262099.6264,42792.5938,506.2324,1040.2259
-304904.0137,-261953.2012,42950.8125,511.619,1005.7752
-304647.37,-261952.3505,42695.0195,467.0089,1016.6628
-304758.2885,-261911.5502,42846.7383,507.3399,1031.5425
-304719.3462,-261954.9947,42764.3516,510.8465,989.5013
-304612.2851,-261939.4765,42672.8086,522.1337,1042.3716
-304700.1313,-262013.8149,42686.3164,495.9905,1042.1294
-304630.8273,-262136.0969,42494.7305,519.6932,1032.1802
-304442.7314,-261975.6885,42467.043,479.2976,990.3678
-304603.2651,-262001.4682,42601.7969,508.5965,1031.4354
-304792.2253,-261968.3073,42823.918,464.6806,1022.4145
-304904.8916,-261975.0713,42929.8203,522.0561,1013.0456
-304745.4317,-261971.6583,42773.7734,486.44,1027.5862
-304477.2648,-261833.3273,42643.9375,494.0427,1048.6526
-304586.6517,-261910.7142,42675.9375,530.0178,1019.7792
-304910.1826,-261906.4912,43003.6914,507.0917,983.8583
-304655.4732,-262075.3911,42580.082,523.9792,1036.8949
-304877.0377,-262016.1784,42860.8594,523.9898,1085.1734
-304851.6342,-262001.4389,42850.1953,513.0655,1077.0261
-304671.9678,-261981.4834,42690.4844,500.6011,1092.2614
-304593.5506,-261913.2693,42680.2812,504.6568,1042.5672
-304798.2905,-261958.7162,42839.5742,502.892,1043.4728
-304732.0717,-262058.7709,42673.3008,498.0934,1060.5924
-304675.6095,-261935.8322,42739.7773,519.0244,1077.9908
-304411.5479,-261912.044,42499.5039,492.1888,1044.693
-304527.2379,-261904.3707,42622.8672,477.429,1045.8924
-304809.8097,-262092.6183,42717.1914,519.2797,1061.2339
-304548.0437,-261925.7391,42622.3047,476.4064,1021.7906
-304566.8336,-261937.1071,42629.7266,517.81,993.8049
-304709.5096,-261997.0682,42712.4414,497.8373,1026.2727
-304777.4688,-261942.4102,42835.0586,530.7666,1063.5926
-304601.414,-261870.1601,42731.2539,515.516,1061.0401
-304678.2725,-261967.4132,42710.8594,492.6871,1042.7692
-304731.8742,-262025.6086,42706.2656,481.8379,1094.2279
-304543.3178,-261988.9546,42554.3633,500.0418,1033.3936
-304487.9139,-261905.5468,42582.3672,485.9693,1034.3173
-304680.6664,-262007.0648,42673.6016,529.2617,1044.5017
-304609.5808,-262021.2097,42588.3711,485.876,1030.2009
-304751.2973,-261999.3833,42751.9141,485.7789,1029.7506
-304815.501,-262021.8252,42793.6758,499.1326,1074.5205
-304528.5279,-261958.938,42569.5898,523.8125,1021.6966
-304543.9577,-261979.4069,42564.5508,486.726,1030.9134
-304511.7954,-261974.1314,42537.6641,493.3576,1080.7632
-304733.0443,-262072.9428,42660.1016,445.5284,1042.0834
-304515.2751,-262004.2907,42510.9844,520.8924,1081.9116
-304869.2107,-261977.3084,42891.9023,480.3956,1008.4297
-304856.1808,-261964.6769,42891.5039,515.7691,990.9243
-304813.3012,-261999.2426,42814.0586,492.957,1018.1758
-304851.3632,-262001.2656,42850.0977,483.2014,1025.6798
-304624.686,-261879.9594,42744.7266,513.5936,1014.4572
-304719.3258,-261949.6305,42769.6953,538.1682,1030.4107
-304588.1287,-261922.0779,42666.0508,504.0163,1018.4124
-304674.8981,-261999.3747,42675.5234,531.969,1021.1822
-304801.8098,-261963.8645,42837.9453,534.7754,1033.7156
-304715.8622,-262047.3192,42668.543,534.8146,1055.551
-304838.6053,-261935.9139,42902.6914,519.0508,1018.9029
-304462.881,-261847.674,42615.207,511.6092,1024.8035
-304760.8093,-261830.1843,42930.625,497.3613,1035.4509
-304602.4075,-261910.6692,42691.7383,501.8236,1066.0219
-304958.961,-262031.125,42927.8359,516.0437,1033.1196
-304503.1211,-262038.0664,42465.0547,484.5055,1039.7712
-304624.9771,-262025.0396,42599.9375,470.0632,1043.4096
-304497.7881,-261919.8311,42577.957,510.5974,1012.6444
-304513.7166,-261843.3025,42670.4141,500.1442,1083.6575
-304651.7311,-261963.6413,42688.0898,489.8911,1037.5701
-304656.2548,-261983.1063,42673.1484,503.6379,1071.4484
-304595.0417,-261927.5066,42667.5352,517.3286,1006.0773
-304733.0719,-262025.525,42707.5469,517.4509,1059.9789
-304639.4859,-261996.1656,42643.3203,529.3609,1061.0135
-304667.8737,-262048.6198,42619.2539,527.5985,1036.5409
-304833.5299,-261937.8854,42895.6445,502.0819,1083.3086
-304785.0874,-261831.4781,42953.6094,514.2908,1028.0229
-304654.7492,-261912.5695,42742.1797,507.7098,992.0466
-304678.6919,-261961.4888,42717.2031,505.1664,1027.4472
-304894.8935,-262084.4911,42810.4023,515.5576,996.8906
-304652.326,-261958.0331,42694.293,492.423,1052.2293
-304488.4622,-261896.0482,42592.4141,479.8717,1020.9359
-304821.2819,-262016.5592,42804.7227,485.6613,1012.0721
-304648.7094,-262017.1,42631.6094,505.3376,1052.3637
-304816.2719,-262039.8735,42776.3984,524.9603,1050.6288
-304737.4751,-261955.4321,42782.043,524.5033,1029.394
-304761.8235,-261971.2883,42790.5352,493.8044,1027.0251
-304679.3906,-261974.9766,42704.4141,530.7574,1022.1427
-304696.056,-261989.5209,42706.5352,518.2364,1072.0041
-304664.7761,-261962.0612,42702.7148,471.2564,1029.5025
-304660.2599,-261974.4435,42685.8164,488.3086,1062.5267
-304400.4838,-261942.812,42457.6719,484.8626,1055.8906
-304727.6187,-262004.7711,42722.8477,483.5885,1046.0669
-304541.2349,-262041.8169,42499.418,506.8299,1043.0163
-304511.262,-261966.8284,42544.4336,498.3823,1033.5899
-304745.1383,-261991.6031,42753.5352,513.2545,1079.8633
-304514.3633,-261981.4922,42532.8711,505.9831,1023.6541
-304541.5752,-261977.9541,42563.6211,506.1477,1054.4828
-304458.5087,-261966.1845,42492.3242,501.6599,1052.1506
-304264.4893,-261908.0166,42356.4727,490.7174,1027.345
-304692.0933,-262009.7535,42682.3398,499.2073,1028.1379
-304450.8429,-261947.7257,42503.1172,502.5138,1077.7044
-304794.3484,-261898.1687,42896.1797,469.7696,1023.3449
-304639.9727,-261912.2852,42727.6875,481.4188,1036.9811
-304737.1784,-261938.7995,42798.3789,484.7871,1052.2002
-304621.7409,-261988.2409,42633.5,484.1028,1054.3973
-304536.4752,-261998.8541,42537.6211,512.3633,1060.6267
-304434.2735,-261920.6719,42513.6016,488.6897,1030.6197
-304816.8332,-261983.509,42833.3242,490.124,1041.3848
-304683.1611,-261962.6767,42720.4844,543.9119,1062.8083
-304768.9462,-261976.2743,42792.6719,502.3902,1053.7611
-304749.6273,-261973.846,42775.7812,500.8539,1095.0884
-304756.3405,-261956.8913,42799.4492,515.3098,1056.9799
-304597.765,-261889.679,42708.0859,511.0342,1051.4397
-304716.8973,-261955.1473,42761.75,502.1556,1031.0238
-304740.6529,-261984.4498,42756.2031,508.82,1052.7836
-304499.7546,-261980.4031,42519.3516,507.9674,1076.7165
-304756.5128,-262044.9307,42711.582,499.258,1073.4393
-304814.6514,-262034.167,42780.4844,545.041,1059.7108
-304377.9139,-261875.9295,42501.9844,510.2692,1083.1829
-304558.8689,-261898.1111,42660.7578,513.0298,1062.747
-304550.8336,-261945.6071,42605.2266,500.4057,1047.3726
-304660.1288,-261985.9374,42674.1914,503.9595,1018.2777
-304610.7923,-262047.7415,42563.0508,509.3004,1067.7521
-304666.6716,-261927.5193,42739.1523,520.2401,1020.4187
-304898.2885,-262046.769,42851.5195,483.8864,995.0967
-304569.5586,-262010.9257,42558.6328,492.8577,1026.9693
-304554.5828,-261983.2508,42571.332,505.9121,1048.7862
-304456.5229,-261958.0658,42498.457,510.2541,1048.2035
-304782.4382,-261935.7858,42846.6523,502.0094,1018.0349
-304690.9264,-261960.0436,42730.8828,507.1494,1061.247
-304769.6093,-262059.8007,42709.8086,511.7512,1057.2358
-304679.0155,-261979.3241,42699.6914,479.6582,1059.0538
-304747.041,-262076.6543,42670.3867,535.6038,1030.8963
-304569.5046,-261952.0632,42617.4414,480.7959,1061.4717
-304790.807,-261931.1781,42859.6289,513.1216,1007.0834
-304590.1156,-261991.0023,42599.1133,522.6019,992.7618
-304518.9653,-261952.9614,42566.0039,506.5495,999.1412
-304698.8162,-262060.5506,42638.2656,511.4073,1043.2992
-304671.4987,-262057.9674,42613.5312,507.3207,1047.2722
-304730.1488,-262073.0394,42657.1094,503.9607,1040.8946
-304619.2411,-261976.0302,42643.2109,472.2179,1007.4408
-304807.0753,-262156.9854,42650.0898,512.3779,1082.6359
-304805.235,-262058.0671,42747.168,517.1797,1028.9135
-304899.091,-262012.0949,42886.9961,492.6069,1069.4498
-304888.7296,-262050.421,42838.3086,510.4374,1061.3825
-304557.1075,-262025.5332,42531.5742,513.6123,1015.9189
-304944.6885,-262067.2784,42877.4102,505.717,1056.6877
-304777.0747,-261982.8247,42794.25,509.5581,1006.3583
-304875.4455,-262047.3517,42828.0938,511.4817,1045.7809
-304693.6998,-261933.5514,42760.1484,480.1202,1017.6528
-304722.4789,-262003.1703,42719.3086,508.5292,1044.491
-304851.3892,-262078.5142,42772.875,506.2907,1048.3622
-304826.1519,-262061.4019,42764.75,506.6887,1061.7132
-304742.2297,-261991.4446,42750.7852,527.5469,1058.5303
-304610.0622,-261988.9646,42621.0977,526.2499,1026.4336
-304618.6685,-262019.2037,42599.4648,496.9335,1049.3324
-304630.4487,-261956.2104,42674.2383,542.2715,1036.6852
-304839.3404,-261984.4654,42854.875,493.5074,1031.6694
-304678.795,-261935.2012,42743.5938,505.4877,1077.462
-304743.9141,-261857.4063,42886.5078,477.4996,1049.9758
-304655.5818,-261966.0896,42689.4922,529.2229,1026.8474
-304818.6393,-262056.9987,42761.6406,473.4802,1023.5767
-304746.7429,-262007.3445,42739.3984,509.5656,1048.9437
-304528.1286,-261973.4919,42554.6367,497.489,1054.3357
-304742.5805,-262007.1078,42735.4727,515.2228,1046.7938
-304469.8818,-261965.7607,42504.1211,489.7981,1067.8422
-304498.5431,-261905.2892,42593.2539,520.7808,1041.5147
-304576.4691,-261984.8011,42591.668,489.1435,1029.5021
-304598.3067,-262006.0333,42592.2734,494.4608,1042.7823
-304491.2757,-261839.0023,42652.2734,453.0039,1023.8757
-304718.0863,-262069.6918,42648.3945,490.2851,990.5688
-304500.7011,-261995.0058,42505.6953,520.4537,1074.1743
-304305.0195,-262006.3593,42298.6602,510.5598,1047.5829
-304818.192,-262003.9772,42814.2148,501.2736,1042.9328
-304654.4759,-262001.9095,42652.5664,516.2601,1023.644
-304809.7698,-261979.0745,42830.6953,481.4215,1075.5459
-304587.0963,-262003.1432,42583.9531,502.0221,1023.2263
-304677.2038,-261994.5593,42682.6445,466.2649,1013.2248
-304782.031,-262016.3709,42765.6602,499.8258,1016.5105
-304616.1381,-261890.0326,42726.1055,495.0685,1051.3303
-304686.0206,-262056.501,42629.5195,502.2009,1005.7912
-304813.5373,-262067.8264,42745.7109,470.1021,1055.229
-304671.0555,-262015.8953,42655.1602,521.3815,1014.9415
-304815.1212,-262046.3634,42768.7578,465.5186,1022.1184
-304661.6221,-262070.4658,42591.1562,499.2208,1047.1
-304585.9392,-261950.1658,42635.7734,514.3408,1034.0737
-304675.9334,-261994.4412,42681.4922,498.1903,1037.1682
-304873.7968,-261989.5312,42884.2656,493.5839,1042.1599
-304450.3896,-261994.4208,42455.9688,511.3621,1051.9539
-304746.4641,-262009.2063,42737.2578,485.5761,1030.9495
-304798.0791,-262048.2744,42749.8047,518.0365,994.6042
-304833.577,-262015.5652,42818.0117,502.3328,1064.4982
-304674.1984,-261998.5031,42675.6953,485.6551,1030.8679
-304984.232,-262119.607,42864.625,497.3071,1067.3925
-304564.8091,-262119.2154,42445.5938,485.2801,1023.9685
-304571.4325,-261999.0732,42572.3594,492.9596,1059.477
-304669.3524,-261974.1493,42695.2031,528.9523,1074.492
-304682.1928,-261931.2944,42750.8984,518.7668,1018.8884
-304747.5373,-262014.8263,42732.7109,492.0678,1010.1128
-304576.4681,-261913.1751,42663.293,496.593,1038.4805
-304895.5762,-261967.5684,42928.0078,505.5255,1055.9506
-304773.1403,-262052.3043,42720.8359,478.5167,1084.9307
-304801.0312,-262003.0273,42798.0039,526.2354,1005.8805
-304625.0548,-262060.2345,42564.8203,487.7102,1040.4212
-304677.65,-262024.0367,42653.6133,496.1337,1028.6464
-304723.2167,-262000.5175,42722.6992,506.5685,1030.2615
-304895.3638,-262011.4224,42883.9414,502.8185,1055.537
-304902.9667,-262064.0096,42838.957,515.4096,1044.8209
-304799.904,-262042.4118,42757.4922,518.0106,1080.594
-304772.6832,-261951.3082,42821.375,523.1332,1023.0985
-304643.6091,-261877.0701,42766.5391,478.7119,1008.172
-304658.4553,-262044.4748,42613.9805,512.5448,1091.2733
-304471.2372,-261930.4638,42540.7734,496.0908,1050.6571
-304566.9364,-261922.0145,42644.9219,499.5168,1028.1747
-304541.567,-261857.5162,42684.0508,496.0509,998.6849
-304593.1731,-262076.5481,42516.625,496.8363,1077.2837
-304816.2504,-261997.9731,42818.2773,511.5988,1048.3776
-304490.0578,-261952.8547,42537.2031,483.5995,1068.8704
-304889.8988,-261984.2113,42905.6875,486.3534,1037.6177
-304592.7331,-262019.2565,42573.4766,518.3807,1031.6166
-304626.6667,-262009.3151,42617.3516,523.1453,1067.828
-304664.8921,-262005.1265,42659.7656,493.4934,1053.308
-304379.0666,-261872.7971,42506.2695,519.126,1040.2967
-304726.198,-262037.6941,42688.5039,517.4555,1006.5528
-304538.0611,-261986.5142,42551.5469,522.3844,1095.4559
-304831.7653,-262081.8474,42749.918,458.1453,1061.8893
-304556.4414,-261997.6562,42558.7852,511.3932,1063.654
-304589.7814,-261966.0001,42623.7812,519.9288,1053.4881
-304565.8513,-261922.1872,42643.6641,468.827,1045.9953
-304697.0498,-261943.2333,42753.8164,525.0547,1054.4041
-304691.1138,-262021.1919,42669.9219,515.3491,1047.86
-304728.1462,-261891.568,42836.5781,491.1086,1033.4005
-304508.4743,-261909.8024,42598.6719,511.718,1029.5888
-304787.5836,-261953.1031,42834.4805,535.09,1047.8308
-304671.0087,-262057.7509,42613.2578,526.22,1098.1197
-304701.0624,-261967.1991,42733.8633,519.9588,1015.4493
-304783.5648,-261996.5296,42787.0352,487.3675,1053.9195
-304599.0493,-261939.9595,42659.0898,508.1988,1012.0032
-304790.5639,-262092.2943,42698.2695,466.8524,1016.6951
-304527.456,-262033.6747,42493.7812,483.4899,1081.3135
-304679.9043,-261899.1777,42780.7266,496.6065,1030.3378
-304578.2711,-261903.8532,42674.418,480.284,1056.036
-304535.0268,-261973.1713,42561.8555,519.692,1045.2801
-304582.3536,-261932.5372,42649.8164,514.0443,1048.4372
-304625.954,-261971.7001,42654.2539,501.0185,1063.7707
-304692.6827,-262075.9678,42616.7148,522.0936,1042.6817
-304794.3869,-262020.5315,42773.8555,490.7378,1045.9658
-304560.3499,-261970.6038,42589.7461,475.0704,1061.0051
-304643.5075,-262042.6169,42600.8906,521.2231,1052.6488
-304825.2051,-261969.4239,42855.7812,511.2868,1060.6201
-304591.4553,-261923.9631,42667.4922,494.368,1054.8011
-304643.0733,-262040.6593,42602.4141,473.5649,1062.2814
-304589.6336,-262108.4343,42481.1992,490.027,1048.7348
-304586.5302,-261958.2372,42628.293,501.153,1046.8819
-304492.2281,-261960.0094,42532.2188,522.2457,1062.5399
-304806.6439,-262076.0932,42730.5508,473.6176,1081.6071
-304898.355,-262121.9331,42776.4219,504.574,1045.3956
-304718.1228,-262011.1579,42706.9648,505.0144,1127.7327
-304739.5027,-261948.1433,42791.3594,485.5129,1048.8904
-304689.0516,-262017.4344,42671.6172,526.5003,1014.8229
-304652.7173,-262009.8384,42642.8789,517.9609,1033.7306
-304889.3996,-262022.298,42867.1016,506.2546,1016.1031
-304579.7942,-261950.1145,42629.6797,525.5242,1073.5168
-304718.1741,-262035.0335,42683.1406,517.1881,1051.1294
-304733.1045,-261988.2374,42744.8672,488.381,1053.3797
-304715.7747,-261945.1106,42770.6641,484.8307,1101.2751
-304603.7433,-261962.923,42640.8203,506.778,1030.5169
-304591.9539,-261982.4617,42609.4922,490.3784,1058.1647
-304599.6461,-261894.0406,42705.6055,505.4181,1032.0133
-304715.9309,-262032.2004,42683.7305,505.8304,1054.3765
-304670.5733,-262093.1084,42577.4648,495.2503,1077.756
-304657.4397,-262021.0412,42636.3984,499.3763,1054.8658
-304733.0228,-262145.9408,42587.082,515.1263,1042.9395
-304607.5727,-262031.3813,42576.1914,517.2911,1016.8735
-304606.9661,-261957.0989,42649.8672,490.7858,1059.5776
-304727.0307,-261998.7963,42728.2344,478.4071,1052.8971
-304681.3956,-262051.4503,42629.9453,530.6199,1037.4707
-304651.3901,-261998.1128,42653.2773,489.9851,1079.1067
-304718.2491,-262017.4873,42700.7617,477.8996,1071.5194
-304683.5038,-262005.4921,42678.0117,513.7126,1054.3672
-304600.6873,-262025.3826,42575.3047,524.4887,1060.601
-304419.6721,-261965.6096,42454.0625,492.2507,1046.3447
-304657.4601,-261972.1086,42685.3516,512.2794,1053.3353
-305015.1852,-262045.6032,42969.582,480.0682,1079.9925
-304683.6814,-262067.1579,42616.5234,480.5939,1028.9241
-304805.458,-261934.958,42870.5,484.9447,1054.1114
-304589.9945,-262044.7641,42545.2305,537.1891,1039.1351
-304709.7084,-262034.474,42675.2344,524.9226,1110.7211
-304483.6085,-262015.1945,42468.4141,533.9821,1073.0259
-304592.9263,-262048.8169,42544.1094,495.4499,1022.3815
-304324.5512,-261966.8324,42357.7188,499.8968,1077.2129
-305024.7832,-262137.7363,42887.0469,511.6268,1005.8264
-304850.4029,-262070.0084,42780.3945,483.9824,1021.717
-304623.4963,-261938.7268,42684.7695,497.2181,1053.6224
-304713.0053,-262036.5756,42676.4297,479.3126,1045.3062
-304873.0117,-261978.6836,42894.3281,502.6523,1080.4717
-304561.7274,-261988.7391,42572.9883,505.4169,1029.7914
-304627.7001,-261915.5165,42712.1836,491.6816,1082.3693
-304864.3271,-262029.4326,42834.8945,518.8886,1001.9871
-304797.9671,-262051.0531,42746.9141,466.3222,1010.1978
-304452.9326,-261901.581,42551.3516,516.3925,1021.8038
-304528.6351,-261858.7874,42669.8477,495.514,973.0285
-305007.8776,-262006.4518,43001.4258,494.6242,1071.1182
-304840.8525,-262009.3329,42831.5195,501.0995,1067.7317
-304757.7952,-261978.2562,42779.5391,496.6109,1092.1001
-304839.1871,-262038.9215,42800.2656,507.8541,1057.7319
-304390.6961,-262026.8445,42363.8516,495.5209,1063.9871
-304837.2858,-261959.114,42878.1719,478.1742,1040.1934
-304768.0503,-261919.5777,42848.4727,507.8284,1065.5744
-304644.96,-262004.542,42640.418,492.9512,1018.5178
-304620.287,-262039.1073,42581.1797,509.2537,1039.4335
-304641.8539,-261947.5844,42694.2695,491.7502,1047.8757
-304708.9422,-261934.3836,42774.5586,499.8888,1031.4871
-304596.3576,-262040.1037,42556.2539,483.4921,1028.4276
-304876.647,-262039.8188,42836.8281,481.8574,1086.6316
-304626.7876,-262007.8462,42618.9414,533.0792,1052.7748
-304679.4336,-261903.8008,42775.6328,477.4532,1057.6285
-304651.1356,-261930.3583,42720.7773,489.632,1060.1999
-304540.2358,-261925.8491,42614.3867,527.0078,1052.5244
-304715.0624,-261920.1444,42794.918,471.2994,1074.7916
-304610.6235,-262006.6078,42604.0156,495.016,1070.1782
-304764.892,-262022.5952,42742.2969,511.5561,1045.0684
-304800.9313,-261930.318,42870.6133,472.5955,1003.9257
-304698.052,-262035.4036,42662.6484,507.9682,1078.7662
-304560.1958,-261956.3481,42603.8477,519.4885,1044.4018
-304685.609,-261919.8239,42765.7852,479.7521,1081.5816
-304757.1678,-261941.6365,42815.5312,515.1277,1054.301
-304588.0277,-262077.8402,42510.1875,475.9208,1073.2322
-304954.0055,-262025.4586,42928.5469,497.1323,1031.2939
-304830.3613,-261964.7519,42865.6094,506.7688,1042.9141
-304535.1174,-262030.8596,42504.2578,490.6516,1081.1766
-304663.8377,-261946.9901,42716.8477,508.9875,1072.8206
-304581.2913,-261974.6195,42606.6719,510.9854,1079.8697
-304498.1001,-262008.3657,42489.7344,487.0461,1082.1299
-304664.2494,-261955.8158,42708.4336,494.5439,1048.6239
-304826.3807,-262022.244,42804.1367,529.9669,1062.8644
-304557.9682,-261933.2182,42624.75,547.3518,1022.1066
-304857.1499,-262023.4819,42833.668,502.186,1021.502
-304537.9637,-261985.5184,42552.4453,539.9304,970.8457
-304752.1151,-262065.9784,42686.1367,495.7063,1012.2525
-304606.9547,-261988.0836,42618.8711,492.1005,1019.1123
-304777.4395,-262021.9941,42755.4453,486.3237,1046.7886
-304449.9227,-261897.2235,42552.6992,502.5053,1052.444
-304727.4743,-261996.2243,42731.25,539.1398,1025.2411
-304830.471,-262017.6546,42812.8164,518.2024,1043.9192
-304778.6771,-261960.1693,42818.5078,494.6329,1007.5932
-304461.6685,-261958.9732,42502.6953,484.7242,1052.0984
-304596.1486,-261894.5002,42701.6484,485.1088,1093.3092
-304798.6184,-261995.3527,42803.2656,505.5415,1018.9206
-304755.0523,-261965.5055,42789.5469,518.0827,1044.1435
-304614.1459,-261951.5561,42662.5898,488.9331,1065.7777
-304608.3425,-262036.3073,42572.0352,523.6256,1019.779
-304748.6272,-261930.9983,42817.6289,465.4864,1080.6002
-304727.1837,-262021.3204,42705.8633,510.1929,1054.7534
-304632.7709,-262100.2748,42532.4961,517.1003,1033.0951
-304573.9092,-261993.1827,42580.7266,526.2172,1004.4876
-304672.1517,-261997.8666,42674.2852,490.8919,1019.9868
-304824.5919,-262117.7364,42706.8555,496.1497,1084.5915
-304587.7948,-261952.9706,42634.8242,479.9715,1023.3294
-304383.5058,-261929.9081,42453.5977,487.3167,1035.9888
-304567.4017,-261980.8353,42586.5664,518.8627,1074.3305
-304759.5924,-261932.3189,42827.2734,533.1545,1051.523
-304629.4807,-261974.301,42655.1797,533.6224,1027.0174
-304694.5301,-262148.6863,42545.8438,481.8863,1070.0506
-304431.9398,-261956.7366,42475.2031,450.8038,1066.2167
-304808.189,-261992.1304,42816.0586,493.8409,1031.3549
-304704.8526,-261975.7589,42729.0938,480.4598,1067.0257
-304690.2988,-261954.873,42735.4258,493.3507,1022.7531
-305050.9594,-262020.85,43030.1094,510.069,1049.6251
-304687.8249,-262036.8053,42651.0195,520.0536,1041.2444
-304723.6361,-262022.7963,42700.8398,532.265,1022.0508
-304784.4366,-262018.6593,42765.7773,520.3304,1038.2684
-304790.3064,-262065.7322,42724.5742,481.896,1068.4946
-304902.1658,-262011.8924,42890.2734,510.2093,1031.8202
-304799.8582,-261984.4598,42815.3984,495.8926,1084.3934
-304490.9641,-261863.6243,42627.3398,519.035,1025.6243
-304914.3887,-261962.1387,42952.25,452.3303,1049.5672
-304881.8735,-261858.8852,43022.9883,513.6053,1015.6789
-304748.8654,-261985.8537,42763.0117,518.9175,1048.5869
-304636.6521,-262009.6755,42626.9766,506.351,1079.2682
-304638.7159,-262045.7003,42593.0156,484.7377,1015.3953
-304882.8075,-262092.37,42790.4375,509.6677,1047.472
-304642.5196,-262034.1563,42608.3633,447.3908,995.9471
-304485.5826,-262011.4615,42474.1211,505.5018,1031.7877
-304546.9628,-261988.744,42558.2188,556.3234,1049.696
-304842.179,-262051.0501,42791.1289,513.0478,1086.7969
-304829.1213,-262059.5588,42769.5625,491.2754,1036.0536
-304633.1428,-262000.7249,42632.418,470.5438,1048.377
-304663.0649,-261924.0454,42739.0195,493.8429,1035.0382
-304689.5365,-262032.2084,42657.3281,516.9863,1056.4706
-304617.303,-262091.2639,42526.0391,498.4569,1024.2747
-304736.213,-261904.0763,42832.1367,500.8428,1048.1232
-304638.2853,-262009.5978,42628.6875,503.4867,1035.3117
-304631.4482,-261962.3193,42669.1289,513.3794,1041.044
-304419.1239,-261963.741,42455.3828,501.8802,1088.7946
-304618.9769,-261956.6214,42662.3555,504.8202,1071.6375
-304579.6663,-261935.9241,42643.7422,514.6806,1022.0105
-304620.4579,-261937.1258,42683.332,515.355,1047.7546
-304615.0221,-262013.7018,42601.3203,527.3643,1014.4905
-304650.8476,-261933.3163,42717.5312,488.824,1011.4633
-304701.0245,-262041.462,42659.5625,495.3534,1026.9631
-304562.7365,-261953.9084,42608.8281,521.0512,1025.3321
-304858.7347,-262009.8909,42848.8438,522.1877,1007.2359
-304373.8639,-261980.6959,42393.168,492.7027,1045.4496
-304718.3838,-261924.6103,42793.7734,511.6564,1043.0803
-304616.7912,-261919.8029,42696.9883,473.3972,1022.4115
-304755.3395,-262005.8278,42749.5117,486.6706,1021.8692
-304673.6131,-262055.949,42617.6641,518.8817,1050.6369
-304513.6536,-262038.0364,42475.6172,482.335,1061.342
-304557.8646,-262012.1341,42545.7305,487.3191,1061.3223
-305140.6614,-262055.6653,43084.9961,518.6141,1078.6042
-304625.2771,-261974.3474,42650.9297,512.3444,1079.6691
-304666.3964,-262013.7675,42652.6289,532.3237,1040.7135
-304751.3716,-262044.7935,42706.5781,511.9936,1040.975
-304521.1176,-261944.4183,42576.6992,509.4423,1074.3652
-304526.1257,-262046.782,42479.3438,496.336,1004.7951
-304634.0664,-261928.4258,42705.6406,498.5079,1078.5214
-304529.1333,-261917.1099,42612.0234,507.4251,1064.0247
-304639.6746,-261950.3621,42689.3125,534.2507,1054.28
-304678.1258,-261913.0711,42765.0547,516.8096,997.1772
-304845.1676,-262054.5504,42790.6172,504.7292,1037.294
-304742.0261,-262068.4011,42673.625,501.7969,1067.8072
-304779.2871,-262032.8184,42746.4688,498.2906,1040.7482
-304878.8422,-262064.5961,42814.2461,486.9338,1035.3459
-304422.0644,-261929.998,42492.0664,478.9719,1019.6262
-304656.6816,-262042.0292,42614.6523,525.6505,1114.8388
-304588.8768,-262086.5174,42502.3594,517.702,1054.982
-304869.799,-262046.3927,42823.4062,487.0699,1032.1531
-304812.9271,-262000.0911,42812.8359,542.6426,1023.945
-304552.1395,-261950.6786,42601.4609,500.9347,1058.516
-304714.5251,-262012.5876,42701.9375,522.8023,994.5263
-304815.6237,-262064.858,42750.7656,489.6649,966.8919
-304787.1677,-261961.2341,42825.9336,479.174,1008.3023
-304608.1064,-261996.5048,42611.6016,462.1036,1047.1642
-304623.4971,-262013.5713,42609.9258,497.3775,1056.3858
-304603.2698,-262049.6839,42553.5859,494.7757,1042.0542
-304647.3611,-262048.9744,42598.3867,519.645,1029.7505
-304528.3337,-261923.6658,42604.668,517.7855,1022.4848
-304863.0642,-261995.1345,42867.9297,494.3577,1028.9009
-304613.0033,-262008.2064,42604.7969,518.2834,1037.7627
-304792.5983,-261981.4225,42811.1758,501.6699,983.0084
-304999.3509,-261991.8977,43007.4531,481.5977,1000.3467
-304531.3198,-261876.148,42655.1719,462.0831,1054.9867
-304507.972,-261985.6243,42522.3477,510.5533,1050.0679
-304565.998,-261916.1308,42649.8672,526.5325,977.9154
-304393.8625,-261913.6438,42480.2188,492.0884,1053.5559
-304696.0133,-261993.1266,42702.8867,502.5503,1051.8859
-304848.6484,-261943.7499,42904.8984,465.7249,1053.2565
-304323.7858,-262015.0632,42308.7227,512.2612,993.2049
-304565.9581,-262056.3878,42509.5703,528.4264,1070.0082
-304435.1467,-261941.6467,42493.5,493.4339,1047.8551
-304560.5907,-261968.6414,42591.9492,487.8148,967.9689
-304662.7686,-262006.0732,42656.6953,441.88,1041.1605
-304861.0758,-262123.9469,42737.1289,508.1481,1033.2372
-304645.5765,-262095.889,42549.6875,513.4905,1021.3821
-304727.1215,-261967.934,42759.1875,479.9293,1021.9671
-304623.4167,-261851.6745,42771.7422,515.4755,1003.5513
-304425.6671,-262055.6475,42370.0195,501.4969,1035.9376
-304756.9295,-261932.7889,42824.1406,487.551,1026.5471
-304450.9819,-261922.2983,42528.6836,547.1597,1035.7239
-304797.8981,-262054.3161,42743.582,516.486,1056.5908
-304946.4965,-262002.891,42943.6055,482.3508,1041.0101
-304651.5346,-261941.9213,42709.6133,511.4351,1060.2089
-304814.637,-261990.0823,42824.5547,495.108,1036.3442
-304586.6646,-261985.7466,42600.918,527.5244,1050.3708
-304596.6426,-262055.7247,42540.918,475.07,1049.5878
-304588.7739,-261978.2622,42610.5117,497.3872,1075.4801
-304823.1708,-261976.9208,42846.25,519.2675,1015.1341
-304612.5114,-261990.8161,42621.6953,518.003,985.2684
-304610.0417,-261927.2956,42682.7461,473.9734,1058.5843
-304680.264,-262033.7601,42646.5039,501.4851,1018.4245
-304825.1816,-262022.9941,42802.1875,492.2477,1043.1231
-304963.6809,-262127.4075,42836.2734,513.5919,1059.4975
-304688.7265,-262026.7499,42661.9766,490.3799,1065.7566
-304666.2842,-261921.2256,42745.0586,502.8301,1069.5978
-304614.8577,-262059.5647,42555.293,503.4858,1024.2774
-304594.4586,-261969.2359,42625.2227,521.8573,1061.7512
-304788.884,-262032.5285,42756.3555,503.0628,1080.5519
-304944.3854,-262009.4713,42934.9141,538.1972,1039.3325
-304936.0709,-262069.7506,42866.3203,494.4788,1053.4111
-304702.4649,-261910.5313,42791.9336,508.5437,1033.2972
-304445.4334,-261940.3006,42505.1328,491.4047,1078.8266
-304753.2832,-262051.8105,42701.4727,505.7189,1026.6965
-304410.1309,-262018.6895,42391.4414,520.597,1024.3781
-304678.3906,-262006.457,42671.9336,520.6522,1015.3365
-304868.427,-262084.7395,42783.6875,537.7916,1027.1837
-305024.1912,-262102.6912,42921.5,514.5074,1033.8302
-304808.233,-261958.6783,42849.5547,497.4321,1012.5828
-304744.978,-261969.2085,42775.7695,508.6421,1050.7573
-304636.0855,-261990.2105,42645.875,523.61,1018.7451
-304747.9782,-261905.5993,42842.3789,507.3351,1021.6204
-304634.4204,-261995.6079,42638.8125,518.4729,1009.9225
-304752.2151,-262039.3284,42712.8867,540.0777,1069.9846
-304720.0087,-261882.8446,42837.1641,509.5059,1040.1708
-304609.8074,-261873.0027,42736.8047,504.8535,1058.9806
-305071.2627,-262175.4893,42895.7734,489.4359,1070.5159
-304710.9966,-262102.063,42608.9336,507.3967,1070.8594
-304778.0348,-262018.5778,42759.457,497.9735,1072.3445
-304632.3469,-261867.1125,42765.2344,463.2966,1039.5826
-304683.3585,-261958.9171,42724.4414,511.367,1045.2828
-304906.2028,-261999.4528,42906.75,504.3818,1039.9288
-304839.364,-262126.0164,42713.3477,529.9532,1060.3512
-304719.8957,-261986.0559,42733.8398,485.0151,1058.4263
-304564.0806,-262035.522,42528.5586,482.5427,1065.2252
-304804.1657,-262134.0954,42670.0703,492.9895,1065.2389
-304895.4179,-261995.8163,42899.6016,509.5694,1042.1867
-304873.0595,-262109.5751,42763.4844,489.0458,1030.9957
-304598.7866,-262030.2319,42568.5547,513.7881,1055.8293
-304942.8692,-262061.5918,42881.2773,491.1566,1041.6822
-304504.0985,-261981.954,42522.1445,500.8536,1071.3596
-304831.6392,-261941.9166,42889.7227,483.6963,1066.6174
-304667.755,-261923.6573,42744.0977,492.2872,1043.7426
-304654.0276,-262068.9338,42585.0938,527.055,1013.9171
-304620.0577,-261915.9562,42704.1016,483.7385,1066.5642
-305011.7706,-262039.4268,42972.3438,487.7748,1065.2886
-304768.7233,-262002.2077,42766.5156,518.8945,1028.8405
-304703.1504,-262006.6192,42696.5312,511.8521,1021.8925
-304677.2354,-261981.6456,42695.5898,484.699,1019.7492
-304738.9342,-261983.6647,42755.2695,483.81,989.6249
-304490.9844,-261909.6563,42581.3281,559.9434,1040.3955
-304600.491,-261963.0144,42637.4766,537.4636,1056.4526
-304894.2414,-262130.1593,42764.082,508.6327,1047.3616
-304649.7928,-262092.2928,42557.5,497.3565,1081.6321
-304752.626,-262035.4541,42717.1719,473.3036,1052.5848
-304660.3376,-262029.3728,42630.9648,511.0614,1014.3574
-304739.6838,-261953.5705,42786.1133,519.5382,996.5292
-304655.2982,-261983.7318,42671.5664,475.4413,1020.1668
-304594.7093,-262012.764,42581.9453,495.4697,1066.4647
-304768.7454,-261926.7884,42841.957,488.581,1063.7285
-304722.5388,-261991.8395,42730.6992,514.3005,1085.8504
-304710.4642,-262023.8314,42686.6328,494.3562,1057.5837
-304712.6726,-262018.8249,42693.8477,479.9972,1065.9071
-304830.0538,-262001.5343,42828.5195,480.5003,1057.6578
-304681.9888,-261962.4497,42719.5391,496.7048,1044.3854
-304554.9721,-262006.3276,42548.6445,511.5358,1049.4074
-304816.9505,-262081.392,42735.5586,526.1366,1008.6144
-304830.5137,-262015.8809,42814.6328,525.6599,1065.0742
-304621.5962,-262046.44,42575.1562,543.4578,1051.3981
-304793.3135,-262038.8486,42754.4648,482.621,1075.9408
-304522.8346,-261954.5064,42568.3281,462.4191,1048.6092
-304788.0762,-262040.1543,42747.9219,490.8345,1057.5376
-304680.6529,-262011.3795,42669.2734,519.7568,1046.4079
-304723.5917,-261967.7167,42755.875,487.0204,1022.9355
-304533.5212,-262036.0408,42497.4805,530.1572,1040.443
-304717.6334,-261996.2662,42721.3672,511.7178,1008.4547
-304547.0558,-261960.0128,42587.043,502.2134,1036.0075
-304775.0602,-261999.6188,42775.4414,504.3709,1041.901
-304665.7254,-261978.6903,42687.0352,494.4177,1030.1761
-304543.4159,-261909.9588,42633.457,519.9503,1049.7327
-304469.5483,-261966.4468,42503.1016,535.1692,1044.4547
-304393.1878,-261949.262,42443.9258,531.3813,1040.7849
-304856.5631,-262047.1452,42809.418,498.1293,1030.0525
-304756.585,-262047.6475,42708.9375,514.4098,1026.0292
-304389.2054,-261955.5765,42433.6289,478.9245,1041.9959
-304464.8992,-262057.2664,42407.6328,471.8125,1068.4394
-304639.4668,-261963.2637,42676.2031,488.1495,1033.2461
-304764.4998,-261995.4412,42769.0586,508.9203,1007.8064
-304465.1989,-261965.3825,42499.8164,484.6487,1042.5118
-304713.7745,-262003.755,42710.0195,502.8896,1010.8129
-304585.1329,-262039.1329,42546.0,519.4739,1037.2368
-304653.5706,-262014.3128,42639.2578,521.8296,1042.954
-304975.6158,-262049.4752,42926.1406,503.7989,1037.1324
-304633.7646,-262029.5029,42604.2617,485.2274,1068.9617
-304573.5353,-261979.4845,42594.0508,484.9536,1072.3339
-304613.02,-262004.1138,42608.9062,528.974,1069.5022
-304709.4052,-261928.1708,42781.2344,479.6934,1008.593
-304697.5808,-261922.6941,42774.8867,510.2599,1046.2621
-304870.0334,-262075.3186,42794.7148,492.0198,1052.883
-304647.751,-262094.2041,42553.5469,497.3942,1060.8742
-304894.3193,-261953.874,42940.4453,509.4881,992.4799
-304737.1798,-261989.9806,42747.1992,496.5042,1036.9805
-304652.1204,-262050.7572,42601.3633,498.7255,1034.4633
-304657.9201,-262011.8224,42646.0977,525.6396,1048.1051
-304487.5677,-261906.0287,42581.5391,522.7336,1059.7696
-304642.6997,-261966.1059,42676.5938,510.5477,1036.7522
-304519.5831,-261995.5284,42524.0547,495.4393,1069.1672
-304713.1406,-261973.8164,42739.3242,513.606,1057.625
-304632.9093,-262045.546,42587.3633,494.5456,1040.3535
-304629.5547,-261906.5039,42723.0508,469.2862,1042.3797
-304489.4877,-261923.5228,42565.9648,492.2583,1051.1327
-304730.4569,-262084.2381,42646.2188,468.8197,1058.0052
-304705.55,-261980.0539,42725.4961,502.8176,1050.0312
-304822.0784,-262013.3948,42808.6836,479.0338,1044.366
-304759.4457,-262008.2035,42751.2422,524.242,1057.382
-304519.6825,-262001.4833,42518.1992,472.5257,1019.0339
-304629.158,-262038.787,42590.3711,503.4775,1050.489
-304491.8797,-261933.9734,42557.9062,517.8138,1022.4844
-304588.1081,-261988.7175,42599.3906,490.2068,1063.9958
-304729.3392,-261888.2181,42841.1211,470.1386,1057.9002
-304896.5287,-262003.1615,42893.3672,504.5343,1036.8853
-304603.5635,-261916.958,42686.6055,495.1257,1031.7273
-304636.3221,-261908.6619,42727.6602,521.2955,1046.3163
-304738.4312,-261993.0444,42745.3867,499.3891,1093.1752
-304595.1739,-261857.9356,42737.2383,495.1542,987.1125
-304649.386,-261900.0032,42749.3828,504.1941,1068.8448
-304492.948,-261942.0144,42550.9336,468.4906,1010.9609
-304861.2922,-262001.1711,42860.1211,516.6032,1068.0538
-304763.1269,-261952.744,42810.3828,531.7634,1010.1365
-304730.4207,-262028.5028,42701.918,501.599,1076.6498
-304739.2457,-261979.8629,42759.3828,522.2168,1041.5636
-304678.8622,-261994.4443,42684.418,492.4301,1030.431
-304738.478,-261878.3725,42860.1055,496.8239,1036.9921
-304774.3993,-262053.1259,42721.2734,518.5449,1019.9604
-304762.1088,-262035.6518,42726.457,496.7706,1048.9685
-304910.4327,-262012.6437,42897.7891,480.5754,1041.7773
-304676.3808,-261917.9746,42758.4062,517.3804,1020.3328
-304701.2748,-262037.4779,42663.7969,498.4929,1050.0122
-304548.5104,-261967.6549,42580.8555,519.4664,1026.9476
-304657.5679,-261915.5523,42742.0156,498.1637,1011.093
-304902.8592,-262078.4295,42824.4297,502.0668,1048.0424
-304657.0126,-262002.8329,42654.1797,478.1591,1038.7416
-304398.9823,-261937.873,42461.1094,468.8669,1047.8874
-304778.026,-262040.3111,42737.7148,474.475,1054.5619
-304584.3712,-261921.4024,42662.9688,496.5319,1063.124
-304654.176,-262037.633,42616.543,482.84,1056.6467
-304744.8814,-261958.6002,42786.2812,498.6625,1039.1267
-304694.0316,-262000.4535,42693.5781,518.3139,1072.5506
-304626.6783,-261975.0338,42651.6445,515.6737,1083.6782
-304660.0833,-261936.9544,42723.1289,509.8601,1025.5788
-304692.3948,-261887.5081,42804.8867,513.1964,1034.7484
-304454.6348,-261818.8848,42635.75,479.617,1036.134
-304671.1664,-261915.6156,42755.5508,514.1537,1071.339
-304680.4297,-261931.4922,42748.9375,496.8363,1056.289
-304713.715,-261951.051,42762.6641,498.0908,1047.4886
-304793.2248,-261989.2287,42803.9961,487.5385,1051.3503
-304470.7628,-261922.7238,42548.0391,493.6782,1057.4915
-304611.2317,-262007.3762,42603.8555,503.1013,1055.3619
-304595.6118,-261944.2017,42651.4102,510.1328,1056.5256
-304466.6507,-261995.8461,42470.8047,503.7477,1046.9602
-304802.0942,-261919.4692,42882.625,515.3117,1081.9416
-304722.7559,-261963.7559,42759.0,523.6056,1094.4607
-304718.8049,-261921.8049,42797.0,498.5429,1088.7231
-304607.3693,-261871.7013,42735.668,468.7174,1079.3566
-304633.4788,-261942.6234,42690.8555,490.4555,1039.7458
-304546.5555,-261936.5906,42609.9648,492.4207,1001.4639
-304621.5648,-262022.3656,42599.1992,491.0934,1024.1331
-304619.538,-262004.0029,42615.5352,475.7624,1038.7571
-304414.6989,-261961.6091,42453.0898,514.9189,1069.4295
-304745.6353,-261974.69,42770.9453,508.5585,1042.894
-304722.375,-261995.1289,42727.2461,487.1078,1059.5048
-304821.0354,-262082.7776,42738.2578,506.5933,1075.2388
-304756.038,-262103.413,42652.625,459.9475,1056.8483
-304723.7478,-261911.9353,42811.8125,510.4192,1029.3379
-304623.2452,-261975.1358,42648.1094,502.8588,1013.2523
-304499.7083,-262016.1848,42483.5234,507.6201,1049.7486
-304726.7409,-262052.2174,42674.5234,498.1657,1067.7606
-304806.8439,-261980.7189,42826.125,499.293,1039.2148
-304789.7127,-261999.8143,42789.8984,534.4528,1079.6693
-304739.1589,-261998.1667,42740.9922,531.7103,1048.2126
-304554.9672,-262013.6899,42541.2773,493.5177,1031.7302
-304862.7866,-262067.56,42795.2266,531.3864,1036.7789
-304265.7836,-261955.85,42309.9336,505.0319,1029.1564
-304717.4047,-261963.2172,42754.1875,522.5642,1031.9301
-304378.4509,-261909.6462,42468.8047,491.9756,1008.3227
-304599.4929,-261940.6374,42658.8555,516.5771,1049.7107
-304784.6489,-262044.5864,42740.0625,478.6624,1049.3191
-304543.3502,-261998.2448,42545.1055,505.5922,1057.9512
-304583.7273,-261969.782,42613.9453,488.4586,1025.6865
-304632.405,-261959.7917,42672.6133,488.6218,1025.6662
-304527.2603,-261914.0533,42613.207,533.1951,1020.0852
-304879.146,-261971.7163,42907.4297,467.3186,1008.903
-304745.1377,-262008.9463,42736.1914,506.5857,1019.9437
-304562.9356,-262026.1231,42536.8125,497.2938,1019.5611
-304774.8754,-261958.4965,42816.3789,507.9077,1075.2746
-304742.2008,-261945.0485,42797.1523,489.341,1051.4048
-304641.1659,-261944.6933,42696.4727,509.8653,1021.9642
-304715.3864,-262056.2028,42659.1836,526.0352,1048.7712
-304457.2166,-261901.2049,42556.0117,513.6002,1057.3416
-304570.346,-262012.6585,42557.6875,505.6366,1046.455
-304704.9316,-261888.5019,42816.4297,470.1563,1060.6964
-304427.3223,-261867.9903,42559.332,509.8567,1036.5
-304637.0216,-261967.0724,42669.9492,498.981,1072.4907
-304549.3695,-262048.2367,42501.1328,469.7984,1051.7556
-304655.6144,-261983.6613,42671.9531,463.445,1052.5088
-304509.3997,-261991.8137,42517.5859,479.5808,1005.1282
-304687.3707,-261988.5739,42698.7969,531.8658,1070.1343
-304790.6313,-261909.9555,42880.6758,508.2723,1052.3748
-304788.0554,-261923.8054,42864.25,519.5057,1036.3776
-304654.2828,-262066.5132,42587.7695,510.9165,1032.5878
-304210.215,-261864.7618,42345.4531,509.8539,1054.5939
-304846.8291,-262068.958,42777.8711,500.1219,1056.3173
-304553.5988,-262008.2863,42545.3125,503.2934,1024.3371
-304704.0107,-262047.038,42656.9727,509.2812,1017.1793
-304588.4528,-261959.5075,42628.9453,516.7481,1066.1904
-304726.2084,-261874.5599,42851.6484,499.2679,1061.4247
-304993.0442,-262008.806,42984.2383,504.1426,1047.7229
-304741.8626,-261934.3899,42807.4727,486.1653,1046.713
-304768.3511,-261948.3824,42819.9688,527.8459,1000.3475
-304571.7414,-262011.8273,42559.9141,499.4418,1018.9564
-304603.097,-262040.6713,42562.4258,519.3468,1074.3664
-304923.1304,-261989.7867,42933.3438,498.3537,1030.5643
-304578.8325,-261859.0552,42719.7773,491.1983,1039.1207
-304557.5951,-261955.0365,42602.5586,488.9144,1027.337
-304481.9433,-261955.3613,42526.582,484.804,997.1314
-304703.7987,-262024.3612,42679.4375,497.6256,1050.7429
-304735.3071,-261957.4087,42777.8984,500.839,1035.9139
-304766.0156,-261913.9765,42852.0391,500.7847,1017.4614
-304681.7872,-261952.0997,42729.6875,482.5154,1046.2118
-304688.7949,-262025.7324,42663.0625,493.7718,1022.4975
-304405.0026,-261949.444,42455.5586,514.2595,1062.1674
-304444.2329,-261859.5571,42584.6758,495.0368,1068.6333
-304705.5245,-261898.8838,42806.6406,512.1249,1032.2689
-304561.606,-261919.3795,42642.2266,504.3749,1025.5995
-304602.0868,-262053.4227,42548.6641,505.5188,1050.9535
-304559.433,-261970.4525,42588.9805,507.2079,1056.8116
-305136.7172,-262010.1976,43126.5195,519.9197,1061.3903
-304862.8603,-262034.1923,42828.668,509.2051,1020.3732
-304598.3666,-262029.6713,42568.6953,496.7371,1090.3657
-304558.0764,-261907.3303,42650.7461,517.8391,1056.3341
-304783.6977,-262124.6235,42659.0742,524.3751,1077.3238
-304500.9754,-261880.1746,42620.8008,496.2922,1029.8655
-304766.9252,-262019.1478,42747.7773,516.2419,1038.88
-304529.2327,-261950.7991,42578.4336,491.9966,1061.8115
-304723.712,-262051.173,42672.5391,490.2749,1080.0496
-304533.1754,-261967.0152,42566.1602,510.1591,1071.0461
-304681.001,-261910.8721,42770.1289,503.897,1031.6909
-304609.0515,-261928.739,42680.3125,478.1721,1054.8864
-304610.5815,-261905.3901,42705.1914,504.9459,1019.3387
-304777.6005,-262046.3466,42731.2539,503.8105,1017.8114
-304663.299,-262015.8263,42647.4727,504.8396,1064.9188
-304677.394,-261937.3628,42740.0312,468.8002,1014.7007
-304743.4075,-262007.1809,42736.2266,490.7663,1051.3346
-304573.1822,-261912.6118,42660.5703,457.9597,1080.2945
-305040.2843,-262060.964,42979.3203,515.1146,1020.3865
-304564.5683,-261973.8222,42590.7461,484.3517,1039.8477
-304686.125,-262029.2968,42656.8281,497.1889,1056.0786
-304748.1027,-262017.7316,42730.3711,498.0774,1042.3933
-304606.2317,-261979.7513,42626.4805,546.259,1033.1366
-304783.5196,-262060.7188,42722.8008,495.5552,1085.7022
-304823.9901,-261898.955,42925.0352,493.0533,1066.7199
-304688.8863,-261940.523,42748.3633,455.8559,1051.3718
-304665.6813,-262052.9626,42612.7188,512.9938,1047.1013
-304777.2122,-261911.7864,42865.4258,547.3327,1077.7516
-304657.4841,-262058.0818,42599.4023,494.1848,1066.4467
-304543.9595,-261927.3619,42616.5977,505.3533,1045.7533
-304374.6973,-261939.3536,42435.3438,493.528,1052.8038
-304592.3599,-261961.0943,42631.2656,525.5089,1089.8237
-304495.1054,-261909.6093,42585.4961,466.5855,1013.4468
-304647.7991,-262015.135,42632.6641,523.98,1000.6268
-305083.633,-261992.3596,43091.2734,508.8988,1012.7272
-304597.0183,-261987.9519,42609.0664,486.3513,1044.4026
-304546.732,-261943.8297,42602.9023,475.4511,1039.2483
-304871.4522,-262069.1905,42802.2617,494.3102,1018.2519
-304783.106,-262036.606,42746.5,491.9727,1039.8235
-304661.6546,-262024.807,42636.8477,514.9139,1048.5899
-304701.4745,-261961.119,42740.3555,525.7455,1047.2272
-304940.3181,-262061.1853,42879.1328,482.9134,1025.4328
-304781.8956,-262010.2393,42771.6562,474.9283,998.1824
-304633.199,-261993.6521,42639.5469,519.1823,1059.6831
-304528.1258,-262066.6297,42461.4961,549.7601,1019.4478
-304431.687,-262098.4174,42333.2695,512.6339,1049.3523
-304600.5546,-262022.9921,42577.5625,510.859,1076.1703
-304709.05,-262022.6086,42686.4414,511.6073,1039.2564
-304769.6322,-261986.0854,42783.5469,500.1156,1058.5692
-304653.6098,-261963.2738,42690.3359,529.3235,1019.9806
-304783.0217,-261933.092,42849.9297,511.552,1048.3387
-304749.9798,-261977.0228,42772.957,498.4323,1044.5408
-304922.8063,-262065.2282,42857.5781,524.1201,1038.8204
-304664.0914,-261921.775,42742.3164,519.6296,1064.0058
-304844.6431,-262027.9713,42816.6719,468.3397,1068.473
-304585.0752,-262079.9033,42505.1719,483.5716,1040.2233
-304591.6202,-261949.4952,42642.125,516.7652,1060.5918
-304790.8981,-261948.9177,42841.9805,531.5905,1050.6408
-304728.1885,-262028.1221,42700.0664,491.5117,998.6673
-304287.5355,-261866.8362,42420.6992,496.0004,1057.7197
-304612.0224,-261958.6864,42653.3359,535.1506,1019.0226
-304919.0315,-262042.1096,42876.9219,483.0934,1062.9609
-304959.7237,-261994.3721,42965.3516,527.4889,1048.0735
-304846.2352,-262058.6962,42787.5391,507.9439,1020.568
-304409.9,-261973.2164,42436.6836,519.8448,1044.65
-304609.6242,-261906.3664,42703.2578,517.2758,1025.7471
-304730.9584,-262037.5522,42693.4062,534.0016,1046.649
-304868.0235,-262156.7383,42711.2852,498.4713,1090.2992
-304695.5339,-262022.2644,42673.2695,513.8742,1000.0871
-304804.8987,-262059.4963,42745.4023,486.7577,1041.2349
-304688.5931,-262037.4134,42651.1797,492.5231,1040.3762
-304716.2218,-262000.007,42716.2148,483.0009,1064.509
-304657.7811,-261925.1014,42732.6797,541.8027,1031.6494
-304761.7441,-262000.334,42761.4102,509.2856,1015.2483
-304729.8367,-261947.9891,42781.8477,487.2605,969.9225
-304623.0443,-261958.2943,42664.75,498.6229,1011.5062
-304682.5414,-261976.6664,42705.875,512.8905,1021.245
-304588.8841,-261995.7512,42593.1328,476.1187,1041.1675
-304438.1527,-261868.141,42570.0117,488.183,1045.3824
-305061.2577,-262072.5077,42988.75,514.537,1081.9433
-304755.017,-261981.974,42773.043,491.1067,1046.4881
-304530.9348,-261929.3449,42601.5898,493.5164,1032.4289
-304560.5736,-261933.9603,42626.6133,496.8059,1042.789
-304759.3769,-262012.6777,42746.6992,506.3862,1093.1231
-304750.9737,-261987.7159,42763.2578,474.7482,1035.7163
-304496.086,-261979.3867,42516.6992,497.3767,1060.7893
-304728.0679,-262010.2437,42717.8242,492.6823,1087.2398
-304685.6367,-262018.5156,42667.1211,482.274,1018.7937
-304630.9409,-262051.2143,42579.7266,481.023,1086.4186
-304673.2735,-262050.7891,42622.4844,537.1316,1048.5965
-304704.7989,-262032.3068,42672.4922,509.8359,1035.4682
-304776.011,-262022.2337,42753.7773,501.6549,1074.2327
-304930.4062,-262044.2577,42886.1484,509.1043,1051.0
-304871.9959,-262034.1717,42837.8242,527.4293,1027.3492
-304601.8523,-262000.4187,42601.4336,554.2488,1020.723
-304826.4378,-262086.9065,42739.5312,527.8574,1008.6739
-304804.8848,-261973.8457,42831.0391,515.7667,1012.5806
-304514.0486,-261919.3728,42594.6758,493.5483,1061.3217
-304692.0322,-261947.9424,42744.0898,531.1208,1006.7615
-304432.883,-262052.7033,42380.1797,502.5982,1019.6916
-304699.7784,-262003.7159,42696.0625,493.4799,1063.4663
-304724.9714,-261983.6315,42741.3398,491.4786,1046.6318
-304817.4204,-261933.3579,42884.0625,505.4351,1065.2959
-304718.1032,-262000.4079,42717.6953,512.5488,997.2486
-304677.2127,-261965.7244,42711.4883,539.5132,1007.2305
-304681.2825,-262074.4348,42606.8477,534.503,1068.1907
-304680.8578,-261867.3266,42813.5312,504.8356,1015.2505
-304745.8842,-261873.4858,42872.3984,486.1404,1029.1831
-304715.6761,-262037.7152,42677.9609,490.0836,1074.8958
-304636.2404,-262024.6779,42611.5625,520.648,1017.3857
-304778.0005,-262087.7231,42690.2773,510.3019,1007.1256
-304726.8973,-262024.8114,42702.0859,536.8526,1050.9786
-304771.6367,-262019.5078,42752.1289,500.5617,1014.7161
-304646.0145,-262035.4286,42610.5859,478.728,1034.7055
-304923.83,-262042.9237,42880.9062,492.2979,1055.7228
-304669.8123,-261998.5974,42671.2148,513.7305,1096.9959
-304679.0258,-262014.2641,42664.7617,509.9484,1071.3828
-304723.3028,-261972.4629,42750.8398,502.6106,1033.8439
-304580.6642,-262048.6798,42531.9844,506.0838,1056.6062
-304476.9715,-261927.073,42549.8984,492.1794,1023.5582
-304921.1207,-262012.7066,42908.4141,483.4152,1011.3929
-304888.0644,-262081.3144,42806.75,508.0905,1056.455
-304891.5643,-262175.8847,42715.6797,511.2375,1047.1504
-304599.8993,-261902.3172,42697.582,520.8327,1033.5482
-304794.673,-261930.0441,42864.6289,521.5109,1018.9498
-304643.0105,-261926.6277,42716.3828,517.2277,1055.9244
-304653.0923,-262044.7798,42608.3125,497.4053,1049.4189
-305004.1894,-262009.7011,42994.4883,510.4054,1047.4113
-304752.6215,-262008.895,42743.7266,498.829,1056.8582
-304695.569,-262031.6002,42663.9688,511.0019,1077.0071
-304586.0176,-261914.5645,42671.4531,517.1618,1018.3251
-304695.3429,-261979.9679,42715.375,505.98,1034.9543
-304645.2772,-262056.703,42588.5742,508.2559,1038.0996
-304760.5483,-262005.0561,42755.4922,486.3172,1035.4601
-304719.7525,-262002.9752,42716.7773,524.9125,1057.3685
-304756.8362,-261972.2541,42784.582,489.9666,1051.5537
-304872.3834,-261962.0514,42910.332,488.871,1072.4705
-304709.3332,-262010.7863,42698.5469,488.3315,1027.336
-304680.948,-261951.9285,42729.0195,535.6271,1059.4055
-304576.2032,-261925.8125,42650.3906,521.3485,1048.8609
-304604.7034,-261926.2541,42678.4492,492.2182,1023.6286
-304808.4451,-261942.3748,42866.0703,491.6472,1044.6705
-304554.5977,-261917.0587,42637.5391,500.7245,1021.9545
-304452.6254,-261919.2386,42533.3867,489.1429,1057.1612
-304543.3752,-262039.1369,42504.2383,506.8069,1035.5677
-304637.7371,-261942.8347,42694.9023,503.3567,1079.5424
-304679.9535,-261939.9496,42740.0039,519.9735,1031.1268
-304866.2765,-261995.3781,42870.8984,491.4088,983.7118
-304931.279,-262045.5407,42885.7383,547.9123,1097.5843
-304527.3841,-261935.8372,42591.5469,475.9976,1023.5333
-304646.7295,-261972.0732,42674.6562,493.8649,1086.883
-304615.7178,-261942.7491,42672.9688,503.5898,1055.4922
-304648.3462,-261977.5064,42670.8398,507.8184,987.1874
-304685.5439,-262020.751,42664.793,528.5299,991.8523
-304596.072,-262022.5056,42573.5664,482.7051,1099.1185
-304587.425,-262033.9094,42553.5156,494.7939,1046.4559
-304712.6028,-261942.4035,42770.1992,524.0105,996.5334
-304731.3576,-262041.2287,42690.1289,554.0085,1054.4128
-304537.2723,-261979.0067,42558.2656,470.0882,1009.9759
-304705.1263,-262063.8607,42641.2656,505.8126,1089.9405
-304795.9482,-262004.6161,42791.332,492.4723,1018.5048
-304630.5357,-261945.4615,42685.0742,485.8658,1040.6446
-304617.8871,-261977.9886,42639.8984,477.0451,996.9224
-304793.3309,-262036.323,42757.0078,486.258,1081.0126
-304542.4202,-261953.7327,42588.6875,514.6564,1032.7283
-304618.8365,-262020.7897,42598.0469,514.8267,1098.1594
-304655.1683,-261975.3207,42679.8477,497.5832,1058.9264
-304654.7215,-262059.9363,42594.7852,485.7975,1046.0332
-304611.0555,-262076.3055,42534.75,531.9626,1017.6475
-304342.3732,-261926.8107,42415.5625,509.2502,1035.8447
-304438.4156,-261942.3453,42496.0703,507.9131,1043.245
-304806.1337,-262063.9853,42742.1484,493.3323,1096.3537
-304617.1786,-262032.6317,42584.5469,514.1598,1123.291
-304680.6568,-261972.3951,42708.2617,482.5282,1076.9458
-304587.0353,-261964.9298,42622.1055,521.413,1068.4541
-304551.8359,-261946.3906,42605.4453,501.3234,1037.9442
-304623.8352,-262024.2922,42599.543,481.3572,1032.5258
-304507.5192,-261945.0661,42562.4531,518.5692,1014.4782
-304499.441,-261984.9019,42514.5391,531.4713,1085.8577
-304582.016,-261955.727,42626.2891,485.9941,1035.6859
-304819.7703,-262023.0477,42796.7227,506.097,1064.6142
-304816.9878,-262046.5698,42770.418,561.2207,1074.6211
-304598.8021,-261996.599,42602.2031,494.4629,996.6523
-304570.0402,-262002.0754,42567.9648,512.5153,1060.6911
-304819.0111,-262018.9486,42800.0625,526.5149,1075.397
-304709.8964,-261920.912,42788.9844,489.9516,1066.9043
-304816.5314,-262059.9064,42756.625,464.9293,1036.848
-304833.0523,-262008.1655,42824.8867,500.5561,1058.4334
-304743.7094,-261977.8266,42765.8828,505.3452,1064.0944
-304694.761,-262009.7649,42684.9961,498.6832,1034.7005
-304741.3766,-262004.5172,42736.8594,515.4932,1089.1779
-304546.9768,-262038.1369,42508.8398,511.6541,1068.6791
-304779.8362,-262010.348,42769.4883,466.5917,1050.5824
-304607.216,-262104.5949,42502.6211,504.7476,1055.4109
-304518.4653,-261927.1762,42591.2891,505.1799,1019.2133
-304711.601,-262015.519,42696.082,473.2447,1001.1864
-304788.8736,-262079.6509,42709.2227,495.1341,1077.9121
-304651.2195,-261977.3679,42673.8516,505.2992,1055.8164
-304961.9451,-261934.281,43027.6641,510.1916,1071.9212
-304602.1233,-262018.8382,42583.2852,507.4304,1027.5304
-304833.5121,-262089.7426,42743.7695,510.3467,1057.0223
-304822.2447,-262094.7369,42727.5078,482.2039,1084.7701
-304743.9762,-262048.2535,42695.7227,504.408,994.2493
-304449.6688,-261865.6258,42584.043,522.796,1041.4338
-304720.3989,-262021.7036,42698.6953,491.446,1001.3135
-304814.0062,-262057.2992,42756.707,497.7278,1028.1562
-304922.3205,-262024.3908,42897.9297,513.9559,1030.8043
-304734.0762,-262031.5918,42702.4844,504.2788,1070.3012
-304822.9981,-262020.2129,42802.7852,485.6754,1061.5791
-304906.0666,-261946.9495,42959.1172,505.4317,1020.145
-304669.1344,-262035.0993,42634.0352,479.5881,1043.6821
-304519.9705,-262058.7518,42461.2188,502.8322,1009.5001
-304623.2078,-261936.3563,42686.8516,499.3625,1084.5726
-304835.3978,-261950.847,42884.5508,514.1042,1024.02
-304786.0966,-261963.3974,42822.6992,520.6121,1064.0972
-304669.5423,-262049.3196,42620.2227,507.1964,1107.9697
-304544.9524,-262008.6789,42536.2734,483.795,1082.3831
-304617.4652,-261963.2621,42654.2031,482.8031,1064.3574
-304730.1354,-262038.5182,42691.6172,535.2154,1060.9032
-304699.7528,-261930.5107,42769.2422,512.1873,1065.169
-304524.3094,-262004.8524,42519.457,503.1973,1031.7503
-304855.1377,-262014.9384,42840.1992,543.5306,1020.1237
-304464.051,-261911.2034,42552.8477,518.0608,999.8097
-304876.1665,-261983.2603,42892.9062,536.0697,1001.8909
-304660.1087,-261993.8587,42666.25,485.004,1025.7226
-304560.203,-261973.6327,42586.5703,517.6169,1049.1527
-304684.1501,-262077.361,42606.7891,520.4226,1034.8191
-304504.792,-261946.7021,42558.0898,539.934,1060.281
-304589.1007,-261942.3546,42646.7461,544.8848,1064.8616
-304763.6996,-262123.2113,42640.4883,486.7385,1068.312
-304712.5512,-262001.4496,42711.1016,491.1686,1022.2386
-304775.2747,-261936.8333,42838.4414,511.9255,1026.9374
-304807.0865,-261981.774,42825.3125,475.0412,1036.9675
-304611.224,-261956.9389,42654.2852,523.3818,1053.6258
-304682.3665,-262019.2375,42663.1289,499.7004,1032.8019
-304661.1919,-262012.7895,42648.4023,485.7687,1051.1792
-304924.4023,-262094.0741,42830.3281,534.8173,1016.4998
-304666.3535,-261895.8535,42770.5,493.7004,1060.717
-304664.3352,-261963.093,42701.2422,520.3557,1074.0213
-304487.7454,-262005.6126,42482.1328,488.8617,1027.3638
-304674.0558,-262041.7472,42632.3086,514.3102,1083.5367
-304677.157,-262046.7078,42630.4492,534.782,1070.9954
-304559.9294,-262084.781,42475.1484,514.0849,1038.9374
-304566.4915,-261946.0461,42620.4453,500.9837,1034.8846
-304579.635,-261872.7951,42706.8398,489.9637,1015.3789
-304821.5557,-261947.5908,42873.9648,498.3193,1014.0734
-304814.3196,-262027.6986,42786.6211,506.067,1014.4588
-304475.8665,-261906.3548,42569.5117,492.4365,1058.7422
-304546.9216,-261949.1169,42597.8047,526.6416,1059.1789
-304512.9404,-262019.7334,42493.207,508.6041,1002.4753
-304657.9828,-261883.6469,42774.3359,515.3599,1045.4488
-304678.0797,-262035.3063,42642.7734,520.0181,1057.323
-304505.9017,-261984.9056,42520.9961,545.6592,1056.7144
-304768.1754,-262024.8707,42743.3047,496.7509,1076.8379
-304642.5269,-261985.6246,42656.9023,516.6567,1081.8568
-304530.4253,-262026.5113,42503.9141,536.7286,1091.9642
-304769.0435,-262058.899,42710.1445,494.9763,1059.313
-304688.3487,-261916.0596,42772.2891,488.3509,1049.7566
-304569.7914,-261975.5179,42594.2734,501.5646,1051.2882
-304710.0365,-262002.0443,42707.9922,540.3462,1082.49
-304623.043,-261970.0937,42652.9492,531.6616,1011.2011
-304554.9018,-261966.2534,42588.6484,502.3716,1001.1947
-304684.4532,-262046.3125,42638.1406,501.2659,1057.8862
-304731.1046,-261909.7765,42821.3281,512.0009,1077.2436
-304738.9284,-261979.9909,42758.9375,511.0213,1049.3631
-304724.638,-261980.4857,42744.1523,514.0159,974.0013
-304688.0881,-261921.5725,42766.5156,516.5247,1036.1298
-304593.2395,-261934.6966,42658.543,476.0727,1027.1795
-304665.3184,-261927.4434,42737.875,502.4332,1047.2338
-304529.7185,-261966.8591,42562.8594,492.8695,1061.7074
-304286.3142,-261901.0212,42385.293,499.6277,1076.2288
-304753.6918,-261912.3012,42841.3906,524.7121,1012.4604
-304426.3969,-262040.3695,42386.0273,498.8928,1037.1236
-304561.7689,-261841.9017,42719.8672,476.1516,1050.6956
-304832.9603,-261922.5071,42910.4531,488.7454,1024.3538
-304789.7296,-262009.6319,42780.0977,462.1979,1040.3825
-304484.9194,-261881.0366,42603.8828,486.2388,1042.1215
-304522.9627,-261956.3729,42566.5898,487.6549,1053.7739
-304882.2045,-262063.3607,42818.8438,523.3562,1046.7821
-304625.9613,-261970.0004,42655.9609,523.2588,1039.2225
-304849.7868,-261950.5759,42899.2109,491.9027,1035.849
-304754.0533,-262014.3463,42739.707,477.8761,1027.6323
-304722.0418,-261998.4168,42723.625,476.344,1070.1049
-304851.3037,-262035.8545,42815.4492,497.9066,1068.2455
-304828.1438,-261952.6047,42875.5391,506.4371,1055.4578
-304812.1553,-262010.4365,42801.7188,524.945,1073.5436
-304582.6241,-261932.5382,42650.0859,488.2122,1074.4577
-304782.68,-262076.3831,42706.2969,500.6069,1064.4936
-304687.2516,-261973.4313,42713.8203,489.5458,1004.9464
-304760.518,-261939.7368,42820.7812,506.7243,1030.6663
-304681.8671,-262014.5429,42667.3242,478.2202,1008.749
-304592.7027,-262037.0972,42555.6055,481.4583,1066.1816
-304603.9758,-261881.9797,42721.9961,481.9056,1089.8108
-304499.9681,-261898.886,42601.082,502.176,1064.7067
-304689.8476,-261934.0078,42755.8398,493.8317,1040.253
-304608.5397,-261998.4265,42610.1133,496.6984,1054.3361
-304661.4509,-261949.5095,42711.9414,511.3824,1047.3179
-304653.3004,-261917.605,42735.6953,510.0517,1001.9381
-304747.2675,-261969.7323,42777.5352,524.1496,1039.3258
-304646.2055,-261933.979,42712.2266,495.1015,1033.6663
-304625.3018,-261926.3799,42698.9219,513.4482,1038.7602
-304826.8841,-262064.9661,42761.918,529.1735,1017.284
-304927.6727,-262036.6063,42891.0664,512.4705,1056.9628
-304607.1095,-261938.6525,42668.457,499.2846,1074.5086
-304551.5668,-261921.6918,42629.875,496.0546,1030.1323
-304728.9653,-261944.6685,42784.2969,476.6041,1025.4919
-304734.9391,-261952.8102,42782.1289,456.8853,1020.8553
-304801.9816,-261974.5129,42827.4688,482.7393,1013.9117
-304730.6834,-261934.1443,42796.5391,516.4895,1013.2735
-304725.5215,-262042.1153,42683.4062,508.0698,1032.6254
-304525.4423,-261977.3407,42548.1016,549.5691,1044.9955
-304961.1481,-261931.2887,43029.8594,470.0393,997.027
-304880.2612,-261933.6284,42946.6328,498.5359,1038.9452
-304833.857,-261993.8374,42840.0195,509.687,1037.1791
-304769.1707,-261993.0106,42776.1602,490.3642,1032.0131
-304631.6923,-261926.6337,42705.0586,494.4158,1021.0091
-304726.5558,-262024.2745,42702.2812,470.9638,1065.7794
-304953.1038,-261964.6116,42988.4922,525.8646,1031.9176
-304816.5828,-262004.4735,42812.1094,515.9936,1047.7459
-304521.2574,-261977.3316,42543.9258,488.4346,1047.5319
-304967.338,-261931.4122,43035.9258,536.5978,1044.966
-304943.4242,-261986.8188,42956.6055,490.8889,1064.309
-305006.9488,-262061.5347,42945.4141,495.966,1056.6667
-304733.6792,-262108.2183,42625.4609,525.5271,1061.2702
-304579.4722,-261960.2534,42619.2188,485.3214,1065.2817
-304746.1214,-261995.7621,42750.3594,467.0648,1020.9121
-304826.1001,-261875.5025,42950.5977,491.424,1079.4818
-304603.6042,-261995.3581,42608.2461,503.4466,1018.4277
-304389.1451,-261945.7622,42443.3828,482.3578,1028.8162
-304651.6356,-261919.1824,42732.4531,493.5464,1057.6911
-304561.2902,-262023.3136,42537.9766,497.7731,1030.7993
-304502.9573,-261941.6448,42561.3125,479.2316,1016.9226
-304677.5899,-262015.7656,42661.8242,472.8322,996.8253
-304702.1093,-261930.8281,42771.2812,484.3754,1073.2456
-304747.3972,-261990.4675,42756.9297,497.8247,1052.7354
-304489.8051,-261911.3598,42578.4453,526.0742,1065.164
-304526.3258,-261945.5992,42580.7266,523.0251,1074.0503
-305042.027,-261894.6442,43147.3828,517.0569,1031.1957
-304405.5499,-261947.2687,42458.2812,506.6216,1045.3745
-304556.3014,-261940.0202,42616.2812,477.1862,1025.9742
-304696.1841,-261914.0787,42782.1055,481.5857,996.7814
-304857.183,-261975.5424,42881.6406,501.3158,1029.4371
-304723.3346,-261990.9479,42732.3867,458.6936,1033.9488
-304606.3016,-262035.8055,42570.4961,492.2557,1036.4261
-304539.3775,-262017.5299,42521.8477,486.488,1045.8396
-304618.7642,-262030.4166,42588.3477,485.4119,1039.1956
-304652.6189,-261994.0876,42658.5312,502.5526,1094.4299
-304706.3445,-261957.4109,42748.9336,467.1932,1062.9571
-304561.0533,-261995.5846,42565.4688,528.6463,1047.2591
-304486.4223,-261990.5707,42495.8516,458.7331,1052.0631
-304979.7294,-262020.8583,42958.8711,516.8372,1033.9349
-304660.2407,-262006.6782,42653.5625,495.8232,1064.5014
-304629.5849,-261990.7294,42638.8555,518.3908,1042.6059
-304546.2626,-261956.8876,42589.375,515.4113,1038.5675
-304672.6982,-261884.0693,42788.6289,464.4111,1037.152
-304759.1282,-261955.4563,42803.6719,489.4652,1065.0205
-304734.4885,-262078.4885,42656.0,502.2892,1073.8632
-304928.6245,-261951.2925,42977.332,474.5828,1026.8582
-304909.6999,-262005.9694,42903.7305,484.3644,1030.0354
-304736.7855,-262021.4418,42715.3438,487.4033,1060.7674
-304439.3135,-261951.0205,42488.293,531.9603,1048.2256
-304377.3405,-261916.0045,42461.3359,519.9861,1017.7464
-304593.685,-262025.685,42568.0,517.9753,1075.0537
-304797.2493,-261998.4525,42798.7969,546.3976,1014.0635
-304767.7376,-262055.1555,42712.582,461.1957,1035.7385
-304592.7608,-261906.1983,42686.5625,478.132,1016.9274
-304762.5828,-261936.739,42825.8438,521.0037,1036.2485
-304813.5305,-262036.7102,42776.8203,506.0644,1052.0386
-304892.008,-261968.6798,42923.3281,499.385,1018.7395
-304331.5753,-261871.9034,42459.6719,481.7446,1036.1879
-304687.016,-261974.7465,42712.2695,533.0951,1024.887
-304696.6476,-262020.3312,42676.3164,537.2736,1053.1589
-304993.0274,-262157.6837,42835.3438,470.2431,1069.0037
-304545.0703,-261952.0468,42593.0234,499.818,1033.2943
-304636.4915,-261979.3157,42657.1758,524.2217,1063.8282
-304608.3095,-261966.786,42641.5234,500.5119,1040.2721
-304757.985,-261987.1921,42770.793,522.4585,1052.8262
-304377.3603,-261834.8955,42542.4648,488.6889,1004.8345
-304664.1766,-262042.7625,42621.4141,520.8922,1002.3751
-304695.6027,-262005.5207,42690.082,499.9808,1079.2609
-304868.1151,-262035.7596,42832.3555,516.935,1076.7154
-304864.1833,-261980.1052,42884.0781,508.0511,1049.0095
-304761.8529,-261905.1849,42856.668,512.1788,1042.8932
-304858.4113,-262057.6339,42800.7773,514.8208,1068.5601
-304913.4167,-262032.6081,42880.8086,508.3651,1038.4881
-304795.4415,-261954.2384,42841.2031,481.8054,1061.8215
-304796.4174,-262118.6791,42677.7383,505.7971,1004.2335
-304535.3773,-261928.6195,42606.7578,507.6812,1074.0777
-304714.296,-262039.4014,42674.8945,505.6559,1027.2566
-304680.3773,-262039.307,42641.0703,505.0599,1094.2394
-304687.4521,-262001.7021,42685.75,487.8428,1046.4318
-304805.6954,-262097.7032,42707.9922,547.5589,1040.1915
-304638.4345,-262032.1845,42606.25,523.3122,1039.5825
-305006.8663,-262028.4483,42978.418,500.2511,1045.5902
-304582.3809,-261992.2793,42590.1016,482.5546,1083.4844
-304713.7351,-262007.1961,42706.5391,481.6922,1093.1002
-304738.4801,-261933.5855,42804.8945,521.1995,1059.7826
-304532.6437,-261994.2843,42538.3594,500.7965,1029.7962
-304608.1462,-262025.3767,42582.7695,504.267,1049.4871
-304812.2401,-262053.9472,42758.293,552.8428,1028.5563
-304766.1878,-262015.0198,42751.168,487.5177,1040.8292
-304878.7523,-262033.8773,42844.875,504.4782,1053.706
-304840.1826,-262047.0811,42793.1016,504.8549,1043.9564
-304581.115,-261930.322,42650.793,494.2407,1063.3979
-304843.1079,-262072.8423,42770.2656,514.8261,1063.0901
-304897.2865,-262048.3177,42848.9688,498.6598,1051.0321
-304462.9765,-261973.7538,42489.2227,517.9475,1045.7174
-304498.9424,-261947.1299,42551.8125,503.6345,1042.8326
-304765.8201,-261999.9178,42765.9023,525.2891,1046.7162
-304903.9677,-261918.5419,42985.4258,471.91,1082.2928
-304623.8785,-261927.4292,42696.4492,473.85,1015.2327
-304860.2986,-262052.9431,42807.3555,468.1657,1076.6381
-304662.0158,-261993.2932,42668.7227,471.9301,1045.1925
-304819.7102,-262082.2531,42737.457,516.3222,1042.2232
-304756.2351,-261992.4499,42763.7852,551.1863,1050.2161
-304537.4544,-261895.1302,42642.3242,530.6822,1037.2972
-304673.6952,-261940.1796,42733.5156,498.7969,1020.3735
-304568.9146,-261925.2467,42643.668,487.6875,1021.8879
-304636.84,-262021.0392,42615.8008,528.5105,1042.5646
-304824.1003,-261992.1941,42831.9062,491.1962,1016.8685
-304813.8116,-261989.9874,42823.8242,505.6723,1022.0276
-304450.1082,-261901.9753,42548.1328,487.4317,1044.8712
-304733.5039,-261980.0039,42753.5,534.3269,1033.2592
-304641.6698,-261968.7714,42672.8984,535.4872,1052.499
-304937.1112,-262058.7479,42878.3633,505.1882,1052.9836
-304554.2927,-261894.9841,42659.3086,504.4789,1003.81
-304464.6578,-261861.7242,42602.9336,505.0732,1026.973
-304592.5368,-261875.9196,42716.6172,526.2774,1008.875
-304842.149,-262140.4732,42701.6758,478.7021,1061.0994
-304531.2233,-261924.0983,42607.125,498.8294,1058.8678
-304597.0587,-261907.1251,42689.9336,529.4707,1025.6227
-304778.6301,-261900.6106,42878.0195,508.5224,987.4339
-304797.0349,-261960.4333,42836.6016,484.8152,1023.8001
-304503.3019,-261978.3253,42524.9766,500.7914,1022.0441
-304659.3121,-261885.5817,42773.7305,506.53,1055.396
-304665.3911,-261922.0903,42743.3008,545.5905,1049.5984
-304763.7575,-262007.1403,42756.6172,484.293,1041.6737
-304473.9828,-261898.9906,42574.9922,492.738,1062.9225
-304705.7136,-262000.866,42704.8477,497.508,1049.2675
-304776.0821,-261903.5664,42872.5156,511.4151,1046.3775
-304569.2095,-261995.6939,42573.5156,503.9894,1076.3153
-304831.0806,-261927.1704,42903.9102,527.0847,1001.6641
-304750.4815,-261984.8838,42765.5977,474.5985,1039.8124
-304492.1762,-262054.1723,42438.0039,514.8046,1066.2754
-304728.3759,-262076.2978,42652.0781,500.8603,1054.4714
-304638.6146,-262018.5482,42620.0664,484.9321,1031.3478
-304894.5025,-262009.9439,42884.5586,470.8933,1075.8762
-304509.3379,-261884.7754,42624.5625,501.8527,1018.7276
-304645.632,-261891.3351,42754.2969,525.1629,1035.4228
-304184.2389,-261993.9147,42190.3242,510.354,1077.3724
-304625.0389,-261948.8006,42676.2383,511.297,1060.7839
-304709.2364,-261941.8653,42767.3711,477.1371,1043.9162
-304487.2139,-261949.8115,42537.4023,513.3311,1056.3544
-304882.0837,-261911.8571,42970.2266,498.139,1028.084
-304691.1542,-261963.4667,42727.6875,495.0324,1060.584
-304568.8182,-261935.0916,42633.7266,463.3874,1039.0415
-304618.0528,-261982.2833,42635.7695,488.8869,1048.429
-304890.6102,-262094.3837,42796.2266,511.6952,1062.2284
-304486.2832,-262022.7168,42463.5664,509.977,999.6762
-304665.4282,-261999.6938,42665.7344,503.5169,1007.1088
-304612.6618,-261930.7243,42681.9375,470.4473,991.0272
-304657.8895,-262046.8895,42611.0,497.1059,1054.8131
-304441.7059,-261987.3934,42454.3125,518.1094,1052.5683
-304743.6797,-261989.1094,42754.5703,540.03,1002.0535
-304857.2748,-262017.4858,42839.7891,504.804,1027.3772
-304501.9639,-261825.6397,42676.3242,503.6164,1074.962
-304827.7558,-261924.2597,42903.4961,527.0503,1064.8869
-304520.3308,-262016.0769,42504.2539,478.9646,1060.0577
-304556.8181,-261962.0486,42594.7695,516.1579,1026.8887
-304592.6477,-261920.0305,42672.6172,506.5074,1083.2879
-304630.5919,-262013.2715,42617.3203,479.464,1035.1913
-304577.7066,-262018.5504,42559.1562,520.8644,1034.3543
-304446.7198,-261902.4893,42544.2305,475.2639,1058.3201
-304845.3648,-261971.6031,42873.7617,490.9821,1039.0469
-304639.5893,-261952.0307,42687.5586,510.0891,1047.5026
-304278.6917,-261879.9613,42398.7305,523.2436,1031.3606
-304863.2621,-261979.7816,42883.4805,504.5942,1063.458
-304412.0411,-261932.1778,42479.8633,524.9569,1017.1361
-304729.435,-261935.7006,42793.7344,502.3055,1061.6131
-304605.709,-261960.3809,42645.3281,495.9672,1037.0879
-304498.5282,-261955.079,42543.4492,502.7247,1040.2034
-304785.3505,-262042.3934,42742.957,483.534,1062.9854
-304752.3046,-261920.1093,42832.1953,477.5193,1086.2234
-304723.4856,-261970.3528,42753.1328,528.9097,1050.4395
-304648.4605,-261940.1714,42708.2891,513.9995,1049.0436
-304764.4931,-261926.1259,42838.3672,492.6957,1040.4964
-304604.7468,-262082.5398,42522.207,506.8291,1066.5017
-304394.705,-261996.3496,42398.3555,501.0272,1048.8635
-304585.6492,-261934.9265,42650.7227,520.5129,1022.708
-304649.8392,-261946.2611,42703.5781,490.2265,1067.6335
-304699.454,-261942.1805,42757.2734,474.0607,1020.049
-304543.2647,-262014.3038,42528.9609,496.0547,975.1927
-304777.7488,-262063.7839,42713.9648,482.8221,1028.186
-304491.685,-261943.017,42548.668,493.769,1029.1789
-304453.6666,-261933.4557,42520.2109,518.6139,1040.242
-304854.1543,-261963.9004,42890.2539,488.6203,1068.833
-304645.8327,-261965.6609,42680.1719,491.6937,1019.5939
-304638.3405,-261913.1374,42725.2031,526.7642,1016.0988
-304486.1494,-261877.2705,42608.8789,441.2214,1039.11
-304635.4501,-262025.8056,42609.6445,508.0183,1043.5195
-304850.4136,-262068.7027,42781.7109,468.917,1032.7779
-304682.0263,-261966.5888,42715.4375,516.6764,1018.0776
-304798.2137,-261977.659,42820.5547,506.2389,1075.0061
-304940.1633,-262040.4875,42899.6758,523.9619,1036.3201
-304586.9898,-261940.6695,42646.3203,503.6441,1053.1667
-304423.9183,-261970.7152,42453.2031,515.5451,1045.3397
-304912.0037,-261958.7615,42953.2422,532.8256,1073.0878
-304650.6974,-261926.0177,42724.6797,489.1732,1027.655
-304585.8027,-261950.1464,42635.6562,566.3064,1054.3047
-304739.1057,-262040.5432,42698.5625,483.9829,1045.1375
-304843.1067,-262071.1614,42771.9453,511.9039,1028.8515
-304911.6583,-262008.6466,42903.0117,527.8021,1014.6681
-304706.1021,-261965.2857,42740.8164,517.3125,1049.9419
-304436.7801,-261886.3856,42550.3945,497.934,1063.0687
-304794.7219,-262010.8665,42783.8555,517.7637,1019.8771
-304576.5246,-261998.802,42577.7227,522.7379,1029.0539
-304774.5236,-262048.0197,42726.5039,510.4865,1039.9477
-304584.5475,-262041.2545,42543.293,504.2533,1057.9933
-304676.6616,-262049.5951,42627.0664,519.3578,1075.092
-304799.295,-262016.6349,42782.6602,503.5031,1041.7682
-304762.7836,-261953.2211,42809.5625,505.3514,1043.1043
-304623.2097,-261984.2293,42638.9805,489.1805,1049.9558
-304777.5052,-261922.7748,42854.7305,498.7934,1024.4905
-304745.3563,-262012.0516,42733.3047,514.0311,1039.3871
-304906.6416,-262004.0673,42902.5742,498.2967,1021.7111
-304710.95,-262037.3094,42673.6406,471.8552,1039.3887
-304692.2816,-261993.723,42698.5586,494.3184,1067.9516
-304741.8745,-262041.6362,42700.2383,499.0738,1037.8213
-304909.3854,-262043.0651,42866.3203,497.0635,1035.62
-304754.1435,-262014.1669,42739.9766,507.8553,1106.3959
-304767.854,-261966.7017,42801.1523,501.2353,1036.5233
-304706.168,-261955.4883,42750.6797,534.0047,1037.2767
-304652.5749,-262009.0554,42643.5195,504.4686,1010.1752
-304744.7103,-261965.1205,42779.5898,488.4105,1050.6354
-304684.9316,-262062.8456,42622.0859,494.22,1024.2787
-304666.6345,-261999.2946,42667.3398,526.9804,1071.7819
-304484.8014,-261864.7897,42620.0117,519.72,1049.087
-304623.7767,-261966.5853,42657.1914,520.0646,1069.4902
-304735.7461,-261962.4727,42773.2734,468.6742,1038.4399
-304677.0144,-261943.2097,42733.8047,479.755,1008.7285
-304278.4262,-261928.4028,42350.0234,517.7885,1061.69
-304814.4104,-262042.3636,42772.0469,517.131,1052.5384
-304659.8682,-261979.2197,42680.6484,524.0129,1029.0498
-304688.0259,-261994.0298,42693.9961,511.612,1043.7254
-304725.713,-261980.6622,42745.0508,544.3941,1080.8438
-304577.261,-262002.1399,42575.1211,512.6844,1054.2164
-304661.1095,-262055.8361,42605.2734,489.8637,1031.3187
-304529.1006,-261969.5733,42559.5273,512.1704,1021.0624
-304430.5822,-261976.6174,42453.9648,504.4035,1080.4453
-304626.0269,-261913.6206,42712.4062,520.3943,1080.2767
-304595.3716,-261976.3364,42619.0352,486.8839,1027.8647
-304710.9421,-262016.6765,42694.2656,478.6279,1079.8922
-304680.7477,-261979.9665,42700.7812,490.8964,1043.6808
-304297.7956,-261866.944,42430.8516,519.4122,1019.5075
-304626.8118,-261902.4368,42724.375,505.0807,1036.0166
-304773.9335,-262031.6249,42742.3086,491.7857,1062.4038
-304651.1305,-261855.1266,42796.0039,465.0797,1033.2096
-304613.2405,-261981.0139,42632.2266,489.3311,1028.3821
-304410.4927,-261975.5786,42434.9141,500.145,1040.6544
-304591.4003,-261942.8886,42648.5117,503.7858,1055.2244
-304706.6212,-261873.9845,42832.6367,498.8553,1009.5315
-304646.9149,-261933.2196,42713.6953,545.4751,1067.0512
-304807.7721,-262001.0612,42806.7109,498.4323,1068.0337
-304608.627,-262012.5801,42596.0469,524.5744,1065.7198
-304875.3942,-262006.9411,42868.4531,536.5849,1019.7168
-304785.9165,-262023.1196,42762.7969,503.896,1058.2751
-304719.9681,-261965.0071,42754.9609,531.746,1057.3629
-304852.8567,-262067.2278,42785.6289,514.5296,1002.4068
-304720.7581,-261877.4769,42843.2812,489.5282,1081.0415
-304749.1144,-262011.298,42737.8164,503.1603,1009.8189
-304804.0473,-261998.6215,42805.4258,521.8313,1056.6962
-304747.3613,-261996.9394,42750.4219,500.41,1031.9271
-304791.5952,-262010.103,42781.4922,483.4358,1076.0841
-304756.9943,-261984.6193,42772.375,515.2358,1020.0085
-304543.7123,-261965.7319,42577.9805,519.6201,1062.4131
-304594.5981,-261999.8794,42594.7188,525.7227,1016.3544
-304622.789,-261990.8633,42631.9258,486.9175,1073.3149
-304653.5358,-261982.9577,42670.5781,512.021,1053.0492
-304746.6846,-261947.7159,42798.9688,483.7031,1020.5272
-304431.82,-261897.5895,42534.2305,498.5512,1088.6453
-304750.6216,-262049.1997,42701.4219,497.5224,993.8779
-304809.3306,-261975.979,42833.3516,473.8117,1026.4206
-304291.4591,-261899.8302,42391.6289,496.123,1075.5613
-304674.292,-262018.5225,42655.7695,485.5149,1065.0216
-304651.7262,-261963.4801,42688.2461,512.8289,1051.5311
-304663.5822,-261973.59,42689.9922,463.013,1006.6164
-304701.3446,-261883.8055,42817.5391,480.2674,1020.6691
-304602.7979,-261980.1144,42622.6836,484.265,1047.7108
-304628.9992,-261879.0031,42749.9961,525.2538,1036.9199
-304908.1313,-262037.9828,42870.1484,480.0875,1037.8001
-304762.5243,-262040.036,42722.4883,508.1551,1024.9015
-304812.1521,-262040.8279,42771.3242,482.9506,1021.8411
-304867.4376,-262024.1993,42843.2383,485.8576,1048.7862
-304552.8102,-261991.1618,42561.6484,529.0985,1007.5309
-304629.956,-261965.2021,42664.7539,494.7639,1016.8085
-304569.1295,-262042.0553,42527.0742,532.9489,1065.7527
-304578.7147,-261874.1562,42704.5586,501.5882,1015.7678
-304607.9224,-261954.1099,42653.8125,506.6037,1023.7254
-304725.4927,-262037.5044,42687.9883,544.7114,1033.177
-304610.2834,-262045.467,42564.8164,503.5612,1041.4914
-304666.0319,-261956.5865,42709.4453,510.8004,989.4731
-304478.832,-261906.1718,42572.6602,478.8471,1059.2574
-304644.7103,-261877.6165,42767.0938,506.4943,1064.8939
-304670.0951,-261988.5678,42681.5273,520.886,1000.4808
-304537.4395,-261991.3536,42546.0859,525.4053,1034.951
-304635.9789,-261959.6937,42676.2852,493.0736,1080.2327
-304674.5334,-261993.553,42680.9805,510.8591,1000.77
-304523.8646,-261841.5365,42682.3281,481.5257,1064.5726
-304509.7582,-261981.1098,42528.6484,513.6332,1035.6602
-304724.7336,-262043.4563,42681.2773,498.878,1115.8166
-304706.4848,-262050.3833,42656.1016,511.4073,1036.3948
-304523.2838,-261962.8697,42560.4141,547.6949,1055.9891
-304874.2768,-262077.8236,42796.4531,516.9721,1015.0653
-304696.0333,-261978.4005,42717.6328,479.8174,1026.076
-305016.8877,-262058.7705,42958.1172,505.1938,1079.785
-304676.1692,-261966.2552,42709.9141,504.429,1056.0375
-304430.8573,-262024.7909,42406.0664,489.5301,997.1191
-304477.2293,-261964.6824,42512.5469,496.5037,1034.6852
-304743.9721,-261936.9409,42807.0312,486.4797,1065.2817
-304480.4301,-261946.3324,42534.0977,473.827,1074.7402
-304670.8749,-261911.9531,42758.9219,498.5681,1045.4542
-304499.7342,-261928.867,42570.8672,506.8657,1059.2753
-304717.4658,-262010.79,42706.6758,467.5906,1036.4685
-304900.6866,-262086.2218,42814.4648,543.037,1067.4333
-304593.1341,-261944.5989,42648.5352,486.2324,1010.0733
-304664.0932,-262004.8588,42659.2344,519.8388,1065.4746
-304526.5278,-261937.6919,42588.8359,479.3187,1040.0061
-304585.5024,-261992.2055,42593.2969,477.4876,1010.4866
-304639.6203,-262010.3664,42629.2539,520.2705,1006.4664
-304550.3975,-261929.4952,42620.9023,501.6017,984.1403
-304586.5355,-261970.7269,42615.8086,501.6083,1067.4026
-304460.3588,-261968.39,42491.9688,466.3428,1067.0715
-304500.277,-261903.2926,42596.9844,504.5527,1075.1186
-304557.1956,-261860.6018,42696.5938,529.6174,999.1385
-304368.3419,-261926.7559,42441.5859,476.5092,1034.8967
-304639.5218,-262105.0726,42534.4492,510.3842,1051.2994
-304702.9287,-261986.4834,42716.4453,520.7444,1051.2625
-304677.5464,-261882.3042,42795.2422,483.3819,1060.6644
-304590.5472,-262005.5198,42585.0273,502.6326,1057.1409
-304768.6682,-261999.5745,42769.0938,535.963,1014.7327
-304663.3248,-261942.6099,42720.7148,515.8984,1068.4265
-304744.6403,-261952.3161,42792.3242,530.2318,1039.5111
-304683.754,-262078.7774,42604.9766,506.4793,1028.844
-304586.9347,-261975.9581,42610.9766,503.4655,1004.432
-304590.0516,-262024.325,42565.7266,516.3706,1054.9158
-304808.7899,-262094.5438,42714.2461,521.2647,1045.4583
-304607.2418,-262053.5543,42553.6875,498.9938,1079.6488
-304457.8952,-262031.6139,42426.2812,519.2922,1029.8922
-304620.5292,-261959.7245,42660.8047,495.9642,1037.3144
-304772.4564,-262030.8627,42741.5938,504.7324,1041.6782
-304523.2054,-262003.1117,42520.0938,476.5005,1058.1605
-304836.5049,-261914.5439,42921.9609,513.5649,1055.4889
-304841.1814,-261940.1618,42901.0195,482.7592,1032.7407
-304755.7999,-262031.0812,42724.7188,536.843,1027.7895
-304682.0735,-261825.2414,42856.832,521.3723,1033.8132
-304440.188,-261837.2583,42602.9297,482.1383,1084.0643
-304553.0265,-261880.2882,42672.7383,462.8577,987.3985
-304318.3296,-261886.1538,42432.1758,501.3523,1036.0655
-304698.7052,-261975.838,42722.8672,520.3264,1055.7297
-304479.2103,-261903.0149,42576.1953,517.7295,999.8938
-304569.5735,-261926.2102,42643.3633,525.4619,1063.8889
-304519.3753,-261984.887,42534.4883,517.6661,1067.4937
-304688.0329,-261895.0486,42792.9844,518.7484,1053.5916
-304576.9182,-261991.3869,42585.5312,519.2529,1044.1534
-304660.9223,-261970.2934,42690.6289,507.0994,1039.4116
-304484.0152,-261909.816,42574.1992,540.3399,1010.5886
-304428.7092,-261993.3576,42435.3516,495.6675,1069.8327
-304680.7253,-261925.2956,42755.4297,527.5525,1028.054
-304603.6576,-261901.185,42702.4727,491.8109,1100.8075
-304819.9109,-261973.5593,42846.3516,516.2288,1065.9433
-304976.7334,-262022.1397,42954.5938,501.7559,1042.5427
-304622.6046,-261993.839,42628.7656,509.798,1056.0258
-304679.9221,-261941.4846,42738.4375,514.8787,1045.7938
-304345.1548,-261916.0493,42429.1055,497.2224,1088.5072
-304634.7287,-261916.7443,42717.9844,517.4301,1054.5925
-304829.2941,-261968.6534,42860.6406,498.4959,1029.8968
-304716.2265,-262018.1445,42698.082,495.3222,1092.4579
-304557.8673,-261998.1446,42559.7227,522.0265,988.8514
-304887.7107,-262034.8201,42852.8906,486.7902,1077.399
-304743.2845,-261971.1907,42772.0938,486.398,1070.4298
-304597.4451,-262012.8631,42584.582,494.7001,1056.1325
-304665.324,-261938.4803,42726.8438,488.4844,1024.5606
-304842.384,-261929.5832,42912.8008,492.4301,1060.4741
-304975.4644,-262039.4761,42935.9883,513.3391,1038.9763
-304501.0214,-261872.1933,42628.8281,498.5795,1026.834
-304792.2179,-261991.3741,42800.8438,485.0595,1031.9693
-304806.2966,-262034.0818,42772.2148,484.2841,1039.5837
-304461.9776,-261908.5245,42553.4531,505.466,1068.0324
-304541.4196,-261870.3454,42671.0742,521.1011,1071.4835
-304535.8403,-261985.852,42549.9883,495.9279,1038.1773
-304811.182,-262025.6664,42785.5156,492.9485,1041.6105
-304518.5698,-261876.0503,42642.5195,514.9839,1036.7027
-304422.1914,-261845.5039,42576.6875,509.9068,1032.1693
-304559.9131,-261997.0772,42562.8359,520.1755,1077.0226
-304492.2492,-261990.0266,42502.2227,509.5953,1074.66
-304485.7489,-261933.3427,42552.4062,502.2195,1042.0324
-304539.3286,-261959.3208,42580.0078,497.7061,1054.6015
-304648.6949,-262017.023,42631.6719,496.8264,1042.0216
-304759.657,-261999.864,42759.793,475.8443,995.064
-304905.726,-262058.0541,42847.6719,497.8768,1044.0107
-304635.4788,-261934.8656,42700.6133,513.6328,1006.2723
-304781.3077,-262054.6437,42726.6641,514.2314,1077.9338
-304559.1478,-261897.5032,42661.6445,500.7369,1022.4567
-304722.9107,-262045.2388,42677.6719,483.906,1082.8892
-304663.9613,-261998.9339,42665.0273,490.0649,1048.0298
-304680.2574,-261963.2769,42716.9805,487.8223,1031.7736
-304933.0211,-262049.15,42883.8711,519.3723,1019.1831
-304763.0475,-262037.8913,42725.1562,507.6764,1028.5311
-304952.4483,-262048.0225,42904.4258,520.307,1029.2664
-304741.067,-262063.1451,42677.9219,492.9219,1076.0896
-304660.0513,-261921.5474,42738.5039,505.4644,1086.5976
-304519.0006,-261989.4147,42529.5859,520.2282,1047.3462
-304539.6272,-261936.8733,42602.7539,500.9799,1060.9054
-304656.4292,-262047.3003,42609.1289,522.0376,1065.3254
-304799.2697,-261982.6564,42816.6133,521.3635,1065.1763
-304677.7726,-262010.4484,42667.3242,502.9565,1054.6076
-304647.5901,-261937.18,42710.4102,500.648,1062.3238
-304515.8374,-261878.478,42637.3594,512.5557,1022.7539
-304522.8615,-261923.4553,42599.4062,502.4588,1083.4119
-304747.9742,-261965.8922,42782.082,524.3406,1042.7341
-304620.0585,-262020.2694,42599.7891,484.3009,1053.8723
-304900.4469,-262041.2399,42859.207,500.4243,1055.9037
-304649.4024,-261985.9375,42663.4648,511.9259,1007.9662
-304426.6248,-261917.5936,42509.0312,516.4372,1035.6905
-304576.2043,-262024.7863,42551.418,523.4127,1028.2078
-304666.2822,-261954.9854,42711.2969,521.666,1057.3368
-304631.6043,-261869.0301,42762.5742,480.0623,1026.1137
-304615.1422,-261988.5094,42626.6328,514.2107,1032.1268
-304809.0815,-262021.7065,42787.375,487.3954,1070.8921
-304615.5882,-262036.6781,42578.9102,531.1711,1061.533
-304588.0486,-261890.072,42697.9766,499.0988,1057.464
-304567.5214,-261936.8027,42630.7188,490.3048,1049.0223
-304514.4784,-261877.8573,42636.6211,486.2995,1072.7628
-304830.6762,-261941.9419,42888.7344,465.8514,1035.2525
-304566.1268,-261919.3338,42646.793,489.2111,1068.7829
-304313.773,-261920.562,42393.2109,523.9848,1032.9999
-304648.2362,-261954.6971,42693.5391,498.1623,1056.3173
-304538.6499,-261909.0484,42629.6016,501.5023,1048.1393
-304751.1448,-261965.8206,42785.3242,494.2711,1038.9954
-304712.9239,-261925.4707,42787.4531,470.2777,1026.7377
-304584.3459,-261926.1193,42658.2266,536.4483,1023.1172
-304594.0008,-262011.2937,42582.707,500.8038,1027.7346
-304748.0869,-261936.6611,42811.4258,510.2408,1050.8455
-304703.1697,-261977.6423,42725.5273,500.7753,1071.6309
-304724.2406,-261895.7015,42828.5391,493.3548,1061.9697
-304749.2524,-261965.4203,42783.832,497.7997,1062.473
-304771.7093,-261900.9945,42870.7148,502.1684,1019.654
-304757.2219,-262010.4836,42746.7383,514.3237,1021.5841
-304640.8323,-261917.6682,42723.1641,521.8854,1091.2895
-304672.558,-261970.7885,42701.7695,496.6211,1027.0924
-304665.3744,-262028.1283,42637.2461,494.0067,1029.455
-304797.9676,-262003.6199,42794.3477,519.415,1051.8103
-304720.35,-262032.5375,42687.8125,503.7442,1038.1213
-304785.2667,-261942.0363,42843.2305,538.9382,1045.6473
-304900.5568,-262089.4826,42811.0742,528.2868,1056.1849
-304616.7061,-261995.5733,42621.1328,483.1716,1037.3503
-304782.4171,-261974.0538,42808.3633,458.1279,1043.3497
-304598.0002,-261802.6916,42795.3086,527.0041,1029.2416
-304663.3061,-261951.3764,42711.9297,462.6026,1020.0338
-304527.4389,-261989.4506,42537.9883,518.1453,1051.2748
-304577.7082,-261962.6457,42615.0625,484.7356,1030.1466
-304346.5536,-261861.7958,42484.7578,501.6771,1033.9964
-304586.6341,-261924.0677,42662.5664,469.5684,1084.1287
-304611.6601,-262012.2656,42599.3945,523.6002,1042.8845
-304650.9229,-261883.2042,42767.7188,530.788,1050.6065
-304729.7965,-261877.2301,42852.5664,490.327,1040.6212
-304755.2323,-261943.6737,42811.5586,491.742,1031.4487
-304800.376,-261997.0479,42803.3281,466.1199,1034.231
-304626.0903,-261957.4614,42668.6289,493.0642,1051.8767
-304586.7551,-261914.3332,42672.4219,510.9776,1010.7877
-304482.293,-261856.4453,42625.8477,498.2141,1040.5136
-304667.9079,-261981.4469,42686.4609,499.1128,1007.2278
-305125.8299,-262010.7596,43115.0703,511.6133,1077.0474
-304649.7321,-261921.5993,42728.1328,482.5487,1086.0316
-304385.892,-261953.9662,42431.9258,505.1334,1110.1059
-304587.8544,-262005.788,42582.0664,492.4387,1045.7139
-304877.3269,-262049.6979,42827.6289,527.6271,1015.3035
-304590.986,-261969.3336,42621.6523,499.3624,1042.3619
-304816.4943,-262051.4708,42765.0234,496.874,1097.4727
-304500.7128,-262000.0292,42500.6836,514.97,1053.6306
-304611.6672,-262042.0071,42569.6602,515.3162,1047.2949
-304703.6421,-261976.5484,42727.0938,487.5161,1046.0593
-304600.1965,-261949.0285,42651.168,511.2562,1051.8666
-304948.3338,-261963.7361,42984.5977,514.5451,1054.541
-304467.7619,-261913.4416,42554.3203,511.1833,1028.3611
-304621.499,-262039.7099,42581.7891,511.3599,1005.1683
-304533.0371,-261913.5254,42619.5117,492.0967,1039.557
-304895.6793,-261956.0035,42939.6758,469.6525,1036.3302
-304672.8206,-261973.4846,42699.3359,528.6534,1047.0011
-304861.5269,-262041.3629,42820.1641,480.1802,1026.5059
-304764.4287,-262008.8154,42755.6133,498.7113,1037.6674
-304582.3686,-261981.3373,42601.0312,514.1476,1053.2197
-304669.515,-262148.89,42520.625,530.2524,1080.7787
-304748.866,-262016.3621,42732.5039,495.6148,1045.616
-304804.4586,-261958.986,42845.4727,510.6878,1027.4153
-304580.2803,-262033.2725,42547.0078,522.7898,1027.0501
-304872.8726,-262090.0679,42782.8047,505.0884,1021.9526
-304804.451,-261880.6776,42923.7734,509.4188,1006.0818
-304877.1712,-262083.0267,42794.1445,492.9538,1045.2812
-304768.4157,-261892.8532,42875.5625,524.2048,1014.7549
-304396.7486,-261900.1393,42496.6094,539.1546,1016.1432
-304718.9396,-261926.8732,42792.0664,524.1568,1055.1414
-304423.117,-261879.8474,42543.2695,497.4274,1064.9164
-304439.6858,-262000.1858,42439.5,526.1659,1035.696
-304646.5455,-261928.776,42717.7695,506.6667,1047.3425
-304677.5043,-261978.8168,42698.6875,515.5195,1056.1751
-304474.0973,-261955.6208,42518.4766,495.5481,1008.0233
-304978.6254,-262086.7856,42891.8398,490.5528,1064.4881
-304713.3417,-261934.2674,42779.0742,512.7104,1057.1144
-304709.0775,-262045.5697,42663.5078,476.0928,1079.1229
-304730.9337,-261982.3087,42748.625,494.0754,992.0383
-304602.3001,-262004.3157,42597.9844,506.7517,1067.2783
-304291.4323,-262002.9753,42288.457,494.4453,1042.3331
-304683.8535,-262032.6894,42651.1641,505.4885,1108.1526
-304847.6474,-262098.0849,42749.5625,495.7419,1062.772
-304513.2012,-262046.7949,42466.4062,507.3195,1063.5116
-304627.32,-262032.5505,42594.7695,480.7933,1031.8525
-304878.8104,-262047.205,42831.6055,474.6179,1046.9862
-304863.1225,-261977.3803,42885.7422,481.0089,1047.7513
-304642.4989,-261993.3661,42649.1328,511.9457,1072.0359
-304688.381,-261982.8419,42705.5391,510.3642,1011.6755
-304625.3457,-261848.248,42777.0977,506.9066,1027.0768
-304795.0612,-261987.6433,42807.418,513.9719,1064.3439
-304726.9236,-261968.4158,42758.5078,526.4453,1022.6477
-304674.2849,-261906.6169,42767.668,506.184,1002.2708
-304576.6349,-261968.3966,42608.2383,505.771,1033.1304
-304559.9384,-261927.4853,42632.4531,490.0691,1065.9097
-304718.6573,-262009.7081,42708.9492,470.0239,1026.2151
-304576.2541,-261945.758,42630.4961,493.7292,1060.821
-304618.3742,-262016.5266,42601.8477,490.1022,1071.6232
-304620.9916,-261953.5463,42667.4453,517.3192,1063.4422
-304633.6689,-261986.6532,42647.0156,524.8156,1064.3331
-305076.7907,-261977.1579,43099.6328,510.2683,1021.7719
-304525.3077,-261980.5616,42544.7461,528.1932,1065.3043
-304612.5182,-261975.7995,42636.7188,533.4007,1054.3431
-304698.8804,-261976.4038,42722.4766,532.2779,1019.3471
-304728.7226,-262021.5312,42707.1914,488.6243,1048.6195
-304917.9969,-261868.9423,43049.0547,523.1657,1048.0676
-304667.2829,-261950.3727,42716.9102,528.5687,1055.6656
-304475.2379,-261921.9449,42553.293,525.8025,1065.4189
-304610.2402,-261977.6816,42632.5586,483.5376,1031.0425
-304777.5136,-262028.1073,42749.4062,466.5127,1069.8532
-304740.4197,-261979.4392,42760.9805,497.4591,1055.1733
-304573.9348,-262047.4426,42526.4922,518.3563,1035.6195
-304541.854,-261911.3618,42630.4922,513.4375,1065.3882
-304706.6249,-261933.3749,42773.25,478.876,1044.5421
-304785.9784,-261947.455,42838.5234,541.1901,1052.5365
-304667.9347,-262024.8839,42643.0508,490.7175,1049.5458
-304555.9201,-262146.2326,42409.6875,495.4575,1074.1125
-304615.4383,-261907.8485,42707.5898,528.5441,1001.3196
-304509.3294,-261872.384,42636.9453,531.3273,1037.3644
-304743.4416,-262059.8908,42683.5508,518.1568,1041.2718
-304678.1161,-261938.4404,42739.6758,492.3842,1110.4206
-304751.3137,-261967.6301,42783.6836,504.8467,1020.9011
-304705.8745,-262035.726,42670.1484,480.7062,1028.5076
-304628.376,-261945.2158,42683.1602,532.7153,1103.552
-304937.8441,-262011.4613,42926.3828,514.432,1043.1717
-304523.9858,-261958.6811,42565.3047,539.1705,1066.5732
-304664.9273,-261922.3726,42742.5547,516.3265,1025.2342
-304680.9617,-261919.7391,42761.2227,484.2848,1007.9732
-304743.752,-262060.2013,42683.5508,483.0607,1086.8204
-304571.5448,-261979.9041,42591.6406,470.7731,1064.0446
-304639.4254,-261932.8785,42706.5469,506.1603,1011.2031
-304888.0381,-262046.7764,42841.2617,526.0893,1016.834
-304456.2115,-261934.2701,42521.9414,520.637,1033.3257
-304875.0292,-262041.5644,42833.4648,514.6544,1071.0552
-304651.8643,-261919.4854,42732.3789,492.5402,1025.2811
-304646.1605,-261999.0042,42647.1562,474.5197,1071.1494
-304696.5022,-262052.0022,42644.5,503.3461,1077.9567
-304735.7021,-262048.0302,42687.6719,497.5379,1059.7479
-304738.8388,-261941.4482,42797.3906,488.7995,1098.5985
-304797.1536,-262020.6771,42776.4766,496.9472,1048.7423
-304889.8979,-262060.6323,42829.2656,491.9288,1051.3077
-304496.2552,-261998.5091,42497.7461,500.3837,1067.6353
-304674.4544,-261999.2903,42675.1641,534.3673,1085.5477
-305001.3767,-261979.8611,43021.5156,465.1822,1048.4807
-304752.4116,-261935.8296,42816.582,489.6831,1090.866
-304873.3394,-262027.523,42845.8164,483.0619,1042.745
-304849.9199,-261947.248,42902.6719,482.3037,1058.2997
-304942.5567,-261996.4434,42946.1133,504.8206,1068.1865
-304655.8677,-261912.1255,42743.7422,487.3073,1069.9494
-304785.6493,-261988.8407,42796.8086,545.2805,1043.148
-304577.3366,-261967.196,42610.1406,496.702,996.8315
-304570.0455,-262018.8423,42551.2031,479.0285,1062.3957
-304763.8016,-262068.1922,42695.6094,500.9255,1036.8162
-304504.8784,-261962.6674,42542.2109,526.5967,1062.5128
-304940.3502,-262008.1744,42932.1758,472.9086,1003.1622
-304476.1799,-261870.3322,42605.8477,513.2867,1010.2489
-304539.2936,-261844.149,42695.1445,502.9119,1028.5812
-304662.7726,-261904.8897,42757.8828,495.4917,979.3443
-304604.1445,-261900.746,42703.3984,478.4257,1034.6918
-304610.1636,-261912.1089,42698.0547,506.1837,1027.8678
-304536.3812,-261997.807,42538.5742,509.9432,1055.3905
-304741.9287,-261989.5303,42752.3984,489.1503,1032.6289
-304828.5603,-262055.2595,42773.3008,526.873,1073.9692
-304756.1052,-261953.7497,42802.3555,505.7586,995.7773
-304577.9055,-261831.7062,42746.1992,505.2486,1033.8958
-304828.1533,-261946.8681,42881.2852,521.4305,1089.9648
-304548.3677,-261933.7427,42614.625,470.1585,1034.3319
-304999.822,-261976.5174,43023.3047,527.958,1052.6678
-304670.101,-261957.351,42712.75,551.0462,1061.9984
-304648.497,-261928.8681,42719.6289,495.0405,1047.0631
-304525.3583,-261934.6239,42590.7344,474.5586,1018.176
-304858.1491,-261993.6686,42864.4805,514.3053,1076.2499
-304827.8469,-262049.429,42778.418,496.9511,1032.8424
-304791.8147,-262068.5686,42723.2461,509.2922,1006.1158
-304841.0421,-262104.4132,42736.6289,507.3676,1040.627
-304886.6771,-262077.888,42808.7891,502.1538,1067.3883
-304724.7675,-262112.5565,42612.2109,502.1443,1075.4126
-304596.3591,-261984.6248,42611.7344,479.9842,1024.2837
-304743.8059,-262001.9817,42741.8242,518.1819,1074.5553
-304750.7996,-262004.948,42745.8516,508.9532,1020.9775
-304645.5297,-262024.4711,42621.0586,479.7773,1047.7193
-304813.0583,-262005.1911,42807.8672,482.3005,989.3675
-304791.3574,-261979.9121,42811.4453,510.1743,1014.3246
-304559.8843,-261917.4273,42642.457,463.9333,1020.3088
-304844.0131,-262040.392,42803.6211,494.6855,1016.5592
-304645.6134,-262037.5978,42608.0156,509.5291,1064.1003
-304638.0306,-261918.1751,42719.8555,503.4977,1056.1764
-304726.1417,-261999.3604,42726.7812,512.1085,1089.9061
-304471.7026,-261921.3432,42550.3594,495.6797,1054.2325
-304418.6149,-261911.9196,42506.6953,499.2536,1057.0434
-304973.8578,-262023.1899,42950.668,507.4364,1038.2295
-304747.3222,-261919.3495,42827.9727,470.9316,995.2068
-305154.1549,-262048.2096,43105.9453,483.6176,1051.9519
-304799.4101,-261916.3789,42883.0312,478.6521,1033.7171
-304772.8261,-262020.0488,42752.7773,504.1501,1050.5485
-304902.3841,-261947.5443,42954.8398,492.6148,1051.5516
-304662.5451,-261935.9748,42726.5703,488.2548,1045.1129
-304646.3379,-262019.7949,42626.543,505.9218,1045.0858
-304613.0434,-261947.1527,42665.8906,492.9544,1037.886
-304859.1378,-261972.1261,42887.0117,523.1946,1018.3296
-304816.1093,-261934.2773,42881.832,479.9224,1061.7031
-304664.5067,-262006.3895,42658.1172,498.4389,1037.7166
-304498.2352,-261954.6571,42543.5781,509.3991,1003.448
-304717.7132,-261939.0569,42778.6562,527.2701,1039.6971
-304717.9083,-261936.0333,42781.875,501.018,1015.9977
-304680.7944,-262139.3373,42541.457,524.1163,1006.6518
-304881.3794,-262004.2778,42877.1016,481.6913,1054.3746
-304781.1998,-262067.1295,42714.0703,499.1691,1023.7066
-304776.3145,-262020.7637,42755.5508,513.572,1038.3012
-304588.3099,-261986.8685,42601.4414,542.286,1044.872
-304578.2806,-261900.9681,42677.3125,563.9931,1046.901
-304707.0134,-261988.9821,42718.0312,531.1449,1053.1299
-304741.6303,-261930.81,42810.8203,496.1752,993.8584
-304742.9461,-261964.2742,42778.6719,487.4246,1039.7302
-304604.7778,-261979.7974,42624.9805,495.2997,1031.0678
-304592.251,-261947.2314,42645.0195,502.9745,1034.2158
-304744.7388,-261898.7036,42846.0352,485.8989,1071.3654
-304447.8583,-261894.6434,42553.2148,493.0965,1052.2847
-304583.436,-261971.229,42612.207,514.9357,1011.184
-304386.1322,-261904.472,42481.6602,512.6016,1096.2995
-304708.1469,-261934.0727,42774.0742,501.932,1066.4872
-304496.3996,-261856.8917,42639.5078,488.6077,1014.1224
-304753.63,-261916.6144,42837.0156,483.0356,995.1476
-304489.6529,-261810.3873,42679.2656,495.3042,1078.8625
-304710.0125,-262010.6805,42699.332,551.4327,1070.663
-304678.8113,-262022.8425,42655.9688,471.4864,1051.1898
-304776.0803,-261934.2678,42841.8125,512.6391,1036.7137
-304585.0134,-261985.0408,42599.9727,483.0844,1046.8467
-304652.1248,-261956.5154,42695.6094,490.0567,1013.7047
-304842.3366,-262039.6218,42802.7148,448.5362,1034.3424
-304587.5862,-262047.3948,42540.1914,513.7841,1052.3953
-304763.7864,-261961.5599,42802.2266,503.7918,1057.8465
-304592.2855,-262011.766,42580.5195,500.9607,1040.1709
-304869.923,-262047.6339,42822.2891,505.0703,1016.3625
-304776.9149,-262037.1609,42739.7539,494.9092,1062.9007
-304709.6713,-261945.6674,42764.0039,483.0762,1029.9908
-304586.7838,-261955.8814,42630.9023,505.7476,1010.039
-304560.2511,-261949.2198,42611.0312,483.3033,1031.9039
-304827.8418,-261953.7285,42874.1133,513.8932,1033.7737
-304728.8396,-262060.7263,42668.1133,485.1807,983.7628
-304673.7149,-261984.7696,42688.9453,496.6443,1052.693
-304705.2814,-261956.6291,42748.6523,502.7125,1064.528
-304689.6932,-262081.2362,42608.457,476.0657,1042.1602
-304619.1063,-261975.2274,42643.8789,550.0442,1004.175
-304695.4865,-262072.6779,42622.8086,487.0639,1019.3626
-304631.4949,-261964.9832,42666.5117,475.0565,1036.5228
-304667.203,-262028.1092,42639.0938,507.8069,1036.7053
-304744.4706,-262014.0292,42730.4414,498.4953,1017.2103
-304695.7935,-262059.7154,42636.0781,507.6917,1026.5238
-304622.7427,-261941.0084,42681.7344,482.6939,1036.85
-304659.2068,-261906.0779,42753.1289,546.7298,1029.0084
-304787.0552,-261982.7896,42804.2656,477.7058,1061.3425
-304536.0644,-261923.7519,42612.3125,489.8246,1040.0514
-304454.4035,-261990.134,42464.2695,501.535,1111.6854
-304856.9087,-262087.9009,42769.0078,484.5599,1052.4625
-304620.2471,-261884.2354,42736.0117,489.6369,1034.3283
-304679.2391,-262008.122,42671.1172,491.3309,1012.8603
-304468.9928,-261935.9849,42533.0078,505.0823,1049.0747
-304844.3957,-261951.1809,42893.2148,480.798,1036.8424
-304869.8794,-262024.2856,42845.5938,489.2552,1034.26
-304661.2392,-261978.2392,42683.0,497.0034,1056.7375
-304574.7715,-261915.7637,42659.0078,504.751,1024.6266
-304471.0898,-261905.1054,42565.9844,479.8516,1062.6924
-304558.587,-261959.3292,42599.2578,493.1971,1033.3746
-304406.2443,-261978.6037,42427.6406,473.1705,1030.5679
-304633.0105,-262014.1511,42618.8594,477.0779,1039.7837
-304510.6785,-261901.616,42609.0625,506.8402,1036.0263
-304638.9737,-262002.88,42636.0938,483.4702,1046.1325
-304768.3738,-262029.3504,42739.0234,514.1338,1034.4389
-304517.5998,-261953.4553,42564.1445,517.0675,1047.0871
-304440.0149,-261893.7258,42546.2891,513.4135,1013.7715
-304613.0022,-261977.9202,42635.082,474.7532,1025.0391
-304731.6203,-261992.4524,42739.168,498.7443,1044.5631
-304567.7613,-261984.3394,42583.4219,492.3911,1040.9975
-304603.1735,-261952.0993,42651.0742,504.6109,1068.6711
-304600.6222,-261896.6418,42703.9805,491.5909,1088.1206
-304571.4271,-261913.7318,42657.6953,495.6931,1021.428
-304531.0918,-261995.3223,42535.7695,481.8579,1017.9907
-304917.5389,-261925.2772,42992.2617,498.0176,1045.6559
-304566.5363,-261889.0285,42677.5078,538.4936,1055.0895
-304819.382,-262064.7843,42754.5977,487.8955,1027.1439
-304578.5433,-261888.9535,42689.5898,522.0677,1044.297
-304566.4871,-261953.155,42613.332,516.4803,1056.9019
-304520.2098,-262035.1317,42485.0781,523.4023,1101.2766
-304676.9153,-261959.6731,42717.2422,531.5869,1016.8381
-304680.1446,-262027.0352,42653.1094,516.9673,1061.1069
-304555.17,-261904.1778,42650.9922,483.8776,1040.3483
-304878.5619,-261978.0971,42900.4648,534.0129,1017.9478
-304890.9979,-262056.1346,42834.8633,488.4137,1018.3168
-304745.1613,-261893.5793,42851.582,481.5652,1034.7481
-304553.0751,-261890.3173,42662.7578,499.1154,1052.222
-304495.0951,-262026.8099,42468.2852,487.4496,1006.3775
-304733.9692,-262085.4458,42648.5234,491.6921,1064.1349
-304777.7253,-262018.698,42759.0273,502.0569,1038.214
-304508.9643,-261998.1284,42510.8359,502.9312,1058.3451
-304841.5714,-261952.5089,42889.0625,481.9686,1067.2414
-304713.9964,-261946.6058,42767.3906,526.0818,1059.8417
-304700.4955,-261963.4877,42737.0078,498.7637,1037.6071
-304960.9293,-262032.609,42928.3203,508.1318,1032.3775
-304714.7759,-262019.5024,42695.2734,512.5969,1048.342
-304940.1759,-262029.2228,42910.9531,493.1583,1071.8634
-304853.8077,-262023.1905,42830.6172,487.2773,1024.4939
-304813.2526,-261991.5924,42821.6602,470.9319,1068.0247
-304683.2222,-261888.9019,42794.3203,514.2008,1055.0938
-304776.5267,-261996.3978,42780.1289,499.1409,1057.7346
-304608.1668,-261924.2605,42683.9062,499.5303,1062.6088
-304776.0603,-261946.2518,42829.8086,500.6306,1023.795
-304672.8701,-262002.7451,42670.125,512.1805,1045.3058
-305074.435,-262079.0561,42995.3789,512.1775,1029.2307
-304790.1295,-262013.2779,42776.8516,480.224,1008.362
-304608.5714,-261935.5245,42673.0469,509.0697,1030.9622
-304343.3371,-261953.1106,42390.2266,508.241,1083.5011
-304574.6567,-261947.102,42627.5547,553.0706,1054.9195
-304590.9526,-262034.3706,42556.582,498.3068,1012.4294
-304715.0472,-262049.1293,42665.918,533.4506,1072.9251
-304672.8081,-261991.398,42681.4102,523.5437,1065.4643
-304605.4944,-261943.2288,42662.2656,488.9955,1055.5108
-304600.9512,-261969.7715,42631.1797,485.2382,1038.5173
-304332.0234,-261949.8281,42382.1953,523.3943,1022.1867
-304789.6046,-261974.4718,42815.1328,529.4544,1023.2163
-304561.8358,-261996.3632,42565.4727,494.5659,1000.7046
-304630.4395,-261975.5762,42654.8633,504.5908,1050.2539
-304619.3674,-261939.0706,42680.2969,509.4238,1058.6602
-304494.8048,-261996.3673,42498.4375,453.2736,1046.9015
-304315.3239,-261881.531,42433.793,488.7732,1042.2731
-304612.6362,-261885.4838,42727.1523,516.3538,1089.7115
-304526.6155,-261957.9241,42568.6914,490.5407,1062.0309
-304740.6832,-262058.9722,42681.7109,492.4874,1009.3569
-304520.6113,-261942.7832,42577.8281,518.2541,1030.5841
-304545.8662,-261976.7607,42569.1055,489.6139,1054.7517
-304863.7027,-262016.4449,42847.2578,500.1317,1005.3608
-304798.3465,-261978.3895,42819.957,536.695,989.6746
-304971.5512,-262053.0746,42918.4766,508.6125,1013.6881
-304689.8779,-261938.3935,42751.4844,495.4451,1047.2698
-304551.8057,-262004.5166,42547.2891,487.5135,1048.1756
-304597.4563,-261965.9016,42631.5547,512.2669,1054.9352
-304549.4355,-261985.6972,42563.7383,487.8631,1080.7514
-304672.8754,-261903.3481,42769.5273,491.6449,1037.3519
-304754.8026,-262013.994,42740.8086,498.6583,1002.335
-304673.6325,-262118.2418,42555.3906,521.0213,1099.4944
-304595.0834,-261957.1928,42637.8906,500.4601,1057.2853
-304640.7755,-261999.8809,42640.8945,498.3102,1047.955
-304474.2226,-261915.7421,42558.4805,509.6333,1075.5095
-304492.4358,-261906.9241,42585.5117,536.6037,1046.9613
-304448.5719,-262166.5797,42281.9922,525.5642,1035.7371
-304722.9804,-262005.4804,42717.5,529.2195,1005.2951
-304910.9396,-261957.338,42953.6016,507.5094,1060.2491
-304714.741,-262045.8621,42668.8789,520.6277,1036.0667
-304811.7626,-261987.868,42823.8945,506.8289,1035.5404
-304685.403,-262090.8366,42594.5664,512.8984,1029.1576
-304729.6157,-261990.0532,42739.5625,449.5896,1051.5264
-304672.7944,-261913.4624,42759.332,473.4906,989.8332
-304737.8965,-261960.4082,42777.4883,504.2169,1024.8869
-304592.1201,-262001.7217,42590.3984,510.5269,1038.0232
-304500.9752,-261897.6549,42603.3203,489.6522,1032.113
-304504.11,-261949.2311,42554.8789,511.9999,1060.2414
-304679.8532,-261930.0876,42749.7656,518.9026,1044.6724
-304625.2918,-261991.7488,42633.543,493.4183,1051.4541
-304558.492,-261929.9295,42628.5625,493.393,1041.5456
-305001.8297,-262029.1109,42972.7188,508.1102,1037.6179
-304730.6143,-261999.4424,42731.1719,504.9503,1034.7933
-304680.7188,-261968.8281,42711.8906,508.933,1045.1174
-304641.279,-262011.8532,42629.4258,475.4002,1031.0252
-304939.0248,-261990.0326,42948.9922,492.9863,1113.8404
-305021.7662,-262183.8326,42837.9336,506.1364,1032.9394
-304459.8944,-261937.039,42522.8555,528.952,1056.3779
-304270.0825,-261915.6879,42354.3945,475.0687,1015.4619
-304729.7498,-261946.4842,42783.2656,508.7976,1092.1796
-304688.3237,-261944.9097,42743.4141,506.0246,986.2565
-304836.3763,-261903.9037,42932.4727,487.7945,1065.6785
-304941.4528,-262054.4606,42886.9922,501.2526,1056.5441
-304833.2302,-261937.0232,42896.207,486.1057,1076.8855
-304598.0577,-262025.3467,42572.7109,505.9874,1018.9638
-304674.8027,-261940.6308,42734.1719,479.2433,1040.3432
-304786.1856,-261993.0294,42793.1562,520.0933,1031.2801
-304655.8138,-262069.7826,42586.0312,478.1316,1104.8986
-304421.9897,-261947.0209,42474.9688,532.9477,1053.7159
-304517.7181,-262027.4564,42490.2617,526.6305,1018.2067
-304887.0167,-261923.1612,42963.8555,546.3957,1060.9996
-304816.8259,-261988.4587,42828.3672,489.6648,1045.9512
-304726.7716,-262108.8302,42617.9414,511.972,1065.8929
-304651.7699,-261928.805,42722.9648,529.6966,1014.0352
-304820.2652,-262010.0972,42810.168,480.7974,1035.5383
-304564.6667,-261919.2487,42645.418,509.0613,1035.8437
-304624.2768,-261919.4214,42704.8555,505.3074,1040.9239
-304868.0136,-261979.4082,42888.6055,487.3036,1048.3422
-304705.0706,-262022.7971,42682.2734,496.9249,1047.4613
-304693.6699,-261984.9707,42708.6992,478.8967,1004.3107
-304930.8965,-261960.5332,42970.3633,507.8722,1043.6563
-304508.0582,-261939.3238,42568.7344,500.9354,1052.8838
-304717.804,-261953.0227,42764.7812,506.4491,1038.7803
-304687.3643,-261857.5909,42829.7734,518.7051,996.6994
-304811.6654,-261980.431,42831.2344,493.1856,1068.3118
-304525.3308,-261981.6159,42543.7148,507.2599,1021.7091
-304619.9335,-261940.582,42679.3516,506.4953,1103.0943
-304585.2162,-261869.2201,42715.9961,475.2399,1060.7057
-304709.321,-261869.4186,42839.9023,508.9789,1069.2082
-304645.523,-261919.2144,42726.3086,491.2641,1029.4761
-304550.651,-261908.3893,42642.2617,515.6673,1044.5862
-304799.826,-261949.4744,42850.3516,482.3346,1014.9969
-304695.8707,-261979.7809,42716.0898,491.857,1056.785
-304717.8129,-261976.3793,42741.4336,547.2737,1049.5394
-304452.8262,-261877.4785,42575.3477,494.9706,1086.2057
-304543.9345,-261941.8525,42602.082,485.4868,1046.8398
-304815.555,-261955.4808,42860.0742,526.7253,1052.7514
-304882.8753,-261989.9573,42892.918,481.9004,1034.3735
-304575.9282,-261945.3149,42630.6133,521.1127,1059.4841
-304511.1312,-261921.3577,42589.7734,505.6539,1056.2144
-304600.3157,-261922.011,42678.3047,505.2951,1071.7253
-304446.4287,-261932.9873,42513.4414,512.2985,1077.3803
-304509.0532,-261881.6509,42627.4023,523.0801,1009.2462
-304622.321,-262008.1374,42614.1836,514.9906,1057.3365
-304790.9778,-262074.1028,42716.875,510.2075,1042.515
-304712.0924,-261971.0884,42741.0039,460.4722,1052.7203
-304807.8367,-262063.3406,42744.4961,523.0961,1054.665
-304744.0706,-262061.8988,42682.1719,498.3159,969.4296
-304397.4905,-261933.7912,42463.6992,494.9983,1064.7604
-304603.4528,-261923.6012,42679.8516,495.4765,1054.8399
-304632.6383,-261981.3843,42651.2539,465.9265,1024.7041
-304481.1812,-261922.6148,42558.5664,512.4718,1056.8893
-304635.5699,-261909.8277,42725.7422,479.2816,1005.1821
-304669.0095,-261958.0759,42710.9336,499.5413,1064.1439
-304667.0015,-261971.7789,42695.2227,494.8547,1058.1694
-304477.09,-261908.8322,42568.2578,502.6028,1067.1774
-304818.0362,-262017.4112,42800.625,514.7286,1024.2053
-304799.1398,-262032.1632,42766.9766,533.1037,1073.6404
-304763.4594,-262086.5101,42676.9492,499.8677,1029.5261
-304911.9713,-262067.9752,42843.9961,498.6096,1066.165
-304533.9993,-262023.7844,42510.2148,519.6735,1076.7053
-304985.129,-262158.3244,42826.8047,514.6767,1043.7111
-304605.5642,-261940.7908,42664.7734,487.2966,1024.163
-304681.2942,-261994.8958,42686.3984,498.0668,1041.0809
-304537.2764,-261878.1514,42659.125,502.2791,1064.1828
-304807.8771,-261953.506,42854.3711,526.1361,987.6912
-304517.7282,-261972.6852,42545.043,487.2695,1040.3437
-304730.4789,-262008.1937,42722.2852,513.8962,1041.8515
-304816.2679,-262031.1117,42785.1562,513.0333,1074.4949
-304570.9211,-262048.5578,42522.3633,476.3056,1097.0292
-304964.8379,-262058.6426,42906.1953,502.1744,1058.4793
-304733.74,-261991.8104,42741.9297,482.9966,1036.4765
-304551.9921,-261876.203,42675.7891,469.9057,1059.8868
-304520.6859,-261950.8656,42569.8203,493.1381,1051.8298
-304615.9118,-261928.0603,42687.8516,493.6109,1055.0038
-304723.6662,-261998.9943,42724.6719,503.0602,1002.433
-304869.7525,-262058.901,42810.8516,494.9884,1077.0789
-304707.838,-261899.7286,42808.1094,482.0135,1007.9412
-304697.8192,-261970.5888,42727.2305,511.9332,1034.646
-304628.3771,-262000.9006,42627.4766,487.1397,1037.5895
-304836.4077,-261992.767,42843.6406,454.539,1036.6269
-304871.0725,-262067.9397,42803.1328,521.1029,1049.0841
-304710.2345,-261941.3985,42768.8359,496.2338,1028.9027
-304485.1371,-261848.2894,42636.8477,503.8537,1044.437
-304822.761,-261953.4446,42869.3164,494.1722,1058.4438
-304864.0409,-262036.1463,42827.8945,505.0982,997.3927
-304589.7235,-262022.868,42566.8555,489.4502,1056.6005
-304862.7648,-261949.296,42913.4688,486.8348,1011.1982
-304719.0674,-261852.1182,42866.9492,510.4943,1036.2673
-304635.7083,-261911.556,42724.1523,479.4882,1072.3047
-304634.3109,-262026.889,42607.4219,551.0086,1048.7402
-304690.454,-261971.6571,42718.7969,499.1149,999.5483
-304731.2379,-261992.3824,42738.8555,490.9166,1021.1328
-304690.7977,-261908.6727,42782.125,512.3169,1045.0099
-304449.5492,-261911.1156,42538.4336,506.2721,1045.5788
-304293.8284,-261883.5823,42410.2461,495.8777,1044.777
-304804.9456,-262026.1175,42778.8281,497.5079,1034.2709
-304800.7778,-261990.8754,42809.9023,484.4532,1074.5552
-304744.4745,-262042.8534,42701.6211,547.2854,1038.9521
-304822.2571,-262054.8431,42767.4141,496.4234,1052.7795
-304564.3384,-261869.1821,42695.1562,488.5506,1020.3497
-304596.6568,-261999.0435,42597.6133,483.7599,1091.8592
-304366.2428,-261806.8756,42559.3672,515.4243,1022.2487
-304839.6485,-262039.3555,42800.293,515.299,1022.731
-304707.238,-261987.3864,42719.8516,480.7467,1005.9025
-304652.3006,-261941.16,42711.1406,530.4573,1013.9931
-304944.8337,-261989.3923,42955.4414,511.4034,1038.5704
-304936.5475,-262015.2819,42921.2656,519.9806,1063.4056
-304778.9639,-262024.5733,42754.3906,481.8198,1012.7658
-304603.3898,-261960.3117,42643.0781,523.5526,1069.8131
-304649.3076,-262027.9131,42621.3945,518.21,1046.2475
-304726.3988,-261996.8285,42729.5703,466.7363,1069.079
-304644.7306,-261978.8321,42665.8984,503.4538,1022.5749
-304590.7255,-261965.5693,42625.1562,506.0522,1052.7807
-304556.069,-261937.4596,42618.6094,513.1172,1065.6473
-304710.0673,-261972.1649,42737.9023,506.9497,1035.5889
-304531.7484,-262030.4906,42501.2578,480.6041,1026.6784
-304829.5262,-262031.2333,42798.293,497.6892,1070.6593
-304553.7084,-261959.3646,42594.3438,516.0714,1012.2286
-304586.2467,-261917.9733,42668.2734,529.4303,1031.7655
-304676.7703,-261996.1766,42680.5938,491.1761,1038.1113
-304776.6312,-262092.8422,42683.7891,487.7109,1034.274
-304721.9502,-261883.1182,42838.832,486.6996,1106.2371
-304663.8893,-261952.0807,42711.8086,483.5379,1051.9261
-304642.7871,-261894.4981,42748.2891,502.7756,1067.7462
-304446.7298,-261956.2142,42490.5156,503.5808,1041.8716
-304607.1525,-261953.6408,42653.5117,480.311,1048.5311
-304496.7875,-262053.7407,42443.0469,510.3082,1017.3029
-304723.2656,-261985.4374,42737.8281,509.5591,1021.7169
-304542.4922,-261947.2109,42595.2812,505.9068,1066.5411
-304649.6906,-261987.0227,42662.668,496.1467,1080.7509
-304727.4991,-261979.9054,42747.5938,491.9879,1051.3
-304665.4342,-262010.7545,42654.6797,502.9546,1063.0349
-304450.0815,-261971.6479,42478.4336,477.1935,1005.5554
-304715.5648,-261936.4437,42779.1211,501.2773,1054.828
-304577.3606,-261990.8801,42586.4805,485.682,998.6387
-304600.4576,-261972.5982,42627.8594,523.8526,1078.3905
-304823.8688,-261941.986,42881.8828,496.6887,1057.4256
-304720.7621,-262018.3988,42702.3633,501.6898,1058.8888
-304863.1739,-262018.5801,42844.5938,528.7188,1024.4976
-304741.9191,-261995.5402,42746.3789,495.4656,1045.0119
-304618.102,-261847.813,42770.2891,523.4482,1050.4178
-304571.2594,-261986.7868,42584.4727,477.6516,1057.8535
-304803.1487,-262024.3323,42778.8164,483.9446,1029.7663
-304871.8818,-262055.8545,42816.0273,487.4417,1107.0999
-304734.0557,-261960.5478,42773.5078,477.6023,1067.1841
-304851.93,-262034.4417,42817.4883,488.0828,1083.1702
-304643.5258,-261967.1743,42676.3516,493.4569,1051.0763
-304676.4085,-262001.0882,42675.3203,544.0343,1092.2121
-304517.2613,-262024.9918,42492.2695,519.8339,1090.8929
-304646.6495,-261962.13,42684.5195,507.5694,1050.4983
-304577.1761,-261953.2229,42623.9531,520.4782,1015.6474
-304629.4238,-262074.5605,42554.8633,496.9325,1023.0576
-304625.3862,-262008.1127,42617.2734,507.965,1054.1206
-304742.2549,-261995.3096,42746.9453,498.3643,1024.0911
-304720.7566,-261874.6472,42846.1094,488.5924,1003.3208
-304811.8566,-261938.5246,42873.332,510.4156,982.072
-304544.8044,-262079.1091,42465.6953,510.6751,1021.2863
-304448.7966,-261946.1521,42502.6445,501.4162,1053.1495
-304610.9785,-261871.2871,42739.6914,496.0368,1061.6717
-304437.5727,-261954.9633,42482.6094,493.033,1081.2854
-304758.9507,-261954.3179,42804.6328,491.3671,1073.699
-304820.5495,-262053.5925,42766.957,518.324,1050.3005
-304759.1135,-262079.8283,42679.2852,521.865,1041.6294
-304864.0377,-262013.733,42850.3047,508.521,1052.7271
-304580.5897,-261948.3827,42632.207,503.0286,1024.9866
-304737.3023,-261979.1148,42758.1875,517.5234,1032.7394
-304700.2244,-261936.7009,42763.5234,502.4204,1034.952
-304785.0275,-262030.4415,42754.5859,522.8951,975.182
-304701.1639,-261959.0115,42742.1523,501.3721,1007.5947
-304615.2075,-261927.7309,42687.4766,516.2932,986.8711
-304703.7773,-262064.3515,42639.4258,486.5949,1097.1952
-304518.1374,-261899.7233,42618.4141,518.794,1036.7436
-304736.5116,-261957.828,42778.6836,520.9668,1054.1018
-304691.9606,-261984.1052,42707.8555,450.3293,1042.581
-304634.0308,-261975.0073,42659.0234,517.8303,1016.5906
-304737.0275,-261974.3517,42762.6758,482.5416,1033.9157
-304713.2356,-261904.7552,42808.4805,502.1704,1059.4126
-304534.4874,-261958.6163,42575.8711,491.5375,1059.9497
-304588.3593,-262040.8242,42547.5352,529.8019,1057.2505
-304852.3028,-262003.2207,42849.082,475.6076,1035.8403
-304731.4239,-262008.6309,42722.793,460.4183,1056.488
-304669.2208,-261935.9122,42733.3086,489.3617,1069.1985
-304760.7684,-261968.3934,42792.375,523.4142,1031.5585
-304379.5671,-261823.5242,42556.043,494.9212,1042.9169
-304773.8962,-262033.904,42739.9922,512.2092,1046.5451
-304753.2567,-262082.7684,42670.4883,525.1199,1071.5691
-304684.0905,-261968.5163,42715.5742,508.605,1053.8136
-304825.9147,-262008.6022,42817.3125,504.3747,1055.0798
-304643.0374,-261964.5374,42678.5,478.7485,1031.8602
-304430.2173,-261922.9009,42507.3164,538.4695,1043.051
-304688.3126,-261999.2658,42689.0469,503.5671,1048.8649
-304918.0377,-262076.1549,42841.8828,508.619,1027.6828
-304742.6302,-262020.2787,42722.3516,512.7467,1091.2066
-304693.082,-261901.5078,42791.5742,532.3736,1055.9989
-304665.2923,-261972.3821,42692.9102,485.7553,1089.0978
-304646.8366,-261865.7311,42781.1055,521.5311,1019.0373
-304528.513,-261871.4974,42657.0156,484.5237,1063.7572
-304587.9878,-261966.0854,42621.9023,509.8332,1003.5198
-304762.7332,-262007.6512,42755.082,514.2737,1038.151
-304611.1294,-262063.5474,42547.582,502.4827,1058.7183
-304496.4975,-261931.3139,42565.1836,503.8795,1074.231
-304846.21,-261957.874,42888.3359,516.7607,1026.7629
-304708.5477,-261938.7626,42769.7852,464.4261,999.0941
-304611.5886,-261947.5183,42664.0703,525.3772,1018.9233
-304598.5036,-261992.0779,42606.4258,508.8368,1020.1562
-304682.3506,-261918.1162,42764.2344,483.2276,1032.5754
-304450.0908,-261915.6103,42534.4805,503.4445,1065.9965
-304797.163,-261905.7723,42891.3906,458.9608,999.2627
-304770.6331,-261992.5627,42778.0703,491.5599,1034.4296
-304875.3755,-261966.2935,42909.082,472.7908,1023.1166
-304672.2988,-262001.5683,42670.7305,483.5831,1062.2719
-304609.3451,-262036.6381,42572.707,505.0699,1051.7869
-304670.1289,-261966.6289,42703.5,509.0564,1009.9784
-304595.4581,-261831.8604,42763.5977,514.9347,1043.6923
-304691.9498,-261907.6334,42784.3164,500.8325,1057.1418
-304616.6718,-262000.7617,42615.9102,507.1036,1046.9254
-304634.0125,-261939.7429,42694.2695,482.6774,1032.1447
-304627.9276,-262020.8338,42607.0938,502.0452,1024.1693
-304581.0162,-261966.3131,42614.7031,507.761,1034.6971
-304787.6593,-261985.1046,42802.5547,506.6342,1028.997
-304826.4787,-262019.4709,42807.0078,511.3774,1072.2228
-304618.6915,-262043.2618,42575.4297,544.4344,1050.9872
-305021.1884,-262030.0791,42991.1094,507.6815,1017.4657
-304741.5297,-261896.6781,42844.8516,516.0808,1050.2511
-304509.5723,-261819.084,42690.4883,512.3285,1036.2676
-304512.3518,-261955.9807,42556.3711,496.2708,1020.1866
-304328.0616,-261925.5851,42402.4766,491.4814,1027.7962
-304407.0134,-261817.2791,42589.7344,490.7415,1041.7515
-304532.6601,-261953.8945,42578.7656,514.8129,1083.5979
-304499.2588,-261964.5596,42534.6992,504.7941,1000.6227
-304727.5277,-261967.5863,42759.9414,509.7504,1083.0835
-304524.5963,-261994.5729,42530.0234,500.6774,1082.0989
-304758.9831,-261983.5769,42775.4062,493.8416,1054.8897
-304697.8624,-261967.3233,42730.5391,497.9106,1032.1704
-304790.1488,-262019.9027,42770.2461,500.4069,1015.2222
-304561.9021,-261921.2381,42640.6641,499.9048,1055.165
-304787.2588,-262061.0088,42726.25,468.0697,1028.9752
-304696.9296,-262009.5703,42687.3594,503.8996,1047.2814
-304903.0822,-262034.0549,42869.0273,494.1538,1026.6903
-304733.3759,-261879.333,42854.043,504.1773,1013.1885
-304753.2638,-261959.2013,42794.0625,486.1852,1044.7679
-304663.5255,-261960.2716,42703.2539,498.4044,1074.2869
-304545.3416,-261913.6033,42631.7383,497.5399,1044.6602
-304694.0716,-262006.0755,42687.9961,495.8573,1005.2001
-304867.2586,-261942.6376,42924.6211,493.6647,1073.2763
-304538.9129,-261970.6707,42568.2422,517.7304,1026.4758
-304494.4369,-261894.6362,42599.8008,496.5727,1043.6078
-304345.3325,-261923.149,42422.1836,489.795,1027.9646
-304311.9357,-261845.8303,42466.1055,519.6746,1057.2854
-304737.2661,-261998.7505,42738.5156,485.6573,1036.1223
-304743.2778,-261974.0278,42769.25,480.9964,1007.5305
-304535.8742,-261886.8664,42649.0078,500.0305,999.453
-304743.2753,-261975.9159,42767.3594,523.9183,1003.8119
-304542.9339,-261938.4183,42604.5156,515.4135,1002.5211
-304594.9011,-261922.4362,42672.4648,502.2009,978.0703
-304720.0647,-261934.9241,42785.1406,527.0846,1030.0796
-304468.8779,-261895.4599,42573.418,488.7459,1024.5946
-304552.5846,-261930.7526,42621.832,532.1001,1052.8871
-304527.1392,-262013.2173,42513.9219,500.7226,1051.3635
-304772.1997,-261947.2661,42824.9336,509.5613,1018.2987
-304699.98,-261993.6714,42706.3086,513.6194,1031.5048
-304479.9435,-261944.0685,42535.875,531.4141,1051.0447
-304587.4818,-261885.7318,42701.75,511.8445,1038.8598
-304708.8919,-261978.7903,42730.1016,515.9989,1023.8465
-304761.6866,-262033.8663,42727.8203,501.1353,1042.5161
-304544.3716,-261931.313,42613.0586,478.8145,1043.743
-304942.3589,-262044.355,42898.0039,510.0417,1042.6176
-304586.634,-261963.8605,42622.7734,513.3563,1009.2697
-304681.3028,-261895.9864,42785.3164,496.6058,1031.8285
-304651.3377,-261929.2049,42722.1328,503.924,1077.2301
-304615.4056,-261912.5267,42702.8789,478.5178,1041.7631
-304438.7926,-261934.066,42504.7266,488.7177,1027.0267
-304515.9313,-261985.2282,42530.7031,518.5535,1034.775
-304732.1698,-261876.373,42855.7969,515.7327,1042.5848
-304644.1449,-261994.2582,42649.8867,467.137,1031.5225
-304572.8889,-261973.4709,42599.418,501.3936,1022.2033
-304801.5444,-261956.1733,42845.3711,508.7489,1042.6469
-304778.7751,-261875.9353,42902.8398,490.3864,1009.7995
-304514.2644,-261976.1199,42538.1445,508.7911,1078.9348
-304757.4751,-261899.8696,42857.6055,525.3607,1036.338
-304813.4853,-261997.1493,42816.3359,540.4279,1062.7946
-304488.1935,-261938.6271,42549.5664,495.9174,1037.5046
-304707.3962,-261964.8181,42742.5781,473.1357,1050.4453
-304688.9454,-261968.0118,42720.9336,497.6154,1033.2696
-304598.1977,-262012.8891,42585.3086,525.453,1017.0541
-304582.8585,-261840.5694,42742.2891,481.2728,1057.8309
-304493.8551,-261938.4879,42555.3672,509.1971,1038.4995
-304598.63,-261934.7667,42663.8633,498.4114,1032.7556
-304802.3078,-262007.3078,42795.0,505.3995,1057.7924
-304531.0648,-261958.4554,42572.6094,532.9613,1035.5029
-304689.0767,-261871.2212,42817.8555,483.4593,1101.9255
-304799.8603,-261992.3798,42807.4805,528.9636,1047.3472
-304731.2281,-261993.8765,42737.3516,533.6911,1037.53
-304732.1254,-262014.0161,42718.1094,484.974,1040.9889
-304746.2362,-261970.0956,42776.1406,508.747,1030.0221
-304682.3765,-261940.939,42741.4375,479.7797,1041.1056
-304598.9377,-261956.9884,42641.9492,493.382,978.5698
-304883.4607,-262005.324,42878.1367,497.6741,1075.3557
-304732.6533,-261999.7314,42732.9219,499.6178,1024.4005
-304534.399,-261951.9771,42582.4219,526.3643,1011.0372
-304530.7289,-261871.7328,42658.9961,513.2421,1012.2594
-304639.3941,-261962.7066,42676.6875,488.0592,1091.6025
-304683.2742,-261879.3289,42803.9453,467.6194,1004.4654
-304348.3014,-261869.4889,42478.8125,498.6282,1022.7691
-304454.1548,-261910.061,42544.0938,496.7146,1048.1334
-304552.0748,-261909.3483,42642.7266,492.269,1014.946
-304441.1901,-261917.1198,42524.0703,482.5183,1023.5632
-304612.214,-261954.7023,42657.5117,540.2684,988.2749
-304830.4323,-261938.2526,42892.1797,491.6686,1009.4933
-304509.2287,-261971.5217,42537.707,480.5616,997.7954
-304775.464,-261974.6203,42800.8438,492.6905,1065.1668
-304403.1624,-261922.9319,42480.2305,506.4595,1023.9258
-304949.1157,-261892.518,43056.5977,497.1938,1073.423
-304780.8281,-261981.4687,42799.3594,475.6081,1014.1812
-304430.6193,-261871.5256,42559.0938,472.1006,1026.2923
-304590.059,-261960.641,42629.418,515.4575,1041.6051
-304636.3695,-261905.4867,42730.8828,520.0908,1061.7169
-304763.4605,-261982.6011,42780.8594,468.6353,1082.3352
-304724.8435,-261961.4373,42763.4062,466.4435,1062.0167
-304599.3241,-261907.7655,42691.5586,500.0773,1002.2165
-304331.2863,-261821.1105,42510.1758,508.3626,1022.4785
-304613.0857,-261997.5193,42615.5664,509.5631,1039.6884
-304570.6373,-261801.4811,42769.1562,505.6801,1070.463
-304609.8452,-261993.2632,42616.582,518.5754,1050.2199
-304825.0537,-261974.3076,42850.7461,499.943,1061.615
-304557.365,-261961.0525,42596.3125,523.1137,1097.8829
-304616.9334,-261975.3084,42641.625,483.0364,1079.4112
-304638.4251,-261808.9095,42829.5156,497.412,1030.195
-304653.9138,-261832.2614,42821.6523,495.9913,1080.265
-304485.8206,-261940.1917,42545.6289,520.2857,1053.3791
-304747.5088,-262004.6299,42742.8789,511.0325,1034.2926
-304529.2218,-261823.7062,42705.5156,478.4052,1033.4531
-304575.5775,-261861.3783,42714.1992,489.485,1034.3985
-304596.6054,-261845.0624,42751.543,489.8338,1086.8411
-304811.8191,-261972.409,42839.4102,520.8245,1068.2843
-304581.6259,-262029.5907,42552.0352,492.6714,1018.2942
-304724.9807,-261877.3128,42847.668,509.9915,1020.5067
-304843.1705,-261989.2096,42853.9609,524.4659,1030.3025
-304857.2175,-262042.4714,42814.7461,474.8326,1009.5512
-304804.2828,-261952.8609,42851.4219,502.3902,1052.5822
-304715.2457,-261923.7457,42791.5,494.2901,1055.2595
-304543.1653,-261874.1418,42669.0234,508.0198,1078.7268
-304844.4458,-261964.4341,42880.0117,490.2397,1061.2342
-304965.021,-262061.3842,42903.6367,507.6099,997.1949
-304559.6656,-261993.7124,42565.9531,510.6463,1044.4622
-304747.5541,-262060.9877,42686.5664,446.7354,999.2817
-304916.3861,-261993.4564,42922.9297,519.8543,993.8664
-304709.7909,-261975.5057,42734.2852,495.1245,1013.6765
-304912.3809,-261943.5528,42968.8281,551.5533,1071.757
-304644.2255,-261963.663,42680.5625,499.0429,997.4574
-304408.1007,-261972.7726,42435.3281,512.6926,1067.5193
-304537.1826,-261893.8389,42643.3438,509.3716,1036.4407
-304696.4475,-261982.5452,42713.9023,499.716,1044.643
-304802.8827,-262064.41,42738.4727,510.712,1045.5436
-304722.0289,-262148.8062,42573.2227,525.8722,1029.5419
-304749.3754,-262068.7426,42680.6328,506.8565,1040.3112
-304719.9423,-262026.1337,42693.8086,489.2088,1052.0201
-304506.5617,-262016.8742,42489.6875,495.884,1045.1338
-304515.5022,-261877.7717,42637.7305,524.6483,1035.2821
-304405.9563,-261883.5969,42522.3594,537.1488,1004.9885
-304585.6188,-261885.4352,42700.1836,492.4129,1017.9952
-304590.5568,-261963.4396,42627.1172,502.6315,1069.828
-304515.7812,-261975.8085,42539.9727,490.6592,1046.742
-304531.1098,-261981.4731,42549.6367,529.9582,1062.3346
-304561.7492,-261985.0578,42576.6914,527.5158,1068.3483
-304761.5847,-261975.491,42786.0938,503.641,1023.6182
-304682.5732,-261950.2607,42732.3125,527.5274,1069.6578
-304410.7102,-261926.0227,42484.6875,510.6607,1063.7318
-304637.9264,-262018.028,42619.8984,501.9869,1037.999
-304643.2792,-261911.7128,42731.5664,507.5664,1072.4328
-304556.7381,-261864.7928,42691.9453,506.9168,1089.5112
-304568.3828,-261882.332,42686.0508,495.9827,1028.4862
-304675.7392,-262019.5595,42656.1797,538.9682,1073.3268
-304577.1581,-261991.7558,42585.4023,496.0994,1042.5555
-304659.4223,-261995.2074,42664.2148,460.2252,1016.9641
-304524.819,-262015.8424,42508.9766,489.1681,1015.0195
-304427.1735,-261951.2165,42475.957,496.5286,1082.3412
-304542.731,-261997.0279,42545.7031,512.4195,1017.3915
-304657.8093,-261968.7937,42689.0156,515.112,1045.2001
-304583.2544,-261929.0513,42654.2031,530.2798,1027.5584
-304314.9266,-261905.3095,42409.6172,493.6224,1048.9199
-304642.4729,-261941.1565,42701.3164,499.0984,1008.5509
-304572.5658,-261938.2689,42634.2969,499.3984,1011.9325
-304664.2801,-261970.1199,42694.1602,502.6753,1002.876
-304422.7448,-261929.2292,42493.5156,465.6776,1069.2649
-304711.3208,-261953.7153,42757.6055,499.3313,1033.523
-304708.5773,-262122.8429,42585.7344,515.0773,1060.8546
-304728.742,-261963.7381,42765.0039,507.9907,1052.6641
-304608.467,-261925.2639,42683.2031,497.7495,1060.6353
-304864.1622,-262049.3262,42814.8359,494.1615,1068.6282
-304866.0042,-262021.7229,42844.2812,526.9796,1001.1283
-304517.0793,-261904.5246,42612.5547,506.1366,1064.4776
-304521.3687,-261929.2906,42592.0781,483.728,1076.2926
-304829.7323,-261934.7245,42895.0078,520.3459,1057.224
-304615.6267,-261924.2751,42691.3516,475.8532,1024.9011
-304538.0838,-261896.3573,42641.7266,487.3139,1039.3712
-304484.3161,-261843.2028,42641.1133,486.0098,1039.1991
-304640.9445,-262027.5656,42613.3789,527.6173,1054.7249
-304563.4239,-261941.0997,42622.3242,505.5846,1022.3245
-304634.7486,-261968.4634,42666.2852,497.0544,1001.5011
-304503.2611,-261905.9134,42597.3477,515.4109,1046.7725
-304785.4852,-261856.3524,42929.1328,502.8395,1065.8955
-304723.9153,-261932.3723,42791.543,473.501,1023.1761
-304657.3972,-262036.8386,42620.5586,493.1482,1044.8437
-304832.1344,-262035.5953,42796.5391,494.3206,1012.7191
-304638.1658,-261926.7244,42711.4414,494.4036,1020.0408
-304978.5246,-262093.5988,42884.9258,532.1891,1058.2719
-304873.9642,-262001.8588,42872.1055,528.9815,1091.7319
-304728.9493,-261921.3438,42807.6055,509.1839,1028.6718
-304469.4169,-261954.995,42514.4219,535.9287,1025.8123
-304780.4025,-262069.2853,42711.1172,529.8859,1050.3908
-304836.505,-261969.7082,42866.7969,516.7689,1033.4279
-304569.5316,-261987.3324,42582.1992,521.2178,1026.5226
-304530.4001,-261933.0798,42597.3203,495.8265,1009.8597
-304349.8346,-261895.944,42453.8906,476.6154,1019.6764
-304775.3893,-262016.2448,42759.1445,489.2084,1048.646
-304999.305,-261953.5589,43045.7461,499.304,1033.3104
-304663.7449,-261951.6472,42712.0977,506.049,1066.8167
-304638.0899,-262031.7344,42606.3555,503.4915,1023.0396
-304643.6621,-261936.959,42706.7031,511.6774,1003.0515
-304808.4429,-261907.5562,42900.8867,492.4651,1035.3827
-304889.9481,-262021.2488,42868.6992,503.1835,1045.993
-304705.4104,-261982.2542,42723.1562,491.3401,1016.403
-304457.3172,-261882.6961,42574.6211,488.5367,967.7414
-304540.2213,-261935.5182,42604.7031,518.1317,1028.223
-304785.3007,-261988.2734,42797.0273,525.8833,1069.8892
-304650.6515,-261952.1554,42698.4961,495.7672,1047.0501
-304830.3091,-262020.7857,42809.5234,475.8,1021.1016
-304595.5199,-262096.5472,42498.9727,527.674,1005.9868
-304695.9211,-262000.8976,42695.0234,487.6437,1001.1289
-304740.0044,-262080.7075,42659.2969,553.1015,1027.9137
-304638.4497,-261944.9575,42693.4922,530.8166,1054.6673
-304761.221,-261940.5257,42820.6953,477.7917,1053.2334
-304657.9303,-261969.4225,42688.5078,503.0395,1005.4903
-305028.7071,-262066.6133,42962.0938,489.6077,1057.2157
-304701.7272,-262083.5358,42618.1914,491.48,1024.6501
-304628.2529,-262038.6435,42589.6094,530.1264,1003.4531
-304823.0211,-262095.5367,42727.4844,533.9782,1049.8254
-304595.7482,-261954.8224,42640.9258,482.4689,1012.9403
-304558.4533,-261974.1604,42584.293,522.4735,1045.8726
-304755.0892,-262032.2806,42722.8086,478.9058,1036.608
-304642.5134,-262028.779,42613.7344,497.6358,1069.0091
-304550.0911,-262054.9583,42495.1328,502.1259,1074.802
-304826.7865,-261973.2357,42853.5508,467.8219,1035.1238
-304822.1292,-261877.5159,42944.6133,471.782,1050.8041
-304718.8695,-262031.7015,42687.168,481.5751,1058.6001
-304523.3361,-262088.4611,42434.875,507.8454,1022.0829
-304771.7745,-261980.9816,42790.793,505.9711,1044.6515
-304555.0457,-261916.6317,42638.4141,493.9952,1053.2581
-304432.7257,-261926.6124,42506.1133,477.901,1045.7233
-304319.3978,-261920.015,42399.3828,512.6568,1058.5558
-304771.8851,-262021.2601,42750.625,487.5142,1068.4905
-304504.6044,-261960.6318,42543.9727,512.0613,1014.0413
-304580.758,-261970.3479,42610.4102,525.0668,1059.4541
-304806.5381,-262003.6983,42802.8398,497.2329,1044.5912
-304374.4961,-261950.7696,42423.7266,512.9325,1054.5066
-304486.9041,-261872.326,42614.5781,500.8055,1081.3958
-304670.4082,-261986.0488,42684.3594,514.8902,1012.2137
-304695.2083,-262008.3372,42686.8711,500.3365,1018.5421
-304659.9986,-261972.9751,42687.0234,498.31,1046.9488
-304689.22,-261938.1341,42751.0859,516.1582,1044.8027
-304692.6494,-261988.6729,42703.9766,497.3826,1066.4115
-304724.2806,-261953.7806,42770.5,480.1175,1043.8139
-304692.6293,-261881.8051,42810.8242,498.1454,1067.478
-304593.9748,-261999.4006,42594.5742,470.9021,1040.0847
-304735.8225,-261983.51,42752.3125,524.017,1044.7878
-304723.1154,-261954.8458,42768.2695,528.6714,998.6529
-304751.0746,-262012.7504,42738.3242,488.1453,1016.1641
-304543.0844,-261904.7094,42638.375,499.4,1023.0483
-304605.8128,-261888.6175,42717.1953,504.6893,1049.2063
-304738.6399,-261938.1399,42800.5,468.2386,994.8597
-304763.9504,-261999.8684,42764.082,497.8928,1076.2067
-304423.9569,-262004.074,42419.8828,498.8463,1092.6307
-304529.9781,-262051.8882,42478.0898,498.269,1063.7959
-304702.9806,-261907.8439,42795.1367,467.8501,1073.8916
-304620.857,-261973.9468,42646.9102,502.1446,1079.0047
-304944.7024,-261953.0813,42991.6211,491.612,1009.8202
-304534.0891,-261961.6555,42572.4336,494.4536,1021.2115
-304813.3933,-261980.2019,42833.1914,500.0985,1025.8435
-304583.7978,-261957.3056,42626.4922,521.0789,1020.8037
-304716.0696,-261964.6204,42751.4492,506.5974,1063.9795
-304530.9951,-262034.5576,42496.4375,464.3761,1076.2044
-304743.0781,-261967.7812,42775.2969,482.4636,1024.3849
-304607.3892,-261936.7134,42670.6758,527.6871,1063.8814
-304964.07,-261960.8864,43003.1836,493.0958,1025.8996
-304592.4716,-261942.5575,42649.9141,510.5133,1042.3814
-304403.0704,-261944.6368,42458.4336,477.5631,1046.9255
-304857.0492,-261932.8578,42924.1914,514.2127,1027.7966
-304797.9621,-261931.3059,42866.6562,505.318,1066.0821
-304583.6509,-261944.7603,42638.8906,524.5905,996.2229
-304507.657,-262042.7546,42464.9023,558.8632,1078.9124
-304410.1064,-261897.2079,42512.8984,515.6333,1059.4337
-304642.2057,-262005.9831,42636.2227,476.7861,1053.1124
-305004.97,-262093.3372,42911.6328,517.7958,1072.3143
-304659.471,-261893.2015,42766.2695,496.0882,1042.3369
-304813.4621,-261934.6223,42878.8398,494.1953,1003.5368
-304520.5528,-262050.4864,42470.0664,487.2451,1036.9303
-304690.4604,-261961.1323,42729.3281,501.902,989.3049
-304650.9397,-261993.1584,42657.7812,501.0609,1057.8151
-304795.789,-262009.2773,42786.5117,502.8584,1034.7072
-304773.0733,-261998.5694,42774.5039,480.3414,1046.5516
-304766.0704,-261931.3047,42834.7656,492.4837,1022.1978
-304613.5418,-261929.3192,42684.2227,533.0745,1079.7514
-304599.1709,-261901.4014,42697.7695,505.3343,1121.4789
-304634.2092,-261946.131,42688.0781,497.5115,980.089
-304854.3834,-262090.7623,42763.6211,508.9374,1049.7203
-304768.158,-262017.3142,42750.8438,540.2974,1033.0246
-304772.3162,-261936.4412,42835.875,519.8328,1051.6276
-304853.6063,-262019.0946,42834.5117,484.3651,1045.3079
-304751.8311,-261952.546,42799.2852,508.2682,1042.8607
-304641.2018,-261940.4479,42700.7539,484.9559,1018.421
-304510.8509,-261989.7688,42521.082,513.2778,1017.0194
-304743.3174,-261989.8409,42753.4766,530.145,1007.5517
-304900.3249,-262006.5593,42893.7656,495.8013,1030.4856
-304581.2256,-261964.8584,42616.3672,501.6533,1026.462
-304517.0256,-261851.2874,42665.7383,535.8095,1021.8651
-304628.5303,-261894.7881,42733.7422,526.542,1005.4385
-304739.4767,-262056.0666,42683.4102,489.4155,999.8728
-304438.3812,-261914.8187,42523.5625,531.8689,1006.5449
-304722.6818,-261955.7014,42766.9805,476.2069,1061.529
-304673.5809,-261965.538,42708.043,514.2725,1036.1168
-304727.8359,-262056.6132,42671.2227,483.802,1070.9252
-304497.4963,-261852.2228,42645.2734,483.0518,1006.0174
-304921.3654,-262087.4006,42833.9648,524.8931,1059.6862
-304506.0494,-261989.9322,42516.1172,506.6252,1040.2798
-304721.2519,-262008.7558,42712.4961,499.1923,1089.7244
-304755.4692,-262057.688,42697.7812,505.1781,1059.1533
-304637.7448,-261909.7722,42727.9727,504.6028,1022.438
-304629.4695,-262033.3367,42596.1328,504.4109,1040.781
-304720.6108,-261994.5718,42726.0391,496.9203,1035.7528
-304741.6212,-262003.4103,42738.2109,494.5393,1072.7857
-304313.9993,-261834.0892,42479.9102,509.9815,1032.0226
-304732.7825,-261983.0325,42749.75,478.8409,1086.5534
-304688.5549,-261967.6018,42720.9531,512.7441,1095.8081
-304629.1748,-261995.3584,42633.8164,511.0752,1042.7302
-304549.4746,-261895.4395,42654.0352,483.492,991.1477
-304711.1078,-262008.4828,42702.625,462.5825,1025.3962
-304922.2384,-262025.59,42896.6484,501.0717,1056.9772
-304453.8622,-261860.3818,42593.4805,495.041,1016.182
-304550.4471,-261897.4628,42652.9844,489.2979,1053.0749
-304544.465,-261987.3986,42557.0664,518.152,1019.3029
-304867.0144,-261931.2917,42935.7227,527.0139,1007.7816
-304551.1865,-261818.1201,42733.0664,482.4448,1058.8323
-304483.589,-261841.0968,42642.4922,513.34,1030.1403
-304644.5017,-261958.9861,42685.5156,522.9703,1034.5786
-304443.5695,-261966.5578,42477.0117,504.9393,1002.281
-304447.7625,-262005.8445,42441.918,498.1561,1046.3334
-304469.5936,-262035.6717,42433.9219,523.3874,1050.8317
-304711.734,-261996.4372,42715.2969,528.8614,1041.9797
-304799.2447,-261939.6393,42859.6055,507.7995,1038.0091
-304597.5732,-262042.749,42554.8242,520.1676,1047.9151
-304471.5851,-262066.4328,42405.1523,522.7148,1023.3279
-304812.7571,-262114.6008,42698.1562,520.7282,1015.7976
-304795.0699,-262090.9097,42704.1602,523.5838,1091.772
-304687.0862,-262127.7073,42559.3789,522.8253,1019.3715
-304623.8319,-261942.1952,42681.6367,498.507,1053.858
-304641.695,-262001.07,42640.625,540.1124,1103.943
-304765.0271,-262013.6912,42751.3359,510.6542,1085.6934
-304965.3732,-261959.3302,43006.043,529.4952,1069.251
-304767.8969,-261975.1274,42792.7695,495.4494,994.1939
-304618.8918,-262081.7863,42537.1055,486.1633,1064.2714
-304758.8529,-261999.1654,42759.6875,512.0899,1041.6033
-304602.2362,-261886.1268,42716.1094,540.3676,1051.0284
-304623.0534,-261935.6394,42687.4141,488.5326,1040.7507
-304856.2735,-261891.4805,42964.793,521.7369,989.66
-304857.7851,-261931.375,42926.4102,473.353,1011.7251
-305010.5288,-262067.9117,42942.6172,505.7899,1031.2136
-304490.3032,-261946.2993,42544.0039,481.9125,1059.7452
-304610.4567,-262141.9684,42468.4883,506.6114,1092.051
-304923.3105,-261983.9823,42939.3281,491.0801,1042.8078
-304484.6954,-261913.9962,42570.6992,498.4912,1022.9391
-304592.2681,-261886.6431,42705.625,514.9929,1055.2645
-304486.0403,-261882.5481,42603.4922,534.936,1052.8445
-304514.4284,-261917.9206,42596.5078,494.0342,1042.0038
-304693.739,-262042.1335,42651.6055,477.3444,1051.3952
-304698.4914,-261894.1672,42804.3242,493.4186,1023.6182
-304866.0642,-262112.6619,42753.4023,514.3349,1064.4937
-304626.7981,-261953.3841,42673.4141,492.5382,1019.5225
-304596.2718,-261959.9515,42636.3203,505.6564,1072.8822
-304704.1989,-261985.281,42718.918,509.8917,1071.9896
-304508.0018,-261999.705,42508.2969,510.3687,1049.5542
-304592.6458,-262000.9544,42591.6914,499.7632,1073.4704
-304538.9689,-262023.008,42515.9609,510.4163,1023.6621
-304456.3683,-261903.9933,42552.375,501.7395,1062.8694
-304593.4559,-261972.5731,42620.8828,509.4896,1056.1228
-304691.7343,-261941.7382,42749.9961,502.0999,1081.9183
-304675.6675,-261964.8003,42710.8672,541.4729,1061.5206
-304659.3025,-261890.6619,42768.6406,502.3386,1034.494
-304589.5448,-261900.7401,42688.8047,480.1808,1018.8898
-304659.5645,-261899.0059,42760.5586,509.0587,1079.3286
-304718.0958,-261980.463,42737.6328,474.5147,1005.9801
-304421.2334,-261810.8311,42610.4023,523.7297,1047.3467
-304882.0572,-262028.5182,42853.5391,508.687,1047.271
-304599.3933,-261955.6043,42643.7891,556.8786,1042.0529
-304723.874,-262023.1513,42700.7227,511.4975,1087.2777
-304421.9195,-261896.7906,42525.1289,491.3703,1089.4651
-304700.3219,-261905.0329,42795.2891,483.0051,1047.4798
-304436.4138,-261936.6521,42499.7617,514.7819,1060.5936
-304567.5158,-261955.7892,42611.7266,507.2178,1077.4878
-304752.7155,-262053.8131,42698.9023,501.9693,1052.2212
-304452.2654,-262018.7107,42433.5547,502.1473,1063.1985
-304580.0389,-261974.3943,42605.6445,501.6601,1076.5148
-304651.2816,-261981.5785,42669.7031,474.2411,1055.723
-304944.3598,-262015.8481,42928.5117,514.6205,1059.5803
-304940.0848,-261951.0614,42989.0234,506.6294,1012.7382
-304757.2628,-262008.9386,42748.3242,499.4408,1082.8207
-304526.0545,-261989.3475,42536.707,530.2801,1064.5711
-304831.7306,-261989.9181,42841.8125,487.8974,1015.3419
-304675.5704,-261989.5274,42686.043,499.3144,1036.1305
-304789.5786,-262009.9029,42779.6758,506.9556,1057.1446
-304628.1551,-261907.1824,42720.9727,512.7392,1031.9698
-304631.373,-261899.7128,42731.6602,509.3918,1071.9682
-304637.769,-262000.2378,42637.5312,493.3432,1032.0052
-304584.2707,-261946.3762,42637.8945,502.3716,1050.9445
-304629.1792,-261848.1518,42781.0273,468.4701,1010.6714
-304512.8267,-261863.9009,42648.9258,520.7916,1028.3273
-304507.8572,-261922.7791,42585.0781,510.136,1035.0466
-304550.4391,-261965.3884,42585.0508,493.8404,1041.5248
-304569.533,-261989.5056,42580.0273,488.5231,1046.1408
-304484.7627,-261850.958,42633.8047,523.4698,1009.7595
-304898.4687,-261967.9257,42930.543,500.6992,1026.3256
-304606.8883,-261843.0914,42763.7969,495.5754,1033.3024
-304758.1589,-261926.4128,42831.7461,538.9253,1039.6133
-304387.0548,-261923.6446,42463.4102,486.5902,1016.9871
-304632.7028,-261915.7067,42716.9961,506.0852,1063.5707
-304728.4988,-261990.2097,42738.2891,511.5621,1016.9678
-304646.6546,-262035.9398,42610.7148,500.8303,1022.0417
-304891.2491,-261933.7491,42957.5,494.426,1038.9181
-304607.7759,-261989.7994,42617.9766,511.1801,1063.907
-304744.094,-261863.258,42880.8359,505.763,1037.419
-304495.6869,-261946.8744,42548.8125,488.647,1031.023
-304691.7742,-261984.0164,42707.7578,498.1022,1093.1924
-304633.6617,-261940.3375,42693.3242,526.1079,990.5744
-304979.5518,-261989.7432,42989.8086,485.3049,1056.7638
-304443.5134,-261911.7321,42531.7812,505.3005,1042.2974
-304712.775,-261858.8961,42853.8789,497.7198,1015.3163
-304834.2475,-261908.6694,42925.5781,491.7692,1037.9889
-304794.9341,-262002.0396,42792.8945,493.8527,1031.2659
-304696.167,-262025.1905,42670.9766,477.4982,1036.1955
-304601.5699,-261959.0113,42642.5586,482.0956,1047.7488
-304760.3823,-261967.9448,42792.4375,508.6526,1026.7581
-304515.8335,-261980.5405,42535.293,480.5069,1103.478
-304628.1258,-261968.6453,42659.4805,520.6936,1058.8384
-304733.6158,-261935.026,42798.5898,516.6812,1009.1822
-304317.9936,-261856.8725,42461.1211,524.8077,1013.3971
-304674.8129,-261853.0161,42821.7969,516.5334,1009.4152
-304807.9269,-262018.0949,42789.832,489.6801,1032.0081
-304687.23,-261950.8199,42736.4102,508.0322,1018.9594
-304674.7616,-261884.867,42789.8945,525.7456,1066.4701
-305072.7406,-261986.3265,43086.4141,502.8567,1050.5194
-304565.9531,-261774.1016,42791.8516,523.5109,1077.8797
-304750.1442,-261949.195,42800.9492,507.498,1032.4846
-304758.6516,-261880.3899,42878.2617,464.3208,1028.296
-304471.3921,-261886.3296,42585.0625,515.4526,1039.3492
-304419.2017,-261863.2954,42555.9062,535.3623,1107.2617
-304675.5945,-261925.2546,42750.3398,483.3556,1063.938
-304798.8398,-261950.7109,42848.1289,539.9764,1038.9164
-304454.4683,-261969.7417,42484.7266,511.9676,1028.4318
-304658.3065,-261941.7166,42716.5898,501.949,1061.1799
-304725.457,-261904.2929,42821.1641,492.5689,1020.6819
-304711.7259,-261988.9798,42722.7461,505.6694,1014.4849
-304953.0991,-262001.8296,42951.2695,518.4019,1038.8338
-304487.3136,-261951.9894,42535.3242,528.62,1099.4376
-304790.0966,-261967.1669,42822.9297,517.818,1072.6659
-304474.4702,-261864.5874,42609.8828,519.789,1029.6848
-304717.699,-261886.867,42830.832,488.3775,993.5936
-304542.4557,-261952.8619,42589.5938,492.0622,987.9169
-304585.9312,-261999.8413,42586.0898,492.8881,1026.6563
-304756.3661,-262074.909,42681.457,471.0734,1077.6374
-304671.9084,-262052.0295,42619.8789,535.3935,1075.6619
-304654.9565,-261893.9956,42760.9609,503.1351,1032.6986
-304888.8603,-261999.3095,42889.5508,461.0341,1070.5706
-304687.6933,-261961.705,42725.9883,529.5798,1044.4287
-304772.2842,-261951.0225,42821.2617,502.9598,1050.2997
-304728.8725,-262067.1459,42661.7266,520.269,1014.1699
-304659.8437,-261952.0859,42707.7578,519.0473,1037.3025
-304783.87,-262022.6004,42761.2695,505.5524,1018.9846
-304752.0653,-261960.9638,42791.1016,489.2361,1027.9506
-304596.5866,-261988.5476,42608.0391,496.5688,1054.0292
-304676.6548,-261935.3813,42741.2734,473.8384,1023.5118
-304446.2508,-261920.8563,42525.3945,494.6369,1030.5844
-304584.5712,-261915.1064,42669.4648,483.1861,1013.9445
-304593.686,-261925.1391,42668.5469,534.6415,1050.482
-304479.811,-261913.7407,42566.0703,521.3041,1033.0605
-304451.2417,-261952.3003,42498.9414,510.675,1069.8229
-304809.6441,-262044.8433,42764.8008,495.8711,1046.9325
-304688.2274,-261961.0165,42727.2109,505.3747,1020.655
-304568.345,-261960.7043,42607.6406,519.055,1028.3949
-304772.8871,-262017.723,42755.1641,474.9839,1067.4194
-304700.6378,-262029.1261,42671.5117,490.4738,1014.7648
-304586.0375,-261947.1391,42638.8984,520.9506,1005.4821
-304756.32,-262015.1911,42741.1289,501.4962,1063.372
-304649.7649,-261934.7767,42714.9883,501.494,1040.7485
-304623.1412,-261968.6998,42654.4414,486.5775,1053.7128
-304914.4015,-262012.0812,42902.3203,524.4787,977.2351
-304722.0971,-261926.0425,42796.0547,507.0228,1027.525
-304450.092,-261808.8576,42641.2344,503.4341,1012.1719
-304566.4069,-261917.5163,42648.8906,505.7781,1042.0253
-304606.6068,-262053.7708,42552.8359,509.1039,1012.4971
-304857.1681,-261971.6485,42885.5195,487.8216,1042.8223
-304465.114,-261977.6687,42487.4453,486.269,1044.8026
-304432.0707,-261944.7777,42487.293,482.9635,1017.8619
-304573.312,-261833.4839,42739.8281,516.5664,1070.0732
-304626.7726,-261896.089,42730.6836,516.7957,1047.4787
-304614.0626,-262004.2305,42609.832,489.3073,1041.5156
-304740.3681,-261982.54,42757.8281,533.4766,1082.0934
-304462.4645,-261989.2223,42473.2422,499.2118,1067.2343
-304747.8225,-261912.8264,42834.9961,473.5843,1046.9356
-304729.7641,-261915.7368,42814.0273,519.0816,1057.7157
-304550.0595,-261924.0751,42625.9844,514.5738,1039.1084
-304363.0622,-261905.5505,42457.5117,553.7175,1015.3995
-304534.4399,-262019.6235,42514.8164,494.6157,1030.9851
-304563.904,-261944.8063,42619.0977,471.4488,1034.5816
-304654.4994,-261978.9681,42675.5312,526.0881,1058.4995
-304666.2262,-261954.0621,42712.1641,536.2343,1068.3104
-304593.3902,-261902.8941,42690.4961,527.2214,1018.1421
-304693.2598,-261902.1973,42791.0625,496.5708,1073.9553
-304751.0921,-261937.0764,42814.0156,494.5896,1057.3686
-304564.96,-261778.8545,42786.1055,496.7012,1021.0168
-304349.8528,-261902.8411,42447.0117,493.2815,1080.5777
-304746.1152,-261910.2598,42835.8555,486.3921,1028.6742
-304626.4988,-261965.4441,42661.0547,492.1737,1028.5841
-304572.5465,-261967.4722,42605.0742,503.7813,1006.2144
-304605.1743,-261987.4829,42617.6914,483.7869,1028.183
-304733.5875,-262057.2398,42676.3477,514.6278,1050.8782
-304688.708,-261983.2588,42705.4492,505.5596,1069.1501
-304626.1783,-261999.3502,42626.8281,514.7331,1028.2079
-304756.2816,-261959.3871,42796.8945,495.9857,1052.9866
-304678.8718,-261955.0163,42723.8555,509.2023,1078.3224
-304467.8104,-261954.6229,42513.1875,533.0572,1040.4641
-304608.5516,-261910.9148,42697.6367,514.2991,1034.095
-304616.4328,-261969.4406,42646.9922,511.2063,1031.404
-304627.0498,-261989.9365,42637.1133,510.2087,1022.1245
-304359.3237,-261776.5385,42582.7852,499.1149,1020.8999
-304684.2178,-261914.167,42770.0508,482.3377,1029.3794
-304547.2979,-261892.7706,42654.5273,497.7531,1060.2086
-304552.0187,-261934.6476,42617.3711,548.8642,1067.4828
-304724.9161,-261925.6661,42799.25,502.9302,1022.7929
-304616.3809,-261901.1582,42715.2227,537.8507,1065.7977
-304546.5226,-261942.2647,42604.2578,505.9485,1063.37
-304931.5221,-261994.8893,42936.6328,502.2233,1064.9864
-304769.2955,-261938.3932,42830.9023,466.8326,991.5603
-304570.4853,-261933.5751,42636.9102,484.1519,1029.2867
-304601.9467,-261852.2319,42749.7148,489.1387,1042.9525
-304589.6239,-261959.8466,42629.7773,514.1073,1068.0424
-304868.3399,-262073.4376,42794.9023,516.4933,1012.4988
-304750.1521,-262066.867,42683.2852,501.3275,1017.9365
-304783.1164,-262002.8938,42780.2227,533.525,1045.1291
-304632.0987,-261930.3057,42701.793,520.9168,1025.9376
-304578.826,-261910.8104,42668.0156,509.8992,1006.1372
-304518.6064,-261875.5752,42643.0312,496.5514,1009.7455
-304909.9783,-262003.7479,42906.2305,501.5861,1033.0599
-304794.8092,-261956.9928,42837.8164,481.4292,1039.4414
-304699.0224,-261868.8388,42830.1836,471.9017,1064.2246
-304360.6006,-261870.253,42490.3477,510.7623,1087.3518
-304482.1611,-261887.9892,42594.1719,521.4041,1029.2327
-304610.6803,-261982.1608,42628.5195,505.8566,1063.8952
-304607.1777,-261942.9042,42664.2734,493.0696,1043.3786
-304641.2069,-261992.3475,42648.8594,509.3924,1058.5394
-304784.6781,-261941.5257,42843.1523,506.5059,1037.2148
-304694.4506,-261952.853,42741.5977,507.2365,993.5694
-304573.4131,-261938.0693,42635.3438,507.9711,1037.9997
-304723.9671,-262011.139,42712.8281,502.0944,1039.288
-304828.4846,-262004.6643,42823.8203,518.2134,1053.548
-304508.1297,-261982.5868,42525.543,485.8377,1032.0598
-304555.2535,-261920.48,42634.7734,479.2521,1070.8074
-304668.3226,-262022.8617,42645.4609,488.164,1040.604
-304750.2266,-261959.1211,42791.1055,517.1316,1037.9911
-304618.3831,-261997.6331,42620.75,504.8884,1047.7822
-304621.1014,-262025.0272,42596.0742,504.1227,1055.2324
-304419.6121,-261826.3621,42593.25,477.1571,997.7702
-304513.859,-261945.5621,42568.2969,490.5736,1097.9133
-304824.6154,-261981.1076,42843.5078,503.2324,1066.4812
-304511.6693,-261906.4467,42605.2227,509.5958,1044.0627
-304661.7712,-261972.8298,42688.9414,494.4355,1023.8503
-304768.5931,-261946.9838,42821.6094,480.9964,1059.9008
-304679.0423,-261979.3157,42699.7266,502.9227,1070.0137
-304477.3885,-261890.8299,42586.5586,503.5643,1057.9391
-304701.4005,-262020.6935,42680.707,481.0303,1032.9368
-304639.738,-261930.949,42708.7891,471.8679,1021.781
-304624.2472,-262018.3293,42605.918,496.2376,1073.1867
-304612.2112,-261999.2658,42612.9453,492.4833,1040.4057
-304809.5017,-261953.6502,42855.8516,499.0481,1050.4507
-304712.7421,-261921.1483,42791.5938,508.1742,990.9106
-304646.2788,-261917.1303,42729.1484,541.5937,1049.483
-304694.7353,-261999.1416,42695.5938,525.6853,1077.3684
-304714.2989,-261895.8731,42818.4258,499.6244,1047.6667
-304759.152,-261956.8551,42802.2969,531.4317,1037.5273
-304437.1551,-261967.9169,42469.2383,501.4255,1022.1142
-304731.1938,-261899.4399,42831.7539,492.5025,1028.5502
-304585.0137,-261975.1934,42609.8203,519.8665,1024.9708
-304556.9251,-261968.5189,42588.4062,542.1508,1016.3317
-304508.6821,-262046.1899,42462.4922,472.0126,1026.4325
-304788.1818,-262007.0997,42781.082,518.726,1064.0191
-304749.371,-261989.2109,42760.1602,500.9406,1038.44
-304402.1949,-261913.0387,42489.1562,506.9778,1053.7151
-304798.9704,-262076.0329,42722.9375,482.864,1025.2576
-304771.9382,-262004.153,42767.7852,515.5412,1038.5815
-304778.6067,-261954.1535,42824.4531,518.4634,1068.7728
-304470.2018,-261895.1744,42575.0273,485.9441,1038.5028
-305016.5488,-261923.9434,43092.6055,498.0307,982.7965
-304765.011,-262020.6399,42744.3711,506.2676,1050.9771
-304746.1606,-261928.5864,42817.5742,521.6522,1048.377
-304694.0784,-261875.9377,42818.1406,523.912,1001.6286
-304458.0821,-261993.0313,42465.0508,508.3218,1056.9147
-304743.1556,-261941.5149,42801.6406,488.3554,983.9307
-304538.5398,-261973.0984,42565.4414,492.8649,1048.5153
-304604.3125,-261993.3008,42611.0117,511.7829,1063.058
-304849.8062,-262008.4859,42841.3203,495.8087,983.7543
-304713.9896,-261925.474,42788.5156,520.5777,1034.6554
-304768.5071,-261938.7181,42829.7891,499.8662,1044.9429
-304651.4996,-261979.4059,42672.0938,500.7484,1053.5937
-304579.8381,-261974.6506,42605.1875,486.2445,1027.9255
-304820.3936,-261961.2608,42859.1328,498.4543,1025.8696
-304732.1409,-262008.9416,42723.1992,496.7018,997.4979
-304404.767,-261830.8569,42573.9102,457.4533,1025.7749
-304529.9195,-261872.6852,42657.2344,498.6158,1042.1551
-304859.3768,-262061.5252,42797.8516,501.5305,1020.5527
-304681.6899,-261894.022,42787.668,482.0302,1057.423
-304707.1271,-261993.9318,42713.1953,489.8235,1027.7918
-304589.6366,-261946.5507,42643.0859,515.327,1014.5888
-304606.5468,-261948.6093,42657.9375,524.4166,985.9278
-304409.3291,-261875.5049,42533.8242,513.9194,1025.1509
-304587.3034,-261871.7057,42715.5977,480.4975,1045.5911
-304737.6067,-261949.8958,42787.7109,459.4774,1046.6048
-304502.6528,-261936.3872,42566.2656,528.6669,1066.5959
-304679.1944,-261973.2999,42705.8945,524.905,1026.9976
-304809.1001,-262005.0142,42804.0859,502.2158,1017.3231
-304735.9422,-261863.1688,42872.7734,512.7347,1040.9851
-304587.1211,-261951.5196,42635.6016,509.5121,1068.1647
-304897.9878,-261955.6479,42942.3398,481.4549,1000.3591
-304689.8736,-262064.1978,42625.6758,504.2944,1062.5725
-304600.444,-261977.0573,42623.3867,496.44,1027.3954
-305060.2742,-262040.2429,43020.0312,502.191,1010.4638
-304574.7191,-262002.9965,42571.7227,501.0536,1062.7175
-304873.11,-262055.6959,42817.4141,515.8694,1012.6283
-304521.6795,-261999.66,42522.0195,520.1153,1035.2072
-304638.3156,-262001.4328,42636.8828,486.0089,1065.0085
-304560.9729,-261945.6409,42615.332,530.1802,1079.8922
-304659.5544,-261959.0622,42700.4922,472.9039,1029.5147
-304731.9758,-261898.6633,42833.3125,473.39,1090.9031
-304736.2238,-261898.5167,42837.707,491.4981,1047.4235
-305035.0365,-261954.3607,43080.6758,487.0753,1064.7105
-304806.4494,-262012.6565,42793.793,495.429,1016.6741
-304667.6045,-261943.8584,42723.7461,479.7095,1040.2465
-304863.9964,-261997.8363,42866.1602,526.7619,1069.4001
-304527.2142,-261875.1986,42652.0156,492.835,1056.3516
-304552.929,-261883.5149,42669.4141,514.9625,1011.4399
-304679.6371,-262002.7426,42676.8945,492.4262,1048.0068
-304645.5796,-261846.8492,42798.7305,488.6914,1049.3169
-304575.7714,-261814.8222,42760.9492,498.3265,1022.1676
-304751.2659,-261962.344,42788.9219,505.112,1024.1992
-304656.393,-262006.268,42650.125,504.0139,1047.1277
-304615.891,-261958.1644,42657.7266,495.2889,1022.055
-304710.1437,-261957.4132,42752.7305,498.0443,1051.5895
-304767.3017,-261993.0634,42774.2383,534.0579,994.1498
-304744.6354,-261917.6003,42827.0352,506.6052,1043.6602
-304698.0572,-261977.0259,42721.0312,499.0343,1040.6229
-304541.7851,-261927.4335,42614.3516,489.2035,1006.4019
-304855.8824,-261972.1558,42883.7266,468.4118,1014.8905
-304685.4273,-261902.3726,42783.0547,489.5159,1024.3771
-304554.3619,-261961.6197,42592.7422,481.4306,1067.6366
-304558.2979,-261935.9034,42622.3945,514.5479,1049.4791
-304709.7486,-261990.2877,42719.4609,505.4424,1065.5239
-304874.1489,-262012.2309,42861.918,474.2425,1084.8718
-304381.1191,-261933.9824,42447.1367,455.4466,1059.9241
-304426.4508,-261954.5563,42471.8945,490.2386,1027.6996
-304472.3429,-262010.8312,42461.5117,513.9505,1075.7434
-304805.6788,-261993.878,42811.8008,476.2397,993.5886
-304824.9771,-261999.1646,42825.8125,480.2994,1072.6602
-304450.1123,-262051.6904,42398.4219,503.5216,1021.7396
-304685.823,-261975.9519,42709.8711,498.4103,1041.7358
-304665.631,-261955.6505,42709.9805,530.5031,1023.3941
-304894.6188,-261983.2516,42911.3672,506.2555,1072.9538
-304499.2619,-262010.9963,42488.2656,468.0378,1035.1609
-304706.8177,-262007.8763,42698.9414,501.0904,1059.4187
-304652.9791,-261933.9322,42719.0469,502.575,1085.0418
-304719.0145,-261884.0965,42834.918,499.1123,1035.1967
-304496.0848,-262028.3778,42467.707,500.7883,1042.606
-304896.3526,-261948.169,42948.1836,480.3524,1026.0885
-304702.7129,-262015.4434,42687.2695,493.7491,1025.8023
-304815.462,-262000.7315,42814.7305,534.1742,1024.4469
-304851.918,-262053.2188,42798.6992,519.4137,1041.3556
-304587.2329,-261922.4165,42664.8164,500.6371,1074.0079
-304462.8429,-262021.007,42441.8359,476.2218,1039.7963
-304692.043,-262058.2969,42633.7461,525.7416,1031.5544
-304815.0839,-261980.6347,42834.4492,525.8432,1048.9039
-304712.3532,-262005.0837,42707.2695,526.6985,1079.1251
-304494.3396,-262008.6677,42485.6719,464.2976,1057.3474
-304779.4263,-262088.9693,42690.457,502.339,1067.6652
-304849.2907,-262065.3493,42783.9414,509.791,1074.389
-304747.3386,-261963.8308,42783.5078,470.5579,1121.7261
-304658.0722,-261853.6269,42804.4453,483.4813,1049.936
-304331.2312,-261929.8874,42401.3438,488.9347,1049.0494
-304637.8134,-262027.2001,42610.6133,497.5684,1037.8314
-304778.7418,-262018.1051,42760.6367,482.6695,1023.6396
-304558.4396,-261980.6389,42577.8008,474.5311,1012.8121
-304690.3422,-262073.4242,42616.918,505.3337,1029.4097
-304475.9902,-261987.4707,42488.5195,503.7183,1022.1987
-304670.7585,-261955.8639,42714.8945,456.0705,1068.7175
-304604.1898,-261888.2836,42715.9062,504.2048,1018.4093
-304657.7004,-261962.7043,42694.9961,479.5962,1078.2503
-304468.7282,-261848.99,42619.7383,521.4516,1028.4193
-304920.3833,-262055.3169,42865.0664,525.8976,1025.8298
-304609.3287,-261942.2037,42667.125,528.2533,1052.2391
-304578.5916,-261939.3572,42639.2344,506.5491,1010.3124
-304978.6685,-261993.8365,42984.832,514.2345,1010.9679
-304792.21,-262052.4717,42739.7383,489.1992,1027.357
-304746.1418,-262036.2355,42709.9062,507.1451,1050.8641
-304498.5795,-261852.2631,42646.3164,518.509,1054.4985
-304812.2326,-261928.3694,42883.8633,522.0854,1059.4332
-304475.7366,-261981.8733,42493.8633,512.7585,1067.5752
-304727.1766,-261963.1063,42764.0703,510.6141,1046.7265
-304692.2428,-261945.6451,42746.5977,474.1381,1053.4369
-304907.0282,-261926.2235,42980.8047,508.9436,1018.0412
-304710.4557,-261893.1471,42817.3086,488.9825,1036.7401
-304701.2849,-261911.7302,42789.5547,492.6665,1044.2069
-304766.0574,-262094.6902,42671.3672,496.2433,1028.8211
-304611.1332,-261949.4965,42661.6367,492.7192,1058.9906
-304498.0234,-261961.2226,42536.8008,468.7046,1064.5769
-304611.6594,-262009.6985,42601.9609,521.9097,1063.2856
-304681.9065,-262012.9495,42668.957,500.3576,1052.6108
-304760.7264,-261994.5272,42766.1992,490.1535,1038.9256
-304851.6372,-262018.8442,42832.793,481.0414,1067.9747
-304697.5593,-262016.1648,42681.3945,489.6514,1086.5782
-304761.3302,-261931.4084,42829.9219,491.4939,1042.5967
-304756.7543,-262043.0043,42713.75,520.5847,1035.4059
-304479.2418,-262000.1754,42479.0664,510.9375,1023.8438
-304462.0665,-261820.2345,42641.832,498.6715,1059.4868
-304738.083,-261996.8017,42741.2812,523.8029,1036.2988
-304505.1957,-261926.9457,42578.25,497.0759,1014.4781
-304494.1601,-261897.9765,42596.1836,473.9577,1042.0037
-304675.8693,-262005.9748,42669.8945,504.2833,1065.5013
-304482.9086,-261874.475,42608.4336,498.3545,1008.3743
-304668.9866,-261867.5803,42801.4062,506.2437,1034.281
-304696.6469,-261936.9868,42759.6602,498.8383,1050.7856
-304523.7336,-261946.6007,42577.1328,510.3578,1002.1026
-304688.1896,-261913.588,42774.6016,494.7076,1029.8118
-304784.5096,-261957.7284,42826.7812,530.1048,1066.238
-304567.0097,-261935.5761,42631.4336,504.5616,1050.1391
-304524.0367,-261874.2242,42649.8125,512.8762,1031.1711
-304704.8855,-262006.0457,42698.8398,518.2187,1041.5213
-304523.3638,-261912.1646,42611.1992,493.2898,1038.0741
-304626.8675,-261993.1292,42633.7383,505.0349,1077.9739
-304683.7042,-261901.6144,42782.0898,505.2676,1063.9046
-304667.2199,-261959.3019,42707.918,490.0753,1014.0032
-304500.3275,-261934.3236,42566.0039,514.7799,1047.9018
-304792.1963,-262010.962,42781.2344,489.0734,998.1593
-304536.7306,-261988.3673,42548.3633,471.829,1048.6224
-304687.2414,-261901.0188,42786.2227,485.8709,1009.9624
-304688.742,-261996.1913,42692.5508,524.8721,1065.9465
-304745.4945,-261930.6664,42814.8281,505.6796,1020.9331
-304808.5721,-262011.6111,42796.9609,514.3876,998.8373
-304450.0143,-261940.5417,42509.4727,530.5218,1061.1627
-304484.6173,-261923.6446,42560.9727,509.9855,1049.887
-304664.4334,-261950.0818,42714.3516,513.344,1042.1225
-304470.5326,-261996.892,42473.6406,470.4354,1090.9935
-304853.3132,-261994.1921,42859.1211,470.5099,1041.858
-304533.6995,-261955.6136,42578.0859,520.5618,1059.0649
-304536.7862,-261984.6183,42552.168,503.89,1043.0822
-304699.8179,-261970.1616,42729.6562,493.2777,987.983
-304418.3383,-261965.3344,42453.0039,506.4132,1052.9892
-304453.0329,-261910.0017,42543.0312,508.3419,1025.1785
-304719.936,-261878.3969,42841.5391,490.4945,1004.3355
-304685.0238,-261984.3754,42700.6484,509.5373,1045.1959
-304757.637,-261930.8167,42826.8203,515.7609,1044.3016
-304729.2994,-261972.8073,42756.4922,502.9113,1028.6402
-304936.0391,-261953.8164,42982.2227,502.8387,1017.0347
-304558.6681,-261987.4337,42571.2344,539.4562,1046.1276
-304794.2798,-262080.4751,42713.8047,532.7875,1069.5902
-304753.9565,-261906.1167,42847.8398,507.3281,1049.2623
-304738.2727,-262046.1907,42692.082,499.7464,1087.2716
-304685.6042,-262014.151,42671.4531,502.5728,1033.7218
-304608.3699,-261894.284,42714.0859,498.1842,1054.828
-304744.0983,-262008.9498,42735.1484,503.97,1003.7737
-304662.8243,-261961.547,42701.2773,518.3342,1012.2266
-304870.728,-262033.7085,42837.0195,525.8787,1068.5787
-304777.8593,-262031.8163,42746.043,508.2983,1079.1693
-304771.4477,-262018.393,42753.0547,501.3362,1030.6941
-304666.8911,-262032.6606,42634.2305,457.9453,1046.3856
-304543.5463,-262106.8588,42436.6875,491.5995,1058.9346
-304943.3279,-262108.6951,42834.6328,488.9627,1027.414
-304527.8878,-261933.5402,42594.3477,501.8033,1007.2057
-304695.192,-261863.8678,42831.3242,502.1699,1008.5427
-304640.6708,-262087.5848,42553.0859,511.1365,1063.768
-304608.5213,-261941.3845,42667.1367,521.1283,1034.6101
-304846.3658,-262043.3033,42803.0625,512.9982,1023.2812
-304656.5239,-261954.3286,42702.1953,502.2489,1051.573
-304601.4652,-261982.9066,42618.5586,485.0097,1045.1629
-304840.8178,-262012.2201,42828.5977,510.6646,1007.0521
-304756.9466,-261982.7826,42774.1641,470.9673,1064.6271
-304583.8511,-261958.5347,42625.3164,513.3621,1055.0827
-304591.7545,-261899.2232,42692.5312,481.1388,1037.8537
-304633.6768,-262001.837,42631.8398,520.3563,1058.0602
-304658.5458,-262070.7294,42587.8164,479.816,1080.1654
-304728.2179,-262064.0695,42664.1484,495.8091,1029.1366
-304516.2844,-261945.636,42570.6484,509.8762,1043.2012
-304783.7349,-261996.3365,42787.3984,507.9983,1059.073
-304595.0254,-261945.7403,42649.2852,497.5976,1035.1815
-304760.9346,-261948.7119,42812.2227,502.8517,1052.1326
-304549.3713,-261919.0432,42630.3281,494.5453,1023.873
-304720.9097,-261903.8784,42817.0312,500.8491,1034.0624
-304597.6029,-261970.3724,42627.2305,518.6129,1083.8987
-304675.093,-261944.1516,42730.9414,502.8602,1035.5976
-304720.173,-261963.7003,42756.4727,499.232,1017.9453
-304476.77,-261856.309,42620.4609,493.3385,1059.7592
-304628.4453,-262016.5977,42611.8477,505.0874,1050.4485
-304538.2127,-261909.8767,42628.3359,522.7834,1088.6502
-304851.1313,-261957.2641,42893.8672,475.503,1045.39
-304715.9421,-262079.446,42636.4961,506.9679,1088.8414
-304633.3517,-261956.7072,42676.6445,491.1672,1069.2023
-304798.1429,-261978.4008,42819.7422,489.9368,1030.9146
-304669.0532,-262026.5024,42642.5508,496.7475,1058.3588
-304762.5416,-261937.8306,42824.7109,465.0611,1039.6197
-304588.5745,-261902.3909,42686.1836,521.8103,1044.2696
-304791.4874,-262011.5655,42779.9219,493.1786,1101.891
-304485.8871,-262025.1449,42460.7422,508.1468,1079.992
-304353.5809,-261831.577,42522.0039,518.8087,1038.6459
-304671.5321,-261932.5008,42739.0312,496.8992,1061.4465
-304634.5008,-261934.5438,42699.957,489.5645,1029.6442
-304671.5267,-261928.3001,42743.2266,506.6256,1025.8198
-304957.462,-261973.962,42983.5,526.1085,974.384
-304498.5517,-261991.1454,42507.4062,505.0115,1031.614
-304814.3348,-262047.0262,42767.3086,500.8886,1032.3742
-304461.8359,-261839.6719,42622.1641,511.5271,1068.4586
-304525.637,-261971.3519,42554.2852,499.489,1044.4821
-304430.5969,-261891.1711,42539.4258,486.6463,1021.3214
-304662.2203,-261910.4313,42751.7891,470.0481,1027.8754
-304869.2812,-261984.0039,42885.2773,527.3009,1047.8666
-304636.5327,-262030.2358,42606.2969,491.2739,1080.3511
-304738.6709,-262018.8428,42719.8281,478.3022,1056.3851
-304418.81,-261973.642,42445.168,532.8141,1010.4824
-304698.443,-262045.1383,42653.3047,478.5671,1067.7137
-304687.4426,-261989.6535,42697.7891,521.138,1025.4916
-304760.4256,-261926.867,42833.5586,497.1739,1011.163
-304584.3365,-261831.4146,42752.9219,536.4334,1016.2103
-304726.7298,-262003.8822,42722.8477,504.397,1022.8553
-304874.5285,-262029.8332,42844.6953,503.3178,1034.2248
-304583.2981,-261919.4583,42663.8398,517.4086,1063.8006
-304769.8363,-261904.7816,42865.0547,521.1149,997.2948
-304596.3798,-262005.2978,42591.082,511.6321,1065.745
-304771.7128,-261948.994,42822.7188,511.4592,1066.5108
-304979.7656,-261995.0312,42984.7344,479.4951,1037.7683
-304651.5068,-261967.3897,42684.1172,459.2091,1077.5186
-304692.6741,-261828.2561,42864.418,508.5995,1044.8938
-304694.0794,-261937.1263,42756.9531,473.457,1047.9464
-304731.1943,-261964.4756,42766.7188,488.2591,1071.0258
-304657.614,-261989.9421,42667.6719,478.2287,1045.0362
-304500.3096,-261960.9307,42539.3789,547.6237,1033.6321
-304742.4398,-262032.3109,42710.1289,515.249,1025.0593
-304678.7881,-261917.3115,42761.4766,504.4885,1067.7034
-304892.6957,-261981.4418,42911.2539,508.1191,1051.1944
-304798.9757,-262015.2218,42783.7539,529.4442,1069.4917
-304608.8472,-261861.9058,42746.9414,492.3683,1050.9472
-304600.7541,-261963.8713,42636.8828,503.353,1072.6245
-304593.2836,-261938.9125,42654.3711,473.934,1016.776
-304908.4256,-262013.1482,42895.2773,475.3815,1050.3568
-304776.8921,-262016.5093,42760.3828,521.9847,1071.5712
-304586.0667,-261924.8167,42661.25,498.8478,1005.0036
-304588.5602,-261885.8375,42702.7227,474.0138,1063.9643
-304470.2329,-261861.7954,42608.4375,505.321,1034.3082
-304748.5553,-261973.4186,42775.1367,484.2943,1067.0624
-304683.7755,-261885.4356,42798.3398,464.7731,982.6546
-304916.1131,-261946.7459,42969.3672,526.2234,1045.5463
-304663.7344,-261889.2891,42774.4453,472.2939,1026.5877
-304491.0958,-261921.2833,42569.8125,504.5952,1050.8569
-304802.0007,-261929.8913,42872.1094,479.3123,1050.5823
-304665.998,-261965.6113,42700.3867,494.2827,1043.3857
-304786.3804,-261943.0171,42843.3633,495.0628,1063.3161
-304665.1211,-261955.5859,42709.5352,517.6387,1002.4595
-304702.4078,-261959.2906,42743.1172,529.4827,1056.1897
-304563.9339,-262062.137,42501.7969,493.9599,1043.4006
-304556.3261,-261835.6269,42720.6992,494.7878,1050.6859
-304563.7842,-261979.3232,42584.4609,512.2749,1037.1652
-304677.7607,-261948.2216,42729.5391,528.7332,1033.3243
-304557.8002,-261877.7338,42680.0664,490.4033,1040.4565
-304623.1645,-261944.3441,42678.8203,513.3105,982.7456
-304622.4565,-261999.5072,42622.9492,511.2206,1019.0288
-304603.5054,-261927.0054,42676.5,489.5585,1056.8672
-304571.2182,-261941.6557,42629.5625,540.6648,1014.0985
-304838.3728,-261941.6541,42896.7188,513.0247,1018.8156
-304616.1029,-262041.0287,42575.0742,508.537,1054.6243
-304507.0739,-261897.7185,42609.3555,457.4066,1049.4709
-304497.9747,-261851.1427,42646.832,468.6201,1034.0236
-304655.0283,-262045.0479,42609.9805,477.4858,1029.6628
-304747.5551,-261990.8364,42756.7188,525.7604,1023.3476
-304712.9422,-261963.6961,42749.2461,484.196,992.2142
-304485.4135,-261871.9487,42613.4648,529.243,1014.2079
-304596.915,-261984.376,42612.5391,485.4344,1004.3296
-304742.0317,-261987.4848,42754.5469,488.1434,995.9447
-304612.1296,-261964.0046,42648.125,496.6774,1060.0065
-304700.9286,-261984.6474,42716.2812,496.0171,1019.467
-304532.5513,-261935.5943,42596.957,496.2081,1046.4967
-304458.7077,-261936.2976,42522.4102,483.1343,1041.8497
-304829.5431,-262007.1798,42822.3633,457.2326,1034.8431
-304613.5516,-261989.4617,42624.0898,501.8328,1052.9574
-304797.2306,-262007.8283,42789.4023,521.8868,993.2434
-304746.7938,-262011.9149,42734.8789,491.5882,1035.1646
-304693.755,-261986.1065,42707.6484,494.044,1065.951
-304630.1228,-261968.2439,42661.8789,514.1977,1030.0631
-304524.3099,-261940.3763,42583.9336,521.6175,1050.2667
-304553.8184,-261887.0684,42666.75,514.6765,1021.7873
-304755.1556,-262004.9603,42750.1953,500.9067,1001.1426
-304665.6443,-261872.6365,42793.0078,471.9158,1061.7283
-304752.416,-261945.8183,42806.5977,486.3324,1032.0299
-304437.7433,-261913.1222,42524.6211,509.2518,1072.2785
-304696.3011,-261928.6761,42767.625,528.8528,1084.2731
-304718.6768,-261908.6026,42810.0742,466.2467,984.4461
-304794.0405,-261945.5444,42848.4961,518.7185,1011.2494
-304331.6308,-261904.6151,42427.0156,490.9853,1044.3787
-304805.6684,-262080.7895,42724.8789,496.4852,1020.7982
-304944.4839,-262044.4136,42900.0703,502.4469,1042.391
-304579.6055,-261977.5469,42602.0586,512.1133,998.836
-304908.3033,-262014.6978,42893.6055,485.4323,985.2267
-304738.0905,-261977.239,42760.8516,502.3659,1043.4647
-304576.5062,-261994.0609,42582.4453,464.1916,1059.1383
-304664.0452,-261878.7522,42785.293,503.378,1022.1206
-304710.3999,-262032.8726,42677.5273,506.7233,1060.949
-304799.2207,-261964.6035,42834.6172,509.3801,1036.3572
-304658.8319,-261917.5819,42741.25,502.1897,1040.3825
-304740.8955,-261951.6846,42789.2109,488.547,1040.6666
-304592.0038,-261982.8905,42609.1133,509.1057,1023.2271
-304708.2423,-261973.1407,42735.1016,509.1103,1032.7619
-304790.9657,-262009.5595,42781.4062,500.4242,1057.6788
-304322.884,-261963.5754,42359.3086,498.925,1069.616
-304585.0959,-261890.8264,42694.2695,511.4888,1049.9681
-304767.2278,-261928.2512,42838.9766,498.1598,1044.9632
-304451.3449,-261870.0051,42581.3398,496.5714,1031.2032
-304550.6079,-261994.1548,42556.4531,504.8572,1009.8766
-304781.1756,-261951.9881,42829.1875,484.8316,1015.0534
-304766.38,-261899.1925,42867.1875,506.1806,1053.5291
-304680.5621,-262016.0816,42664.4805,490.4747,1027.5943
-304712.0898,-261979.1484,42732.9414,492.8958,1062.1262
-304691.7743,-261960.8993,42730.875,495.1288,1053.1916
-304937.538,-262004.0965,42933.4414,495.0701,1079.5855
-304597.7009,-261950.3415,42647.3594,527.0965,1010.8336
-304922.4176,-262010.5739,42911.8438,503.952,1036.9386
-304398.3795,-261957.3678,42441.0117,526.9538,1034.7754
-304569.9401,-261967.8151,42602.125,499.2808,1039.5137
-304442.2221,-261917.1323,42525.0898,518.62,1026.8248
-304489.965,-261966.8127,42523.1523,519.5934,1039.5452
-304716.4388,-261975.6067,42740.832,491.475,1026.0453
-304528.1108,-261814.4584,42713.6523,494.6876,1070.7081
-304571.5841,-261803.1115,42768.4727,497.3598,971.707
-304785.4264,-261906.3249,42879.1016,517.2301,1025.4588
-304692.4398,-261886.4359,42806.0039,491.43,1044.0092
-304678.2961,-261927.8547,42750.4414,514.3167,1048.4369
-304702.8763,-262002.5521,42700.3242,509.096,1034.7261
-304430.6302,-261986.5287,42444.1016,502.5329,1050.0242
-304867.3255,-261971.6028,42895.7227,521.4218,998.5245
-304787.8367,-261917.7156,42870.1211,512.7125,1050.9959
-304556.5031,-261900.5343,42655.9688,523.3395,1053.9579
-304645.2774,-261873.211,42772.0664,507.4884,1004.9518
-304818.4198,-261876.0878,42942.332,487.7346,1044.6607
-304634.5531,-262019.4828,42615.0703,497.0,1025.1851
-304501.7755,-261872.5997,42629.1758,471.1833,1047.7788
-304575.7537,-261996.2381,42579.5156,522.1758,1006.0525
-304529.351,-261930.3666,42598.9844,487.7634,1048.683
-304679.3967,-261924.5061,42754.8906,483.6263,1042.633
-304926.4809,-262050.5864,42875.8945,451.3628,1043.2908
-304605.7947,-262008.4158,42597.3789,521.9296,1042.3693
-304702.4926,-261833.0551,42869.4375,485.9792,1029.7003
-304378.4592,-261904.8459,42473.6133,543.1794,1056.1007
-304784.2732,-262056.2653,42728.0078,519.1753,1016.9728
-304683.4531,-261886.3515,42797.1016,497.5859,980.6936
-304668.3914,-261996.8797,42671.5117,521.0368,1028.6575
-304664.5994,-261987.5994,42677.0,527.7224,1094.3122
-304606.6703,-262010.5297,42596.1406,485.9735,1057.07
-304719.3821,-261982.3118,42737.0703,492.9367,1059.0435
-304652.9974,-261904.6067,42748.3906,504.4028,1045.8881
-304409.6625,-261852.8383,42556.8242,490.6464,1003.3934
-304664.7636,-261982.9628,42681.8008,525.279,1082.099
-304898.0259,-262065.6119,42832.4141,500.5407,1012.6759
-304555.5891,-261961.8586,42593.7305,514.6088,1030.3489
-304738.8606,-261980.0715,42758.7891,522.3248,1039.7691
-304503.6173,-261930.9259,42572.6914,513.1132,1028.4547
-304376.0769,-262019.0691,42357.0078,503.2391,1050.5346
-304654.6143,-261967.9815,42686.6328,496.7673,1050.8445
-304907.6366,-262101.742,42805.8945,506.4451,1029.5072
-304677.6869,-262021.1752,42656.5117,503.4009,1008.0184
-304745.5254,-261927.041,42818.4844,498.0211,1041.915
-304530.279,-261938.3649,42591.9141,468.0805,1048.6855
-304848.1128,-261968.355,42879.7578,530.068,1047.7568
-304836.7211,-262094.8696,42741.8516,530.205,1064.8368
-304776.533,-261988.8651,42787.668,484.05,1038.0364
-304752.4698,-261961.2862,42791.1836,456.3528,1027.5993
-304487.1173,-261944.6915,42542.4258,494.7105,1030.2309
-304457.5961,-261804.1703,42653.4258,543.9572,1026.9143
-304590.2425,-261930.6839,42659.5586,500.2403,1037.1931
-304645.5422,-261900.0618,42745.4805,505.3002,1053.6212
-304596.172,-261867.6134,42728.5586,504.4734,1018.23
-304555.2015,-261882.7327,42672.4688,484.3673,1005.6993
-304711.1862,-261845.0768,42866.1094,503.0054,1055.6753
-304740.6248,-261945.9217,42794.7031,523.693,1064.2078
-304539.0756,-261864.8881,42674.1875,505.9,1006.6326
-304533.3442,-261924.5629,42608.7812,499.6081,1060.9124
-304670.1016,-261976.3321,42693.7695,502.3937,1008.1126
-304665.2719,-261959.7758,42705.4961,479.1021,1010.1208
-304795.6153,-262034.3106,42761.3047,458.4402,1041.7577
-304810.645,-262071.1137,42739.5312,471.5629,1042.8864
-304640.1701,-261967.5373,42672.6328,482.9062,1009.7256
-304624.7265,-262012.3085,42612.418,499.1873,1039.5944
-304546.4736,-261929.9892,42616.4844,483.2567,1041.8091
-304522.6392,-261938.0885,42584.5508,515.5951,1012.5786
-304692.5218,-261999.4554,42693.0664,508.5061,1042.8373
-304590.1412,-261913.9303,42676.2109,521.7051,1026.0018
-304646.8337,-261949.5407,42697.293,501.5968,1042.5986
-304514.985,-262013.3248,42501.6602,541.4301,1037.1092
-304800.4664,-262023.7437,42776.7227,498.304,1000.1406
-304766.3819,-261923.0889,42843.293,469.9337,1070.5133
-304759.9834,-261892.4248,42867.5586,474.5864,1013.7393
-304862.0925,-262028.9324,42833.1602,496.377,1063.1575
-304675.3092,-261979.7193,42695.5898,489.3753,1038.513
-304593.3354,-261979.9135,42613.4219,495.0768,1055.103
-304419.3896,-261827.7568,42591.6328,505.1948,1033.9256
-304653.2047,-261935.3532,42717.8516,498.83,1080.8104
-304563.5423,-262028.6322,42534.9102,517.3504,1067.1895
-304611.7617,-261920.0273,42691.7344,501.5841,1042.4633
-304885.7347,-262140.9027,42744.832,486.2682,1087.5674
-304384.7478,-261948.279,42436.4688,497.4578,1065.9491
-304583.5698,-262062.2612,42521.3086,484.4703,1003.8758
-304782.4135,-261900.9017,42881.5117,491.2884,1066.9474
-304649.8977,-262028.7415,42621.1562,453.9005,1083.8111
-304620.6444,-261908.6912,42711.9531,467.7597,1038.9021
-304579.9135,-261970.4955,42609.418,525.1293,1000.3859
-304951.7255,-261986.1396,42965.5859,511.1727,1058.7645
-304836.9028,-262096.3872,42740.5156,507.3248,1052.2969
-304831.4874,-261984.8077,42846.6797,513.7252,1046.0194
-304625.687,-261988.4683,42637.2188,501.751,1019.2073
-304468.4074,-261883.7355,42584.6719,481.2147,1053.3418
-304778.4548,-262029.4587,42748.9961,494.0221,1046.2214
-304988.2495,-261996.8706,42991.3789,506.6574,1038.8997
-304527.1042,-261979.655,42547.4492,495.8773,1108.0627
-304798.5398,-262052.6609,42745.8789,509.2783,1023.9491
-304545.9872,-262006.1395,42539.8477,505.8977,1024.2982
-304662.495,-261956.1161,42706.3789,493.0028,1063.0188
-304501.1779,-262040.342,42460.8359,479.3703,1075.6071
-304847.4998,-261970.6755,42876.8242,486.5002,1028.5118
-304466.3166,-262017.0549,42449.2617,491.0343,1043.4748
-304631.072,-261954.9939,42676.0781,495.9286,1039.5425
-304644.6241,-261951.3273,42693.2969,498.6401,1049.0592
-305014.0432,-262002.6838,43011.3594,501.2315,1043.5805
-304743.4027,-261928.4692,42814.9336,518.7292,1085.0105
-304480.2645,-261919.7216,42560.543,514.0073,1046.734
-304698.0156,-261863.6406,42834.375,512.629,995.5577
-304579.5784,-261932.676,42646.9023,513.9132,1046.031
-304458.0037,-261866.4451,42591.5586,505.7246,1059.5852
-304794.7994,-261922.3111,42872.4883,516.1425,1066.2616
-304754.4601,-261973.3039,42781.1562,481.8133,1050.0656
-304773.843,-262071.554,42702.2891,520.2992,1044.7309
-304682.6183,-262031.8605,42650.7578,470.4404,1095.9516
-304722.2988,-261909.9512,42812.3477,530.2427,1026.6825
-304591.0713,-261965.0479,42626.0234,481.0924,1060.0092
-304747.4097,-261953.5151,42793.8945,497.0568,1069.1018
-304753.0422,-261986.8117,42766.2305,555.2875,1005.0175
-304600.6066,-261984.1651,42616.4414,538.0105,1039.7067
-304793.9372,-262057.3629,42736.5742,531.3593,1035.6248
-304712.203,-261994.4218,42717.7812,483.307,1046.971
-304585.0524,-261913.0055,42672.0469,498.5206,985.7024
-304868.0102,-261984.0883,42883.9219,501.2748,1035.2077
-304767.4468,-262011.0484,42756.3984,516.0543,1055.0827
-304782.2759,-261984.5102,42797.7656,480.9137,1058.5077
-304653.7608,-261924.3037,42729.457,499.9384,1053.8604
-304781.4865,-261925.5568,42855.9297,505.2605,1063.1291
-304502.2253,-261853.0261,42649.1992,466.5835,1025.1681
-304618.9451,-261877.6873,42741.2578,511.5235,1057.8322
-304673.3753,-261998.8831,42674.4922,478.9854,1027.4614
-304722.7186,-262000.7615,42721.957,491.6602,1019.8994
-304810.3509,-261947.7689,42862.582,510.8648,1047.7621
-304813.3848,-261918.5528,42894.832,474.5407,1087.9964
-304740.4295,-261951.4646,42788.9648,504.9249,1072.0715
-304830.0447,-262093.4432,42736.6016,542.6148,1026.6633
-304846.7337,-262026.3079,42820.4258,514.6647,1055.9188
-304432.6083,-261986.1708,42446.4375,508.8711,1009.3006
-304860.0736,-262030.2259,42829.8477,524.0421,1029.7587
-304656.2944,-262092.9077,42563.3867,504.2734,1034.074
-304762.0282,-262013.2664,42748.7617,500.9524,1026.4328
-304778.7583,-261948.5395,42830.2188,490.148,1018.1548
-304651.6207,-262018.3707,42633.25,527.7966,1005.8407
-304449.8354,-261851.1088,42598.7266,481.9645,1084.0854
-304513.6577,-261927.8843,42585.7734,494.7787,1041.3183
-304917.6365,-261996.3709,42921.2656,491.2233,995.3845
-304543.6952,-261944.6288,42599.0664,478.5459,1057.3906
-304715.6671,-262025.171,42690.4961,493.7152,1077.2437
-304529.4199,-261932.6191,42596.8008,487.88,1046.9448
-304789.1808,-262019.9816,42769.1992,479.8815,1054.4079
-304656.3873,-261923.4146,42732.9727,477.1664,1062.3955
-304980.2395,-262015.6809,42964.5586,498.0756,1074.9299
-304891.4153,-261956.5988,42934.8164,483.0566,1083.4535
-304442.8578,-261895.6313,42547.2266,485.8086,1036.7058
-304473.9067,-261868.1411,42605.7656,487.7297,1010.3845
-304875.7036,-261998.3833,42877.3203,509.3447,1013.5405
-304875.7073,-261959.9495,42915.7578,492.1225,1067.5559
-304655.8363,-261916.5628,42739.2734,542.4938,1058.2598
-304498.9666,-261838.287,42660.6797,511.1428,1021.4646
-304840.8259,-261963.2673,42877.5586,477.3762,1036.3592
-304594.29,-261866.2588,42728.0312,507.8892,1043.931
-304814.3928,-261989.2131,42825.1797,498.4565,1058.4717
-304597.5174,-261907.5135,42690.0039,499.0302,1073.0293
-304634.6415,-261891.3485,42743.293,537.4255,1049.2224
-304633.0516,-261972.9813,42660.0703,507.2034,991.6866
-304528.998,-262003.9863,42525.0117,480.096,1047.7962
-304721.3742,-261923.6867,42797.6875,500.3286,1093.21
-304925.9285,-262114.6668,42811.2617,517.7486,1055.3859
-304582.5786,-261987.2154,42595.3633,479.1695,1031.5611
-304640.1739,-261974.584,42665.5898,478.0574,1011.7457
-304429.0032,-262039.5344,42389.4688,516.9144,1028.1068
-304814.4637,-261983.5067,42830.957,498.5588,1004.1082
-304486.5452,-261972.2483,42514.2969,475.0593,1032.7619
-304687.2834,-262046.3849,42640.8984,482.0533,966.3674
-304489.4889,-261904.5631,42584.9258,493.2976,1010.9195
-304633.5479,-262046.8136,42586.7344,532.2068,1037.4701
-304484.2795,-261924.3186,42559.9609,462.7156,998.3409
-304675.2755,-261934.1701,42741.1055,506.4121,1072.0269
-304675.9182,-262004.1486,42671.7695,512.8814,1043.244
-304666.1806,-262003.8681,42662.3125,531.8296,1036.1725
-304569.294,-261983.7237,42585.5703,517.9627,1018.6639
-304730.0039,-261918.6406,42811.3633,468.329,1032.4739
-304807.1959,-261982.7311,42824.4648,471.2497,1035.6792
-304852.5348,-262010.4762,42842.0586,497.6724,994.1561
-304729.4223,-262031.184,42698.2383,500.2736,1048.9551
-304688.4117,-262070.357,42618.0547,500.7492,1024.9624
-304661.358,-261924.9166,42736.4414,508.0018,1017.4903
-304649.601,-262051.7064,42597.8945,517.7888,1047.3026
-304566.0771,-261981.1201,42584.957,528.7196,1084.7458
-304641.5225,-261992.1827,42649.3398,462.8436,1071.5255
-304728.1798,-261970.043,42758.1367,486.647,1009.4914
-304779.6875,-262064.4648,42715.2227,495.6975,1061.8552
-304472.9799,-262019.4331,42453.5469,496.1408,1066.3504
-304845.3677,-262002.7583,42842.6094,473.5152,999.9402
-304682.1692,-261973.3723,42708.7969,476.5531,1051.3366
-304822.1468,-261973.6311,42848.5156,533.092,1037.8229
-304697.0663,-261907.7225,42789.3438,498.8972,1043.0288
-304775.3913,-261956.8718,42818.5195,498.0942,1068.4101
-304874.9097,-262003.4526,42871.457,506.5279,1007.4928
-304890.928,-261950.8264,42940.1016,474.3586,1048.8168
-304582.702,-262006.2606,42576.4414,458.3758,1099.5599
-304747.9684,-262011.0504,42736.918,485.7018,1028.5433
-304548.3485,-261978.4657,42569.8828,520.4508,1027.3444
-304599.1352,-261989.3813,42609.7539,498.5094,1047.2814
-304574.1354,-261988.6237,42585.5117,504.3217,1040.0166
-304787.6918,-262040.7894,42746.9023,513.4346,1018.132
-304547.372,-261896.5048,42650.8672,496.9764,1035.6756
-304710.3749,-261870.2812,42840.0938,493.6298,1085.1038
-304797.4008,-261941.518,42855.8828,491.0078,1049.5088
-304893.462,-261953.8995,42939.5625,483.1224,1030.8654
-304756.0816,-261976.9449,42779.1367,500.4467,1011.9273
-304699.9505,-261946.9934,42752.957,535.8931,1026.6368
-304510.8331,-261902.1886,42608.6445,512.1641,1046.8889
-304614.1289,-261972.1875,42641.9414,504.9448,1050.6597
-304736.5296,-261853.4437,42883.0859,510.9483,1067.744
-304859.239,-262037.6297,42821.6094,504.8669,1018.0284
-304422.8785,-261866.691,42556.1875,513.7042,1033.0418
-304612.2791,-261952.1697,42660.1094,497.4945,1023.7859
-304400.4285,-261835.9324,42564.4961,473.3172,1021.7343
-304573.014,-261910.8343,42662.1797,492.9294,1040.8238
-304788.0548,-261928.7814,42859.2734,509.47,1022.6887
-304600.1877,-261963.0315,42637.1562,466.6649,1029.182
-304729.5155,-261944.8671,42784.6484,507.8088,1053.78
-304532.6018,-261885.2151,42647.3867,492.7073,1043.8575
-304793.086,-262022.832,42770.2539,481.7043,1058.6431
-304467.967,-261872.4396,42595.5273,485.3296,1061.3783
-304397.1764,-261853.2311,42543.9453,493.9961,1040.3365
-304733.0071,-261982.0149,42750.9922,499.2321,994.4256
-304569.6358,-261969.9288,42599.707,483.7582,1035.8727
-304516.7674,-261892.2088,42624.5586,496.9708,1006.8678
-304708.7715,-261969.3575,42739.4141,498.4297,1045.5743
-304888.9745,-261972.3143,42916.6602,491.5501,1019.3131
-304641.937,-261975.3589,42666.5781,509.1991,1090.3062
-304760.9702,-262064.7866,42696.1836,494.508,1041.3388
-304766.6702,-261988.4749,42778.1953,512.228,1026.9672
-304798.543,-261931.9883,42866.5547,488.7607,1059.5588
-304710.2216,-261908.9364,42801.2852,531.2026,1049.5749
-304869.6613,-262000.5285,42869.1328,479.1327,995.9179
-304779.0086,-261998.4656,42780.543,511.9314,1084.9606
-304621.7387,-261961.4145,42660.3242,501.2793,1057.2153
-304733.1448,-261990.8987,42742.2461,486.2235,1041.8926
-304646.7872,-261960.252,42686.5352,482.3884,1022.8555
-304526.3417,-261888.5487,42637.793,482.741,976.6013
-304946.7359,-261992.4156,42954.3203,510.6729,1015.2383
-304369.5297,-261783.393,42586.1367,486.1894,976.9325
-304596.8388,-261945.6786,42651.1602,499.2963,1035.7394
-304699.7448,-262035.448,42664.2969,475.9297,1060.8654
-304526.235,-261940.5671,42585.668,497.2683,1066.4493
-304895.884,-262046.8997,42848.9844,502.2568,1002.0445
-304722.7354,-261987.7783,42734.957,507.0953,1037.8417
-304912.2291,-262061.2486,42850.9805,491.7597,1024.2894
-304597.7628,-261923.1144,42674.6484,467.7804,1033.4208
-304549.5416,-261971.2955,42578.2461,535.1029,1049.9813
-304676.4926,-261914.7856,42761.707,521.7358,1037.5491
-304506.3172,-261889.4461,42616.8711,474.1669,1020.4713
-304477.3175,-261986.0753,42491.2422,497.5249,1082.6146
-304310.8325,-261776.0982,42534.7344,521.0465,1030.6025
-304869.6565,-261974.7073,42894.9492,511.8972,1041.1998
-304611.8859,-261948.9211,42662.9648,495.561,1077.4697
-304714.8925,-261986.2401,42728.6523,511.373,1042.882
-304560.7205,-261992.5565,42568.1641,525.5256,1028.0203
-304798.4408,-261996.0189,42802.4219,487.127,1029.0877
-304608.921,-261944.0616,42664.8594,485.4778,1059.432
-304617.6277,-261917.0027,42700.625,490.4177,1046.7606
-304658.2287,-261928.2756,42729.9531,536.6786,1057.4732
-304810.8162,-262045.7811,42765.0352,491.0762,1058.5055
-304703.3762,-262015.0051,42688.3711,509.0121,1036.0099
-304780.1637,-261918.0036,42862.1602,511.4107,1036.8177
-304701.0627,-261980.0315,42721.0312,504.0457,1033.8052
-304797.3961,-261940.6109,42856.7852,483.8071,1024.0797
-304691.5764,-261934.9905,42756.5859,492.9785,1036.7491
-304392.4933,-261976.5245,42415.9688,512.5879,1064.1557
-304587.3866,-261997.7498,42589.6367,549.1289,1095.608
-304665.1696,-261942.1149,42723.0547,513.7133,1055.5856
-304731.7115,-262005.5513,42726.1602,500.9682,1059.0864
-304579.8963,-261856.5096,42723.3867,489.633,1088.2687
-304740.6306,-261990.5486,42750.082,521.9655,1018.4431
-304901.0239,-261999.6059,42901.418,477.0716,1041.7649
-304766.5415,-262071.4517,42695.0898,528.0892,1048.8672
-304846.1296,-261965.0632,42881.0664,516.3145,1009.2699
-304726.4354,-262067.0369,42659.3984,504.8553,1034.9745
-304314.4455,-261872.3518,42442.0938,530.5812,1041.1758
-304544.3457,-261946.0762,42598.2695,503.3307,1076.3799
-304645.8815,-261919.6588,42726.2227,515.0182,1051.5891
-304698.2137,-261994.0809,42704.1328,477.892,1036.0704
-304631.7787,-261947.4388,42684.3398,516.3856,1025.7381
-304579.8997,-261957.263,42622.6367,497.5228,1054.1211
-304711.186,-262052.6938,42658.4922,516.0491,1031.4601
-304409.3817,-261915.5614,42493.8203,510.3976,1062.2076
-304849.816,-261989.3082,42860.5078,492.1604,1058.8743
-304545.5467,-261913.074,42632.4727,490.475,1022.6533
-304660.637,-261966.3596,42694.2773,511.2042,1069.7709
-304815.7528,-262087.2294,42728.5234,497.675,1038.0179
-304589.8332,-262052.6731,42537.1602,502.7223,1048.2645
-304568.2067,-261907.359,42660.8477,512.0947,1053.8886
-304783.1548,-261990.9438,42792.2109,499.1007,1055.1698
-304440.2655,-261906.8163,42533.4492,471.4044,1035.9556
-304276.0039,-261949.2734,42326.7305,525.1213,1001.5419
-304377.341,-261896.7941,42480.5469,549.9971,1025.0922
-304506.6513,-261898.245,42608.4062,481.6017,1053.2288
-304344.3853,-261906.4751,42437.9102,496.6752,1030.3425
-304639.1408,-261869.4064,42769.7344,510.5919,1051.5412
-304904.9323,-262023.1823,42881.75,473.0651,1029.2796
-304585.7878,-262028.0652,42557.7227,529.1388,1052.9848
-304693.3127,-261938.9143,42754.3984,497.9426,1055.5565
-304388.0793,-261834.0872,42553.9922,506.2805,1074.555
-304574.259,-261920.7317,42653.5273,484.0748,1040.4363
-304832.5553,-261961.2819,42871.2734,508.6791,1048.7168
-304716.5386,-262014.2066,42702.332,496.6466,1014.3977
-304447.2321,-261908.068,42539.1641,514.5566,1088.5038
-304424.5163,-261930.5359,42493.9805,504.1839,1036.4811
-304775.286,-261988.5009,42786.7852,522.8604,1025.5463
-304438.5257,-261923.3655,42515.1602,520.4888,1041.3486
-304453.9437,-261985.7406,42468.2031,498.9713,986.9212
-304475.8484,-261981.0164,42494.832,505.5149,1038.4302
-304564.6843,-261929.0632,42635.6211,499.8575,1025.7164
-304993.8384,-261930.2095,43063.6289,498.445,1060.7791
-304678.1483,-261882.8358,42795.3125,531.2039,1051.0031
-304507.6211,-261960.8203,42546.8008,473.9131,1032.2194
-304541.6632,-261974.4054,42567.2578,494.4659,1063.3302
-304754.5001,-262032.0079,42722.4922,511.4074,1031.6468
-304437.0985,-261934.9696,42502.1289,519.5244,1057.8412
-304727.8331,-262040.5206,42687.3125,462.042,1037.7468
-304505.9694,-261893.4264,42612.543,458.5217,1041.0893
-304709.5181,-261938.0728,42771.4453,515.6761,1040.7899
-304659.7914,-261970.1117,42689.6797,506.3843,1061.8854
-304860.4699,-261975.552,42884.918,480.5369,1033.2189
-304743.1965,-261883.3175,42859.8789,506.6968,1026.7863
-304308.4834,-261848.9951,42459.4883,505.7735,1073.5938
-304668.5987,-261988.1807,42680.418,468.8756,1048.1272
-304640.5174,-262018.0291,42622.4883,486.2424,1026.8817
-304565.3922,-261919.2125,42646.1797,516.3961,1025.5238
-304726.2979,-261960.0362,42766.2617,500.8548,1055.8616
-304761.0375,-261937.6938,42823.3438,482.2145,1034.5933
-304877.5485,-262006.861,42870.6875,521.4134,1041.9045
-304928.2749,-262042.3921,42885.8828,509.0474,1033.1736
-304660.9637,-261860.2371,42800.7266,479.4141,1015.3315
-304496.6962,-262038.7431,42457.9531,493.169,1055.6645
-304921.6751,-261943.5657,42978.1094,503.1472,1046.8538
-304505.6575,-261976.5989,42529.0586,519.9582,1052.3453
-304705.8428,-262068.7178,42637.125,499.8543,1042.9819
-304724.7248,-261929.342,42795.3828,496.3218,1040.0689
-304411.9622,-261898.7044,42513.2578,495.2696,1010.1282
-304531.677,-261933.8645,42597.8125,499.9154,990.3417
-304683.2492,-262008.7922,42674.457,491.6775,1045.4864
-304525.8508,-261849.7805,42676.0703,534.8149,1009.6886
-304433.2525,-261891.8697,42541.3828,488.0849,1053.6157
-304486.9413,-261905.957,42580.9844,509.9065,1064.6101
-304577.171,-261875.0968,42702.0742,491.2286,1072.6027
-304880.821,-261927.3366,42953.4844,485.8666,998.671
-304451.42,-261939.7677,42511.6523,507.7623,1001.5178
-304788.4675,-261923.2917,42865.1758,500.6512,1047.8616
-304616.7648,-262040.6047,42576.1602,511.4774,1054.2781
-304667.4584,-262058.2982,42609.1602,488.3,1035.4218
-304533.6271,-261915.299,42618.3281,481.3459,1097.2955
-304528.6546,-261911.1195,42617.5352,526.5607,1024.4728
-304639.4129,-261972.9949,42666.418,500.304,1031.3341
-304654.4539,-261939.8054,42714.6484,502.5828,1028.748
-304717.1887,-262044.6887,42672.5,516.2497,1069.3698
-304737.843,-262029.675,42708.168,508.4467,1027.0592
-304633.7504,-262005.5746,42628.1758,524.8681,1023.1719
-304856.1834,-261921.5349,42934.6484,506.4827,1012.8414
-304816.0842,-261992.7678,42823.3164,537.9722,1056.806
-304797.3716,-261944.9341,42852.4375,493.8093,1033.9635
-304779.2049,-262026.0369,42753.168,522.3321,1075.7474
-304603.8741,-261947.964,42655.9102,531.061,1001.1016
-304663.3376,-261939.404,42723.9336,476.9558,1027.3542
-304507.4426,-261968.8254,42538.6172,500.6289,1060.5597
-304678.3602,-262026.4305,42651.9297,510.4388,1056.0211
-304522.0041,-261886.0783,42635.9258,505.8408,1043.9159
-304771.2389,-261996.6608,42774.5781,510.7182,1016.6173
-304836.7238,-261984.4894,42852.2344,532.4575,1019.8999
-304704.1643,-261921.887,42782.2773,499.1907,1000.2222
-304663.6025,-262017.9853,42645.6172,503.2563,1061.6367
-304669.2804,-262084.5656,42584.7148,509.6207,1033.8059
-304653.2028,-261930.4372,42722.7656,501.504,1055.0656
-304681.464,-261958.128,42723.3359,478.5351,1022.0659
-304515.9298,-261846.9845,42668.9453,523.707,1017.072
-304592.8229,-262004.3112,42588.5117,476.7673,1051.008
-304687.8973,-261961.8075,42726.0898,490.5075,1054.1834
-304877.2994,-262033.694,42843.6055,483.7584,987.5325
-304777.5992,-262034.3219,42743.2773,511.2453,1031.4137
-304780.1028,-262068.9387,42711.1641,521.7452,1028.117
-304635.7187,-261870.6367,42765.082,506.5848,1017.0308
-304670.426,-262069.5354,42600.8906,502.6921,1058.2209
-304432.359,-261885.9723,42546.3867,474.1592,1098.3491
-304654.0767,-261925.4713,42728.6055,487.9311,1055.3219
-304661.444,-261988.3815,42673.0625,502.1453,1023.7993
-304738.3285,-262011.8051,42726.5234,481.7522,1026.4728
-304505.3406,-262015.036,42490.3047,502.9886,1040.9373
-304404.7998,-262045.4287,42359.3711,490.039,1056.181
-304766.1621,-262003.8926,42762.2695,502.1876,1020.5077
-304657.2859,-261965.6765,42691.6094,501.6665,1051.398
-305012.7851,-262065.3476,42947.4375,489.9433,1046.1047
-304471.438,-261967.4341,42504.0039,496.8714,1039.517
-304754.0806,-262044.3267,42709.7539,503.8487,1082.8167
-304590.9158,-261893.7791,42697.1367,517.2423,1030.9637
-304802.0819,-261995.1639,42806.918,499.0198,1015.5504
-304827.7305,-262009.8946,42817.8359,488.5323,1041.9961
-304651.2365,-261897.6974,42753.5391,504.0341,1030.938
-304647.2237,-262051.9581,42595.2656,542.9554,989.309
-304402.993,-261933.9071,42469.0859,514.5296,1064.3716
-304901.2797,-262032.2953,42868.9844,515.5996,1063.7727
-304440.5214,-261959.0917,42481.4297,510.5506,1056.4609
-304635.9217,-261896.4999,42739.4219,513.9028,1053.837
-304644.8774,-261960.4321,42684.4453,514.1738,1052.6182
-304577.2762,-261890.3973,42686.8789,504.3698,1035.8423
-304843.4328,-261993.5617,42849.8711,514.4792,1036.9449
-304759.1077,-262009.7171,42749.3906,513.7818,1052.5119
-304844.8493,-261946.3102,42898.5391,518.8799,1041.3032
-304636.3427,-261896.2528,42740.0898,491.1939,1026.373
-304661.5414,-261932.35,42729.1914,524.4057,1049.2478
-304849.9373,-262071.6483,42778.2891,512.0197,1023.6376
-304813.33,-262047.3143,42766.0156,508.0077,1032.5377
-304603.195,-261933.1559,42670.0391,496.5014,1022.0969
-304783.1351,-262110.2171,42672.918,477.5165,1077.741
-304694.66,-261989.8632,42704.7969,495.9316,1067.7713
-304467.6596,-261923.9643,42543.6953,494.7296,1072.5658
-304737.2062,-261922.4641,42814.7422,478.3502,959.0553
-304741.9639,-261922.5537,42819.4102,513.4045,1047.4892
-304595.2715,-261949.1816,42646.0898,512.0889,1039.1184
-304859.7731,-262034.1872,42825.5859,510.3035,1010.2121
-304813.7693,-262038.5037,42775.2656,485.3593,1076.0201
-304416.0915,-261962.9509,42453.1406,489.2186,1074.6222
-304734.0985,-262006.8016,42727.2969,495.6125,1065.7771
-304680.7594,-261975.1305,42705.6289,492.3985,1017.198
-304452.6636,-261927.7417,42524.9219,519.8542,1004.7016
-304753.8971,-262034.7291,42719.168,487.773,999.8605
-304509.326,-261992.1463,42517.1797,504.8524,1068.4655
-304620.2931,-261954.7267,42665.5664,516.869,980.2771
-304521.5956,-261917.7831,42603.8125,457.9874,1041.3366
-304831.024,-261948.2662,42882.7578,473.911,1016.0461
-304610.8008,-262019.8047,42590.9961,478.1791,1037.4863
-304841.632,-262047.3546,42794.2773,504.728,1013.6942
-304612.6242,-261990.7063,42621.918,480.6882,1054.026
-304878.6371,-261904.7738,42973.8633,514.7837,1038.5377
-304794.0027,-261986.2215,42807.7812,507.2975,1020.7166
-304619.2723,-261904.9129,42714.3594,487.767,1065.8687
-304622.0509,-261969.6485,42652.4023,511.9939,1037.3597
-304539.0292,-261982.1347,42556.8945,481.2104,1032.6897
-304607.777,-261947.4137,42660.3633,492.9959,1017.2143
-304790.9655,-261960.3678,42830.5977,462.8755,1042.8554
-304680.9802,-261975.5231,42705.457,488.0797,1056.6361
-304631.9011,-261864.9558,42766.9453,506.2046,1038.5275
-304802.1538,-262023.1733,42778.9805,524.6279,1015.189
-304772.2177,-262044.995,42727.2227,536.6961,1060.7839
-304766.6654,-261939.8373,42826.8281,496.0818,1021.1379
-304635.0832,-261974.0363,42661.0469,509.6045,1024.1263
-304684.0948,-261912.7511,42771.3438,507.9622,1074.3616
-304814.4057,-261986.7416,42827.6641,539.2155,1083.9238
-304710.4104,-262011.43,42698.9805,531.5132,1079.6269
-304499.9878,-261888.4644,42611.5234,525.8796,1078.4439
-304533.5567,-261882.6074,42650.9492,531.7032,1039.0812
-304567.5037,-261904.2146,42663.2891,508.6046,1020.7693
-304876.688,-261958.5005,42918.1875,523.9413,1084.5189
-304481.0936,-261872.6171,42608.4766,520.7957,1074.1413
-304818.3319,-261912.3319,42906.0,493.3725,1055.5127
-304842.4057,-262022.39,42820.0156,487.5983,1049.9153
-304570.4896,-262016.1927,42554.2969,511.8845,1016.7043
-304514.7433,-261933.5793,42581.1641,496.1213,1059.1278
-304663.3178,-261911.8607,42751.457,494.5851,1013.6109
-304742.8731,-261979.8341,42763.0391,506.3271,1052.4308
-304869.3079,-261929.4798,42939.8281,495.7244,1030.7334
-304439.5629,-261895.7465,42543.8164,482.933,1043.1989
-304693.0654,-262014.2451,42678.8203,502.4421,1031.3874
-304793.318,-261967.8258,42825.4922,472.2583,1017.9057
-304627.1475,-262000.1748,42626.9727,499.4256,1098.0321
-304574.2131,-261913.8849,42660.3281,502.9483,1034.557
-304684.5598,-261938.6027,42745.957,500.1788,1063.1108
-304862.3907,-261967.2852,42895.1055,527.2952,1027.6437
-304545.4004,-261905.6308,42639.7695,528.2678,1054.4274
-304591.2226,-261971.1288,42620.0938,514.1612,1017.3864
-304632.1384,-261850.5993,42781.5391,501.7637,1045.1662
-304519.5972,-261863.7144,42655.8828,523.5416,1030.7634
-304576.5021,-261997.7716,42578.7305,486.4936,1069.1205
-304654.0683,-261885.2285,42768.8398,479.042,1034.161
-304741.581,-261969.374,42772.207,513.2056,1056.4985
-304486.339,-261905.339,42581.0,501.8371,1047.1991
-304926.8912,-261983.9771,42942.9141,539.0656,1015.7765
-304818.4272,-262002.3218,42816.1055,535.8743,1073.5833
-304795.7523,-262001.5648,42794.1875,519.7161,1063.4576
-304498.2121,-261950.9425,42547.2695,528.2481,1053.2608
-304640.3795,-261885.6764,42754.7031,495.8769,1071.7136
-304556.5606,-261906.8887,42649.6719,519.06,1029.8785
-304673.2594,-261935.1851,42738.0742,484.8705,1020.3896
-304621.7121,-261949.8449,42671.8672,522.4417,1035.9666
-304801.4138,-261890.3435,42911.0703,504.5896,1053.6965
-304860.0003,-262044.9378,42815.0625,502.0073,1028.5842
-304576.8285,-261934.4652,42642.3633,474.5724,1049.373
-304630.2747,-261936.5599,42693.7148,527.0712,1003.1655
-304502.5038,-261850.1757,42652.3281,480.6075,1038.8568
-304697.5033,-261879.1361,42818.3672,497.6352,1026.0761
-304823.8717,-262023.7154,42800.1562,513.9876,1046.4776
-304699.3179,-261937.6147,42761.7031,498.8584,1025.6038
-304838.3721,-261985.169,42853.2031,505.0484,1025.1199
-304739.7633,-261913.6578,42826.1055,528.6657,1034.2538
-304516.8243,-261918.2774,42598.5469,514.3474,1101.8646
-304676.3833,-262008.5786,42667.8047,486.3389,1039.3236
-304727.2738,-262041.1957,42686.0781,514.4191,1098.534
-304842.2805,-261988.7337,42853.5469,510.9417,1022.2871
-304713.7558,-261990.7636,42722.9922,512.9725,1002.1043
-304641.9505,-261899.0521,42742.8984,503.9721,1087.0018
-304568.2327,-261986.2171,42582.0156,512.9551,1058.4697
-304615.8277,-261906.1441,42709.6836,531.1873,1087.9434
-304578.7674,-261956.9041,42621.8633,504.0982,1070.6764
-304654.221,-261877.6858,42776.5352,484.943,1006.3544
-304810.6747,-261951.1435,42859.5312,493.028,1011.8004
-304717.5791,-261966.4306,42751.1484,498.8939,1013.3239
-304778.1782,-261912.1743,42866.0039,526.4784,1026.7733
-304512.9105,-261899.3675,42613.543,478.145,1064.2379
-304643.3016,-262044.0946,42599.207,504.5241,1044.6152
-304673.7365,-261912.0451,42761.6914,493.2662,1050.6585
-304577.909,-261939.2644,42638.6445,532.3401,1048.3029
-304898.2447,-262041.0924,42857.1523,486.1746,1057.2508
-304690.6918,-261909.9848,42780.707,518.0903,1069.3572
-304908.51,-261985.5647,42922.9453,496.8451,1015.0052
-304713.7118,-261958.1454,42755.5664,500.2881,1081.8862
-304995.1037,-262126.6232,42868.4805,518.5383,1012.8255
-304853.9236,-262015.6346,42838.2891,494.3189,1048.252
-304762.1658,-261977.1658,42785.0,510.3446,1029.1617
-304691.0333,-261890.6153,42800.418,478.0766,1023.2872
-304527.086,-261922.0392,42605.0469,494.1469,1061.8299
-304758.1656,-261904.7164,42853.4492,494.5856,977.1479
-304742.6768,-261925.3213,42817.3555,495.5065,1062.1081
-304710.691,-261965.9019,42744.7891,477.6187,1004.3841
-304469.8512,-261951.816,42518.0352,511.4512,1040.1897
-304658.9835,-262022.4288,42636.5547,516.6191,1055.6117
-304828.3545,-262043.8232,42784.5312,503.502,1071.437
-304541.1618,-261861.3181,42679.8438,500.6437,1027.2598
-304665.9426,-261939.0949,42726.8477,491.9761,1036.2096
-304871.1005,-262004.8076,42866.293,524.5123,988.3492
-304774.7564,-261963.7525,42811.0039,483.2703,1061.5079
-304483.7931,-261956.6955,42527.0977,500.3966,1066.4038
-304490.3987,-261958.7112,42531.6875,492.3949,1053.4278
-304694.8824,-261977.1832,42717.6992,515.0258,992.7322
-304496.9729,-261986.6877,42510.2852,503.1523,1028.1066
-304746.8242,-261950.2852,42796.5391,465.5246,1025.1511
-304486.2724,-261889.374,42596.8984,465.5421,967.4259
-304671.6631,-261996.374,42675.2891,497.3743,1029.9408
-304961.273,-262050.7926,42910.4805,528.0546,1054.4527
-304697.411,-261928.911,42768.5,506.8541,1033.0867
-304936.031,-261922.7146,43013.3164,539.6236,1012.1956
-304612.7152,-261926.7503,42685.9648,499.2432,1068.3647
-304507.185,-261993.5092,42513.6758,520.4186,1019.8129
-304723.3653,-261999.9356,42723.4297,487.2598,1057.3844
-304826.4485,-262003.5032,42822.9453,483.9881,1036.005
-304595.7307,-261880.2659,42715.4648,507.0167,1055.923
-304453.3576,-261899.1858,42554.1719,493.4125,1027.9502
-304648.8681,-261897.1572,42751.7109,471.7847,1041.0461
-304665.7886,-261912.6636,42753.125,524.8367,1047.3284
-304640.4784,-261909.3378,42731.1406,507.0305,1074.0166
-304437.9061,-261911.3397,42526.5664,484.1848,1050.883
-304760.0209,-261943.9428,42816.0781,472.992,986.7992
-304602.6361,-261942.7416,42659.8945,531.1797,1117.9859
-304687.8801,-261936.0755,42751.8047,506.699,1059.4961
-304630.1853,-261984.0876,42646.0977,523.5077,1078.6688
-304554.0384,-261866.8587,42687.1797,508.1227,1018.9931
-304635.861,-261891.9196,42743.9414,503.524,1045.3153
-304505.687,-261855.9214,42649.7656,466.0314,1029.4468
-304612.9453,-261908.3594,42704.5859,494.8015,1038.7001
-304534.9751,-261870.2642,42664.7109,504.1375,1031.4507
-304691.4145,-261938.9692,42752.4453,506.2561,1086.2316
-304886.2484,-261914.8226,42971.4258,464.7474,1017.3855
-304619.4357,-261909.9122,42709.5234,520.8448,1066.897
-304495.481,-261871.4068,42624.0742,535.1473,1046.7552
-304522.2703,-261918.071,42604.1992,473.6943,1028.217
-304690.9062,-261952.4609,42738.4453,504.9959,967.4256
-304751.8252,-261975.1221,42776.7031,479.0879,1036.0964
-304455.3255,-261853.3997,42601.9258,495.1117,1052.0523
-305002.3897,-261949.1631,43053.2266,498.9213,1022.318
-304719.8761,-261974.9386,42744.9375,508.1887,1057.8621
-304628.673,-261873.8058,42754.8672,481.3326,1010.3483
-304934.6361,-262026.5502,42908.0859,527.0494,1095.002
-304579.1557,-261891.1323,42688.0234,536.307,1066.0399
-304609.6732,-261913.6654,42696.0078,474.2408,1039.9512
-304339.3922,-261925.6773,42413.7148,484.7346,998.6921
-304853.3936,-261968.7178,42884.6758,514.3756,1061.1875
-304331.9572,-261836.4767,42495.4805,513.6858,1037.5422
-304770.8661,-261979.5223,42791.3438,503.8546,1029.4271
-304629.5098,-261992.6934,42636.8164,514.1517,1033.6182
-304418.3365,-262027.2194,42391.1172,522.3939,1052.8344
-304548.916,-261921.4863,42627.4297,498.3934,1011.2297
-304443.8412,-261846.6147,42597.2266,478.6138,1030.8259
-304656.7568,-261820.4521,42836.3047,462.696,1086.7852
-304633.1859,-261918.2015,42714.9844,493.7928,1023.1447
-304809.7733,-261923.2772,42886.4961,505.9662,1046.3772
-304380.2484,-261793.7953,42586.4531,511.6178,1032.2522
-304590.1819,-261956.1116,42634.0703,504.3673,1021.1483
-304430.1021,-261864.4029,42565.6992,513.4009,1074.2296
-304802.8627,-261940.6634,42862.1992,478.915,1076.6921
-304508.1055,-261882.3594,42625.7461,517.4274,1007.3871
-304691.8388,-261873.8779,42817.9609,493.4507,1081.246
-304618.315,-261980.5142,42637.8008,486.3936,1085.6345
-304750.2416,-261999.9682,42750.2734,529.4502,1026.5356
-304654.6009,-262039.4056,42615.1953,524.5418,1034.0662
-304659.7117,-261953.4617,42706.25,507.114,1027.5897
-304666.9687,-261935.6875,42731.2812,515.6776,1058.7355
-304384.9886,-261860.8714,42524.1172,501.464,1094.7448
-304754.0686,-261919.9085,42834.1602,506.9849,1032.2799
-304671.8112,-261954.401,42717.4102,486.6707,1056.6847
-304566.9557,-261908.6158,42658.3398,501.7163,1038.0585
-304393.7869,-261982.2987,42411.4883,515.2979,1056.8339
-304744.3359,-261995.625,42748.7109,503.4135,1030.4345
-304621.5385,-261884.0737,42737.4648,456.6767,1080.1958
-304629.6021,-261931.5591,42698.043,521.9448,1035.3051
-304682.1992,-261912.7305,42769.4688,497.0542,1070.9933
-304692.9455,-262017.6681,42675.2773,498.1528,1052.6208
-304808.6972,-262054.6621,42754.0352,504.2334,1013.5736
-304513.6545,-261996.635,42517.0195,513.363,1052.0313
-304680.3709,-261969.9685,42710.4023,524.6337,1054.3964
-304597.8648,-261973.5328,42624.332,476.2345,1013.801
-304495.2297,-261861.5422,42633.6875,487.6999,1068.9232
-304692.0783,-262046.8283,42645.25,520.0554,1068.9578
-304544.2496,-261879.1402,42665.1094,518.3506,1076.7683
-304488.0667,-261888.5432,42599.5234,506.8222,1083.5943
-304594.3389,-261992.8506,42601.4883,503.2962,1082.0879
-304681.5204,-261922.4032,42759.1172,513.2041,987.3177
-304373.2174,-261927.8112,42445.4062,487.4165,1015.6888
-304880.4147,-261958.9694,42921.4453,542.2276,1035.2438
-304436.0126,-261906.1844,42529.8281,487.6081,1076.3609
-304613.3957,-261891.1262,42722.2695,520.4252,1039.4241
-304720.0939,-261914.5627,42805.5312,510.7147,1018.9572
-304431.3495,-261897.4588,42533.8906,490.2487,1003.7501
-304736.483,-262004.0376,42732.4453,493.4632,1013.1972
-304601.6568,-261904.3716,42697.2852,525.1154,1030.688
-304509.1771,-261930.31,42578.8672,521.2232,1045.5282
-304625.2589,-261988.0792,42637.1797,521.5909,1039.6322
-304784.6178,-261936.9499,42847.668,504.1172,1074.3617
-304718.2195,-261946.9695,42771.25,509.3569,1012.73
-304897.1645,-262061.9301,42835.2344,495.7317,1066.2584
-304561.6472,-261964.5847,42597.0625,493.2578,1010.8215
-304545.9936,-261934.4624,42611.5312,497.116,1078.9029
-304850.1627,-261913.358,42936.8047,548.2483,1020.2215
-304693.2592,-261970.0951,42723.1641,514.1418,1058.1163
-304669.9333,-261923.6559,42746.2773,535.5589,1035.2398
-304576.3315,-261945.5854,42630.7461,507.1676,1033.525
-304676.8293,-261891.7785,42785.0508,508.8184,1022.5653
-304871.3318,-262049.8904,42821.4414,524.765,1025.2545
-304913.6353,-262008.8267,42904.8086,492.9682,1036.2
-304574.1892,-261920.4626,42653.7266,478.1729,1011.4227
-304425.238,-261954.1872,42471.0508,499.5434,1023.6532
-304467.3184,-261942.2246,42525.0938,507.6879,1026.0288
-304623.257,-262010.9016,42612.3555,460.0256,1034.4577
-304739.2762,-261906.1903,42833.0859,495.0196,1050.8714
-304665.0927,-261978.1278,42686.9648,494.699,1052.2615
-304618.1835,-262014.8984,42603.2852,490.6391,1059.2868
-304870.0425,-262109.7769,42760.2656,525.3668,1035.3678
-304679.3771,-262012.4513,42666.9258,488.3785,1037.9627
-304768.979,-262082.8774,42686.1016,484.7385,996.049
-304863.0277,-261992.1917,42870.8359,490.3115,1030.0364
-304619.9566,-261927.6441,42692.3125,478.6784,1018.3135
-304710.6179,-261886.4109,42824.207,493.6536,1046.4655
-304828.5005,-261968.2818,42860.2188,492.6735,969.7194
-304719.8194,-261886.5694,42833.25,474.8334,1040.2057
-304543.369,-261926.9823,42616.3867,531.639,1000.3155
-304860.8476,-261902.8515,42957.9961,510.1653,1031.76
-304719.7746,-261955.5089,42764.2656,474.7982,1055.31
-304749.6712,-262023.1047,42726.5664,490.5328,1067.7633
-304680.845,-261921.3333,42759.5117,538.6547,1026.8996
-304685.2462,-261957.4298,42727.8164,488.7469,1052.2363
-304673.3613,-261845.5254,42827.8359,474.0022,1022.2165
-304430.5108,-261895.9132,42534.5977,529.4378,999.8073
-304796.4641,-261974.7961,42821.668,511.4293,1026.195
-304605.2576,-261940.6209,42664.6367,480.9305,1023.9305
-304637.0587,-261930.1134,42706.9453,493.6582,1058.3816
-304319.1527,-261946.6957,42372.457,524.5555,1022.9714
-304604.8442,-261943.1684,42661.6758,537.3881,1043.4723
-304558.0605,-261925.9316,42632.1289,493.0056,1057.1043
-304683.3753,-261924.43,42758.9453,500.4582,1054.1705
-304553.472,-261943.6048,42609.8672,519.1,1061.6957
-304726.5741,-261962.703,42763.8711,479.0845,1039.5394
-304627.6925,-262010.884,42616.8086,506.9022,1056.7589
-304708.8861,-262066.1205,42642.7656,505.4915,1077.4825
-304688.9138,-261998.4294,42690.4844,467.3201,1052.1724
-304724.7863,-261997.3761,42727.4102,519.2213,1047.1165
-304525.7938,-261966.5086,42559.2852,495.0997,1025.8494
-304593.7105,-261977.4878,42616.2227,516.3306,1000.1892
-304610.9011,-262055.4792,42555.4219,521.5025,1034.1548
-304335.9662,-261906.353,42429.6133,524.1573,1018.9096
-304564.0711,-261957.7469,42606.3242,488.8104,1080.1153
-304501.8119,-261923.0814,42578.7305,504.0229,1027.3222
-304725.9904,-262028.5373,42697.4531,483.3226,1081.6839
-304498.5261,-261907.905,42590.6211,502.5832,1089.5688
-304797.9212,-261956.4486,42841.4727,480.1757,1058.1951
-304765.0966,-262008.7372,42756.3594,493.9489,1036.5291
-304373.172,-261965.7501,42407.4219,495.9238,1045.0383
-304541.9906,-261963.7602,42578.2305,503.3789,1062.554
-304546.6731,-261998.8489,42547.8242,494.8132,1087.4257
-304626.2572,-261934.7299,42691.5273,521.491,1076.9782
-304670.2573,-262009.433,42660.8242,489.1136,1059.5463
-304571.1516,-261836.4484,42734.7031,481.2551,1071.2629
-304679.0331,-261879.6971,42799.3359,481.4516,1037.2668
-304734.8075,-261971.0848,42763.7227,497.2695,1061.5432
-304821.5756,-261942.9311,42878.6445,489.4332,1049.6622
-304796.9004,-262054.8652,42742.0352,496.2737,1030.165
-304775.4563,-261929.6751,42845.7812,478.3855,975.0838
-304691.9126,-261908.7798,42783.1328,485.3769,1046.9817
-304621.6394,-262007.6238,42614.0156,536.4174,1033.0087
-304449.8572,-261908.9158,42540.9414,503.5222,1060.0207
-304800.4165,-262039.8774,42760.5391,512.516,998.9058
-304952.0295,-261943.3264,43008.7031,505.3112,1028.4384
-304825.5981,-261970.6138,42854.9844,508.429,1041.5406
-304456.7899,-261893.7391,42563.0508,504.2714,1013.105
-304562.1465,-261961.1387,42601.0078,487.9564,1079.3953
-304700.3573,-261981.0369,42719.3203,487.9132,1020.4631
-304533.3388,-261905.7294,42627.6094,501.2294,1018.0676
-304632.5432,-261953.0393,42679.5039,498.6603,1098.6288
-304650.8207,-262010.6644,42640.1562,479.7007,1029.3426
-304542.2293,-261976.0339,42566.1953,493.9351,1085.2343
-304805.6369,-261974.8478,42830.7891,484.2982,1051.6119
-304556.5202,-261905.7429,42650.7773,495.0029,1028.942
-304731.8584,-261961.1826,42770.6758,480.0472,1098.2601
-304783.7075,-261959.0512,42824.6562,496.8287,1060.0578
-304938.3518,-262038.6917,42899.6602,487.7473,1049.0196
-304731.2072,-261962.672,42768.5352,539.5649,1048.1669
-304705.3177,-261941.6498,42763.668,481.5517,1024.6859
-304535.7031,-261968.5507,42567.1523,496.8116,1037.0018
-304540.173,-262002.0167,42538.1562,501.8096,1043.2899
-304847.5602,-261941.2594,42906.3008,462.7234,1030.5552
-304634.415,-262039.4306,42594.9844,496.6322,1048.4363
-304760.9093,-262036.2452,42724.6641,483.4891,1022.168
-304544.8168,-261909.8363,42634.9805,486.2992,1037.9568
-304641.748,-261975.1972,42666.5508,529.2982,1034.8917
-304484.2874,-261887.8108,42596.4766,536.7399,1074.6109
-304448.1141,-261848.0047,42600.1094,492.8051,990.4081
-304545.0502,-261882.7377,42662.3125,530.7653,1048.6553
-304776.2974,-261846.2349,42930.0625,493.7948,1064.3416
-304559.6852,-261897.9079,42661.7773,520.8227,998.2924
-304767.8244,-261963.8244,42804.0,530.7652,1046.0758
-304341.1453,-261854.8914,42486.2539,532.4624,1060.8615
-304602.8125,-261928.0977,42674.7148,520.5017,1046.3395
-304612.6118,-261991.0532,42621.5586,494.6063,1063.0761
-304864.3508,-262047.1282,42817.2227,497.2671,1057.8149
-304711.4045,-262002.4944,42708.9102,512.6424,1032.0317
-305028.2898,-262112.2078,42916.082,489.6037,1082.9285
-304927.8737,-261972.3347,42955.5391,531.5413,979.7737
-304832.1907,-262030.5657,42801.625,510.0469,1084.3444
-304525.4457,-261902.8207,42622.625,489.6563,1084.1469
-304607.9215,-261952.0387,42655.8828,504.6415,1023.8805
-304505.5814,-261939.8588,42565.7227,547.6425,1043.1094
-304627.3479,-262001.1604,42626.1875,501.3846,1045.74
-304906.4104,-261919.4065,42987.0039,560.7767,1012.8118
-304523.2934,-261921.1645,42602.1289,483.56,987.451
-304355.5488,-261934.2754,42421.2734,484.8208,1033.8881
-304525.4361,-261935.1431,42590.293,494.7242,1010.352
-304274.521,-261872.3608,42402.1602,475.581,1052.4644
-304602.8681,-261865.4657,42737.4023,487.6117,1006.8301
-304474.3168,-262031.0277,42443.2891,501.2344,1053.3122
-304679.2248,-261912.5646,42766.6602,515.8683,1035.2579
-304838.8153,-262045.2372,42793.5781,508.4014,1023.7526
-304719.0888,-262018.4442,42700.6445,484.494,1048.3178
-304542.9597,-261852.987,42689.9727,528.95,1050.0071
-304376.8213,-261917.7237,42459.0977,505.3599,1006.6758
-304685.8652,-261930.3848,42755.4805,493.6113,1044.3187
-304702.9373,-261930.6717,42772.2656,494.6908,1032.5009
-304638.6481,-262101.0973,42537.5508,512.2108,1045.8934
-304820.4004,-261948.9238,42871.4766,500.7547,1030.5361
-304663.3734,-262003.8383,42659.5352,540.8835,1018.1745
-304660.8324,-261885.8402,42774.9922,507.5256,1086.2563
-304906.8837,-261967.1102,42939.7734,475.0718,1002.0488
-304507.696,-261839.4225,42668.2734,532.2714,1012.9632
-304645.4307,-261945.0596,42700.3711,481.8916,1006.911
-304284.5682,-261925.0799,42359.4883,485.4909,1051.7045
-304440.4822,-262006.029,42434.4531,506.1735,1052.6621
-304830.2367,-262092.4789,42737.7578,517.7232,1078.0322
-304804.8929,-261982.0921,42822.8008,538.4727,997.6681
-304550.5615,-262010.0225,42540.5391,488.9407,1030.7497
-304694.1299,-262046.5439,42647.5859,503.1898,1078.3806
-304605.5024,-262050.6196,42554.8828,530.2957,1034.6944
-304706.5732,-261920.6123,42785.9609,492.0262,1044.5949
-304559.1872,-261864.0388,42695.1484,507.326,1022.5452
-304618.6344,-261962.6031,42656.0312,516.8396,1042.4621
-304628.1617,-261952.7555,42675.4062,474.7507,1076.8384
-304466.6003,-261885.9089,42580.6914,530.6627,1050.5582
-304533.8493,-261939.0759,42594.7734,508.7812,1063.5435
-304899.5802,-261897.4826,43002.0977,508.0304,1046.2081
-304647.9572,-261930.9806,42716.9766,509.3266,1109.5822
-304657.9972,-261947.5558,42710.4414,485.9094,1044.1299
-304475.6118,-261942.4595,42533.1523,473.1339,1027.2317
-304366.657,-261815.7898,42550.8672,475.6347,1027.3862
-304602.9586,-261991.1618,42611.7969,488.4601,1032.5776
-304765.6072,-261983.826,42781.7812,511.2885,1100.0857
-304452.507,-261908.5968,42543.9102,527.4351,1057.4311
-304670.0999,-261862.4944,42807.6055,497.4468,1048.5125
-304714.9706,-261907.2558,42807.7148,495.6419,1062.9314
-304603.9857,-262047.3294,42556.6562,474.3657,1067.0753
-304679.9578,-262022.0632,42657.8945,485.3933,1069.1341
-304702.4831,-261966.2683,42736.2148,472.5158,1036.5758
-304701.8233,-262018.21,42683.6133,549.694,1016.9789
-304489.092,-261991.5569,42497.5352,523.5382,1033.5944
-304525.6766,-261909.5476,42616.1289,498.5929,1017.1751
-304466.0293,-261913.1387,42552.8906,515.0008,1041.1401
-304898.207,-262064.4687,42833.7383,500.409,1065.1037
-304706.7171,-262064.3186,42642.3984,490.4163,1051.135
-304650.0678,-262029.1577,42620.9102,511.2263,1009.8027
-304653.3661,-261959.2333,42694.1328,495.1416,1054.4025
-304604.2053,-261858.5881,42745.6172,488.5204,1026.7746
-304712.4576,-262084.5748,42627.8828,500.9773,1053.1053
-304530.8036,-261957.0107,42573.793,481.0747,1050.8353
-304659.8542,-261959.0847,42700.7695,510.6047,1091.228
-304901.9587,-261955.2009,42946.7578,534.845,1065.7015
-304496.1372,-261878.7153,42617.4219,524.6592,1017.7176
-304750.3173,-262014.993,42735.3242,520.4172,1054.7283
-304520.7233,-262014.9928,42505.7305,499.6856,1042.471
-304469.5118,-261992.7501,42476.7617,490.333,1023.1967
-304555.7471,-261931.3018,42624.4453,487.0524,1019.6026
-304827.7139,-261996.1007,42831.6133,485.2097,1038.8853
-304903.2162,-261977.1107,42926.1055,507.8442,1032.8265
-304462.5565,-261846.3222,42616.2344,485.6453,1093.1408
-304683.7609,-261915.9718,42767.7891,487.5358,994.4666
-304809.3599,-262022.6099,42786.75,521.7897,1027.1376
-304655.9775,-261958.3174,42697.6602,493.5839,1025.1749
-304461.7286,-261930.0372,42531.6914,526.0484,1043.7974
-304581.8399,-261918.0899,42663.75,501.8521,1029.3889
-304698.2298,-261915.5852,42782.6445,498.2238,1038.7415
-304380.3521,-261969.5982,42410.7539,504.8979,1069.1676
-304727.0259,-261913.7017,42813.3242,483.0832,1007.6645
-304787.2923,-261998.2611,42789.0312,492.2109,1059.1414
-304516.7767,-261913.9838,42602.793,544.5182,1012.4065
-304615.2403,-262042.7794,42572.4609,493.5373,994.6706
-304516.1058,-261938.2855,42577.8203,521.4847,1001.5553
-304479.1926,-261967.1028,42512.0898,519.4214,1059.1355
-304671.7781,-261888.321,42783.457,509.6006,1013.5167
-304785.8034,-261999.4714,42786.332,472.7823,1053.6899
-304710.2194,-261981.7077,42728.5117,499.7988,1041.0819
-304747.0465,-262032.0504,42714.9961,496.9759,1045.9944
-304665.7707,-262101.9621,42563.8086,511.4946,1060.8507
-304806.4387,-261981.8137,42824.625,504.2002,1025.8018
-304694.6382,-261958.6616,42735.9766,499.5993,1061.9863
-304653.7053,-261968.3537,42685.3516,468.4259,1040.7011
-304606.1602,-261962.9414,42643.2188,489.3939,1076.4236
-304330.1622,-261882.0919,42448.0703,497.4716,1091.7246
-304708.4509,-261930.5642,42777.8867,469.6475,1061.419
-304557.6121,-261905.4285,42652.1836,521.8657,1064.1232
-304587.6494,-261966.4463,42621.2031,500.1732,1042.4358
-304658.2715,-262019.2051,42639.0664,506.8824,1063.602
-304624.1785,-261978.8933,42645.2852,491.6997,1034.4901
-304474.9967,-261941.2115,42533.7852,525.2431,1028.4026
-304752.6122,-261922.5653,42830.0469,509.9636,1071.7135
-304614.3092,-261909.3482,42704.9609,509.68,1058.8028
-304550.1602,-261963.2266,42586.9336,511.4842,1021.1472
-304890.4119,-262056.6775,42833.7344,484.7038,1061.2886
-304650.9039,-261940.15,42710.7539,503.1323,1068.5943
-304565.0726,-261821.9789,42743.0938,464.0231,1056.2677
-304395.6432,-261855.1861,42540.457,491.4079,1041.9164
-304563.2331,-261950.7487,42612.4844,486.3039,1079.9571
-304811.1754,-262019.8473,42791.3281,502.1798,1071.1586
-304517.2866,-261892.9116,42624.375,530.6644,1068.5836
-304916.037,-261951.3183,42964.7188,508.2402,1055.0167
-304345.9596,-261944.7213,42401.2383,502.8511,1060.9621
-304495.1111,-261877.3572,42617.7539,473.4796,1105.2032
-304525.7886,-261906.8629,42618.9258,484.4295,976.7604
-304424.7572,-261911.3041,42513.4531,492.8323,1032.054
-304738.9099,-261841.2732,42897.6367,490.1659,1029.9798
-304826.88,-261916.9972,42909.8828,494.2166,1074.249
-304620.2669,-261829.4935,42790.7734,484.2371,1085.5551
-304776.995,-261917.4325,42859.5625,466.5531,1031.3983
-304649.9847,-261937.4847,42712.5,480.2054,1041.9602
-304660.4085,-261886.0178,42774.3906,507.3476,1019.996
-304838.4967,-261976.0396,42862.457,498.3273,1053.2799
-304743.0713,-261924.7628,42818.3086,488.1645,1083.8674
-304272.4371,-261976.1285,42296.3086,503.9029,1030.4965
-304620.9788,-261942.0842,42678.8945,500.5233,1111.4652
-304741.2238,-261937.5637,42803.6602,520.2567,989.1207
-304832.2099,-261903.413,42928.7969,502.5156,1060.7234
-304557.9065,-261907.1057,42650.8008,504.0998,1054.7522
-304551.7846,-261966.4877,42585.2969,487.4429,1041.7303
-304602.3856,-261984.8973,42617.4883,511.2872,1040.9066
-304470.4446,-261953.5149,42516.9297,470.515,1077.0247
-304835.1151,-261962.5604,42872.5547,489.6881,1028.891
-304638.3837,-261929.0126,42709.3711,519.1478,989.1494
-304586.3578,-261948.5649,42637.793,501.3708,1047.7523
-304576.3843,-261881.4585,42694.9258,506.2438,1050.8572
-304693.5859,-261904.9491,42788.6367,495.4325,1036.1415
-304368.3717,-261911.1099,42457.2617,521.3075,1039.7266
-304648.8926,-261877.2793,42771.6133,521.5791,1011.6622
-304335.6833,-261830.0349,42505.6484,492.7184,1056.9593
-304545.9282,-261867.2133,42678.7148,484.0961,1073.4091
-304610.7588,-261913.3604,42697.3984,528.0545,1034.9909
-304427.9737,-261874.8644,42553.1094,501.3974,1036.6048
-304667.0694,-262021.1124,42645.957,522.4267,1097.9289
-304592.0859,-261943.8085,42648.2773,500.7932,1036.5821
-304594.4901,-261960.0838,42634.4062,509.2059,1056.0319
-304645.178,-261984.346,42660.832,486.7948,1064.6074
-304816.6928,-261998.7943,42817.8984,520.2962,1061.3164
-304725.2507,-261986.1101,42739.1406,515.5732,1063.2415
-304530.585,-261904.9521,42625.6328,497.6303,1041.3721
-304426.7044,-261942.5442,42484.1602,497.2474,1025.1864
-304655.3326,-261926.3912,42728.9414,478.6813,1017.536
-304588.6623,-261918.4045,42670.2578,495.9743,1021.2081
-304840.6869,-262067.1048,42773.582,498.7905,1096.2662
-304571.3969,-262016.8305,42554.5664,491.9005,1051.4443
-304471.1679,-262043.2538,42427.9141,502.5577,1057.8193
-304634.1603,-261979.4377,42654.7227,516.2123,982.5208
-304394.9208,-261978.1591,42416.7617,517.7201,1030.8297
-304720.4135,-261985.2025,42735.2109,500.936,1067.4533
-304645.1102,-261902.5048,42742.6055,517.8909,1060.343
-304844.8306,-261983.5338,42861.2969,492.5556,1035.7194
-304906.3653,-262074.2051,42832.1602,484.3949,1056.5631
-304520.4032,-261956.2938,42564.1094,509.604,1039.919
-304359.9076,-261945.8061,42414.1016,501.6196,1046.4226
-304758.627,-261952.5176,42806.1094,499.8315,1035.1745
-304485.7985,-261948.8961,42536.9023,472.695,1079.747
-304686.0947,-261937.7079,42748.3867,521.1566,1038.3471
-304623.5573,-261984.1354,42639.4219,505.9543,1035.3451
-304915.9701,-261873.8451,43042.125,485.1183,1073.0492
-304679.4017,-261910.6322,42768.7695,494.8704,1005.9014
-304607.0576,-261932.624,42674.4336,465.5239,1051.3622
-304526.8671,-261924.2421,42602.625,500.0546,1020.852
-304781.4729,-262010.0002,42771.4727,481.1509,1067.4196
-304632.61,-261911.9694,42720.6406,490.6039,1077.7939
-304485.9839,-261925.8198,42560.1641,546.7548,1050.6562
-304495.4798,-261870.8196,42624.6602,500.3838,1082.9699
-304587.9657,-261923.3641,42664.6016,500.9225,1054.8108
-304621.3618,-261880.7133,42740.6484,548.4437,1041.8118
-304847.0051,-262042.1653,42804.8398,513.4084,1041.0074
-304673.301,-262056.4221,42616.8789,500.9171,1030.5709
-305034.0955,-262122.2987,42911.7969,477.4818,1019.4026
-304747.9271,-262020.7162,42727.2109,503.0376,1025.6404
-304759.024,-261995.7857,42763.2383,489.9779,1049.27
-304663.8947,-262003.1682,42660.7266,509.4625,1044.6981
-304730.8663,-262084.7764,42646.0898,548.529,1086.4788
-304722.8395,-261996.6285,42726.2109,495.9942,1055.0684
-304282.5464,-261851.1987,42431.3477,511.1664,1035.6026
-304514.3692,-261956.377,42557.9922,510.4927,1003.5494
-304605.3498,-261946.342,42659.0078,507.4871,1076.2674
-304774.2241,-261959.9584,42814.2656,488.8428,1052.425
-304677.6915,-261947.3087,42730.3828,489.1422,1072.1683
-304533.219,-261838.7034,42694.5156,512.5291,1045.2244
-304432.6511,-261802.6511,42630.0,514.5668,1028.1663
-304900.1198,-261989.8659,42910.2539,511.0189,1050.8336
-304708.3873,-262067.692,42640.6953,495.8602,1057.94
-304695.0362,-261998.6807,42696.3555,482.8425,1016.3494
-304564.682,-261897.2523,42667.4297,506.8483,1066.9775
-304590.8413,-261975.6812,42615.1602,494.5585,1050.3988
-304450.7773,-261858.953,42591.8242,465.0423,1058.8432
-304599.7214,-261999.1667,42600.5547,519.0882,1061.0021
-304384.9064,-261885.4377,42499.4688,490.5915,1069.2916
-304901.5596,-261959.1299,42942.4297,518.5079,1036.4823
-304648.7443,-261922.2951,42726.4492,553.2694,1066.4123
-304708.9132,-261917.2765,42791.6367,475.0491,1072.3742
-304789.104,-261928.1861,42860.918,473.138,1037.6573
-304700.5255,-261934.0567,42766.4688,460.378,1013.4274
-304705.6519,-261944.4527,42761.1992,498.5358,1076.8983
-304644.3099,-261820.9427,42823.3672,491.6335,1056.4121
-304720.0748,-261992.9967,42727.0781,517.7744,1067.7716
-304733.0664,-261931.4063,42801.6602,509.626,1073.1661
-304631.5074,-261971.5738,42659.9336,467.7858,1022.3661
-304578.11,-261901.0787,42677.0312,492.4157,1014.7703
-304518.8896,-261907.4717,42611.418,522.0503,1060.2257
-304668.5062,-261890.3538,42778.1523,528.1172,1044.0895
-304458.5329,-261948.0681,42510.4648,521.9517,1046.4802
-304654.327,-261928.4325,42725.8945,504.5856,1058.7923
-304630.637,-261907.4769,42723.1602,489.1958,1016.9914
-304788.5656,-261940.011,42848.5547,509.8332,1088.1469
-304668.9706,-262047.1347,42621.8359,505.1027,1119.7885
-304712.0715,-261884.2239,42827.8477,512.8413,1038.3858
-304699.0371,-262006.3769,42692.6602,502.1474,1023.9684
-304691.0682,-261945.1815,42745.8867,481.8539,1047.2174
-304623.2481,-261786.7872,42836.4609,486.4736,1021.2993
-304709.7943,-261943.3646,42766.4297,503.9058,1108.4058
-304623.2855,-261942.7815,42680.5039,483.9674,1068.7562
-304442.7194,-261882.4186,42560.3008,506.788,1068.2944
-304607.9559,-262002.6981,42605.2578,504.9686,1048.2845
-304408.4703,-261887.9781,42520.4922,498.7449,1068.1224
-304465.6531,-261984.239,42481.4141,481.9146,1045.7672
-304779.7483,-262078.3967,42701.3516,505.1894,1042.2215
-304856.1214,-261996.2972,42859.8242,485.7655,1072.5518
-304651.0503,-261970.9332,42680.1172,532.0173,1064.5491
-304612.4848,-261977.2583,42635.2266,499.3759,1031.5639
-304935.0379,-262021.7293,42913.3086,502.2682,1038.6814
-304743.6195,-261987.2524,42756.3672,458.3431,1001.0863
-304684.0504,-261974.8981,42709.1523,492.1483,1034.498
-304500.7552,-261926.0638,42574.6914,495.9062,1032.3162
-304508.7883,-261959.4368,42549.3516,515.4579,1019.1148
-304820.7341,-261910.8747,42909.8594,491.6602,1037.4152
-304570.992,-261942.7811,42628.2109,510.561,1064.2303
-304444.0494,-261871.108,42572.9414,534.0642,1049.0753
-304681.6593,-261780.128,42901.5312,492.5602,1044.9481
-304531.2192,-261932.1332,42599.0859,503.1639,1069.3395
-304630.9665,-261903.4782,42727.4883,526.1637,1046.733
-304390.8243,-261809.8477,42580.9766,516.0323,1001.8623
-304388.1489,-261825.1098,42563.0391,514.1276,1030.2833
-304467.577,-261956.7177,42510.8594,498.3782,1106.1841
-304657.0889,-261923.0146,42734.0742,502.8088,1044.0504
-304587.5955,-261901.1111,42686.4844,510.3313,1057.0273
-304751.4719,-261926.2961,42825.1758,491.6348,1009.1937
-304609.4258,-261853.4336,42755.9922,521.237,1014.2837
-304582.6597,-261955.6402,42627.0195,548.323,1021.0567
-304609.368,-261945.5555,42663.8125,518.9121,1083.5304
-304784.2877,-261940.7213,42843.5664,483.6315,1020.3505
-304355.8822,-261894.4916,42461.3906,493.4805,1060.3056
-304671.6,-261963.2953,42708.3047,498.4462,1014.292
-304548.5453,-261906.2523,42642.293,503.8273,1035.3648
-304477.6515,-261886.3117,42591.3398,523.4278,1039.3758
-304804.3723,-261998.7199,42805.6523,468.2273,1053.2834
-304735.6287,-261910.8045,42824.8242,515.4069,1064.9228
-304665.3995,-261858.9776,42806.4219,486.9963,1040.0823
-304693.518,-262015.1039,42678.4141,502.2798,1032.9564
-304693.2071,-261911.1094,42782.0977,503.4477,1047.6834
-304642.3582,-262014.7801,42627.5781,491.0008,1046.9583
-304641.7071,-261955.8556,42685.8516,526.2666,1041.1959
-304524.3218,-261925.353,42598.9688,503.4921,1026.4855
-304987.8104,-262092.6424,42895.168,494.5018,1035.7358
-304685.9819,-261968.017,42717.9648,520.6768,996.6651
-304482.1179,-261911.4499,42570.668,530.8721,1063.3891
-304681.9578,-261940.9969,42740.9609,477.3096,1095.6216
-304688.0378,-262034.2761,42653.7617,456.5066,1054.3343
-304687.7678,-261977.2131,42710.5547,511.5868,1039.4542
-304531.273,-261819.73,42711.543,493.3166,1047.386
-304773.5311,-262024.6639,42748.8672,516.6109,1040.4952
-304660.259,-261925.7239,42734.5352,516.2236,1069.3989
-304263.4782,-261868.8259,42394.6523,478.625,1044.8973
-304519.2173,-262005.1704,42514.0469,485.7663,1044.819
-304450.3372,-261948.7239,42501.6133,504.1275,1027.3715
-304730.9285,-262038.2254,42692.7031,521.4727,1044.2304
-304658.2564,-261956.5689,42701.6875,542.7764,1048.0249
-304835.6109,-261924.982,42910.6289,480.6316,997.3268
-304685.014,-262009.4007,42675.6133,507.5621,1001.1632
-304679.6369,-261900.7697,42778.8672,494.939,1003.9633
-304815.4667,-261999.2128,42816.2539,518.4383,1034.2069
-304594.9379,-261858.6176,42736.3203,493.2386,1050.1076
-304840.849,-261898.306,42942.543,484.7988,1034.8722
-304726.929,-261917.2025,42809.7266,491.7518,1022.0834
-304819.5237,-261910.5745,42908.9492,493.5016,1062.3631
-304441.9598,-261879.6121,42562.3477,499.1782,1087.5906
-304641.829,-261860.4462,42781.3828,490.9611,1072.817
-304720.7017,-261823.4986,42897.2031,494.0651,1061.2511
-304593.8627,-261860.8002,42733.0625,503.1597,1035.3584
-304668.5648,-261910.6664,42757.8984,518.5452,1100.124
-304660.023,-262065.2105,42594.8125,529.2883,1036.633
-304448.6904,-261835.835,42612.8555,508.5169,1035.9057
-304663.8022,-261923.9038,42739.8984,523.7265,1050.2394
-304418.9443,-261903.6123,42515.332,497.629,1041.6352
-304453.4083,-261894.4943,42558.9141,539.2591,1080.7835
-304587.2747,-261911.9622,42675.3125,530.7859,1083.7144
-304468.1504,-261961.8028,42506.3477,486.4322,1025.4825
-304814.2571,-261956.7728,42857.4844,486.8905,1060.8013
-304667.8382,-261882.6859,42785.1523,486.0168,1076.5567
-304771.3321,-261970.2892,42801.043,482.5203,1046.087
-304641.7864,-261924.0051,42717.7812,522.6908,1049.0264
-304685.2717,-261916.1428,42769.1289,524.2627,1078.0939
-304862.2445,-261954.6195,42907.625,479.9026,1039.6215
-304447.1123,-261882.8389,42564.2734,491.397,1004.0204
-304415.7967,-261911.8162,42503.9805,526.9947,1056.8643
-304974.0228,-262028.1751,42945.8477,468.3626,1031.8084
-304783.4836,-261956.9211,42826.5625,492.9089,1069.372
-304335.9191,-261767.0909,42568.8281,490.0183,1013.9044
-304585.8995,-261850.044,42735.8555,498.7383,1034.7135
-304555.2029,-261988.613,42566.5898,505.4258,1078.2283
-304617.4577,-261973.4499,42644.0078,505.89,1066.1027
-304713.2023,-261986.4679,42726.7344,487.5495,1055.4034
-304698.3194,-261921.7139,42776.6055,497.4834,1024.5084
-304757.443,-261961.8688,42795.5742,517.9142,1056.04
-304824.463,-262029.4825,42794.9805,509.1297,1010.6987
-304462.1695,-261845.8219,42616.3477,526.0207,1032.2213
-304656.1629,-261916.2527,42739.9102,517.7158,1114.469
-304489.7795,-261978.3108,42511.4688,505.9548,1072.3547
-304508.5729,-261892.1198,42616.4531,490.0729,1059.5834
-304504.691,-261904.1793,42600.5117,480.3001,1059.3447
-304397.6027,-261889.0441,42508.5586,492.6823,1074.4009
-304617.8028,-261941.6895,42676.1133,489.0425,1048.6198
-304649.3178,-261906.0131,42743.3047,517.8143,1026.8257
-304421.4079,-261876.2673,42545.1406,514.7377,1039.1274
-304648.3317,-261911.1989,42737.1328,485.5198,1033.0903
-304758.7326,-261923.9513,42834.7812,468.5921,1036.08
-304521.3722,-261965.8683,42555.5039,491.7994,1008.4902
-304837.1564,-261964.6876,42872.4688,527.7831,1046.8505
-304541.7325,-261868.502,42673.2305,506.8137,1082.3161
-304429.1087,-261833.4329,42595.6758,485.8616,1036.021
-304753.9843,-261899.5234,42854.4609,485.2867,1025.2964
-304688.6878,-261982.1448,42706.543,501.9334,1093.0649
-304609.3194,-261910.589,42698.7305,493.858,1064.0852
-304856.2845,-261903.5931,42952.6914,476.5111,1046.9494
-304484.1496,-261878.7707,42605.3789,489.2831,1050.4929
-304641.0209,-261885.0326,42755.9883,511.7805,1047.0159
-304707.3001,-261900.3157,42806.9844,477.2202,1029.4451
-304670.1325,-261935.2341,42734.8984,494.608,1054.84
-304485.1337,-261879.4696,42605.6641,485.9603,1055.5024
-304531.6404,-261866.5271,42665.1133,527.8444,1067.3285
-304693.1821,-261939.6548,42753.5273,498.4244,1035.7288
-304462.5036,-261860.0895,42602.4141,533.3886,1033.0087
-304561.4894,-261943.8605,42617.6289,503.8098,1079.5173
-304757.3613,-261936.2363,42821.125,514.6058,1014.9789
-304887.4173,-262053.9369,42833.4805,529.5776,1087.4614
-304472.3167,-261958.7347,42513.582,533.3876,1059.0138
-304630.9493,-261904.6563,42726.293,478.1591,1055.7387
-304985.4427,-262037.1927,42948.25,520.9309,1001.0365
-304725.7763,-262010.6865,42715.0898,508.9134,1037.6568
-304824.5785,-262035.852,42788.7266,503.3042,1047.2925
-304449.8472,-261983.2808,42466.5664,500.3886,1073.3662
-304610.7261,-261939.941,42670.7852,548.5111,997.6143
-304584.1161,-261987.3309,42596.7852,515.7671,1056.6483
-304792.7834,-261892.3888,42900.3945,531.0105,1046.3456
-304956.8979,-262047.0698,42909.8281,473.4068,1052.1613
-304856.7307,-261992.1214,42864.6094,479.2304,1010.7254
-304514.5264,-261837.4132,42677.1133,516.8077,1037.0639
-304454.4854,-261891.9737,42562.5117,492.6734,1029.4672
-304585.4463,-261960.169,42625.2773,488.2531,1032.01
-304675.6611,-261935.7939,42739.8672,462.1182,1059.949
-304812.5058,-261974.994,42837.5117,487.2011,1049.2637
-304828.5815,-261934.3862,42894.1953,482.5223,1019.1655
-304312.4466,-261929.6653,42382.7812,498.5809,1086.3725
-304704.8672,-261952.6602,42752.207,509.4159,1021.7523
-304609.2965,-261918.9293,42690.3672,515.463,1023.2689
-304781.0888,-261996.0302,42785.0586,513.6581,1040.6134
-304593.6334,-261972.8365,42620.7969,455.6617,1011.9877
-304537.3977,-261969.7141,42567.6836,488.5153,1028.0897
-304477.0998,-261949.5764,42527.5234,484.6687,1015.7745
-304497.7643,-261966.7878,42530.9766,500.7333,1040.6174
-304671.5551,-261953.4457,42718.1094,526.4643,1067.9717
-305125.9371,-261940.4136,43185.5234,525.3424,1004.4681
-304717.0235,-261855.379,42861.6445,497.2294,1034.2001
-304625.3851,-261925.3851,42700.0,469.6398,1036.2131
-304666.207,-261945.4999,42720.707,512.1557,1046.2714
-304726.8102,-261962.0133,42764.7969,493.822,1036.4138
-304669.5984,-261974.1296,42695.4688,515.9489,1070.8908
-304529.7462,-261917.5001,42612.2461,485.5544,1032.4324
-304600.8855,-261929.1316,42671.7539,511.5779,1042.9422
-304772.0891,-261928.5266,42843.5625,495.0586,1043.9586
-304683.324,-261946.3748,42736.9492,507.1778,1042.3683
-304561.9137,-261941.9098,42620.0039,487.6145,1028.6071
-304601.8438,-261902.7422,42699.1016,504.8745,1029.3932
-304470.5708,-261863.6762,42606.8945,508.4933,1029.3025
-304552.9156,-261886.2124,42666.7031,484.2677,1081.275
-304579.0755,-261931.0286,42648.0469,475.6716,1015.4444
-304446.264,-261884.3382,42561.9258,513.3676,1043.419
-304897.8434,-261942.4918,42955.3516,482.8951,1040.2781
-304556.1247,-261927.8864,42628.2383,485.1282,1046.5449
-304656.8979,-261921.1127,42735.7852,501.8638,1062.8391
-304600.8778,-261845.5653,42755.3125,509.8501,1033.0946
-304316.2987,-261875.1464,42441.1523,514.0843,1101.1567
-304775.434,-262091.938,42683.4961,511.1149,1067.4505
-304733.2502,-261842.4065,42890.8438,479.692,1008.7499
-304635.087,-261900.0362,42735.0508,521.3678,1051.2041
-304779.5544,-261999.7262,42779.8281,483.198,1028.162
-304754.4863,-261869.623,42884.8633,480.9188,1049.4208
-304673.5838,-261883.2557,42790.3281,499.7081,1067.4191
-304710.3167,-262055.9378,42654.3789,479.821,1012.805
-304664.9388,-262035.0794,42629.8594,505.8282,1065.634
-304487.5118,-261990.0626,42497.4492,468.5363,1055.7409
-304634.1192,-261921.3888,42712.7305,518.6648,1038.6583
-304756.0829,-261989.4384,42766.6445,513.8757,1040.8523
-304571.2948,-261987.2831,42584.0117,521.948,1018.4517
-304600.0915,-261950.9978,42649.0938,497.7059,1058.3744
-304636.88,-261965.2355,42671.6445,510.1004,1051.7463
-304300.8938,-261801.3235,42499.5703,489.0004,1060.4777
-304239.1256,-261807.4655,42431.6602,488.6445,1056.0151
-304743.9127,-261974.3932,42769.5195,479.6073,1028.1047
-304889.2439,-261946.5369,42942.707,487.8754,1040.8929
-304522.3003,-261951.0386,42571.2617,517.5178,1101.3429
-304668.9734,-261931.3249,42737.6484,508.993,1026.817
-304727.9901,-262006.951,42721.0391,503.1497,1042.2104
-304551.4339,-261950.9651,42600.4688,511.7872,1062.0254
-304608.0648,-261940.7836,42667.2812,515.3981,1083.4475
-304647.8076,-261896.9678,42750.8398,503.0365,1035.5852
-304453.2583,-261843.9458,42609.3125,530.522,1040.0433
-304603.0189,-262042.9369,42560.082,506.4015,1015.2728
-304566.4873,-261997.6787,42568.8086,497.8913,1020.9091
-304535.205,-261903.9863,42631.2188,527.6314,1053.7625
-304644.0672,-262006.7742,42637.293,484.9164,1034.8385
-304307.445,-261962.1012,42345.3438,525.9253,1052.0253
-304545.4357,-262055.1232,42490.3125,483.45,1063.1343
-304627.468,-261899.55,42727.918,489.7695,1039.4585
-304566.4994,-261904.89,42661.6094,524.9926,1039.7152
-304915.0826,-261945.4068,42969.6758,473.2014,1058.077
-304640.8714,-261902.9964,42737.875,460.7288,1061.8857
-304614.5605,-261924.9824,42689.5781,492.9347,988.3115
-304605.7888,-261937.1247,42668.6641,497.0358,1075.123
-304733.823,-261973.3582,42760.4648,535.8875,1047.693
-304669.7685,-261886.4521,42783.3164,496.0275,1078.1285
-304744.0194,-261911.3632,42832.6562,507.1049,1073.0229
-304797.863,-261974.9138,42822.9492,487.2379,1041.868
-304704.1961,-261892.0554,42812.1406,475.3331,1055.6226
-304570.5365,-261864.5248,42706.0117,513.2098,1101.9278
-304581.205,-261998.6151,42582.5898,513.0249,1082.6852
-304799.6772,-261911.1342,42888.543,502.6825,1004.2668
-304819.2793,-261903.4316,42915.8477,505.3033,1026.4095
-304671.549,-261886.3928,42785.1562,496.0013,1012.0767
-304713.1123,-261976.1475,42736.9648,519.5299,1031.5625
-304437.4489,-261882.6911,42554.7578,462.1356,1046.6072
-304653.2693,-261938.3982,42714.8711,499.5849,1047.6958
-304698.0518,-261945.4932,42752.5586,475.6533,1052.7408
-304760.793,-261993.1601,42767.6328,536.6635,1044.7269
-304625.5845,-261974.0727,42651.5117,514.999,1032.4552
-304841.7896,-261999.1568,42842.6328,511.5447,1057.5198
-304568.5239,-262032.7466,42535.7773,492.5477,1041.0824
-304829.8423,-261994.8228,42835.0195,502.049,1011.4727
-304613.028,-261953.4069,42659.6211,479.7986,1030.4764
-304553.7746,-261931.4621,42622.3125,496.0661,992.4553
-304627.2726,-261930.6789,42696.5938,523.6506,1043.8949
-304480.5754,-261933.8215,42546.7539,521.9839,1047.0802
-304671.2192,-261955.52,42715.6992,512.7273,1036.0327
-304718.4787,-262097.631,42620.8477,472.6214,1063.5925
-304372.4389,-261909.7084,42462.7305,555.8423,1041.2852
-304564.0533,-261885.4908,42678.5625,496.6865,1051.1265
-304512.7524,-261916.9633,42595.7891,504.3226,1050.3693
-304859.0405,-262058.642,42800.3984,477.2769,1023.5325
-304548.0076,-261941.6794,42606.3281,515.9056,1043.7813
-304585.7094,-261876.4906,42709.2188,506.8539,1060.6154
-304749.1071,-261902.3962,42846.7109,512.3216,1034.5426
-304741.4928,-261901.8132,42839.6797,478.3686,1024.7576
-304535.3874,-261858.7272,42676.6602,506.2808,1035.9497
-304870.832,-261993.0234,42877.8086,492.9794,1020.5946
-304629.7326,-261878.6193,42751.1133,476.9515,1053.5428
-304700.0169,-261979.306,42720.7109,512.5623,1026.7613
-304603.2184,-261905.7535,42697.4648,493.306,1034.4366
-304795.8839,-261939.2198,42856.6641,522.3827,1030.0812
-304557.8912,-261860.813,42697.0781,504.8544,1047.2013
-304386.2887,-261869.2692,42517.0195,482.8951,1046.3753
-304757.0166,-261977.2666,42779.75,505.1949,991.2895
-304607.4922,-261918.8008,42688.6914,528.0888,1049.0452
-304494.1662,-261875.6115,42618.5547,492.8501,1035.0683
-304740.6889,-261936.3178,42804.3711,482.939,1023.4016
-304532.9186,-261888.2389,42644.6797,529.3109,1024.5106
-304854.8937,-261832.2141,43022.6797,491.2449,1047.645
-304852.3393,-261973.2807,42879.0586,479.2638,1019.2614
-304764.1227,-261978.1696,42785.9531,485.4912,1075.0321
-304693.5397,-261980.8835,42712.6562,524.9012,1033.782
-304560.1647,-261906.3249,42653.8398,491.4952,1048.1944
-304745.9477,-262027.7719,42718.1758,521.0522,1047.937
-304562.1124,-261898.9874,42663.125,485.161,1042.7435
-304670.4494,-261948.215,42722.2344,454.5734,1010.8418
-304771.8644,-261982.5245,42789.3398,508.0134,1021.8413
-304434.1106,-261905.0716,42529.0391,554.3567,1019.863
-304488.0109,-261869.5265,42618.4844,498.7377,1086.9008
-304765.7219,-262066.2805,42699.4414,484.2055,1073.9499
-305007.9908,-262121.6353,42886.3555,492.4177,1053.1747
-304759.1782,-261977.9243,42781.2539,503.6076,1008.8259
-304456.5544,-261864.324,42592.2305,490.1508,1080.3974
-304499.3903,-261926.8591,42572.5312,533.6435,1024.9482
-304525.6575,-261894.4621,42631.1953,511.3253,1032.6031
-304781.37,-262088.6669,42692.7031,499.3705,1112.468
-304897.5382,-261977.0304,42920.5078,516.0678,1062.7833
-304487.5426,-261856.5387,42631.0039,496.8673,1030.2094
-304717.9242,-262002.3382,42715.5859,504.787,1086.9396
-304500.4833,-261890.0575,42610.4258,505.3789,1022.6112
-304641.5822,-261858.9768,42782.6055,487.5413,1060.523
-304613.5004,-261891.645,42721.8555,472.1633,1037.2351
-304754.8704,-261796.5032,42958.3672,521.0532,1048.2456
-304687.3816,-261907.1199,42780.2617,482.7604,1107.1893
-304650.6771,-261864.6927,42785.9844,518.203,1048.0175
-304692.3901,-261966.2456,42726.1445,481.2743,1047.796
-304626.548,-261889.4309,42737.1172,475.4798,1044.4286
-304956.0907,-261995.0048,42961.0859,486.5876,1061.3287
-304497.8606,-261862.2707,42635.5898,506.4531,1072.6647
-304766.2635,-262045.2127,42721.0508,523.4069,1092.1883
-304704.1922,-262031.786,42672.4062,510.7671,1070.6347
-304769.2865,-261982.306,42786.9805,516.9068,1024.6282
-304745.2729,-261902.0151,42843.2578,507.2198,1071.8829
-304625.5667,-261863.9378,42761.6289,469.9059,1021.5774
-304794.2712,-261950.2399,42844.0312,526.1965,1037.6916
-304516.1683,-261975.891,42540.2773,527.2453,1024.8828
-304724.8503,-261946.0574,42778.793,530.1186,1018.6547
-304437.1044,-261984.6239,42452.4805,528.1822,1090.0327
-304600.4912,-261903.6904,42696.8008,533.5827,1019.2687
-304644.1541,-261968.8494,42675.3047,532.3626,1054.2262
-304599.089,-261952.464,42646.625,526.2412,1063.694
-304853.8546,-262061.7296,42792.125,487.5165,1080.4165
-304680.08,-261853.6933,42826.3867,517.2911,1067.0199
-304760.5887,-261975.3816,42785.207,473.3796,1018.2955
-304616.4607,-261890.0857,42726.375,494.3352,1045.9543
-304710.7931,-261956.3751,42754.418,523.307,1031.1453
-304593.9492,-261987.6445,42606.3047,513.5611,1046.9942
-304540.5227,-261937.7219,42602.8008,523.2557,1080.2765
-304527.1115,-261991.4944,42535.6172,464.3306,1058.7146
-304701.3555,-261943.9102,42757.4453,499.5374,1015.8287
-304658.6599,-261951.5584,42707.1016,481.4718,1082.3567
-304511.6572,-261985.9892,42525.668,526.2427,1097.4332
-304781.9312,-261946.0367,42835.8945,492.2925,1059.422
-304654.6489,-261960.8012,42693.8477,499.3751,1090.1856
-304365.497,-261755.5204,42609.9766,481.141,1042.0966
-304654.9527,-261940.2105,42714.7422,492.0935,1007.6397
-304573.4184,-261918.477,42654.9414,525.7593,1066.5389
-304446.4467,-261897.2748,42549.1719,518.99,1065.9178
-304639.5994,-261840.3963,42799.2031,526.0142,1032.5019
-304726.493,-261956.7742,42769.7188,492.8693,1057.1068
-304847.4593,-261935.0101,42912.4492,503.0383,1052.5971
-304569.9524,-261912.4915,42657.4609,483.4467,1081.4126
-304429.9313,-261908.5915,42521.3398,498.3361,1055.5604
-304686.7915,-261908.3501,42778.4414,523.9016,1058.5061
-304816.5919,-261897.0411,42919.5508,503.6279,1043.2603
-304625.6492,-261904.4461,42721.2031,478.4213,1003.1381
-304710.1318,-261897.0029,42813.1289,468.7503,1015.0044
-304525.18,-261784.4182,42740.7617,490.198,1031.0516
-304810.3842,-261982.7162,42827.668,521.2909,1040.5924
-304554.1045,-261916.7295,42637.375,498.6954,1019.5775
-305012.6741,-262096.1546,42916.5195,505.7618,1013.7887
-304839.8095,-261949.8212,42889.9883,506.4653,1045.7401
-304824.8109,-261988.975,42835.8359,519.1881,1056.8154
-304896.2553,-261964.3998,42931.8555,476.9551,1028.47
-304625.7571,-261958.0384,42667.7188,474.9712,1048.3269
-304624.2846,-261881.437,42742.8477,492.0544,1050.453
-304601.0697,-261994.6165,42606.4531,505.6568,990.8899
-304788.1033,-261919.8026,42868.3008,484.3066,1036.9426
-304547.8854,-261806.7878,42741.0977,511.115,1027.9839
-304781.0061,-261985.0335,42795.9727,487.2308,1057.4478
-304625.9554,-261933.5453,42692.4102,530.8727,1023.3627
-304666.8901,-261956.226,42710.6641,508.1653,1037.597
-304395.2332,-261881.7918,42513.4414,492.3549,1063.6449
-304521.5614,-261884.4286,42637.1328,475.736,1009.8564
-304470.5391,-261862.8985,42607.6406,499.7853,1074.7286
-304437.5297,-261902.8422,42534.6875,505.3399,1076.8879
-304553.3847,-261852.0254,42701.3594,446.6432,1033.9663
-304670.4573,-261864.5901,42805.8672,502.3199,1026.8439
-304663.3576,-261899.4045,42763.9531,490.525,1102.1423
-304871.7902,-261931.466,42940.3242,511.8992,1027.2766
-304581.9339,-261866.0667,42715.8672,515.5705,1043.5905
-304577.5254,-261935.4199,42642.1055,525.4811,1055.663
-304713.1082,-261882.6004,42830.5078,507.1233,1003.0663
-304750.8936,-261900.7686,42850.125,524.0065,1044.9037
-304585.3332,-261934.6535,42650.6797,495.6783,1068.658
-304572.3149,-261874.6626,42697.6523,494.2368,1067.3293
-304784.1314,-261965.6431,42818.4883,520.566,1074.0694
-304508.1549,-261999.9128,42508.2422,492.0971,1059.2834
-304796.1279,-261919.0263,42877.1016,509.6523,1066.6761
-304779.444,-261904.8307,42874.6133,502.0933,1075.9174
-304645.0678,-261989.7553,42655.3125,490.3758,1045.1855
-304563.9237,-261938.6815,42625.2422,512.7926,1021.6898
-304846.2946,-261926.8727,42919.4219,504.2222,1041.6378
-304659.5718,-261885.0874,42774.4844,522.3402,1029.0338
-304594.7484,-261872.6391,42722.1094,483.9489,1015.9119
-304999.6334,-261931.6803,43067.9531,490.8236,1046.7064
-304667.782,-261945.3992,42722.3828,483.0432,1045.0938
-304391.0151,-261922.3549,42468.6602,505.9869,1059.2344
-304589.3921,-261922.3687,42667.0234,528.3495,1032.4878
-304435.7219,-261978.7648,42456.957,545.0097,1052.2231
-304466.2246,-261916.6581,42549.5664,497.876,1030.6248
-304592.2746,-261911.0832,42681.1914,489.3856,1057.9364
-304540.8892,-261933.1158,42607.7734,497.0156,1067.0857
-304712.186,-262019.4516,42692.7344,497.4175,1044.2826
-304616.3045,-261974.535,42641.7695,528.7117,1039.2301
-304682.8147,-261913.8225,42768.9922,509.4783,1046.1245
-304582.4446,-261896.3352,42686.1094,489.7428,1056.1779
-304581.7428,-261956.1999,42625.543,519.1863,1051.1671
-304656.7513,-262012.2396,42644.5117,487.2275,1042.2697
-304616.0768,-261958.5456,42657.5312,465.4082,1038.7802
-305000.0628,-261971.0902,43028.9727,527.8598,1069.2753
-304415.1631,-261844.3701,42570.793,485.6099,1021.6239
-304606.1526,-261769.2151,42836.9375,498.2771,1039.004
-304561.1824,-261836.5886,42724.5938,494.9393,1052.8034
-304500.2427,-261863.7701,42636.4727,530.338,1072.9088
-304535.0892,-261882.9955,42652.0938,496.9771,1042.3924
-304649.6255,-261978.4927,42671.1328,488.7526,1055.8241
-304790.4538,-262022.3718,42768.082,474.6641,1067.0124
-304565.0847,-261895.7566,42669.3281,487.2828,1074.4219
-304576.9268,-261851.1495,42725.7773,500.4383,1059.6304
-304919.2325,-261854.4122,43064.8203,480.0927,1038.2428
-304490.8383,-261884.4516,42606.3867,491.1225,1056.3915
-304707.5812,-261903.3312,42804.25,533.1351,1052.3579
-304623.0278,-261865.2895,42757.7383,486.2416,1036.1939
-304686.4601,-261960.4718,42725.9883,493.3701,1022.4139
-304661.8612,-261915.2752,42746.5859,481.9589,1017.9168
-304395.4298,-261911.6095,42483.8203,476.1721,1026.5697
-304653.726,-261856.4213,42797.3047,531.959,1034.9379
-304642.5677,-262019.7434,42622.8242,489.5248,1052.687
-304628.8533,-261921.9236,42706.9297,539.3113,1028.3262
-304553.2742,-261835.5321,42717.7422,523.4191,1049.6007
-304618.3504,-261993.5457,42624.8047,506.7537,1049.1456
-304444.2299,-261954.9487,42489.2812,462.0546,1019.2887
-304646.9165,-261989.3814,42657.5352,485.5075,1017.003
-304635.2268,-261953.1487,42682.0781,494.5105,1059.0556
-304205.1693,-261808.6889,42396.4805,506.0853,1063.6354
-304480.4977,-261917.1813,42563.3164,510.9118,1023.2789
-304579.2709,-261883.974,42695.2969,506.8934,1059.1872
-304804.379,-261957.3282,42847.0508,548.7233,1018.1548
-304426.9103,-261826.3244,42600.5859,509.8292,1028.294
-304466.9513,-261928.5177,42538.4336,500.3238,1054.5575
-304534.191,-261884.1402,42650.0508,529.386,1039.3422
-304663.7159,-262039.5753,42624.1406,509.7158,1081.3143
-304868.0417,-262005.8659,42862.1758,534.6296,1009.2683
-304646.5191,-261997.2105,42649.3086,465.1316,1038.473
-304626.0078,-262046.2188,42579.7891,495.3206,978.6044
-304556.3166,-261981.0002,42575.3164,523.1795,1036.9597
-304585.7329,-261946.5024,42639.2305,510.5346,1021.0529
-304624.2509,-262005.9345,42618.3164,466.2889,999.8381
-304449.5977,-261896.5782,42553.0195,531.8646,1038.8707
-304665.8202,-261938.2186,42727.6016,505.1648,1014.4954
-304750.4772,-261937.5358,42812.9414,489.0135,1040.4225
-304335.5321,-261836.3251,42499.207,475.3253,1010.7643
-304722.7366,-261955.8655,42766.8711,507.8238,1025.5261
-304534.4897,-261836.4975,42697.9922,476.4594,1051.8228
-304558.1593,-261877.878,42680.2812,514.3009,1057.2816
-304805.7684,-261996.8543,42808.9141,509.8681,1030.6726
-304724.9167,-261903.4753,42821.4414,492.2764,1052.1518
-304451.5757,-261877.8413,42573.7344,484.3198,1033.9371
-304737.8025,-261928.197,42809.6055,500.492,1039.0951
-304640.5646,-261947.1193,42693.4453,517.7097,1037.0492
-304461.8786,-261797.9333,42663.9453,500.4116,1046.1314
-304479.993,-261935.2391,42544.7539,490.2944,1064.7634
-304490.4813,-261969.9657,42520.5156,521.7509,1077.276
-304638.7977,-261921.2821,42717.5156,504.8147,1014.6872
-304690.7417,-261927.5816,42763.1602,473.6466,1046.7963
-304318.9986,-261831.4088,42487.5898,495.8989,1038.9911
-304361.0672,-261991.0164,42370.0508,493.1802,1050.2788
-304518.335,-261945.6748,42572.6602,486.8214,1001.7048
-304543.949,-261875.8631,42668.0859,488.3465,1002.2067
-304726.3318,-261918.4685,42807.8633,506.8981,954.4534
-304663.1209,-261976.1404,42686.9805,509.6297,1049.6402
-304867.271,-262068.146,42799.125,540.1464,1057.7502
-304514.32,-261996.277,42518.043,514.4692,1062.831
-304503.9061,-261845.4725,42658.4336,504.7067,1069.0518
-304659.0433,-262002.0433,42657.0,516.3142,1054.577
-304635.8987,-261873.1096,42762.7891,515.9674,1053.6771
-304529.9883,-261888.5742,42641.4141,496.4398,1046.2534
-304491.0871,-261894.591,42596.4961,527.1479,1039.2491
-304521.4664,-261991.3219,42530.1445,485.9243,1077.9934
-304422.7649,-261938.6712,42484.0938,501.566,1025.0805
-304823.1324,-261949.0738,42874.0586,482.2099,1014.4904
-304556.3321,-261948.2735,42608.0586,519.5081,1028.1188
-304557.4115,-261944.7631,42612.6484,504.6835,1038.1117
-304663.4825,-261987.9786,42675.5039,499.4494,1038.5498
-304589.8635,-262007.0276,42582.8359,471.5275,1069.3189
-304679.6006,-261952.9404,42726.6602,484.1934,1009.9152
-304590.732,-262005.5015,42585.2305,499.7228,1030.4495
-304323.4476,-261823.8851,42499.5625,506.3972,1032.7134
-304420.0351,-261962.7343,42457.3008,496.2725,1052.8026
-304550.8666,-261927.7416,42623.125,501.2994,1095.8626
-304670.6057,-261909.9729,42760.6328,509.5733,1049.8043
-304755.7061,-261966.0928,42789.6133,500.6611,979.0271
-304584.5377,-261873.065,42711.4727,464.5499,1052.67
-304500.6573,-261934.2471,42566.4102,520.1209,1039.0037
-304790.8965,-261957.3144,42833.582,494.7942,1057.2411
-304616.9575,-262036.7661,42580.1914,492.4,1074.3514
-304691.4634,-261935.2759,42756.1875,534.4542,1042.8229
-304422.4148,-261902.1414,42520.2734,489.5341,1028.7082
-304474.5342,-261862.6788,42611.8555,525.0113,1068.8233
-304646.7169,-261979.4044,42667.3125,506.0603,1037.3906
-304469.6243,-261924.472,42545.1523,506.0792,1045.092
-304707.9324,-261878.9206,42829.0117,497.5119,1003.3587
-304679.3705,-261961.2103,42718.1602,470.7412,1070.8289
-304370.3918,-261957.6574,42412.7344,504.3695,1052.997
-304464.6005,-261873.0028,42591.5977,497.3539,1059.9419
-304570.632,-261961.2804,42609.3516,488.3968,1088.1947
-304685.3909,-261992.8284,42692.5625,510.639,1091.3928
-304634.9978,-261999.6501,42635.3477,477.8097,1063.4619
-304770.3504,-262010.241,42760.1094,514.1633,1045.3432
-304904.7144,-261910.441,42994.2734,460.5569,1032.1597
-304791.0003,-261966.3011,42824.6992,495.4149,1061.8396
-304489.2549,-261970.1845,42519.0703,490.9774,1040.6832
-304590.7526,-261915.7565,42674.9961,473.0409,1008.6891
-304723.571,-261961.6726,42761.8984,533.31,1007.5646
-304591.7352,-261924.368,42667.3672,496.2819,1041.041
-304471.2001,-261889.9735,42581.2266,499.3901,1048.7658
-304551.5062,-261943.6742,42607.832,530.0891,1051.3268
-304485.2787,-261898.3763,42586.9023,548.4983,1048.9347
-304749.0589,-261987.9495,42761.1094,481.3801,1056.2685
-304590.6112,-261933.6698,42656.9414,519.1133,985.6938
-304705.6847,-261974.7081,42730.9766,463.2923,1036.968
-304582.0203,-261969.7977,42612.2227,509.3174,1028.1039
-304805.2326,-262004.3576,42800.875,506.8018,1048.109
-304890.3134,-262028.1454,42862.168,525.0728,1037.9561
-304843.3109,-262083.4047,42759.9062,515.6048,1012.402
-304455.976,-261864.851,42591.125,482.8783,1038.5287
-304905.7162,-261965.7826,42939.9336,520.3311,989.7724
-304629.885,-261935.6389,42694.2461,520.1607,996.8083
-304550.5126,-261865.3955,42685.1172,511.7042,1014.2471
-304664.5567,-261971.2676,42693.2891,493.9685,996.1083
-304650.6428,-261930.8108,42719.832,477.9233,1056.4377
-304756.3218,-262029.5171,42726.8047,489.2029,1024.2155
-304525.1986,-261975.1712,42550.0273,510.4529,1059.3798
-304561.554,-261849.4134,42712.1406,514.3291,1045.1342
-304716.9454,-261945.8556,42771.0898,497.7254,1038.0276
-304455.9168,-261927.2762,42528.6406,523.4861,1032.8955
-304628.021,-261912.521,42715.5,496.8752,1034.5744
-304774.8705,-261928.2104,42846.6602,484.1219,1016.0718
-304880.0926,-261953.4324,42926.6602,531.5777,1027.914
-304819.5595,-261995.7001,42823.8594,515.6477,1030.9863
-304605.2085,-262030.0366,42575.1719,509.0146,1070.1598
-304417.5067,-261822.0574,42595.4492,519.8037,1035.8029
-304546.1495,-261927.4737,42618.6758,501.7088,1052.4967
-304674.7363,-261929.6465,42745.0898,528.1734,1059.9124
-304595.5324,-262051.1457,42544.3867,484.8565,1072.8026
-304339.6705,-261903.526,42436.1445,494.675,1063.3451
-304604.1713,-261926.8197,42677.3516,492.8708,1069.1701
-304678.0638,-261907.1106,42770.9531,505.4294,1048.8451
-304496.6597,-261964.6519,42532.0078,486.4736,1094.7484
-304603.2303,-261957.0623,42646.168,508.1737,1031.1416
-304876.8624,-261965.3429,42911.5195,513.8323,1032.0005
-304356.8891,-261937.8735,42419.0156,507.5305,1081.1903
-304264.5627,-261829.8244,42434.7383,502.7551,1020.4777
-304857.841,-261969.9621,42887.8789,533.4687,1032.2629
-304536.5933,-261942.7456,42593.8477,491.2927,1045.8266
-304823.6148,-261987.4234,42836.1914,497.7211,1040.3095
-304501.1459,-261942.9154,42558.2305,505.0338,1040.568
-304831.0907,-262012.5125,42818.5781,507.9042,1070.2123
-304498.2388,-261852.5669,42645.6719,491.6095,1049.268
-304755.2279,-262065.7982,42689.4297,496.9681,1071.4271
-304499.7152,-261888.641,42611.0742,503.0744,988.2537
-304561.168,-262022.9258,42538.2422,547.7392,1060.5259
-304769.0667,-261979.0121,42790.0547,469.5943,1056.4954
-304775.4547,-261798.7555,42976.6992,471.8459,1055.2407
-304745.7628,-261903.9699,42841.793,492.1253,1046.0699
-304696.575,-262027.0282,42669.5469,459.9889,1066.2101
-304789.2183,-261969.2378,42819.9805,520.2864,1005.6216
-304639.4274,-261908.697,42730.7305,507.8903,1033.4616
-304746.8807,-261809.6424,42937.2383,507.464,1080.466
-304584.2861,-261984.2471,42600.0391,509.0235,1055.2628
-304722.8953,-261955.7351,42767.1602,532.0647,1066.1464
-304546.6649,-261885.786,42660.8789,508.0645,1036.2164
-304475.2346,-261841.5783,42633.6562,511.6247,1041.2184
-304614.8657,-261926.9477,42687.918,500.8469,1025.5656
-304804.5181,-261873.354,42931.1641,504.621,1052.4363
-304495.2267,-261874.9728,42620.2539,513.5054,1076.7946
-304456.236,-261867.9274,42588.3086,469.4328,1053.9062
-304723.8226,-261951.6976,42772.125,492.151,1064.8792
-304499.2813,-261951.2969,42547.9844,495.8924,1048.8065
-304927.7343,-261973.914,42953.8203,476.2986,1079.5947
-304694.9819,-261929.9077,42765.0742,520.4676,1047.5643
-304460.8622,-261927.3192,42533.543,498.4012,1036.0592
-304676.3061,-261831.7515,42844.5547,512.8055,1024.5465
-304561.0893,-261932.9878,42628.1016,484.6243,1053.6262
-304690.7855,-261959.7933,42730.9922,452.0656,1035.9119
-304754.1975,-261927.6819,42826.5156,490.5092,1086.0245
-304855.1825,-262023.7215,42831.4609,509.3912,1112.2685
-304622.7395,-261954.6849,42668.0547,521.8033,1015.7148
-304743.2591,-261988.9427,42754.3164,507.4553,1048.8776
-304631.5538,-261886.3272,42745.2266,523.9111,1000.0294
-304653.501,-261851.6025,42801.8984,518.2411,1056.8399
-304648.5689,-261940.3814,42708.1875,481.944,1053.6476
-304715.002,-261999.8887,42715.1133,504.0428,1075.094
-304680.1249,-261933.7968,42746.3281,520.4475,1039.602
-304628.5258,-261875.2953,42753.2305,485.0985,1046.711
-304492.751,-261894.1104,42598.6406,519.4933,1032.342
-304666.267,-261776.6967,42889.5703,495.899,1040.3932
-304451.6456,-261886.9425,42564.7031,511.0675,1054.6681
-304521.6345,-261938.0525,42583.582,531.4901,1068.4308
-304624.9682,-261881.1987,42743.7695,502.3482,1041.3394
-304513.6165,-261932.4876,42581.1289,485.7545,992.962
-304699.6653,-261919.7551,42779.9102,516.7361,1089.8538
-304908.1528,-261981.0864,42927.0664,534.139,1033.1172
-304696.919,-261910.1026,42786.8164,497.1413,1050.391
-304887.0134,-261967.2673,42919.7461,512.5428,1051.4434
-304594.348,-261930.1956,42664.1523,511.7335,1040.8975
-304626.4775,-261970.833,42655.6445,455.3089,1039.3338
-304834.3119,-261973.8588,42860.4531,480.0978,1052.4729
-304730.8038,-261957.4249,42773.3789,515.6805,1085.8067
-304844.1231,-261957.4473,42886.6758,471.233,1063.2423
-304722.2007,-261966.4468,42755.7539,506.1406,1056.4357
-304634.976,-261879.476,42755.5,496.4192,1020.239
-304750.2255,-261949.7607,42800.4648,490.9814,1010.5677
-304626.9033,-261944.79,42682.1133,533.3813,1038.0243
-304545.8201,-261912.2927,42633.5273,516.707,1096.9217
-304596.6025,-261959.2822,42637.3203,523.7122,1057.3009
-304669.5318,-261934.3912,42735.1406,465.434,1048.9538
-304592.7668,-261924.3683,42668.3984,510.1516,1035.6005
-304508.2253,-261945.3503,42562.875,502.1543,1076.6078
-304702.8104,-261999.5643,42703.2461,496.8667,1041.9958
-304800.1495,-261978.2354,42821.9141,522.1131,1009.8268
-304800.4093,-261930.0187,42870.3906,484.3095,1026.0062
-304726.2291,-262008.5104,42717.7188,460.7715,1077.0948
-304775.5356,-261968.0122,42807.5234,487.5194,1056.1799
-304640.1757,-261960.1835,42679.9922,516.6718,1028.0525
-304409.5932,-261938.4604,42471.1328,495.8899,1048.3811
-304484.6675,-261901.98,42582.6875,485.814,1056.961
-304413.6801,-261963.645,42450.0352,485.7628,1060.2673
-304724.4821,-261784.7751,42939.707,488.3682,1042.1039
-304537.9881,-261963.2928,42574.6953,473.8497,1026.9551
-304533.9019,-261961.6636,42572.2383,491.2814,1044.2708
-304536.6358,-261856.8389,42679.7969,496.0119,1053.2917
-304568.3428,-261956.7685,42611.5742,496.8998,1066.8308
-304731.7573,-261920.6909,42811.0664,502.1495,1036.5815
-304605.4314,-261924.3181,42681.1133,502.5456,1080.4987
-304819.985,-261992.1998,42827.7852,484.1999,1056.3322
-304538.6887,-261836.2394,42702.4492,519.0861,1077.9871
-304577.4272,-261956.4741,42620.9531,492.3046,1061.2007
-304508.235,-261917.9772,42590.2578,513.7778,1063.4421
-304669.9484,-261900.5304,42769.418,517.7467,1005.5701
-304513.1096,-261963.6564,42549.4531,499.4555,1040.3978
-304638.7371,-261909.8934,42728.8438,475.6343,1075.3043
-304645.4045,-261886.5529,42758.8516,510.5845,1037.3507
-304684.7235,-261962.993,42721.7305,494.1192,1095.5047
-304744.5156,-261948.1718,42796.3438,481.9659,1019.255
-304381.0551,-261845.7426,42535.3125,513.3496,1083.6664
-304565.3106,-261896.3809,42668.9297,500.0374,1088.6134
-304817.3361,-262018.926,42798.4102,509.3899,1039.0933
-304667.3584,-261994.1435,42673.2148,502.4184,1058.1218
-304653.908,-261967.0212,42686.8867,490.4744,1053.5725
-304650.8245,-261938.8518,42711.9727,485.9302,1072.2084
-304560.6953,-261924.3555,42636.3398,505.7815,1026.6399
-304738.8115,-261967.6982,42771.1133,503.7628,1081.1339
-304517.7597,-261977.0488,42540.7109,501.5611,1047.5654
-304639.6193,-261981.588,42658.0312,501.1332,1057.4166
-304517.9313,-262050.0329,42467.8984,517.1624,1083.093
-304365.5868,-261800.7196,42564.8672,487.8682,1026.0088
-304552.2593,-261871.521,42680.7383,519.2802,1072.0575
-304439.9589,-261879.0097,42560.9492,515.6673,1032.6792
-304737.438,-261968.9419,42768.4961,508.4328,1046.9715
-304643.9807,-261836.6838,42807.2969,499.4674,1067.3739
-304583.9951,-261946.0693,42637.9258,500.2326,1058.6659
-304665.3497,-262010.8575,42654.4922,517.5932,1071.3335
-304219.2318,-261785.8959,42433.3359,487.8191,1051.732
-304711.6375,-261900.3524,42811.2852,510.1559,1018.4644
-304604.2609,-261939.0655,42665.1953,486.4321,1046.9087
-304803.1994,-261891.754,42911.4453,464.6739,1002.3112
-304717.5431,-261989.5899,42727.9531,510.8689,1047.2305
-304494.1993,-261910.9376,42583.2617,489.8789,1045.8967
-304253.4857,-261836.3568,42417.1289,520.5831,1077.065
-304547.0247,-261814.4348,42732.5898,507.6876,1059.1146
-304818.9876,-261938.6712,42880.3164,490.3251,1072.1867
-304606.3915,-261894.5595,42711.832,507.4663,1024.6155
-304618.8487,-261895.2589,42723.5898,513.4349,1050.2079
-304503.6363,-261897.0035,42606.6328,507.6847,1053.5195
-304715.9386,-261933.1496,42782.7891,497.3277,1122.7998
-304781.3165,-261989.6915,42791.625,458.476,1013.0654
-304465.0297,-261833.1,42631.9297,520.815,1053.2006
-304715.0861,-262066.1213,42648.9648,477.4777,1066.7549
-304727.1958,-261913.0591,42814.1367,500.2408,1048.3039
-304522.3578,-261923.1859,42599.1719,515.2051,1016.4225
-304703.4674,-261954.4323,42749.0352,503.7015,1053.6009
-304588.576,-261907.1736,42681.4023,496.8107,1054.227
-304540.8111,-261941.9322,42598.8789,494.7556,1074.8658
-304344.0367,-261776.8101,42567.2266,504.1953,1049.0874
-304657.6804,-261895.5749,42762.1055,495.323,1074.7581
-304452.4428,-261806.3725,42646.0703,470.7831,1032.4434
-304528.0415,-261909.147,42618.8945,475.425,1050.671
-304753.5428,-261855.4178,42898.125,504.7563,1001.9219
-304583.1733,-261908.9701,42674.2031,512.4299,1063.4413
-304552.0168,-261923.3293,42628.6875,540.7275,1019.5838
-304426.4894,-261824.1925,42602.2969,488.7006,1053.4983
-304526.6209,-261851.5037,42675.1172,499.7358,1027.4679
-304613.4263,-261958.9615,42654.4648,516.7135,1073.5729
-304585.7713,-261980.6697,42605.1016,519.0828,1091.1445
-304472.8023,-261912.689,42560.1133,477.7831,1042.3814
-304308.4064,-261807.008,42501.3984,479.9465,1037.9981
-304747.7936,-261981.6334,42766.1602,491.9392,1029.1556
-304641.7158,-261916.2705,42725.4453,469.8936,1079.9989
-304690.6378,-261896.5792,42794.0586,489.0793,1038.4251
-304632.9477,-261943.811,42689.1367,472.938,1025.8317
-304447.0396,-261925.86,42521.1797,547.439,1029.3259
-304641.8534,-261990.3534,42651.5,510.3392,1032.2245
-304613.6346,-262021.4862,42592.1484,486.9079,1013.2467
-304638.6106,-261870.4231,42768.1875,494.6494,1053.5812
-304730.2158,-261935.1494,42795.0664,487.0819,1048.0161
-304745.8357,-261971.5662,42774.2695,501.9443,1048.3916
-304738.6558,-261892.1519,42846.5039,488.3431,1013.6051
-304725.094,-261989.7463,42735.3477,515.2959,1067.0243
-304822.2684,-261924.9442,42897.3242,518.944,1040.3666
-304588.6864,-261905.6708,42683.0156,484.8556,1055.6171
-304493.6467,-261916.9826,42576.6641,537.1099,1046.2989
-304589.476,-261862.5619,42726.9141,472.9477,1044.526
-304728.2464,-261970.4261,42757.8203,483.0383,1034.9011
-304464.5788,-261916.9421,42547.6367,510.8611,1055.4967
-304606.1107,-261997.8919,42608.2188,529.9708,1069.7735
-304851.0102,-262022.7563,42828.2539,491.5306,1029.0377
-304563.6909,-262095.3315,42468.3594,505.6067,1046.6199
-304591.8847,-261967.9042,42623.9805,519.9445,1045.0188
-304590.7054,-261865.8811,42724.8242,499.8101,1035.2085
-304782.4809,-261984.1645,42798.3164,504.9392,1075.4201
-304766.6379,-261970.8215,42795.8164,488.4417,1045.187
-304657.4943,-261977.9396,42679.5547,485.2271,1043.3227
-304929.7005,-262037.1965,42892.5039,544.9272,1046.2692
-304588.4935,-261983.1341,42605.3594,497.7378,1024.4553
-304416.839,-261853.7726,42563.0664,528.9589,1050.8837
-304682.3578,-262001.0883,42681.2695,484.4359,1038.5113
-304710.2861,-261967.7548,42742.5312,493.2537,1040.2634
-304679.3173,-261942.7587,42736.5586,510.9364,1046.6742
-304756.4683,-261928.3238,42828.1445,488.9789,1017.5958
-304777.0798,-262010.3025,42766.7773,501.628,1010.1687
-304826.2301,-261982.9645,42843.2656,509.3226,1046.5868
-304749.8563,-261987.0868,42762.7695,495.2364,1019.2184
-304632.2877,-261955.9635,42676.3242,499.3236,1070.74
-304525.2268,-261960.176,42565.0508,487.5377,1044.672
-304777.4894,-261985.6925,42791.7969,479.1922,1041.2932
-304714.6796,-262025.4335,42689.2461,542.2571,1050.3252
-304646.2109,-261870.6562,42775.5547,483.8442,1055.6342
-304468.4623,-261948.4271,42520.0352,499.6635,1069.483
-304575.6454,-261874.3016,42701.3438,512.8879,1063.485
-304451.6645,-261920.059,42531.6055,519.3422,1057.1402
-304569.9344,-261951.3328,42618.6016,513.0804,1053.6509
-304657.1634,-262069.058,42588.1055,493.3927,1072.7731
-304612.2261,-261926.2886,42685.9375,497.2388,1041.6919
-304597.2055,-261875.8227,42721.3828,503.5713,1040.8072
-304618.478,-261978.2436,42640.2344,520.3242,1059.2169
-304701.9131,-261927.0225,42774.8906,509.4962,1055.9819
-304698.4525,-261821.8158,42876.6367,503.9158,970.4469
-304544.2167,-261936.7206,42607.4961,518.0162,1054.3612
-304380.5155,-261923.2811,42457.2344,498.1258,1076.5674
-304651.2138,-261947.3232,42703.8906,502.8091,1020.5663
-304726.5782,-261914.34,42812.2383,462.1878,1036.7835
-304525.1885,-261960.7275,42564.4609,486.2594,1036.8962
-304594.9972,-261862.5831,42732.4141,477.4103,989.2512
-304689.6043,-261998.1473,42691.457,467.7631,1058.1
-304599.9186,-261909.0241,42690.8945,511.4809,1083.3844
-304428.4866,-261930.1546,42498.332,524.077,1047.6619
-304583.7743,-261881.1141,42702.6602,467.2141,1053.6505
-304750.8038,-262044.8819,42705.9219,470.4615,1031.3843
-304594.7119,-261961.3252,42633.3867,501.7134,997.3774
-304499.0771,-261974.1825,42524.8945,503.5479,1068.119
-304473.644,-261869.9213,42603.7227,523.5987,976.8437
-304569.7738,-261952.7738,42617.0,471.8401,1019.9792
-304402.8281,-261919.457,42483.3711,498.1442,1086.0721
-304659.8449,-261901.7903,42758.0547,489.1826,986.4248
-304450.0156,-261946.4258,42503.5898,473.9062,1003.457
-304551.0861,-261857.1174,42693.9688,508.3253,1025.7155
-304474.203,-261823.1718,42651.0312,485.6575,1052.2785
-304510.5125,-261869.45,42641.0625,486.9451,1019.7765
-304497.5752,-261920.6455,42576.9297,528.4951,1018.6547
-304540.0393,-261880.9182,42659.1211,480.2503,1037.2877
-304525.084,-261965.7871,42559.2969,536.5455,999.7411
-304517.0968,-261984.7687,42532.3281,467.639,1064.2903
-304587.4103,-261935.1134,42652.2969,493.6759,1045.8245
-304694.7367,-261972.7016,42722.0352,487.7957,1010.8425
-304627.6857,-261890.7912,42736.8945,500.1878,1011.1674
-304722.584,-261950.1387,42772.4453,495.3634,1001.4359
-304412.5953,-261847.4585,42565.1367,469.3838,1024.9704
-304692.6917,-261942.344,42750.3477,506.8568,1057.5203
-304427.2972,-261939.3714,42487.9258,538.9608,1090.2554
-304864.4972,-261999.0323,42865.4648,505.5021,1011.077
-304679.3629,-261920.7145,42758.6484,483.5927,1039.2475
-304716.9938,-261925.7829,42791.2109,508.2204,1019.7467
-304766.9346,-261988.083,42778.8516,513.8949,1036.7397
-304489.9152,-261972.5871,42517.3281,506.3638,1044.1681
-304689.3645,-261964.8997,42724.4648,484.7376,1002.344
-304691.585,-261922.3077,42769.2773,529.6481,1066.6319
-304557.6401,-261946.5425,42611.0977,489.4432,1057.5436
-304523.4257,-261912.9413,42610.4844,473.2021,1065.0561
-304830.7113,-261922.6645,42908.0469,502.2316,1062.22
-304720.3884,-262026.111,42694.2773,487.8505,1062.7635
-304652.3776,-261980.5573,42671.8203,501.8068,1056.5677
-304673.7943,-261990.1888,42683.6055,491.8886,1082.8508
-304507.1584,-261884.0725,42623.0859,476.9449,1075.3813
-304756.5966,-261965.8818,42790.7148,526.1679,1035.7441
-304427.2498,-261926.66,42500.5898,505.3723,1045.2919
-304585.7128,-261882.4745,42703.2383,534.9682,1058.7436
-304633.1022,-261907.6803,42725.4219,530.8973,1129.3917
-304490.753,-261858.3545,42632.3984,505.4897,1047.0137
-304556.6385,-261799.2987,42757.3398,528.7601,1042.0678
-304558.9986,-261916.0143,42642.9844,507.009,1052.5536
-304667.362,-261906.2136,42761.1484,472.3109,1053.4004
-304680.8215,-261965.384,42715.4375,472.3169,1102.5031
-304811.3077,-261946.8819,42864.4258,494.174,1051.1247
-304594.5188,-261924.7492,42669.7695,450.0533,1056.5823
-304302.1464,-261898.4355,42403.7109,500.5286,1070.3855
-304653.3246,-261946.598,42706.7266,534.9118,1049.921
-304833.8355,-261953.3746,42880.4609,498.7747,1030.9024
-304694.5825,-261836.6841,42857.8984,535.1516,1035.0943
-304613.1117,-261985.6938,42627.418,500.1162,1107.584
-304648.3154,-261972.5029,42675.8125,538.0882,1021.8013
-304581.6162,-261911.374,42670.2422,489.4754,1054.2526
-304890.3854,-261982.5924,42907.793,496.3548,1028.7348
-304749.4698,-261977.1534,42772.3164,478.2753,1045.5124
-304596.5249,-261946.1773,42650.3477,527.9412,1055.6972
-304624.7287,-261882.1623,42742.5664,511.0186,1082.9365
-304676.4416,-261903.9846,42772.457,483.9987,1081.1446
-304595.6924,-262055.3799,42540.3125,478.0196,1049.4113
-304626.847,-261994.7767,42632.0703,511.6811,1093.2435
-304516.574,-261857.785,42658.7891,489.2393,1045.5006
-304725.5965,-261891.4637,42834.1328,489.5675,1011.3065
-304540.6643,-261862.6526,42678.0117,463.4539,1046.7825
-304439.1693,-261908.3998,42530.7695,521.3388,1070.6194
-304700.1385,-261994.0291,42706.1094,506.6065,1056.704
-304672.7904,-261880.1341,42792.6562,511.1758,1091.2422
-304565.5085,-261933.9304,42631.5781,483.9609,1013.4393
-304682.0198,-261953.3831,42728.6367,503.4469,1069.2133
-304543.0761,-261946.6269,42596.4492,481.5425,1033.8558
-304566.4739,-262021.0091,42545.4648,510.6945,1090.6868
-304515.1539,-261895.7867,42619.3672,510.6572,1099.0561
-304514.3693,-262006.9552,42507.4141,507.1795,1077.6965
-304577.4736,-262047.0283,42530.4453,500.4954,1076.1363
-304602.7848,-261882.1793,42720.6055,508.1067,1027.7683
-304662.6194,-261969.4241,42693.1953,509.2069,1083.7068
-304339.8404,-261820.4419,42519.3984,484.8171,1087.01
-304674.1759,-261931.2345,42742.9414,489.3749,1062.1307
-304567.8307,-261925.1901,42642.6406,501.4946,1048.4736
-304744.015,-262007.9056,42736.1094,472.7231,1047.7666
-304693.4876,-261856.39,42837.0977,501.3552,1069.3032
-304582.5813,-261912.8703,42669.7109,523.2197,1049.3215
-304834.0703,-261999.336,42834.7344,513.3499,1027.1108
-304719.4123,-261944.7522,42774.6602,504.3705,1018.2676
-304552.0079,-261884.2774,42667.7305,493.6396,1050.5906
-304710.8689,-262025.154,42685.7148,475.8712,1090.8237
-304604.1029,-261918.5873,42685.5156,483.6656,1075.2408
-304561.757,-261853.3742,42708.3828,521.7573,1025.5174
-304525.0703,-261974.5469,42550.5234,500.44,1021.4359
-304673.8596,-261981.8557,42692.0039,521.0538,1081.4444
-304692.2923,-261837.5149,42854.7773,512.0945,1031.7961
-304609.4813,-261865.3445,42744.1367,490.2841,1006.5344
-304665.3058,-261942.5598,42722.7461,477.9331,1064.4602
-304644.8022,-261882.9038,42761.8984,509.4587,1058.5413
-304422.48,-261933.3472,42489.1328,522.9348,1063.1723
-304548.4664,-261929.8414,42618.625,545.1429,1078.8788
-304745.6977,-261915.0531,42830.6445,522.6339,1036.2242
-304589.9245,-261925.1862,42664.7383,527.573,1052.8607
-304689.7634,-261808.7126,42881.0508,497.4868,1040.8545
-304894.1836,-261962.5938,42931.5898,517.1073,1039.4178
-304747.3647,-261992.7553,42754.6094,484.9508,1026.9099
-304583.0001,-261886.0197,42696.9805,486.3354,1022.5093
-304635.8046,-261878.453,42757.3516,488.7137,1053.2869
-304702.0787,-261927.2194,42774.8594,481.5462,1085.2115
-304827.7538,-261962.9999,42864.7539,470.796,1089.0865
-304653.256,-261901.2872,42751.9688,478.4933,1013.7286
-304619.6352,-261893.7563,42725.8789,522.1354,1062.2557
-304460.9935,-261942.0911,42518.9023,478.4094,1033.5793
-304705.2555,-261898.6345,42806.6211,503.8395,1041.9348
-304964.6812,-262033.3452,42931.3359,520.3076,1046.273
-304549.3371,-261882.0012,42667.3359,499.9314,1076.947
-304343.2764,-261890.2607,42453.0156,550.2957,1019.8778
-304668.124,-262010.6474,42657.4766,508.8167,1068.3173
-304426.0392,-261803.1525,42622.8867,515.8741,1082.9126
-304393.3456,-261847.9003,42545.4453,492.9484,1041.0423
-304699.6018,-262085.3635,42614.2383,516.9541,1042.4589
-304565.5245,-261938.6456,42626.8789,519.0889,1065.8202
-304582.0644,-261941.9902,42640.0742,506.8663,1055.31
-304751.8831,-261927.4456,42824.4375,520.0351,1014.1431
-304595.4328,-262001.9836,42593.4492,487.4944,1051.4327
-304605.6307,-261936.1541,42669.4766,486.149,1061.5203
-304645.6978,-261944.2329,42701.4648,527.9392,981.9702
-304702.1342,-261895.2943,42806.8398,511.2748,1034.7814
-304665.5662,-261924.1756,42741.3906,500.7962,1030.1236
-304475.4693,-261871.1411,42604.3281,504.372,1063.4147
-304782.4185,-261974.7896,42807.6289,494.2581,1027.3646
-304420.6918,-261848.0277,42572.6641,491.4601,1048.871
-304668.3031,-261975.2797,42693.0234,524.8992,1071.828
-304819.3853,-261962.3267,42857.0586,509.6003,1077.9615
-304758.7524,-261984.0805,42774.6719,481.6899,1046.8406
-304853.8816,-261944.3582,42909.5234,505.9459,1011.953
-304906.5633,-261980.8289,42925.7344,529.3987,1007.7022
-304406.4376,-261837.0782,42569.3594,480.3757,1080.2383
-304690.21,-261802.6085,42887.6016,499.457,1051.806
-304372.8558,-261894.4105,42478.4453,494.8625,1045.4068
-304564.2503,-261934.1097,42630.1406,500.0525,1053.0056
-304633.2267,-261898.547,42734.6797,495.7541,1057.2709
-305033.1025,-261999.0322,43034.0703,510.3539,1090.6526
-304729.6189,-261943.6892,42785.9297,500.1876,1063.6734
-304706.1838,-262005.3049,42700.8789,489.3266,1008.0703
-304692.4453,-262061.8555,42630.5898,487.2117,1042.5849
-304704.1744,-262046.8345,42657.3398,531.7468,1002.3043
-304873.7868,-261956.3962,42917.3906,460.0624,1029.1788
-304712.8689,-261907.8494,42805.0195,537.537,1000.4346
-304755.2399,-261924.1891,42831.0508,496.9401,1056.6435
-304411.4146,-261926.0045,42485.4102,479.3368,1054.1747
-304760.0753,-261991.462,42768.6133,497.2366,1041.8246
-304870.1314,-261978.1705,42891.9609,529.3287,1009.7216
-304358.9215,-261878.9059,42480.0156,528.0775,1061.8024
-304591.3839,-261851.712,42739.6719,508.09,1025.9222
-304541.7854,-261949.6878,42592.0977,522.142,1068.9973
-304519.9083,-261941.799,42578.1094,541.821,1053.2825
-304512.6421,-261920.5679,42592.0742,507.8945,1083.2935
-304675.3522,-261911.4772,42763.875,495.1885,1019.9643
-304756.7436,-261999.4154,42757.3281,545.1979,1024.0419
-304501.3592,-261991.3045,42510.0547,494.5091,1054.5368
-304577.3168,-261981.4536,42595.8633,530.6188,1029.757
-304736.3205,-261979.297,42757.0234,478.4092,1065.0358
-304603.0377,-261950.5846,42652.4531,503.6783,1054.2847
-304607.036,-261878.9071,42728.1289,485.96,1010.7921
-304564.1502,-261959.1073,42605.043,479.9072,1008.93
-304643.888,-261944.9778,42698.9102,512.9661,1057.9928
-304604.0396,-261980.7466,42623.293,508.8288,1044.5618
-304799.2892,-261898.0666,42901.2227,504.1623,1055.4847
-304574.9746,-261789.4824,42785.4922,525.4228,1023.9349
-304393.1249,-261857.0702,42536.0547,532.7057,1004.4813
-304544.4241,-261871.2171,42673.207,482.7236,1063.8774
-304487.4376,-261771.3868,42716.0508,527.6391,1072.6164
-304424.2928,-261969.6835,42454.6094,472.3958,1103.1806
-304494.0417,-261876.7995,42617.2422,473.115,1036.3239
-304401.5353,-261905.4924,42496.043,494.001,1066.9058
-304888.6186,-262006.8725,42881.7461,471.4095,1048.1009
-304524.8082,-261943.4957,42581.3125,507.0195,1009.4579
-304769.6133,-261949.1953,42820.418,514.431,1043.1679
-304468.5616,-261881.9014,42586.6602,499.0619,1061.7618
-304538.8777,-261900.4246,42638.4531,474.9469,1027.4166
-304818.8776,-261896.4284,42922.4492,522.3127,1037.425
-304637.8117,-261899.8469,42737.9648,509.4382,984.2403
-304513.9904,-261957.5764,42556.4141,527.385,1016.0916
-304599.3504,-261985.1004,42614.25,497.6629,1011.8887
-304631.7419,-261913.9528,42717.7891,482.4776,1049.8703
-304667.4138,-261923.6208,42743.793,557.0389,1057.191
-304395.54,-261883.9932,42511.5469,515.9454,1016.1437
-304599.9722,-261988.648,42611.3242,528.1946,983.7723
-304536.6908,-261884.6673,42652.0234,464.8893,1020.6749
-304846.4201,-261959.9436,42886.4766,505.7491,1075.8875
-304425.9808,-261902.8441,42523.1367,511.3892,1057.8954
-304598.034,-261840.1395,42757.8945,516.8955,1031.8652
-304512.3007,-261889.3983,42622.9023,499.0275,1079.3716
-304626.9233,-261858.2006,42768.7227,517.0109,1024.4765
-304644.6709,-261951.3427,42693.3281,506.4534,1055.9945
-304706.4313,-261964.4977,42741.9336,508.6104,1058.9919
-304759.0343,-261859.0499,42899.9844,491.1937,1033.992
-304662.9129,-261972.2332,42690.6797,472.3613,1053.9477
-304745.299,-261949.8576,42795.4414,511.5945,1070.5776
-304382.0237,-261914.5745,42467.4492,496.3062,1019.2702
-304748.4529,-261905.0701,42843.3828,542.5789,1032.3604
-304669.5128,-261872.5323,42796.9805,488.0244,1048.4281
-304393.9647,-261841.16,42552.8047,525.8131,1052.7643
-304634.2743,-261912.3289,42721.9453,501.1693,1073.0088
-304740.9908,-261960.9556,42780.0352,514.7714,1038.6991
-304628.3781,-261885.8899,42742.4883,471.2028,1084.6875
-304416.826,-261878.8846,42537.9414,509.4392,1097.7104
-304936.0499,-262116.8077,42819.2422,491.945,1066.2057
-304483.4646,-261885.1755,42598.2891,493.2483,1059.7974
-304525.3991,-261953.903,42571.4961,504.7422,1036.4706
-304683.6688,-261960.6415,42723.0273,483.6442,1040.0944
-304581.4793,-261936.284,42645.1953,488.936,1064.8713
-304867.1333,-262047.2895,42819.8438,500.8472,1081.4925
-304674.6911,-261980.2145,42694.4766,526.6608,1039.3924
-304654.4015,-261870.0578,42784.3438,482.9071,1024.3497
-304517.87,-261901.1317,42616.7383,522.8399,1066.1354
-304391.1572,-261880.9033,42510.2539,500.4558,1059.5833
-304504.7572,-261874.7416,42630.0156,522.3943,1043.9213
-304563.7295,-261812.292,42751.4375,503.8032,1034.1735
-304530.3298,-261875.0602,42655.2695,515.9957,1078.4007
-304652.9799,-261913.4409,42739.5391,528.7946,1056.5529
-304689.0378,-261901.5925,42787.4453,460.4078,1021.4618
-304565.3561,-261865.4303,42699.9258,534.7052,1074.7107
-304634.7278,-261895.2981,42739.4297,473.3199,1043.7603
-304593.4096,-261983.0346,42610.375,492.5032,1028.0593
-304537.635,-261789.5412,42748.0938,510.4215,1033.3021
-304563.974,-261907.7005,42656.2734,487.0057,1005.5009
-304623.9988,-261866.5105,42757.4883,516.525,1081.4844
-304653.9572,-261932.7463,42721.2109,481.3637,1057.7484
-304689.0977,-261900.6797,42788.418,482.4298,1070.3508
-304448.4408,-261871.4252,42577.0156,488.1565,1078.775
-304701.0965,-261960.7645,42740.332,483.079,1062.5812
-304758.7849,-261957.4372,42801.3477,486.6021,1082.8897
-304322.4521,-261897.1084,42425.3438,562.0255,1047.8821
-304458.9437,-261867.7601,42591.1836,488.1702,1057.2678
-304484.4594,-261840.2523,42644.207,490.2007,1013.4856
-304324.1171,-261830.4804,42493.6367,499.1421,1045.3189
-304843.8168,-261946.5902,42897.2266,517.506,1070.5367
-304832.3465,-261969.1863,42863.1602,469.5172,1071.5443
-304718.3938,-261910.8508,42807.543,492.069,1060.3237
-304786.3986,-261989.3908,42797.0078,506.243,1048.6395
-304532.1959,-261963.0162,42569.1797,512.4301,1026.2133
-304701.4685,-261882.449,42819.0195,542.995,1036.6684
-304784.9206,-261912.6159,42872.3047,498.4167,1046.8513
-304584.9361,-261947.2994,42637.6367,501.3035,1047.0932
-304848.3901,-262046.7807,42801.6094,502.8618,1044.4334
-304622.1145,-261845.1653,42776.9492,455.421,1041.4472
-304758.1193,-262018.7482,42739.3711,488.6451,1057.4892
-304602.8702,-261938.0343,42664.8359,531.7486,1050.4006
-304630.2765,-261893.3272,42736.9492,508.2058,1072.8905
-304644.2387,-261896.0356,42748.2031,514.0257,1062.7524
-304926.7605,-262051.4011,42875.3594,512.337,1015.8732
-304820.6117,-261987.9281,42832.6836,490.2694,1016.9051
-304384.4065,-261937.8166,42446.5898,498.018,1076.5515
-304594.5813,-261892.7883,42701.793,498.4882,1022.2969
-304591.6596,-261890.8979,42700.7617,492.561,1067.5696
-304500.149,-261993.2427,42506.9062,496.1431,1020.7094
-304647.9764,-261990.9725,42657.0039,500.2484,1034.7078
-304484.049,-261889.5295,42594.5195,496.6523,1063.3381
-304791.956,-261912.7802,42879.1758,506.3136,1056.6609
-304818.326,-261950.1307,42868.1953,506.7677,1089.7825
-304598.9981,-261899.1583,42699.8398,487.1484,1018.2678
-304670.0399,-261920.2508,42749.7891,502.0487,1068.5221
-304554.0954,-261969.4899,42584.6055,497.8928,1054.9909
-304457.633,-261906.7541,42550.8789,495.2302,1036.8006
-304649.3819,-261898.0498,42751.332,520.258,1075.7286
-304788.8795,-261956.9655,42831.9141,481.7665,1086.3134
-304885.2757,-261973.8148,42911.4609,468.6794,1057.599
-304591.0109,-261908.4328,42682.5781,503.3358,1080.8254
-304757.0492,-261896.2015,42860.8477,514.0243,1032.9638
-304486.3143,-261828.1932,42658.1211,490.3941,1042.0422
-304642.8606,-262015.5442,42627.3164,500.057,1072.9175
-304776.0731,-261948.784,42827.2891,494.0559,1048.6345
-304773.9323,-261898.4401,42875.4922,484.7097,1075.0536
-304663.5085,-261865.6452,42797.8633,473.7005,1036.1349
-304665.0768,-261912.862,42752.2148,510.0743,1034.3597
-304362.8261,-261880.9355,42481.8906,491.5687,1041.5976
-304571.8224,-261865.0529,42706.7695,489.0355,1020.2389
-304447.6712,-261900.6009,42547.0703,535.6754,1041.9682
-304659.5333,-261851.5607,42807.9727,462.7243,1056.8944
-304897.9942,-262016.4903,42881.5039,484.7634,1086.3013
-304630.441,-261944.8043,42685.6367,493.922,1023.8697
-304587.3009,-261896.3127,42690.9883,488.7033,1037.6074
-304680.2568,-261900.2764,42779.9805,507.9906,1032.6961
-304582.3035,-261895.7684,42686.5352,472.1886,1058.761
-304603.4237,-261939.4823,42663.9414,479.8455,1063.5714
-304845.5339,-261942.7331,42902.8008,491.0687,1071.4938
-304468.1272,-261883.4319,42584.6953,480.6806,1054.8334
-304675.861,-261920.4665,42755.3945,505.2328,1070.543
-304599.5482,-261917.4037,42682.1445,500.5266,1055.6388
-305066.1131,-262059.2498,43006.8633,466.7323,1093.0402
-304683.8512,-261918.0739,42765.7773,519.2504,1030.3532
-304788.6597,-261979.5229,42809.1367,485.1511,1027.1317
-304554.1121,-261991.5691,42562.543,483.9478,1097.603
-304677.2963,-261895.3432,42781.9531,557.1828,1046.2467
-304700.8785,-261915.3355,42785.543,510.8978,1053.3491
-304646.9266,-261874.3095,42772.6172,511.6238,1063.7
-304578.1957,-261843.055,42735.1406,504.0292,1054.8741
-304730.623,-261965.8027,42764.8203,471.975,1025.5487
-304571.3727,-261882.1735,42689.1992,485.0401,1074.5804
-304760.4342,-261971.11,42789.3242,498.3811,1069.1579
-304578.2892,-261970.5119,42607.7773,466.0639,1067.3142
-304631.434,-261871.8676,42759.5664,484.9555,1004.1773
-304588.2173,-261880.7603,42707.457,499.7982,1024.5059
-304579.0648,-261861.5101,42717.5547,513.5193,1049.3866
-304474.463,-261855.1818,42619.2812,501.947,1036.3617
-304632.0454,-261942.936,42689.1094,482.3778,1044.9737
-304600.5315,-261853.1291,42747.4023,469.0213,1085.6586
-304644.3815,-262018.9127,42625.4688,513.9607,1105.8256
-304863.3769,-261946.5879,42916.7891,480.1051,1024.9957
-304635.7402,-261876.0918,42759.6484,532.4972,1049.284
-304920.104,-261902.3266,43017.7773,478.565,1043.9351
-304573.0894,-261902.5269,42670.5625,493.0545,1025.6417
-304690.7856,-261948.2974,42742.4883,506.1188,1020.3672
-304745.7763,-261958.3427,42787.4336,511.7678,1091.8669
-304624.6406,-261915.5742,42709.0664,511.0401,974.4112
-304705.4873,-261834.2998,42871.1875,494.876,1024.8237
-304646.1121,-261919.7293,42726.3828,525.5965,1051.9624
-304433.555,-261793.387,42640.168,510.908,1013.9479
-304470.2497,-261947.3825,42522.8672,525.4299,1041.1031
-304457.2568,-261926.9521,42530.3047,520.1953,1028.0039
-304537.8366,-261924.6842,42613.1523,496.0698,1068.6748
-304695.4558,-261987.0574,42708.3984,471.2888,1060.7802
-304564.5741,-261924.8162,42639.7578,502.1264,1020.4352
-304445.4669,-261850.5489,42594.918,516.1493,1053.8342
-304531.7876,-261829.7408,42702.0469,511.6256,999.3789
-304644.0313,-261935.9376,42708.0938,490.4001,1037.1413
-304398.2663,-261868.1999,42530.0664,484.6518,1073.461
-304703.1218,-261837.9109,42865.2109,528.6635,1007.1031
-304824.1522,-261919.4373,42904.7148,499.7895,1029.2073
-304625.9932,-261837.2119,42788.7812,518.8914,1007.8393
-304690.9216,-261960.7654,42730.1562,519.1994,1040.4701
-304728.9858,-261943.7319,42785.2539,486.6578,1050.1255
