EPtot,Etot,EKtot,Bond,Angle
-303645.8446,-261130.9813,42514.8633,481.8521,988.7211
-303750.0751,-261117.0322,42633.043,480.4608,1000.5893
-303781.7216,-261216.2685,42565.4531,507.1442,1018.8254
-304030.923,-261321.4191,42709.5039,498.5834,1037.688
-304026.3834,-261260.7311,42765.6523,506.3739,1065.89
-304055.4616,-261283.9734,42771.4883,495.5093,1054.0167
-303967.8271,-261261.8857,42705.9414,488.9821,1021.7044
-303639.7335,-261272.046,42367.6875,493.0265,1051.2945
-303991.4423,-261230.5048,42760.9375,507.7539,1036.0945
-303881.7912,-261227.5451,42654.2461,472.2592,1009.4781
-304169.1995,-261237.8519,42931.3477,507.4033,1036.9191
-303897.3965,-261240.2871,42657.1094,460.4099,1021.6249
-304157.8952,-261307.0632,42850.832,493.5609,1063.6157
-303885.8868,-261313.1446,42572.7422,523.5674,1030.4053
-303892.6067,-261259.7903,42632.8164,487.7764,1058.8689
-303950.7959,-261226.0186,42724.7773,475.8905,1011.9905
-304190.2495,-261261.8706,42928.3789,509.5326,996.6438
-303785.1734,-261137.1109,42648.0625,503.3287,1029.3754
-303948.0501,-261190.9407,42757.1094,499.3532,1044.1667
-304007.8013,-261250.1255,42757.6758,506.3165,1032.7294
-303985.2285,-261266.8184,42718.4102,501.8,1035.5335
-303834.1818,-261221.9474,42612.2344,523.3656,1040.8315
-303763.9109,-261139.2585,42624.6523,501.3436,1040.9633
-304054.2579,-261241.8165,42812.4414,474.1839,1082.1868
-303869.1809,-261205.6262,42663.5547,517.2221,1045.6656
-304015.7619,-261288.0549,42727.707,478.5574,1046.838
-304129.4061,-261192.5194,42936.8867,498.156,1027.7692
-303972.5077,-261277.9569,42694.5508,486.4101,1028.064
-304030.4367,-261264.7805,42765.6562,474.0476,1067.4847
-303960.2292,-261214.5027,42745.7266,510.6117,996.0843
-304035.0654,-261244.2842,42790.7812,479.8769,1049.6005
-304025.0645,-261316.2676,42708.7969,481.4664,1043.5133
-303888.6162,-261263.9209,42624.6953,531.4831,1058.6267
-303796.4876,-261221.8626,42574.625,497.1665,996.7053
-304009.8142,-261334.8064,42675.0078,514.6456,1026.2576
-303791.0205,-261313.4229,42477.5977,495.607,1032.3915
-303993.0586,-261292.4648,42700.5938,502.8625,1101.8099
-304231.5652,-261252.8152,42978.75,514.663,1010.1079
-303801.8563,-261269.1336,42532.7227,500.6428,1091.7455
-303799.7969,-261344.543,42455.2539,503.5861,1115.2145
-304216.2672,-261305.107,42911.1602,513.2585,1048.2015
-303918.3554,-261330.8242,42587.5312,502.2626,1084.9961
-303903.558,-261215.6479,42687.9102,481.799,1063.2547
-304042.0794,-261263.2396,42778.8398,504.6405,1041.1158
-304008.1237,-261290.1471,42717.9766,500.0361,1046.5944
-303842.891,-261330.6097,42512.2812,522.2069,1086.0349
-303925.7108,-261184.4529,42741.2578,506.9483,1081.5801
-303960.9563,-261256.3157,42704.6406,500.6457,1040.0272
-304080.1218,-261371.657,42708.4648,494.3988,1049.4398
-303888.1137,-261175.3129,42712.8008,494.1966,1035.2063
-303846.224,-261140.2436,42705.9805,463.8806,1053.9887
-303997.6474,-261281.3935,42716.2539,509.3212,1015.0007
-303901.0877,-261256.0408,42645.0469,516.465,1016.7186
-303813.3168,-261321.2347,42492.082,481.133,1035.3042
-304183.7936,-261425.6881,42758.1055,475.3072,1040.9078
-303880.995,-261275.0185,42605.9766,470.6054,1062.6484
-304030.9975,-261281.0795,42749.918,502.2935,1050.4617
-303869.4295,-261244.4725,42624.957,489.2127,1010.9473
-304090.302,-261220.0911,42870.2109,483.7474,1011.103
-304003.6705,-261287.2135,42716.457,506.9036,1011.0904
-303883.197,-261254.3923,42628.8047,508.5691,1041.6891
-304034.3756,-261333.2467,42701.1289,521.7736,1053.6409
-304109.2957,-261235.4129,42873.8828,511.2185,1026.6881
-303933.9906,-261262.9086,42671.082,489.9092,1037.3518
-304027.8347,-261317.5066,42710.3281,520.1605,1010.4809
-304048.4805,-261244.6055,42803.875,556.2569,1068.9678
-303903.4487,-261304.5034,42598.9453,498.9875,1079.7244
-303864.8117,-261322.589,42542.2227,492.7061,1051.0607
-303974.0217,-261351.1779,42622.8438,504.6488,1012.7298
-304086.792,-261362.1123,42724.6797,502.9669,1020.1586
-303933.0703,-261341.6641,42591.4062,518.7208,1047.3081
-303969.9356,-261297.2754,42672.6602,509.9415,1075.5067
-304041.2986,-261258.8416,42782.457,510.1668,1035.4424
-304062.431,-261415.9818,42646.4492,510.5793,1057.0323
-304247.3782,-261412.0149,42835.3633,535.196,1038.0423
-304041.4003,-261239.2714,42802.1289,516.4438,1066.3361
-303947.4305,-261315.1727,42632.2578,534.8661,1003.0674
-304080.3559,-261209.5669,42870.7891,477.1171,973.9528
-303957.7281,-261296.2828,42661.4453,496.3718,1103.4508
-304082.4048,-261316.4009,42766.0039,490.7367,1078.0449
-304094.7531,-261338.9406,42755.8125,472.4878,1030.2432
-304015.8988,-261327.8246,42688.0742,520.327,1008.5921
-304021.2628,-261299.4503,42721.8125,510.1657,1057.7491
-303986.7489,-261218.2489,42768.5,502.1959,1043.6397
-304105.3977,-261373.8664,42731.5312,515.786,1057.1533
-304036.7091,-261302.7052,42734.0039,475.1044,1028.307
-304040.9346,-261375.0987,42665.8359,519.2766,991.8629
-303976.9735,-261294.8564,42682.1172,470.0361,1062.3796
-303633.9022,-261125.0351,42508.8672,510.1804,981.0478
-304127.5785,-261292.6605,42834.918,484.8572,999.6474
-304014.4729,-261289.7307,42724.7422,494.9674,1036.6693
-304203.6413,-261325.8405,42877.8008,495.2783,1039.455
-304051.1653,-261364.8645,42686.3008,482.4915,1046.8005
-304187.5485,-261313.8766,42873.6719,488.3353,1013.3326
-304118.5844,-261383.3149,42735.2695,445.6488,1034.2453
-304017.2488,-261428.6551,42588.5938,509.2763,1023.2443
-303781.7972,-261311.3597,42470.4375,486.9139,1067.7163
-304049.6439,-261253.0072,42796.6367,508.7034,1038.3423
-304147.3991,-261344.8288,42802.5703,513.0191,992.0597
-304037.136,-261257.0969,42780.0391,481.7632,1013.5048
-304003.5686,-261385.2639,42618.3047,503.2665,1077.1213
-304041.0629,-261350.2309,42690.832,520.0534,1005.1538
-303850.399,-261144.688,42705.7109,511.3508,1012.3522
-304066.9722,-261256.2769,42810.6953,491.2551,1047.365
-303606.2483,-261133.9006,42472.3477,555.3961,1034.5154
-304386.4786,-261282.5919,43103.8867,480.6013,1070.3769
-304053.5379,-261338.448,42715.0898,495.1648,1040.6949
-304092.9372,-261283.6169,42809.3203,464.315,1009.8284
-303753.5716,-261233.7942,42519.7773,489.5156,1075.9284
-303745.6339,-261253.3488,42492.2852,500.125,1024.8098
-303875.1265,-261223.4546,42651.6719,496.1576,998.0015
-303980.7418,-261285.7379,42695.0039,510.8451,1069.4095
-304043.578,-261256.0077,42787.5703,502.6214,1054.1211
-304027.3639,-261301.6647,42725.6992,494.9589,1032.2136
-303699.7885,-261184.101,42515.6875,475.7315,1009.5707
-304080.6495,-261255.8878,42824.7617,462.376,1038.3409
-304022.6026,-261317.2432,42705.3594,501.0557,1112.0468
-303707.9321,-261194.3501,42513.582,473.1674,1077.2546
-304165.5195,-261257.4179,42908.1016,520.033,1004.6901
-304196.0465,-261335.648,42860.3984,463.8453,1022.9087
-304127.4291,-261283.6595,42843.7695,487.3865,1017.3419
-303952.6534,-261298.3488,42654.3047,475.4597,1022.4824
-303837.5219,-261281.3969,42556.125,507.8595,1040.6014
-303855.0042,-261269.594,42585.4102,519.2317,1040.6188
-303824.4699,-261244.6847,42579.7852,475.5208,1077.2801
-304016.7088,-261414.5955,42602.1133,491.732,1031.3297
-303942.6871,-261294.2965,42648.3906,471.913,1048.2593
-304237.7374,-261404.3663,42833.3711,509.5502,1014.8765
-304014.9417,-261292.4847,42722.457,516.1773,1051.1757
-304035.7207,-261258.7129,42777.0078,506.8561,1033.4158
-304405.6895,-261341.4005,43064.2891,506.7182,1060.2514
-303841.0527,-261216.9043,42624.1484,486.9998,1103.2246
-303991.3166,-261288.6487,42702.668,507.2447,1011.7668
-303918.2528,-261293.8778,42624.375,502.0167,1029.0813
-304115.2212,-261356.3736,42758.8477,495.5315,1075.0873
-304117.6223,-261275.1223,42842.5,480.9079,1028.8344
-303919.435,-261249.0561,42670.3789,478.6752,1028.0406
-304010.2501,-261247.7892,42762.4609,463.5952,1014.8367
-304006.7123,-261169.3529,42837.3594,484.9727,1009.3863
-303747.6192,-261226.4863,42521.1328,497.7183,1047.6716
-303804.9451,-261269.0427,42535.9023,475.7184,1028.8714
-304239.4856,-261294.6653,42944.8203,502.0267,1014.924
-304072.8954,-261312.415,42760.4805,471.2135,1019.4055
-303963.7799,-261298.7018,42665.0781,497.271,1106.2992
-303644.996,-261215.5663,42429.4297,495.2954,1087.3682
-304002.4017,-261270.4837,42731.918,492.9885,1019.351
-303788.0707,-261240.2933,42547.7773,514.4135,1016.3272
-304145.5061,-261287.7327,42857.7734,520.3484,1028.8525
-304039.8376,-261232.9939,42806.8438,519.2318,1053.9942
-304024.4215,-261218.7066,42805.7148,524.2429,1041.2101
-304169.3646,-261350.0677,42819.2969,503.5253,1065.7844
-304121.6947,-261312.5306,42809.1641,510.8481,1042.1964
-304045.7879,-261263.0223,42782.7656,479.4338,1042.6988
-303841.3313,-261249.843,42591.4883,490.9193,1095.6306
-304053.4422,-261248.1101,42805.332,498.3406,1008.7967
-303846.8933,-261213.3073,42633.5859,504.5963,1014.5328
-304128.3698,-261338.8073,42789.5625,510.783,1004.2718
-304055.6839,-261307.1799,42748.5039,498.2356,1017.0486
-303806.6236,-261264.6509,42541.9727,507.3001,1081.7621
-303841.6886,-261212.8175,42628.8711,507.0542,1030.1058
-304056.9255,-261255.9841,42800.9414,498.9696,1035.369
-303949.8423,-261268.9673,42680.875,486.5644,1008.945
-303999.1368,-261227.8478,42771.2891,518.9182,1033.7365
-303948.4039,-261247.0133,42701.3906,484.2611,1047.9311
-303811.2828,-261235.4273,42575.8555,520.1921,992.547
-303949.1887,-261282.0598,42667.1289,485.853,1050.7961
-303851.4747,-261265.2638,42586.2109,472.7334,1042.4893
-303909.9168,-261102.4559,42807.4609,505.8531,1030.8401
-304039.1358,-261189.7374,42849.3984,522.7006,1033.6171
-304249.486,-261366.2008,42883.2852,490.6316,1037.6997
-304024.3543,-261315.741,42708.6133,498.4795,1051.8757
-303858.8445,-261210.5711,42648.2734,482.3804,984.8966
-304087.035,-261352.4881,42734.5469,517.9866,1039.0231
-303834.1944,-261277.5811,42556.6133,462.7934,1073.7636
-304036.7159,-261176.9308,42859.7852,466.2327,1019.7342
-304087.1946,-261263.3313,42823.8633,475.6375,1038.0078
-303937.9029,-261251.8014,42686.1016,470.7741,1048.0708
-303963.3019,-261147.0402,42816.2617,468.758,1024.2591
-303996.5381,-261264.1787,42732.3594,507.4913,1046.0025
-303982.492,-261292.5272,42689.9648,516.1562,1035.1342
-304013.1328,-261391.7187,42621.4141,500.4296,1054.1007
-304044.8889,-261333.2443,42711.6445,500.539,1043.7703
-303947.0899,-261304.8439,42642.2461,457.9001,1040.555
-304152.9384,-261294.7587,42858.1797,493.2589,1073.1741
-304029.2612,-261294.9643,42734.2969,505.4409,1050.0327
-303906.615,-261272.2244,42634.3906,492.318,1047.6597
-303840.1475,-261280.5069,42559.6406,482.1653,1068.0067
-303801.3036,-261155.7255,42645.5781,506.0958,1013.0859
-303600.4735,-261265.0009,42335.4727,542.7915,1011.6293
-304140.2332,-261215.1121,42925.1211,474.9764,1030.4018
-304014.3372,-261305.2864,42709.0508,507.5883,973.0945
-303923.0919,-261157.2403,42765.8516,476.2167,1041.4638
-303916.5332,-261314.1465,42602.3867,498.8987,1095.4861
-303891.7377,-261208.6791,42683.0586,489.3418,1058.3278
-304035.0813,-261207.3626,42827.7188,474.8223,1048.1391
-304063.6325,-261263.2419,42800.3906,511.5805,1036.6345
-303852.8709,-261370.9139,42481.957,496.7327,1063.7112
-304085.5433,-261350.6488,42734.8945,475.6906,1064.7438
-303958.6893,-261289.4783,42669.2109,520.5165,1015.5491
-304272.2437,-261311.7554,42960.4883,461.5467,1054.2334
-303954.6655,-261294.4623,42660.2031,493.9055,1018.0045
-304060.0883,-261311.3813,42748.707,503.2981,1013.8615
-303972.0472,-261285.7581,42686.2891,473.1622,1071.2481
-304170.8187,-261427.8226,42742.9961,502.907,1061.0114
-304044.244,-261282.5643,42761.6797,483.9663,1020.1631
-303986.2261,-261284.2105,42702.0156,487.6724,1012.112
-303957.6035,-261319.0957,42638.5078,509.9309,1046.5625
-303964.5414,-261209.7796,42754.7617,502.543,1034.7941
-303955.8703,-261262.7531,42693.1172,458.2982,1031.5412
-304072.7074,-261263.6879,42809.0195,494.5339,1037.017
-303973.4538,-261249.903,42723.5508,482.4281,1031.6555
-303842.3078,-261413.0851,42429.2227,522.605,1059.417
-304308.3986,-261502.5744,42805.8242,527.4118,1021.4507
-304162.7886,-261291.5777,42871.2109,490.3725,1076.1866
-304091.8895,-261310.0965,42781.793,521.5,1014.4601
-303670.2783,-261235.3408,42434.9375,517.7618,1042.8861
-304189.3881,-261422.8607,42766.5273,466.2198,1037.2068
-303917.3772,-261292.2796,42625.0977,508.3388,1055.846
-304012.9734,-261291.3249,42721.6484,523.686,1045.23
-303946.856,-261288.6138,42658.2422,517.1709,1030.9888
-303989.8118,-261255.4134,42734.3984,489.3406,1055.4876
-303992.8604,-261310.0869,42682.7734,479.2488,1048.6895
-303810.5114,-261227.238,42583.2734,483.4396,1036.9411
-303965.2899,-261220.4306,42744.8594,492.8269,1028.1854
-303932.7196,-261192.0165,42740.7031,515.0474,1049.8843
-303909.2125,-261401.5289,42507.6836,489.5787,1071.085
-304236.2648,-261255.8429,42980.4219,529.7249,1067.8602
-304130.8519,-261283.8519,42847.0,474.3597,999.7514
-303979.0564,-261237.6892,42741.3672,480.6987,1029.1998
-304056.4581,-261269.0363,42787.4219,503.6264,1087.5542
-304038.9766,-261362.172,42676.8047,497.7233,1036.6817
-303906.696,-261219.6764,42687.0195,461.5779,1042.3814
-303725.4503,-261231.5753,42493.875,512.5714,1087.4374
-303803.9153,-261243.6575,42560.2578,472.4415,1065.8893
-303986.282,-261203.3953,42782.8867,495.6254,1027.6988
-303964.3485,-261265.0829,42699.2656,479.0767,1019.7161
-303723.6974,-261134.7052,42588.9922,475.496,1018.0702
-303835.0186,-261281.2139,42553.8047,516.7277,1048.5281
-303848.0238,-261240.0121,42608.0117,494.271,1004.242
-303745.0996,-261303.5489,42441.5508,529.9576,1047.3263
-303908.0309,-261350.609,42557.4219,522.5038,998.8868
-303852.2738,-261290.1683,42562.1055,477.6951,1011.5275
-303880.3728,-261305.9665,42574.4062,515.7603,1055.4144
-304076.5883,-261354.7251,42721.8633,472.8058,995.9942
-303654.2342,-261164.0702,42490.1641,467.66,1051.5282
-303910.6981,-261208.6941,42702.0039,486.613,1079.2995
-303928.8841,-261314.5873,42614.2969,521.3757,1059.5974
-304072.63,-261189.3878,42883.2422,496.3655,1053.0608
-304083.8078,-261306.6555,42777.1523,491.8987,1006.5264
-304135.8108,-261267.3303,42868.4805,498.7972,1029.7968
-303694.0989,-261274.9857,42419.1133,482.0658,1067.1696
-303953.431,-261188.8959,42764.5352,494.9764,1035.5639
-303853.3244,-261236.8166,42616.5078,536.4456,1064.851
-303843.1429,-261282.0023,42561.1406,512.5368,1062.3533
-304013.6128,-261231.4175,42782.1953,480.1928,1082.3924
-304177.386,-261413.5383,42763.8477,502.492,1056.8238
-304030.5885,-261275.4791,42755.1094,473.9656,1034.3378
-304140.2771,-261333.0505,42807.2266,496.1683,1042.6973
-303795.2806,-261279.1673,42516.1133,499.3583,1051.802
-304102.857,-261339.4703,42763.3867,516.6215,1032.3573
-304217.1363,-261356.0895,42861.0469,475.8759,1042.5244
-304180.6667,-261378.8191,42801.8477,465.5272,1030.4694
-303903.0763,-261327.3342,42575.7422,487.5695,1042.5369
-304143.559,-261311.5824,42831.9766,482.2241,1031.7815
-303937.1473,-261296.0652,42641.082,518.2089,1045.838
-304014.0163,-261380.7116,42633.3047,548.1499,1027.0763
-303932.3894,-261244.9441,42687.4453,468.2835,1035.711
-303913.8026,-261266.1971,42647.6055,520.5424,1030.3889
-304041.7682,-261353.2096,42688.5586,496.1422,1027.6762
-303968.2444,-261323.5765,42644.668,484.9036,1008.6947
-303995.5582,-261279.8355,42715.7227,471.6003,1043.0755
-303821.758,-261169.2971,42652.4609,492.379,992.2592
-303974.0297,-261209.0453,42764.9844,468.9379,1025.5408
-303871.1977,-261248.1196,42623.0781,531.2768,1033.3323
-303874.4652,-261266.9222,42607.543,481.9157,1086.3467
-303947.6093,-261379.246,42568.3633,489.9567,1079.0729
-304002.602,-261298.3989,42704.2031,502.5949,1002.912
-303849.7782,-261228.1532,42621.625,495.2823,1042.648
-304115.2384,-261284.3283,42830.9102,503.3322,1064.7561
-303902.3075,-261257.0223,42645.2852,523.45,1026.1241
-303815.2454,-261273.2415,42542.0039,480.4104,1020.8057
-303938.8572,-261181.197,42757.6602,482.5512,1034.6481
-303932.724,-261165.513,42767.2109,484.5711,1045.1183
-303902.9561,-261266.0889,42636.8672,488.114,1038.296
-303889.8161,-261282.8474,42606.9688,497.3962,1057.9461
-303930.6867,-261260.425,42670.2617,512.8792,1012.7466
-304059.5219,-261289.2953,42770.2266,495.527,1031.7091
-303676.9269,-261185.2199,42491.707,482.6577,1040.3717
-303947.3569,-261245.5054,42701.8516,490.6581,1000.729
-303926.5809,-261223.1043,42703.4766,460.9681,1038.2904
-304170.7881,-261258.7256,42912.0625,516.5033,1022.4443
-303934.4542,-261228.548,42705.9062,474.6507,1029.0499
-303914.6046,-261263.2179,42651.3867,525.9078,1084.0232
-303992.3086,-261207.2266,42785.082,510.2309,1033.8469
-303929.6347,-261214.162,42715.4727,494.6426,1070.77
-304120.5667,-261332.0862,42788.4805,530.0554,1021.1926
-303896.7916,-261312.8463,42583.9453,502.9694,1042.3621
-304057.393,-261256.7172,42800.6758,488.5438,1029.3888
-303944.35,-261398.3305,42546.0195,496.8544,1096.0663
-303917.0876,-261259.5681,42657.5195,518.373,1051.1167
-303974.6714,-261221.6597,42753.0117,501.4523,1056.7762
-304002.2099,-261236.2216,42765.9883,497.9502,1033.9507
-303820.5437,-261330.0359,42490.5078,521.1225,1066.2955
-303967.4817,-261329.72,42637.7617,479.2898,1067.2922
-303941.6504,-261255.4786,42686.1719,499.9494,1056.8576
-304127.3751,-261247.7501,42879.625,482.223,1060.1843
-303893.0348,-261233.4879,42659.5469,488.3429,1035.175
-303977.6899,-261297.3813,42680.3086,482.3788,1051.4698
-304045.9637,-261288.2879,42757.6758,491.404,1036.1982
-303924.6403,-261388.8356,42535.8047,516.7219,1043.3549
-303974.3636,-261283.0004,42691.3633,443.477,1062.4666
-304027.602,-261209.4574,42818.1445,476.4075,1049.8848
-303918.891,-261173.6527,42745.2383,505.9716,1079.0409
-304264.0589,-261312.2777,42951.7812,536.7039,1059.076
-303962.1663,-261177.2952,42784.8711,526.811,1009.3591
-304121.2379,-261233.9215,42887.3164,490.0073,1048.0317
-303942.0279,-261226.6919,42715.3359,484.7557,1045.0185
-304176.3788,-261200.3632,42976.0156,499.3386,1048.355
-303910.1561,-261249.3123,42660.8438,499.4415,1052.4628
-303998.4523,-261280.796,42717.6562,456.0631,1031.9327
-304093.1176,-261274.6996,42818.418,493.9214,1050.6674
-303715.9849,-261171.5669,42544.418,510.3729,1058.1131
-304035.6299,-261253.0322,42782.5977,469.085,985.4771
-304095.7391,-261334.7626,42760.9766,522.4145,1070.646
-303955.6164,-261340.5656,42615.0508,504.7056,1035.0828
-303913.5753,-261300.9386,42612.6367,502.1045,1025.2005
-303986.9683,-261261.5112,42725.457,512.2799,1043.5094
-303794.4191,-261254.8957,42539.5234,506.8816,1058.8972
-303828.2332,-261212.7801,42615.4531,534.4495,1005.7277
-303817.2752,-261201.8026,42615.4727,457.323,1035.505
-303816.8255,-261265.6497,42551.1758,485.2932,1038.1069
-303846.598,-261182.6058,42663.9922,528.1111,1058.7634
-304151.0984,-261372.8914,42778.207,496.2194,1016.7173
-303976.9491,-261289.5741,42687.375,505.8945,1066.0114
-303868.8756,-261173.4733,42695.4023,491.4774,1036.1817
-304024.7404,-261238.1544,42786.5859,493.8389,1074.7712
-303742.0026,-261319.0886,42422.9141,540.026,1058.571
-303908.5094,-261421.193,42487.3164,478.1721,1075.005
-303904.9298,-261241.5782,42663.3516,511.4969,1022.5425
-304202.8687,-261330.9585,42871.9102,473.575,1040.3191
-304127.1739,-261265.5489,42861.625,528.5565,1009.413
-303954.0501,-261222.054,42731.9961,489.6135,1063.6214
-304069.6804,-261321.0867,42748.5938,496.8247,1042.1765
-303920.4777,-261224.6379,42695.8398,518.178,1101.0463
-304091.7067,-261264.9723,42826.7344,488.086,1045.258
-303991.9745,-261207.4354,42784.5391,495.3938,1066.6088
-304069.1836,-261307.5156,42761.668,522.3734,1066.1752
-303947.5452,-261315.1742,42632.3711,524.8707,1036.5305
-303832.464,-261254.5148,42577.9492,475.5222,1055.8818
-303688.6766,-261161.4071,42527.2695,515.2193,1020.6557
-303982.0212,-261257.8103,42724.2109,533.1245,1018.5047
-303815.2702,-261290.0515,42525.2188,496.2895,1041.7458
-303763.7988,-261204.7089,42559.0898,495.1489,990.4991
-303965.3223,-261390.7442,42574.5781,506.9124,1013.3926
-303771.905,-261292.5651,42479.3398,491.6796,1063.686
-304214.9884,-261260.2619,42954.7266,503.9943,1019.0611
-303870.898,-261279.3082,42591.5898,513.1062,1016.2373
-303824.7219,-261169.593,42655.1289,477.1921,1034.3028
-304094.4288,-261282.1046,42812.3242,514.1422,1089.0774
-303913.4082,-261248.045,42665.3633,497.5778,1035.8205
-303905.7429,-261227.5554,42678.1875,467.2594,1058.8918
-303907.4413,-261291.9491,42615.4922,495.1302,1032.706
-303789.9256,-261194.2186,42595.707,479.626,1042.98
-304032.3024,-261323.3532,42708.9492,490.422,1017.8389
-303883.0727,-261284.2407,42598.832,486.2991,1031.6647
-304227.1824,-261309.7956,42917.3867,515.9079,1083.8906
-304050.6368,-261355.4571,42695.1797,482.5353,1042.8651
-304152.9725,-261344.0467,42808.9258,517.742,1013.8437
-303738.6728,-261334.3681,42404.3047,490.0757,1036.0859
-303876.3416,-261229.2791,42647.0625,442.4594,1062.1845
-303951.1892,-261224.4275,42726.7617,469.6983,1065.519
-303949.4499,-261201.071,42748.3789,485.4614,989.2709
-303989.6954,-261281.4767,42708.2188,467.6269,1057.6445
-303825.875,-261252.6328,42573.2422,474.6097,1076.3785
-303871.924,-261216.3772,42655.5469,493.8336,1065.1742
-304228.9992,-261219.5539,43009.4453,505.0261,1099.6325
-303785.43,-261129.7815,42655.6484,471.4911,1013.7731
-304001.2842,-261229.2842,42772.0,521.2418,1045.4347
-303860.5797,-261303.8453,42556.7344,483.9871,1066.0679
-303923.8583,-261314.1278,42609.7305,498.6352,1038.3557
-303849.584,-261354.1153,42495.4688,467.9624,1076.0096
-303870.5323,-261155.2549,42715.2773,539.4588,1027.7212
-303792.5822,-261256.5392,42536.043,507.4428,1064.1731
-304068.4675,-261236.9285,42831.5391,475.8689,1032.3471
-304213.8578,-261372.2133,42841.6445,502.1986,1059.7335
-304002.6482,-261299.5622,42703.0859,501.2575,1071.6895
-304024.4583,-261296.5325,42727.9258,503.3868,1039.4435
-304112.099,-261332.7318,42779.3672,511.4698,1042.0249
-304092.547,-261266.4298,42826.1172,503.4052,1064.692
-303831.9323,-261386.9597,42444.9727,506.3704,1046.3582
-304279.5365,-261180.8959,43098.6406,477.0309,1022.5216
-303987.9725,-261281.9843,42705.9883,488.8372,1087.9722
-304119.785,-261399.7186,42720.0664,462.088,1062.6325
-303854.8277,-261305.23,42549.5977,480.9511,1068.4943
-304027.074,-261390.3084,42636.7656,458.6094,1060.7424
-303826.7808,-261282.7847,42543.9961,496.4951,1043.7339
-304093.0744,-261363.4103,42729.6641,476.2797,1051.3245
-303891.1186,-261329.2944,42561.8242,488.5339,1073.4353
-303735.4986,-261197.1275,42538.3711,488.525,1056.6429
-304050.0855,-261310.5073,42739.5781,466.4465,1075.4267
-303999.6257,-261340.4031,42659.2227,510.1691,1083.9831
-304073.3448,-261229.2276,42844.1172,503.2947,1035.0797
-304128.6032,-261339.4743,42789.1289,499.9566,1088.3394
-303825.8642,-261197.1455,42628.7188,504.4508,1075.4055
-304088.8378,-261207.287,42881.5508,504.8372,1035.1202
-304090.5779,-261240.8748,42849.7031,489.3338,1010.8104
-304032.5424,-261277.9369,42754.6055,479.8961,1061.0657
-304034.5626,-261293.172,42741.3906,488.1881,1057.0832
-303974.2469,-261265.8485,42708.3984,442.2715,1016.5709
-303907.5479,-261271.8994,42635.6484,483.6836,1054.6061
-303851.8605,-261228.9152,42622.9453,489.1432,1049.6031
-303981.316,-261312.0387,42669.2773,507.285,1056.2025
-303999.4906,-261276.4945,42722.9961,500.064,1086.0479
-304132.2192,-261304.4692,42827.75,508.9951,1098.5995
-303873.5914,-261180.0446,42693.5469,530.4908,1054.3167
-304280.5738,-261356.6754,42923.8984,473.3857,1061.7244
-304055.452,-261308.1278,42747.3242,534.9929,1009.7025
-303820.0,-261268.5351,42551.4648,476.8567,1035.2733
-303801.7805,-261245.0188,42556.7617,518.3767,1049.7432
-303762.7015,-261267.8773,42494.8242,445.6059,1049.6875
-303781.9802,-261299.9255,42482.0547,496.2404,1052.2407
-304022.829,-261283.1689,42739.6602,515.5675,1008.8679
-303731.2011,-261290.3066,42440.8945,495.1567,1032.1068
-304205.1495,-261312.1066,42893.043,504.1002,1017.8117
-304030.4321,-261310.4516,42719.9805,495.7344,1074.542
-303948.8545,-261268.0967,42680.7578,480.3625,1074.704
-303849.1305,-261274.4977,42574.6328,498.3668,1058.1545
-303924.9358,-261249.9202,42675.0156,502.604,1014.332
-303878.92,-261232.4357,42646.4844,482.7937,1075.3624
-303812.5687,-261207.6898,42604.8789,501.653,1052.642
-304001.7369,-261328.1432,42673.5938,522.7736,1000.0689
-304200.8345,-261376.1978,42824.6367,471.0245,1035.1825
-304034.3658,-261238.4634,42795.9023,490.981,1051.3365
-304104.2624,-261401.2194,42703.043,503.4383,1007.1211
-303982.654,-261328.2908,42654.3633,467.7464,1043.0139
-303717.2434,-261196.3645,42520.8789,492.5263,1026.0528
-303824.7148,-261204.9179,42619.7969,475.1621,1033.6845
-303701.2568,-261312.499,42388.7578,497.8844,1061.8363
-303879.2263,-261310.4685,42568.7578,494.2807,1034.3405
-303846.3644,-261244.9972,42601.3672,518.8793,1031.9009
-304130.8276,-261317.9409,42812.8867,476.9256,1064.6828
-303925.7633,-261198.8102,42726.9531,513.7739,1049.923
-304206.7976,-261336.9031,42869.8945,512.0617,1045.7249
-303909.1876,-261248.6954,42660.4922,485.7886,1014.2555
-303825.3951,-261278.3794,42547.0156,483.2054,1062.4011
-303983.4384,-261328.6572,42654.7812,508.0253,1084.4886
-304177.0691,-261337.5808,42839.4883,487.8295,1047.4301
-304074.9507,-261291.9116,42783.0391,464.0281,1059.673
-303943.2382,-261203.0117,42740.2266,493.413,1077.523
-303972.857,-261305.6578,42667.1992,492.4855,1068.9358
-304031.7072,-261256.7345,42774.9727,503.5018,1041.6754
-304159.169,-261347.4776,42811.6914,502.8619,1031.0496
-303981.6829,-261340.597,42641.0859,527.5179,1074.0508
-304232.3767,-261382.0095,42850.3672,513.7509,1028.8699
-304379.6582,-261408.4785,42971.1797,522.5172,1032.9639
-304214.011,-261335.5735,42878.4375,492.2646,1059.9795
-303845.6534,-261241.6768,42603.9766,497.597,998.5809
-303822.1524,-261314.5078,42507.6445,472.5856,1067.993
-304171.5704,-261331.4297,42840.1406,484.3164,1031.5941
-303807.8854,-261295.0495,42512.8359,522.4499,1056.5996
-303917.4243,-261235.522,42681.9023,485.3653,1032.6358
-303872.5178,-261331.7991,42540.7188,519.9938,1055.1913
-304241.7336,-261345.5656,42896.168,479.7717,1030.7583
-303855.5555,-261083.8524,42771.7031,492.9617,1071.032
-303920.4466,-261221.1575,42699.2891,501.0143,1019.1016
-304106.7447,-261347.315,42759.4297,516.0636,1044.5751
-303795.3722,-261243.1769,42552.1953,507.5411,1041.9539
-303917.4586,-261342.0133,42575.4453,503.9443,1025.8179
-303820.3784,-261293.1792,42527.1992,505.1786,996.3046
-303969.314,-261257.4585,42711.8555,519.1128,1038.9598
-304176.9792,-261322.7371,42854.2422,496.9693,1013.4376
-303973.5395,-261286.9067,42686.6328,463.6165,1021.8919
-303923.9135,-261205.5776,42718.3359,497.4133,1045.5804
-303663.3188,-261240.6938,42422.625,487.9511,1006.8885
-304048.7387,-261241.2817,42807.457,509.3925,1037.9727
-303976.0959,-261240.9513,42735.1445,467.7916,1056.9664
-304078.2423,-261334.0158,42744.2266,529.0019,1032.815
-303761.4953,-261258.9914,42502.5039,494.107,1034.2101
-303947.8458,-261309.1661,42638.6797,487.4113,1084.2162
-303924.0871,-261254.3371,42669.75,517.5419,1052.2311
-303944.6456,-261280.1378,42664.5078,465.867,1031.5735
-303816.7346,-261226.969,42589.7656,482.6498,1045.6978
-304086.8541,-261439.9751,42646.8789,502.085,1071.9734
-304122.6878,-261291.262,42831.4258,505.3084,1038.803
-303957.3811,-261188.4045,42768.9766,534.3499,1039.3877
-303956.8661,-261161.5107,42795.3555,501.5776,1000.1028
-303976.3501,-261336.1509,42640.1992,510.8707,1056.5682
-304144.2716,-261257.131,42887.1406,499.3553,1000.2993
-304111.5585,-261180.2655,42931.293,498.702,1073.3158
-304082.8171,-261276.8171,42806.0,493.575,1049.3378
-304174.5874,-261338.8999,42835.6875,513.0079,1077.1393
-303979.2355,-261273.6222,42705.6133,478.0576,1047.6219
-303925.5684,-261286.8731,42638.6953,526.6819,1046.1626
-303795.7068,-261246.6638,42549.043,488.0398,1067.9713
-303904.4526,-261170.1948,42734.2578,501.4272,1013.8871
-303833.1226,-261242.2593,42590.8633,514.1631,1010.8589
-304007.4323,-261345.9518,42661.4805,524.4075,1058.8504
-303863.5924,-261273.7877,42589.8047,496.752,1059.8605
-304048.4916,-261319.1009,42729.3906,542.9506,1064.0087
-303760.7922,-261239.8039,42520.9883,465.6222,1019.8955
-304043.8174,-261232.376,42811.4414,512.8381,1034.946
-304055.5862,-261213.9261,42841.6602,519.4675,1041.1987
-304222.8259,-261182.0681,43040.7578,472.2206,994.2737
-304012.0178,-261262.8186,42749.1992,499.083,1106.5252
-303825.2149,-261234.4219,42590.793,499.5197,1012.1425
-304136.6844,-261325.493,42811.1914,506.5466,1022.6934
-304031.3734,-261185.5414,42845.832,490.3871,999.8476
-303919.863,-261209.7419,42710.1211,503.9297,1013.3424
-304050.6324,-261312.7691,42737.8633,467.3663,1060.7249
-303650.2084,-261282.7318,42367.4766,479.5113,1038.3825
-304368.147,-261367.0142,43001.1328,436.6175,1061.8728
-303735.2534,-261319.773,42415.4805,504.6939,1028.1618
-303862.4414,-261202.4141,42660.0273,473.0457,995.8698
-303972.6237,-261258.7019,42713.9219,499.0809,1033.3857
-303749.5944,-261089.7702,42659.8242,506.5038,1041.6076
-304080.1418,-261246.0832,42834.0586,508.3806,1055.7965
-303924.6052,-261249.5974,42675.0078,513.2132,1067.4495
-304106.4709,-261286.3927,42820.0781,527.5868,1019.1949
-303865.8673,-261208.297,42657.5703,511.6812,1058.5668
-303856.7869,-261289.9197,42566.8672,475.9849,1023.9435
-304101.7922,-261221.6204,42880.1719,480.3101,1060.3479
-303950.5514,-261272.946,42677.6055,515.1618,1016.7124
-303740.0242,-261186.2156,42553.8086,492.6489,1051.0634
-303976.2939,-261291.751,42684.543,522.4037,1015.1459
-303940.5586,-261344.0001,42596.5586,489.6551,1029.7403
-303907.5567,-261270.8614,42636.6953,510.8173,1035.7222
-304160.3556,-261262.7579,42897.5977,476.4861,1048.7203
-304177.7661,-261273.2075,42904.5586,482.6824,1006.4455
-303739.5984,-261239.243,42500.3555,468.4044,1032.0024
-303990.048,-261268.8175,42721.2305,498.3087,1016.1642
-303994.788,-261250.4833,42744.3047,465.5762,1048.4002
-304151.9189,-261334.8173,42817.1016,472.981,984.0897
-303949.7842,-261266.667,42683.1172,508.0917,1033.9779
-304029.4339,-261300.2308,42729.2031,486.8689,1051.0175
-303861.1458,-261264.0794,42597.0664,478.2406,1023.1208
-303868.6254,-261307.6489,42560.9766,512.0844,1037.3131
-304298.4317,-261347.0411,42951.3906,486.1988,1075.4732
-304150.1926,-261314.5051,42835.6875,492.3824,1079.4065
-303914.635,-261297.8264,42616.8086,457.5202,1047.7659
-304023.1642,-261303.9103,42719.2539,500.3927,1007.0685
-303853.8275,-261218.5502,42635.2773,476.5354,1053.3357
-303892.1034,-261316.1503,42575.9531,494.4423,1061.4435
-303988.093,-261187.6125,42800.4805,488.1101,1021.6063
-303869.4907,-261271.8579,42597.6328,467.0402,1077.3712
-304014.1711,-261215.2883,42798.8828,505.776,1053.0955
-303854.4185,-261235.4888,42618.9297,497.2189,1056.697
-304085.2203,-261304.0133,42781.207,503.5939,1055.5637
-304111.0244,-261234.2432,42876.7812,498.1257,1030.3164
-304047.2635,-261235.0916,42812.1719,507.7561,1050.714
-303812.2653,-261266.1208,42546.1445,505.7596,1048.4367
-303946.4527,-261207.9214,42738.5312,503.3522,993.8547
-304212.4843,-261269.4374,42943.0469,492.307,1059.5391
-303854.2075,-261289.3169,42564.8906,474.0018,1027.9848
-303918.4172,-261171.761,42746.6562,508.6442,1098.9041
-303946.3825,-261247.9997,42698.3828,488.0358,1027.8384
-304009.6341,-261267.1263,42742.5078,493.7957,1018.4501
-303837.1981,-261339.9872,42497.2109,502.778,1101.3717
-303994.8769,-261338.3612,42656.5156,497.9869,1042.5291
-303843.3401,-261301.1877,42542.1523,507.054,1071.3751
-304067.7585,-261315.9577,42751.8008,512.8108,1056.7013
-303878.3999,-261354.7788,42523.6211,468.5458,1035.1661
-303785.7286,-261317.3223,42468.4062,514.2382,1002.3994
-303866.2474,-261245.2903,42620.957,494.6393,1033.2228
-303771.8738,-261261.991,42509.8828,475.9812,1093.9869
-303982.824,-261280.5662,42702.2578,506.0575,1031.8049
-304109.3515,-261352.3632,42756.9883,522.666,1029.8394
-304132.8089,-261268.8792,42863.9297,482.4579,1017.3038
-304013.7361,-261368.4783,42645.2578,499.524,1040.3943
-303902.896,-261304.6811,42598.2148,480.4556,1045.0694
-303917.1934,-261355.7676,42561.4258,475.6043,1007.5366
-304050.1099,-261261.7154,42788.3945,521.2468,1050.3885
-303864.081,-261209.2373,42654.8438,488.3156,1044.47
-304232.2214,-261228.3074,43003.9141,485.4811,1016.4278
-303861.0833,-261336.552,42524.5312,501.3882,1026.0372
-303998.0713,-261270.6846,42727.3867,520.6497,1023.5605
-303969.8313,-261252.1711,42717.6602,485.4974,1045.7985
-303761.7639,-261258.7405,42503.0234,469.8599,1031.7305
-304187.7394,-261363.6144,42824.125,472.3121,1037.3869
-304119.7606,-261340.659,42779.1016,491.1625,1020.8016
-304112.8796,-261342.4382,42770.4414,489.4845,1080.2028
-304031.9566,-261286.9331,42745.0234,489.893,1031.2955
-304054.4779,-261284.8295,42769.6484,510.2046,1024.9471
-304286.7475,-261395.224,42891.5234,494.7715,1023.2047
-303850.3104,-261258.7167,42591.5938,507.1642,1020.1883
-303765.8573,-261190.5135,42575.3438,505.5362,1032.3847
-304103.394,-261315.2416,42788.1523,483.8283,1063.8611
-303950.6924,-261240.8057,42709.8867,484.3513,1058.9733
-303807.5708,-261250.5395,42557.0312,515.598,1065.8602
-303961.7261,-261184.3823,42777.3438,480.3653,1062.2315
-304038.2712,-261262.1697,42776.1016,501.2681,1040.9544
-303902.7826,-261257.2905,42645.4922,476.9463,1030.1716
-303768.357,-261237.3141,42531.043,451.3321,1063.617
-303997.9746,-261167.7168,42830.2578,479.4513,1022.5349
-304058.2762,-261268.495,42789.7812,471.4589,1039.7071
-303757.5823,-261161.7542,42595.8281,490.1102,1020.7016
-303708.0706,-261116.9846,42591.0859,505.4228,1045.4835
-304101.4994,-261281.6596,42819.8398,524.0107,1063.9378
-304081.319,-261273.4635,42807.8555,517.5732,1028.3168
-303984.2097,-261308.0886,42676.1211,524.9269,1024.1797
-304110.1832,-261196.9176,42913.2656,505.3166,1083.2322
-303872.72,-261167.6654,42705.0547,482.5626,1019.0077
-304186.2691,-261297.5621,42888.707,513.8309,1023.2563
-304128.1105,-261331.0559,42797.0547,502.418,1039.756
-304186.8866,-261356.3944,42830.4922,504.2079,1072.9264
-303887.6453,-261285.6336,42602.0117,471.2831,1047.2487
-303895.0548,-261393.7657,42501.2891,520.1374,1041.7775
-304036.8571,-261222.5641,42814.293,466.8185,1050.2399
-304118.6883,-261307.7742,42810.9141,491.9408,1008.9228
-304333.9942,-261449.4863,42884.5078,509.3722,1008.42
-304079.6042,-261291.6002,42788.0039,475.0611,1055.59
-303870.7197,-261135.5517,42735.168,492.9251,1016.4914
-303703.3108,-261293.7522,42409.5586,547.6365,1036.1194
-303757.1671,-261268.7139,42488.4531,476.8527,1061.5302
-304096.1728,-261339.2119,42756.9609,472.6772,1030.3412
-303743.8679,-261109.071,42634.7969,507.0899,1038.9024
-303732.3595,-261135.8908,42596.4688,480.7096,1001.2446
-303906.456,-261112.3896,42794.0664,517.8777,1031.1067
-304022.9051,-261188.909,42833.9961,492.6083,1032.2695
-303847.3276,-261263.2456,42584.082,499.5484,1036.7138
-303957.8419,-261259.834,42698.0078,508.6472,1046.862
-303957.93,-261225.8558,42732.0742,458.4565,1052.4738
-303989.33,-261292.0604,42697.2695,523.0779,1037.4321
-304010.0359,-261218.7116,42791.3242,475.7806,1065.6768
-303867.9035,-261272.2355,42595.668,505.3545,1026.4054
-303970.429,-261177.6985,42792.7305,490.9215,1058.9122
-304097.8672,-261280.0781,42817.7891,488.7427,1044.168
-303836.5743,-261265.6055,42570.9688,470.1268,1006.709
-303730.3098,-261209.3488,42520.9609,541.9259,1033.9224
-304071.4596,-261290.5299,42780.9297,510.9337,1018.379
-304095.1603,-261298.1955,42796.9648,479.3416,1049.4282
-304011.7751,-261271.0446,42740.7305,482.8537,1056.038
-303589.9017,-261301.1673,42288.7344,512.1601,1032.9079
-303835.0515,-261144.3991,42690.6523,538.6527,1051.2083
-304251.889,-261317.5726,42934.3164,486.0951,1036.9399
-304105.1713,-261260.3002,42844.8711,500.6946,1035.4491
-303929.1858,-261197.1233,42732.0625,476.1491,1035.4245
-303924.7299,-261244.9174,42679.8125,492.3401,1031.9656
-303934.4534,-261280.3518,42654.1016,525.4436,1031.1478
-304040.5885,-261266.6432,42773.9453,490.5787,1072.1971
-303874.2664,-261368.8211,42505.4453,504.0661,1045.4639
-303966.0005,-261314.2505,42651.75,503.794,1020.02
-303934.9567,-261257.3669,42677.5898,457.2917,1044.2548
-303930.4044,-261223.0841,42707.3203,469.3815,1044.0597
-303773.1618,-261199.0173,42574.1445,515.0637,1067.4182
-304039.9773,-261323.8367,42716.1406,495.106,1046.1637
-304180.9199,-261297.1269,42883.793,481.583,1041.5135
-304172.9836,-261350.2062,42822.7773,487.3359,1064.781
-304058.8591,-261342.8708,42715.9883,476.0917,1034.8802
-303644.8366,-261164.1842,42480.6523,509.8868,1055.6086
-303857.3602,-261253.3212,42604.0391,511.4639,1040.0267
-303874.3063,-261277.6774,42596.6289,486.9269,1031.2282
-303734.8555,-261135.1016,42599.7539,503.0655,992.6522
-303830.2502,-261197.5549,42632.6953,503.9436,1043.7687
-303942.7476,-261389.732,42553.0156,492.333,1050.3847
-303955.9998,-261182.4686,42773.5312,471.2742,1064.2465
-304175.5867,-261249.4656,42926.1211,521.2216,1022.7197
-303877.467,-261316.3654,42561.1016,487.4062,1047.0742
-304069.5043,-261271.5473,42797.957,493.5541,1027.0451
-303993.785,-261331.5116,42662.2734,492.2202,1064.336
-304059.9719,-261265.4719,42794.5,511.3722,1044.6408
-303802.985,-261087.2975,42715.6875,463.9483,1040.234
-303936.4684,-261287.6286,42648.8398,513.981,1048.8004
-303746.6492,-261196.5633,42550.0859,506.6208,1058.5195
-304162.3876,-261235.0244,42927.3633,533.8289,1052.1073
-304132.8984,-261218.9882,42913.9102,461.3233,1048.249
-304039.7048,-261180.6033,42859.1016,509.2273,1004.6096
-303883.0886,-261311.112,42571.9766,482.5201,1027.2019
-304061.1241,-261244.7022,42816.4219,489.995,1091.0965
-303794.8116,-261210.4327,42584.3789,499.3045,1012.6688
-303955.8172,-261283.1219,42672.6953,486.348,1080.5952
-303756.0239,-261231.5356,42524.4883,453.7728,1022.7231
-304000.9085,-261341.2015,42659.707,497.9467,1079.3055
-303845.3654,-261344.4631,42500.9023,467.353,1029.2319
-304050.0533,-261275.6001,42774.4531,519.5442,1063.8101
-303967.5868,-261275.0087,42692.5781,498.1296,1049.1239
-303924.6603,-261358.3478,42566.3125,473.7546,1031.8356
-304206.5019,-261348.5059,42857.9961,499.9784,1000.8352
-303909.4825,-261258.6856,42650.7969,488.7093,1045.3405
-303776.9846,-261203.7307,42573.2539,495.8358,1059.948
-303771.2457,-261263.902,42507.3438,518.4459,1044.1408
-303787.6118,-261274.061,42513.5508,493.152,1015.6729
-304145.8431,-261283.4095,42862.4336,476.9092,1046.6733
-303932.3236,-261374.1908,42558.1328,489.5616,1015.7003
-303993.9938,-261339.7321,42654.2617,491.3859,1006.5777
-303883.2316,-261206.5011,42676.7305,478.8619,1033.3601
-303927.9014,-261216.8819,42711.0195,516.7632,1015.2816
-303873.1977,-261265.2446,42607.9531,472.9532,1003.6042
-303988.0065,-261271.0104,42716.9961,499.4737,1009.7409
-303681.8611,-261268.4705,42413.3906,509.4417,1049.1661
-303857.9532,-261332.7266,42525.2266,506.2654,1060.2343
-303668.6658,-261197.0291,42471.6367,501.2623,1052.5228
-303896.2514,-261246.0248,42650.2266,489.8609,1054.7685
-304062.8931,-261345.1157,42717.7773,541.4679,1060.5482
-304092.2549,-261203.8564,42888.3984,473.8207,1018.1709
-304025.338,-261250.7716,42774.5664,488.9678,1022.8293
-303941.1008,-261230.7687,42710.332,452.7986,1039.1695
-303929.2382,-261235.1171,42694.1211,513.0439,1030.5639
-304017.6152,-261328.498,42689.1172,492.1127,1035.446
-303905.3666,-261344.5345,42560.832,542.38,1059.1399
-303902.1138,-261317.024,42585.0898,486.0116,1044.8632
-303960.9079,-261247.3141,42713.5938,494.9972,1036.5939
-303967.8652,-261262.6777,42705.1875,501.1609,1062.9362
-303841.0178,-261221.717,42619.3008,530.9152,1026.8621
-303944.8672,-261205.8594,42739.0078,516.828,1048.5136
-303769.568,-261238.857,42530.7109,495.192,1030.1994
-304167.7107,-261307.4373,42860.2734,499.1248,1021.9445
-303922.7817,-261256.6801,42666.1016,512.0015,1042.5696
-303846.9717,-261321.8154,42525.1562,486.573,1060.1202
-304112.9997,-261339.7693,42773.2305,502.94,1059.1888
-303899.4174,-261253.8861,42645.5312,529.727,987.6091
-304266.6822,-261352.5221,42914.1602,488.9197,1014.6267
-304026.2515,-261308.4311,42717.8203,479.9511,1052.6429
-303912.3226,-261306.8499,42605.4727,501.9678,1020.6935
-303796.51,-261207.26,42589.25,474.8051,1068.7381
-303852.7726,-261178.921,42673.8516,475.3092,1025.4797
-304072.1464,-261354.9824,42717.1641,542.991,1052.4674
-303978.9827,-261273.5569,42705.4258,467.0628,1073.8333
-303965.2923,-261231.9251,42733.3672,490.6259,1026.0459
-303831.0531,-261165.3187,42665.7344,493.1766,1047.1017
-303969.6672,-261278.7219,42690.9453,518.7873,1031.1268
-303870.3497,-261219.4864,42650.8633,512.1619,1040.7869
-303985.3892,-261267.3384,42718.0508,496.5368,1028.626
-303946.5877,-261169.7361,42776.8516,500.703,1017.9022
-304101.4139,-261262.3358,42839.0781,472.7066,1044.3702
-304164.9972,-261307.3644,42857.6328,476.6209,1039.0347
-304049.6539,-261267.2672,42782.3867,511.8462,1042.2074
-303933.0138,-261338.2052,42594.8086,480.518,1058.6356
-303931.9796,-261349.4679,42582.5117,515.3055,1038.8692
-303980.6668,-261251.5964,42729.0703,507.2338,1012.7788
-304172.4467,-261310.1849,42862.2617,501.0723,1014.9774
-303968.0747,-261273.1255,42694.9492,514.8829,1068.8702
-304178.0043,-261300.8129,42877.1914,519.3028,1058.0813
-304070.6781,-261262.139,42808.5391,477.4799,992.325
-304118.1831,-261341.4605,42776.7227,503.1353,1025.6009
-303605.0431,-261279.0665,42325.9766,481.0795,1083.6665
-304053.018,-261254.3344,42798.6836,488.3421,1060.0105
-303923.1676,-261210.4488,42712.7188,491.8652,1061.7826
-304121.2706,-261277.2823,42843.9883,497.225,1064.2237
-304037.2283,-261268.4431,42768.7852,496.4523,1032.7986
-303918.2767,-261277.5501,42640.7266,495.5948,1057.2421
-303958.9778,-261272.2356,42686.7422,514.7524,1021.9235
-303993.0655,-261249.6202,42743.4453,469.146,1065.7156
-303827.5417,-261263.6745,42563.8672,483.0563,1047.1944
-303860.8151,-261317.3073,42543.5078,526.0025,1023.9895
-303878.1407,-261173.0431,42705.0977,495.9731,1050.9758
-303922.0631,-261272.5279,42649.5352,501.5206,1044.7402
-303959.2308,-261236.9144,42722.3164,505.1775,1074.4045
-304172.0939,-261269.0236,42903.0703,493.824,1026.2418
-303882.2526,-261243.7917,42638.4609,505.1499,1041.3431
-304202.59,-261304.9142,42897.6758,532.9325,1044.0792
-303933.7783,-261238.2315,42695.5469,526.2265,977.4575
-303872.8474,-261223.6052,42649.2422,486.5385,1018.4948
-303956.0811,-261203.9522,42752.1289,490.7628,1055.806
-303969.7843,-261317.4601,42652.3242,501.6453,1097.1592
-303847.2943,-261214.8294,42632.4648,504.0616,1035.9411
-303809.9204,-261122.2915,42687.6289,477.6479,1073.1225
-303993.0721,-261327.9275,42665.1445,499.6144,1055.082
-303992.6105,-261244.0988,42748.5117,475.7167,1046.5405
-304051.3718,-261311.9225,42739.4492,465.4247,1041.0764
-303911.8373,-261295.9232,42615.9141,484.39,1053.6629
-303931.7984,-261243.7047,42688.0938,514.6994,1073.6834
-303910.0675,-261345.0714,42564.9961,460.5748,1020.5203
-304135.8943,-261272.3358,42863.5586,497.5764,1021.1251
-303852.162,-261288.5058,42563.6562,495.9707,1084.6272
-303981.5352,-261348.8321,42632.7031,489.5337,1010.2833
-303974.6538,-261230.4312,42744.2227,527.5796,1033.161
-303869.9473,-261245.791,42624.1562,498.4109,1045.7618
-303985.5021,-261282.4474,42703.0547,516.9496,981.9844
-304013.7613,-261234.3082,42779.4531,513.9316,1034.4255
-304032.7111,-261311.9181,42720.793,494.824,1047.5517
-303894.6967,-261165.4272,42729.2695,525.4691,1015.8521
-304176.2592,-261293.3959,42882.8633,481.6914,1038.3124
-303930.9178,-261269.9803,42660.9375,484.2101,1024.7919
-303906.309,-261204.0902,42702.2188,526.1674,1030.9856
-303925.5659,-261313.3472,42612.2188,502.8064,1090.9813
-303843.8333,-261261.2278,42582.6055,493.5302,1012.1338
-304063.98,-261260.0582,42803.9219,478.1102,1041.7796
-303960.682,-261232.2289,42728.4531,508.7063,996.7637
-303903.2142,-261202.4915,42700.7227,487.3193,1054.6574
-303602.2253,-261129.6316,42472.5938,493.9468,1084.3864
-304054.0251,-261375.0369,42678.9883,461.8381,1060.6713
-303880.5977,-261245.2931,42635.3047,514.7873,1032.7032
-303902.4238,-261273.8144,42628.6094,498.294,1023.8512
-303890.7444,-261254.4084,42636.3359,533.3363,1058.9435
-303922.5592,-261175.4068,42747.1523,501.5681,1007.2628
-303925.839,-261263.757,42662.082,521.6461,1093.6924
-303777.5421,-261224.7648,42552.7773,478.2337,985.8769
-303882.4248,-261255.1084,42627.3164,506.2332,1033.8892
-303790.6628,-261178.3229,42612.3398,450.6829,1037.6783
-304020.0574,-261244.7449,42775.3125,490.8771,1067.9439
-303974.1633,-261328.6633,42645.5,493.0377,1039.0331
-304027.8742,-261230.7688,42797.1055,476.1791,1024.8634
-303944.3185,-261283.7013,42660.6172,494.2145,1017.4216
-303989.2561,-261244.6545,42744.6016,482.8623,1045.679
-303903.2675,-261284.1268,42619.1406,482.2163,1056.8628
-304134.5099,-261329.6466,42804.8633,441.7797,1021.0068
-304010.5672,-261250.6922,42759.875,460.5245,998.1351
-303885.6913,-261183.8163,42701.875,507.8776,1052.4332
-304033.4363,-261332.6863,42700.75,459.559,1055.7463
-304141.4606,-261277.6716,42863.7891,491.076,1029.6009
-303868.216,-261232.9816,42635.2344,518.5397,1027.0093
-304208.8792,-261320.6057,42888.2734,507.0533,1034.3324
-303931.6545,-261190.9514,42740.7031,501.6817,1021.746
-303853.4263,-261227.6998,42625.7266,491.6782,1045.6756
-303974.8086,-261285.4219,42689.3867,474.5754,1032.6642
-304153.8193,-261333.6318,42820.1875,455.8625,1073.0929
-303987.4515,-261385.143,42602.3086,483.3777,1101.4863
-304192.6272,-261284.9631,42907.6641,492.4256,1040.9729
-303660.8113,-261328.1472,42332.6641,499.5804,1091.1051
-303861.9214,-261290.4526,42571.4688,494.8659,1049.3256
-303976.7435,-261334.7278,42642.0156,529.2726,1051.152
-304114.7824,-261345.8801,42768.9023,497.6577,1075.4101
-303813.3993,-261328.3954,42485.0039,492.6203,1023.387
-303963.1438,-261203.1633,42759.9805,478.7265,1052.8884
-304190.2882,-261324.9367,42865.3516,513.6849,1063.6836
-304050.551,-261258.8713,42791.6797,501.2393,1056.1595
-303956.8384,-261309.436,42647.4023,508.4603,1048.3088
-304068.4328,-261304.3039,42764.1289,491.3003,1083.206
-303975.8544,-261286.6825,42689.1719,514.3036,1008.1409
-304013.1519,-261259.1441,42754.0078,481.6026,1015.6547
-303973.6567,-261249.4419,42724.2148,491.469,1011.2473
-303942.6529,-261249.6255,42693.0273,498.4357,1052.5802
-303909.7349,-261206.5982,42703.1367,468.6411,1043.4162
-303873.1,-261263.1664,42609.9336,504.5421,1069.8775
-303935.1606,-261265.6489,42669.5117,519.3497,1046.5778
-304010.1001,-261364.1353,42645.9648,529.8899,1000.8631
-303955.9307,-261276.3643,42679.5664,511.7698,1043.1722
-303827.2901,-261277.8174,42549.4727,488.6282,1020.5695
-304016.8725,-261311.5444,42705.3281,474.2289,1053.5991
-303871.5656,-261273.8469,42597.7188,492.2829,1046.5279
-303978.7698,-261245.5354,42733.2344,526.9864,1073.7546
-304078.4975,-261244.646,42833.8516,492.1054,1082.2997
-304181.1085,-261213.8585,42967.25,477.6754,1038.4205
-303891.7207,-261227.666,42664.0547,504.5936,1043.7696
-303873.5269,-261147.1441,42726.3828,509.3091,1020.9711
-303805.488,-261289.7809,42515.707,522.0848,1021.2376
-304009.0485,-261299.2829,42709.7656,506.7313,1050.0097
-303927.0494,-261282.0455,42645.0039,521.6213,1024.1866
-304071.7835,-261243.3851,42828.3984,471.8308,1046.016
-303985.454,-261321.9305,42663.5234,486.9806,1038.7226
-303775.65,-261283.5758,42492.0742,488.4475,1022.9252
-303700.9713,-261210.5103,42490.4609,505.6205,1034.7021
-303616.1614,-261126.7161,42489.4453,557.1627,1087.6528
-304011.2699,-261298.9731,42712.2969,458.0778,1079.813
-304281.6514,-261388.9248,42892.7266,492.6296,1029.4403
-303983.1919,-261232.981,42750.2109,488.1596,1040.4952
-303852.3733,-261266.7054,42585.668,502.4058,1017.5252
-304023.5336,-261343.8656,42679.668,456.4284,1065.6482
-304153.412,-261268.7752,42884.6367,492.2854,988.7832
-303724.043,-261267.3712,42456.6719,500.8023,1071.8982
-304081.3794,-261301.6568,42779.7227,526.5352,1056.0869
-303742.8209,-261214.3404,42528.4805,523.3947,1050.0875
-304051.876,-261278.8408,42773.0352,503.8381,1033.5915
-304041.8381,-261198.8029,42843.0352,516.9172,1028.7548
-303908.8002,-261256.6362,42652.1641,480.4223,1045.1977
-303924.7404,-261328.6233,42596.1172,474.894,1066.813
-304127.9748,-261212.6818,42915.293,491.6139,1056.2895
-304126.5607,-261180.3888,42946.1719,504.9261,1081.1783
-304159.9879,-261226.316,42933.6719,490.0294,1055.7794
-304000.6417,-261305.3448,42695.2969,481.4261,1038.8054
-304129.4489,-261252.3044,42877.1445,520.5875,1045.5359
-304152.6117,-261244.057,42908.5547,480.9675,1019.5521
-304027.807,-261341.7484,42686.0586,499.2197,1028.5038
-303925.8609,-261221.6656,42704.1953,503.5035,1035.4781
-303918.1802,-261296.2271,42621.9531,498.0145,1015.1257
-303815.4036,-261191.22,42624.1836,535.9817,1043.4117
-304141.2773,-261348.207,42793.0703,508.8622,1007.0342
-304016.0259,-261306.4908,42709.5352,490.4088,1014.1347
-304084.3531,-261259.607,42824.7461,479.9512,1021.9695
-303864.5531,-261189.3382,42675.2148,520.8529,1053.6204
-304130.6731,-261283.0051,42847.668,494.1289,1020.2217
-303874.3359,-261246.7616,42627.5742,511.2381,1042.3835
-303906.378,-261222.1553,42684.2227,509.4945,1052.2872
-304140.1248,-261344.8631,42795.2617,459.8897,1054.7512
-303706.5667,-261181.2972,42525.2695,488.928,1055.9414
-303923.0463,-261316.2456,42606.8008,506.2774,1042.4035
-303878.6402,-261227.0347,42651.6055,505.496,1024.3111
-304143.0348,-261241.8395,42901.1953,500.179,1030.5054
-303930.6643,-261277.6018,42653.0625,522.8478,1036.3589
-304053.5446,-261256.6969,42796.8477,498.4802,1030.7808
-304105.2384,-261301.918,42803.3203,475.4504,1054.9276
-303702.2829,-261183.2009,42519.082,506.951,1044.6456
-304081.4693,-261269.3365,42812.1328,508.0927,1092.9986
-303880.9066,-261285.6761,42595.2305,497.7851,1040.0995
-303665.2827,-261155.3217,42509.9609,502.1132,1035.4317
-303978.9423,-261247.0752,42731.8672,532.267,1046.5534
-304029.6493,-261298.7313,42730.918,514.4568,1055.9724
-304095.7432,-261302.2589,42793.4844,494.2508,1004.6767
-303912.9036,-261201.4544,42711.4492,481.9656,1077.0032
-303802.5265,-261194.1476,42608.3789,462.0541,1012.6752
-303922.8912,-261283.4537,42639.4375,518.8291,1030.0026
-303937.3923,-261245.9978,42691.3945,473.8068,1061.4987
-303950.0312,-261312.3008,42637.7305,514.3332,1054.501
-304093.2408,-261260.6548,42832.5859,519.352,1071.6443
-303867.7409,-261265.1862,42602.5547,516.5524,1088.7285
-303862.4483,-261255.4053,42607.043,474.9879,1038.4266
-303849.5629,-261255.6449,42593.918,477.8805,1034.8693
-303852.1811,-261188.0014,42664.1797,485.3204,1056.8853
-304048.2329,-261357.9751,42690.2578,482.2141,1086.7418
-304131.7782,-261293.286,42838.4922,479.5273,1075.8112
-303970.4298,-261329.2736,42641.1562,515.021,1077.4814
-303920.0139,-261232.1037,42687.9102,497.939,1055.1777
-303672.1951,-261127.6443,42544.5508,505.8018,1072.4575
-303756.924,-261176.8146,42580.1094,513.2375,1034.3997
-303759.4428,-261168.3882,42591.0547,470.9569,1053.3479
-304010.6693,-261415.8256,42594.8438,483.8619,1099.279
-304131.0836,-261308.6383,42822.4453,505.8789,1041.1196
-303918.2666,-261213.5127,42704.7539,472.6928,1016.6382
-303998.0248,-261151.3803,42846.6445,489.033,1055.4585
-303912.3717,-261213.7662,42698.6055,489.705,1026.2512
-304134.2504,-261305.9574,42828.293,464.6563,1033.0287
-303929.6024,-261325.6454,42603.957,529.6455,1004.5147
-303887.0373,-261359.8381,42527.1992,500.5281,1073.6297
-303885.7185,-261235.8201,42649.8984,467.661,1058.8265
-304177.5634,-261236.7314,42940.832,472.5355,1020.6376
-303795.9041,-261184.7752,42611.1289,474.4692,1055.7551
-303825.6779,-261195.1388,42630.5391,468.0061,1011.1427
-303897.2865,-261161.6185,42735.668,488.1645,1039.3844
-303937.1627,-261183.1627,42754.0,478.7462,1074.2864
-303820.4423,-261126.5127,42693.9297,484.5041,1013.3762
-303601.0713,-261207.2314,42393.8398,487.9813,1075.3947
-304032.0579,-261230.7844,42801.2734,492.4604,1009.0091
-303966.6674,-261286.0424,42680.625,496.3607,1044.2969
-304022.9764,-261268.2537,42754.7227,497.5081,1060.535
-303918.5533,-261321.5768,42596.9766,497.8254,1034.3054
-303742.6394,-261213.6511,42528.9883,459.254,1081.8296
-304013.2638,-261191.5881,42821.6758,519.4561,1007.4027
-303854.9269,-261189.4972,42665.4297,487.5559,1047.2128
-303929.2997,-261286.9052,42642.3945,481.6136,1033.7956
-304241.7257,-261253.55,42988.1758,514.4918,988.2951
-304111.2474,-261321.0404,42790.207,493.0829,1023.7572
-304161.234,-261258.2965,42902.9375,476.9538,1044.1566
-303988.7723,-261298.1941,42690.5781,505.2985,1078.1098
-303842.9528,-261256.7849,42586.168,501.6988,1058.9974
-304120.6037,-261284.1272,42836.4766,494.7539,1015.2486
-304160.5295,-261380.3771,42780.1523,506.9524,1059.781
-303855.9053,-261244.2256,42611.6797,511.3686,1051.2689
-303983.4882,-261246.5116,42736.9766,505.1167,1072.7543
-303971.5248,-261276.8099,42694.7148,503.416,1040.5433
-303604.0064,-261159.2251,42444.7812,534.8406,994.9595
-303946.7696,-261298.4961,42648.2734,496.3333,1035.4207
-303932.1136,-261320.598,42611.5156,524.1119,1027.6985
-304300.2729,-261328.0893,42972.1836,503.2796,1055.859
-304031.4176,-261358.4722,42672.9453,485.2257,1011.33
-303999.563,-261284.3638,42715.1992,516.4689,1090.8209
-303958.1492,-261235.4344,42722.7148,509.2793,1051.9822
-303972.2867,-261246.0836,42726.2031,505.521,1043.9166
-303862.9374,-261315.8436,42547.0938,486.9442,1072.5737
-303897.0261,-261316.2097,42580.8164,488.7671,1094.3132
-304112.9346,-261378.0635,42734.8711,499.764,1044.3058
-304299.588,-261292.5919,43006.9961,509.8541,1036.8623
-304002.5576,-261195.7022,42806.8555,491.6307,1059.8705
-303922.7489,-261283.952,42638.7969,518.3289,1044.6418
-303942.5385,-261176.2221,42766.3164,483.5284,1072.7542
-303898.1692,-261298.9934,42599.1758,463.684,1040.0463
-303790.9506,-261243.185,42547.7656,514.146,1045.5397
-303820.0319,-261222.6023,42597.4297,471.0341,1055.7917
-303931.762,-261289.176,42642.5859,511.4369,1043.1928
-303988.8948,-261350.6839,42638.2109,480.4079,1049.417
-303820.9025,-261214.8712,42606.0312,509.6428,1046.8124
-303974.3222,-261220.6933,42753.6289,504.0329,1035.2716
-303939.6136,-261242.2699,42697.3438,511.7604,1056.305
-304078.8329,-261194.7704,42884.0625,509.4316,1025.1261
-304069.4935,-261348.0716,42721.4219,506.304,1066.3254
-303967.3556,-261266.1017,42701.2539,466.037,1053.4324
-303817.7279,-261291.9349,42525.793,498.7758,1071.3482
-303747.9049,-261235.3112,42512.5938,470.7583,1079.7812
-303899.8908,-261215.8908,42684.0,487.7383,1044.9807
-303595.2146,-261149.1364,42446.0781,484.7184,1018.2106
-304039.0978,-261309.0704,42730.0273,498.9119,1077.3688
-304155.3637,-261402.1215,42753.2422,534.7146,1040.2449
-303918.0182,-261160.0963,42757.9219,516.1737,1015.0007
-303788.639,-261179.6077,42609.0312,460.8622,1005.3832
-303954.9915,-261302.1048,42652.8867,457.6044,1073.8972
-303790.5927,-261202.5419,42588.0508,503.7226,1039.9725
-303944.1159,-261307.0299,42637.0859,516.8646,1046.1407
-304031.6861,-261230.6236,42801.0625,464.5853,1035.3788
-304289.1644,-261320.2308,42968.9336,482.3932,1014.2537
-303966.4048,-261205.2603,42761.1445,461.6235,1013.1125
-304208.5986,-261307.044,42901.5547,498.977,1043.5626
-303886.5665,-261239.836,42646.7305,483.667,1061.7501
-304012.6651,-261311.087,42701.5781,462.1107,1070.8389
-303963.7625,-261217.3563,42746.4062,496.7009,1041.4328
-303893.612,-261302.1472,42591.4648,524.2939,1035.4343
-304004.1508,-261263.5765,42740.5742,511.4338,1057.5422
-304110.5454,-261317.3266,42793.2188,490.0715,1012.0185
-303823.3593,-261305.2343,42518.125,498.5147,963.6142
-304298.3657,-261452.7251,42845.6406,506.8613,1060.7539
-303955.4868,-261276.1548,42679.332,486.4511,1042.7175
-304011.3657,-261262.479,42748.8867,500.3441,1076.3133
-303890.9445,-261230.6399,42660.3047,496.0913,1075.2351
-303839.6174,-261300.8517,42538.7656,488.094,1041.2271
-304159.5508,-261282.6211,42876.9297,461.604,1045.3255
-304180.4383,-261272.4071,42908.0312,500.8845,1059.7294
-304091.2519,-261260.209,42831.043,464.713,985.7912
-304035.409,-261290.6785,42744.7305,472.336,1059.9518
-304163.1597,-261306.9566,42856.2031,497.3373,1102.0626
-303956.7915,-261251.5571,42705.2344,505.2605,1042.6072
-303789.06,-261225.4584,42563.6016,499.3421,1031.7385
-304121.2398,-261297.7125,42823.5273,503.7858,1036.2184
-304042.8339,-261257.5214,42785.3125,469.2388,1052.0049
-303989.2604,-261245.0846,42744.1758,538.4945,1052.4874
-303878.0569,-261263.8498,42614.207,514.5716,1030.171
-303830.6645,-261214.5239,42616.1406,523.8361,1053.9625
-303946.0046,-261228.0827,42717.9219,503.9963,1061.9666
-303989.4193,-261286.3372,42703.082,478.0532,1049.2954
-304146.8109,-261344.1976,42802.6133,486.7516,1039.9724
-303966.202,-261285.6942,42680.5078,492.7506,1033.0923
-304091.7412,-261347.8037,42743.9375,473.6813,1033.4909
-303778.6256,-261196.5553,42582.0703,501.018,1041.6929
-304030.0333,-261196.8888,42833.1445,500.0542,1028.5572
-304153.0594,-261341.7743,42811.2852,494.7959,1047.5462
-303923.6291,-261260.3127,42663.3164,508.771,1005.8752
-303756.2288,-261284.5882,42471.6406,527.4255,1040.3986
-303823.9058,-261200.6324,42623.2734,470.1465,1037.8377
-304069.1973,-261240.9082,42828.2891,476.9325,1011.5494
-304041.5045,-261324.8717,42716.6328,497.0413,1041.6791
-304035.5447,-261262.5955,42772.9492,496.677,1030.203
-303783.5911,-261230.0833,42553.5078,464.4396,1061.3809
-303717.0556,-261227.4853,42489.5703,454.618,1072.6714
-303797.91,-261185.3046,42612.6055,506.9216,1065.8346
-303956.5967,-261209.8467,42746.75,452.5943,1045.1842
-304157.1435,-261164.1708,42992.9727,474.388,1100.2996
-304155.5548,-261329.9102,42825.6445,515.5666,1034.6206
-304045.1238,-261266.3387,42778.7852,487.6232,1008.3526
-303719.2354,-261175.3291,42543.9062,464.6378,1033.1207
-303846.747,-261354.9267,42491.8203,489.0669,1074.6703
-304167.8141,-261235.5055,42932.3086,512.3477,1027.4011
-303866.5795,-261254.4545,42612.125,475.1975,1072.2605
-304011.8075,-261209.7645,42802.043,501.3311,1017.6054
-303969.2458,-261289.613,42679.6328,471.7771,1042.8975
-303994.4197,-261267.8259,42726.5938,530.363,1024.7855
-304126.2178,-261384.0538,42742.1641,479.7618,1031.9212
-304032.2286,-261232.2207,42800.0078,480.9557,1010.1121
-304066.7795,-261293.5568,42773.2227,478.6811,1027.9336
-303805.138,-261200.8645,42604.2734,491.6393,1058.7008
-303790.2188,-261169.6328,42620.5859,488.4835,1030.8537
-303840.2663,-261291.8092,42548.457,485.6303,1034.2663
-304090.4104,-261269.0667,42821.3438,464.5882,1040.6472
-303779.9665,-261236.4118,42543.5547,502.1115,1021.9354
-304138.7128,-261253.787,42884.9258,506.2524,1020.5518
-303941.0017,-261252.9431,42688.0586,480.6923,1060.412
-304039.817,-261275.0592,42764.7578,515.3364,1081.1189
-303814.7691,-261167.7691,42647.0,486.1279,1036.2271
-303581.264,-261192.3109,42388.9531,503.4181,1024.6582
-303780.0985,-261267.2196,42512.8789,470.1379,1065.9536
-303869.6076,-261294.2131,42575.3945,480.4198,1027.1477
-303910.9776,-261379.5557,42531.4219,483.8212,1052.1312
-303858.4621,-261330.6848,42527.7773,474.2308,1068.7553
-304012.1657,-261275.7556,42736.4102,513.5821,1039.5977
-304058.4672,-261331.014,42727.4531,495.8887,1053.7623
-303700.5456,-261167.2097,42533.3359,478.9547,1032.5979
-303727.737,-261130.1003,42597.6367,528.2583,1025.5016
-303721.7344,-261167.5234,42554.2109,508.6543,1019.7713
-304209.1219,-261323.4617,42885.6602,463.4575,1040.4757
-304073.748,-261303.2753,42770.4727,481.9707,1054.3439
-304064.6226,-261312.6851,42751.9375,508.3167,1001.9743
-303892.8887,-261295.1426,42597.7461,507.508,1041.5834
-303669.3901,-261131.519,42537.8711,467.6053,1048.3134
-304051.5206,-261291.9698,42759.5508,456.7289,1079.417
-304100.8096,-261212.3526,42888.457,494.4905,1034.0163
-303975.1804,-261323.8288,42651.3516,500.5278,1076.0958
-304000.1087,-261304.2728,42695.8359,497.7848,1038.4728
-303904.1797,-261176.2227,42727.957,472.6873,1011.4692
-303712.1088,-261123.0736,42589.0352,495.3387,1016.7417
-303903.8535,-261207.791,42696.0625,505.5656,1022.0732
-303968.5211,-261288.4391,42680.082,523.8594,1057.5263
-303970.6882,-261296.8405,42673.8477,491.5282,1027.8945
-303808.9237,-261206.4979,42602.4258,511.3696,1058.7827
-303871.4154,-261240.0599,42631.3555,497.3713,1061.5757
-303942.4356,-261240.2286,42702.207,512.7527,1050.2556
-303993.0224,-261297.6122,42695.4102,517.8314,1056.7992
-304029.4007,-261241.1625,42788.2383,493.7755,1045.2468
-303940.8399,-261291.5548,42649.2852,507.3451,1024.5048
-304020.6067,-261203.595,42817.0117,481.5192,1043.0565
-303895.7464,-261200.8128,42694.9336,494.7224,1029.5105
-303965.329,-261115.8798,42849.4492,498.4467,1038.5863
-303843.9375,-261158.5859,42685.3516,438.8661,1041.7546
-303749.8694,-261182.8264,42567.043,520.4385,1037.9237
-303975.3678,-261260.0162,42715.3516,514.6211,1065.4943
-303948.2361,-261242.9392,42705.2969,475.528,1065.4799
-303829.9887,-261326.6645,42503.3242,475.734,1068.9559
-304032.3571,-261328.9625,42703.3945,491.9044,1067.1451
-303708.0272,-261215.0468,42492.9805,495.9152,1045.5484
-303930.1447,-261269.4298,42660.7148,511.7853,1055.7294
-303656.7944,-261283.5405,42373.2539,491.9732,1007.2977
-304083.698,-261417.5456,42666.1523,517.0518,1040.3529
-304071.9549,-261433.8845,42638.0703,473.8587,1071.1335
-303974.8099,-261245.8959,42728.9141,507.5894,1038.8282
-303772.9898,-261254.3765,42518.6133,479.8748,1022.7981
-303907.0893,-261280.4369,42626.6523,473.7375,1052.1293
-304059.5653,-261276.4989,42783.0664,541.9239,1030.3733
-303887.5271,-261246.3513,42641.1758,488.3962,1055.4195
-303863.812,-261279.0034,42584.8086,489.8007,1054.0671
-304087.3082,-261323.5348,42763.7734,523.1904,1031.9529
-303898.1106,-261246.4973,42651.6133,487.4948,1040.1034
-303834.8536,-261185.9669,42648.8867,508.0335,1063.9498
-304098.1458,-261308.1419,42790.0039,500.6015,1040.0352
-304059.9988,-261265.3855,42794.6133,508.7359,1048.3685
-304020.7526,-261262.2643,42758.4883,496.484,1000.9177
-304051.2111,-261258.7736,42792.4375,493.1991,1016.4121
-304167.4224,-261301.77,42865.6523,526.5675,1034.0639
-304055.1492,-261244.7234,42810.4258,500.9692,1031.0614
-303672.594,-261209.4339,42463.1602,503.3553,1045.8154
-304080.1121,-261292.7606,42787.3516,496.613,1045.0187
-303832.7475,-261188.4936,42644.2539,512.6518,1049.3932
-304012.9034,-261243.7355,42769.168,512.0451,1070.505
-303937.2557,-261215.4823,42721.7734,494.3641,1061.6608
-303961.082,-261193.8515,42767.2305,487.1889,1008.7884
-304097.561,-261329.1626,42768.3984,496.3853,1017.999
-304105.684,-261254.2739,42851.4102,491.6946,1022.6379
-303882.3874,-261240.7897,42641.5977,496.5302,1034.7311
-304280.1048,-261311.0853,42969.0195,502.7668,1039.5309
-304082.1103,-261345.0517,42737.0586,480.7935,985.5498
-303910.9085,-261257.2405,42653.668,486.7402,1058.7326
-304023.6442,-261362.3161,42661.3281,499.6559,1052.6524
-303930.6423,-261294.7478,42635.8945,525.4268,1040.4576
-303944.3454,-261210.6774,42733.668,479.2362,1054.6058
-303953.7229,-261214.0979,42739.625,515.4616,1070.4651
-304010.5153,-261242.4528,42768.0625,494.7348,1089.6868
-303841.0108,-261257.7452,42583.2656,512.1061,1038.2823
-304023.1563,-261308.1485,42715.0078,509.8603,1022.0112
-304132.9225,-261254.7272,42878.1953,501.5125,1050.3448
-304099.5621,-261264.1012,42835.4609,479.9017,1060.5491
-304057.8531,-261242.0093,42815.8438,491.0908,1017.3929
-303927.0565,-261212.4315,42714.625,496.0432,1041.207
-303624.0405,-261182.0796,42441.9609,494.1439,1075.8216
-303898.1438,-261382.4641,42515.6797,495.7652,1056.9649
-303959.8677,-261290.3872,42669.4805,459.5898,1047.4868
-303927.4988,-261239.3504,42688.1484,485.4844,1000.5168
-303790.0036,-261213.9021,42576.1016,485.4703,1030.0998
-303774.8383,-261283.0493,42491.7891,506.3503,1043.6934
-304022.5703,-261326.9492,42695.6211,507.2263,1063.4589
-303971.5038,-261222.3359,42749.168,511.2209,1030.8966
-303997.0968,-261268.7179,42728.3789,473.7671,1032.675
-304242.9191,-261368.4582,42874.4609,492.6227,1017.9466
-304042.1646,-261211.7388,42830.4258,498.6483,1021.3463
-303705.1875,-261293.5039,42411.6836,489.4792,1022.1961
-304140.3773,-261330.1625,42810.2148,480.1418,1078.222
-303894.1562,-261168.1211,42726.0352,500.4788,1054.1399
-304125.8119,-261217.9486,42907.8633,497.4321,1040.4278
-304026.757,-261348.6203,42678.1367,527.681,1025.7148
-303995.3763,-261331.7279,42663.6484,484.7723,1041.3792
-303967.5865,-261220.1139,42747.4727,459.6044,1061.0386
-303711.3004,-261228.9136,42482.3867,500.8567,1060.2046
-303946.6069,-261251.9819,42694.625,478.5054,1028.1648
-303598.8166,-261259.1096,42339.707,474.0401,1044.3781
-303758.9749,-261244.096,42514.8789,445.4634,1061.1849
-303906.0868,-261272.3407,42633.7461,498.1609,1035.8694
-304140.2762,-261318.4793,42821.7969,540.7423,1043.6127
-304163.5632,-261290.8952,42872.668,493.7716,1056.512
-304115.9042,-261233.9433,42881.9609,508.8192,1072.5108
-303902.257,-261280.0695,42622.1875,504.6432,1014.4455
-303777.7049,-261311.2166,42466.4883,529.6015,1002.5337
-303942.2262,-261217.4918,42724.7344,505.3431,1041.2136
-304074.2916,-261257.5846,42816.707,465.8967,1025.4308
-303705.6714,-261251.2691,42454.4023,491.3486,1034.7028
-303783.6935,-261221.1075,42562.5859,484.9107,1049.8555
-304024.3775,-261325.8697,42698.5078,495.3842,1017.1963
-303979.2916,-261261.5299,42717.7617,520.3076,1021.8796
-303969.2583,-261226.7661,42742.4922,475.2985,1072.2154
-304182.0323,-261299.2745,42882.7578,509.7466,1075.6664
-303823.2455,-261264.2806,42558.9648,520.3442,1061.7948
-303925.286,-261299.1649,42626.1211,486.9823,1033.8281
-303808.1931,-261144.1306,42664.0625,519.4528,1054.3719
-303762.5396,-261171.5708,42590.9688,507.0954,1095.4469
-303603.8128,-261083.4886,42520.3242,482.3639,1071.4592
-303884.2916,-261262.4791,42621.8125,537.1772,1049.1457
-304270.1235,-261261.0649,43009.0586,470.5924,1039.5933
-304081.472,-261213.9877,42867.4844,487.8789,1039.4502
-303615.495,-261191.3973,42424.0977,507.8371,1053.2814
-303840.3446,-261212.6922,42627.6523,498.4278,1091.244
-304008.0537,-261211.0537,42797.0,489.9016,1075.0292
-304014.194,-261196.4791,42817.7148,478.9739,1075.1663
-304064.0197,-261300.969,42763.0508,520.2249,1082.5466
-303752.1581,-261153.33,42598.8281,522.8596,1033.225
-303659.822,-261178.6501,42481.1719,513.0196,1086.7815
-303983.3406,-261292.1218,42691.2188,505.1217,1000.5395
-304156.6996,-261259.1606,42897.5391,485.427,1036.1122
-304067.57,-261217.2731,42850.2969,484.3437,1086.4079
-303535.6008,-261136.1828,42399.418,507.2894,1017.2116
-304096.3411,-261159.1028,42937.2383,505.9906,1028.7854
-303932.1966,-261191.7708,42740.4258,498.8694,1064.1429
-303860.4069,-261207.0163,42653.3906,500.5728,1034.2494
-303970.7364,-261267.6661,42703.0703,454.9539,1041.7049
-304010.3989,-261228.8755,42781.5234,516.5941,992.6914
-303832.3814,-261271.3346,42561.0469,479.5535,1071.0044
-304040.7829,-261308.0993,42732.6836,519.6557,1096.022
-303990.2546,-261244.8874,42745.3672,493.6402,1076.1987
-303868.9866,-261322.5726,42546.4141,477.5278,1030.3385
-303980.8667,-261241.9566,42738.9102,482.7494,1061.831
-303938.1931,-261330.9119,42607.2812,490.5121,1054.9273
-303790.2953,-261266.4906,42523.8047,487.123,1053.4333
-303718.7536,-261144.6247,42574.1289,525.2514,1102.6397
-303975.1515,-261274.753,42700.3984,457.3417,1056.2911
-303816.796,-261259.2335,42557.5625,524.1935,1035.4404
-303770.9007,-261328.1312,42442.7695,492.1099,1076.1789
-303867.3463,-261249.1236,42618.2227,475.6291,1037.8786
-303697.0965,-261292.9168,42404.1797,513.532,1056.1314
-303893.6381,-261242.8764,42650.7617,506.8864,1034.3261
-303910.5531,-261270.0883,42640.4648,507.875,1050.481
-303962.3419,-261306.9279,42655.4141,502.3384,1027.943
-304191.2747,-261279.3099,42911.9648,501.4661,986.7516
-304010.3947,-261297.8165,42712.5781,515.059,1064.7084
-303904.8309,-261266.6356,42638.1953,474.2734,1037.0154
-304155.2188,-261312.3711,42842.8477,491.7545,1041.8027
-303818.8998,-261278.1576,42540.7422,510.3878,1021.6561
-303706.6758,-261240.3751,42466.3008,495.4139,1006.8074
-303978.1144,-261205.0167,42773.0977,514.0885,1026.1994
-303984.6182,-261298.6885,42685.9297,512.0212,1031.6493
-303899.2019,-261286.8269,42612.375,486.289,1031.9901
-303948.7535,-261248.6051,42700.1484,472.8559,1046.0846
-304070.1416,-261204.4619,42865.6797,490.6938,1030.9794
-304049.5544,-261241.3356,42808.2188,498.8108,983.4025
-303779.7182,-261199.394,42580.3242,515.466,1021.7656
-303982.6025,-261200.954,42781.6484,501.1781,1030.4902
-303851.3495,-261178.4706,42672.8789,524.3384,1037.7075
-304067.4426,-261385.1496,42682.293,495.8117,1025.2126
-304040.8582,-261219.2371,42821.6211,522.9034,1017.5316
-304043.9799,-261305.7963,42738.1836,482.3608,1033.4169
-303864.3969,-261135.975,42728.4219,520.5634,1004.2516
-304054.8555,-261270.2657,42784.5898,469.768,1022.7232
-303921.7542,-261268.555,42653.1992,473.5629,1010.171
-304010.8394,-261193.2222,42817.6172,510.2078,1092.704
-303901.9239,-261228.4474,42673.4766,500.3651,1079.163
-304044.6157,-261193.2836,42851.332,503.0906,1037.7229
-304156.2221,-261297.5854,42858.6367,524.7564,1017.0323
-304111.1454,-261330.6532,42780.4922,483.2991,972.0279
-304173.7848,-261202.8707,42970.9141,441.3153,1013.7239
-304019.8075,-261250.1356,42769.6719,449.3159,965.8127
-303882.8155,-261200.4522,42682.3633,467.4528,1047.3521
-303824.324,-261303.1599,42521.1641,526.1151,1047.9557
-304082.5501,-261260.9564,42821.5938,491.9096,1014.5852
-303855.5704,-261241.3829,42614.1875,510.584,1030.6475
-304215.7201,-261345.9467,42869.7734,518.3824,1013.1889
-303928.8542,-261286.2683,42642.5859,477.481,1044.3755
-303749.6064,-261236.6259,42512.9805,502.5595,1070.3023
-303727.4787,-261246.9396,42480.5391,487.5999,1050.3408
-304035.1562,-261280.9375,42754.2188,475.2973,1028.7258
-303953.7732,-261219.2654,42734.5078,469.8193,1052.5666
-303976.9709,-261201.4241,42775.5469,499.8744,1057.8195
-303797.6638,-261320.7849,42476.8789,482.1376,980.5049
-303920.1281,-261241.136,42678.9922,499.1715,1034.462
-303924.2728,-261216.7532,42707.5195,481.2755,1088.3522
-303620.8331,-261229.8956,42390.9375,501.7404,1001.7421
-304110.6174,-261269.8517,42840.7656,497.5874,991.0404
-304172.0795,-261234.3803,42937.6992,513.5707,1024.4307
-304072.1481,-261312.9411,42759.207,469.2582,1027.6193
-303973.9364,-261222.577,42751.3594,530.7274,1056.2897
-303966.6248,-261255.0623,42711.5625,481.9799,1063.6841
-304222.3522,-261389.7858,42832.5664,490.8507,1022.6075
-304094.0219,-261281.2094,42812.8125,471.1936,1003.3542
-303952.4026,-261168.4026,42784.0,494.1902,1034.2302
-303949.4637,-261267.4676,42681.9961,481.4427,1046.3346
-303528.275,-261237.0993,42291.1758,521.7447,1012.5997
-303689.2193,-261218.1295,42471.0898,518.3734,1030.7222
-304002.0434,-261204.7309,42797.3125,475.1809,1056.87
-303997.5778,-261264.07,42733.5078,474.6534,1048.7771
-304023.2315,-261309.4541,42713.7773,504.2119,1067.1419
-303775.4929,-261302.9421,42472.5508,486.9511,1041.0328
-303991.8242,-261259.2305,42732.5938,527.0378,1048.0164
-303964.365,-261265.5525,42698.8125,470.4239,1039.882
-303905.4995,-261366.6362,42538.8633,508.4992,1054.4378
-303889.0677,-261183.763,42705.3047,505.1178,1007.8426
-304194.2654,-261345.1873,42849.0781,493.9509,1015.6738
-303860.0881,-261159.7795,42700.3086,503.9581,1013.5825
-303991.197,-261226.4275,42764.7695,472.8607,1018.8762
-303861.9743,-261110.4548,42751.5195,515.2441,1002.0855
-303940.9805,-261143.2774,42797.7031,509.6236,1061.2301
-304118.9385,-261240.751,42878.1875,499.5774,995.8512
-303783.0884,-261324.4126,42458.6758,463.4318,1029.9322
-303753.7509,-261200.411,42553.3398,510.5328,1058.0373
-303932.7322,-261261.0213,42671.7109,488.8491,1041.3249
-303778.1752,-261294.2768,42483.8984,500.9057,1070.6179
-303871.4482,-261245.7528,42625.6953,487.6819,1007.4814
-303961.243,-261433.0945,42528.1484,478.8664,1058.359
-303980.8206,-261276.4143,42704.4062,514.1544,1025.5299
-303918.2864,-261202.5481,42715.7383,496.3291,1088.8811
-303800.3057,-261283.9307,42516.375,489.2064,1009.9315
-303867.6402,-261235.0464,42632.5938,505.1474,1053.59
-304079.0722,-261400.1152,42678.957,478.1833,1108.1221
-303928.6658,-261210.0017,42718.6641,471.3939,1040.3936
-303947.4719,-261231.2258,42716.2461,472.0544,1012.1713
-303716.3451,-261255.7474,42460.5977,492.9745,1025.8887
-304044.7517,-261261.1033,42783.6484,496.6352,1037.4695
-304040.1742,-261395.2484,42644.9258,491.8164,1041.7788
-304136.0797,-261222.1578,42913.9219,479.6699,1026.8336
-304056.2952,-261295.3342,42760.9609,492.1226,1008.5746
-304043.9412,-261249.3474,42794.5938,494.677,1026.3451
-303977.9765,-261375.3906,42602.5859,493.5596,1007.6499
-304119.2008,-261263.857,42855.3438,467.48,1019.6935
-303630.728,-261201.271,42429.457,465.0232,1057.8624
-303768.8891,-261231.522,42537.3672,480.5293,1026.3884
-304197.6638,-261230.449,42967.2148,509.7719,1021.5368
-303758.9085,-261238.4359,42520.4727,513.4092,1038.5195
-303884.5379,-261111.12,42773.418,486.3013,1031.6194
-304029.9114,-261273.6497,42756.2617,498.4511,1047.3039
-303887.3392,-261230.1282,42657.2109,487.8953,1038.4021
-303896.5809,-261317.2372,42579.3438,457.0844,1061.1385
-303939.6022,-261273.2038,42666.3984,484.9737,997.7835
-303703.3106,-261113.9474,42589.3633,506.3955,1020.3281
-304075.3254,-261343.6144,42731.7109,510.0135,1045.2493
-303961.3722,-261323.3566,42638.0156,525.9491,1037.2249
-303942.8342,-261307.092,42635.7422,479.7905,1042.0267
-304085.8998,-261162.9389,42922.9609,513.1338,1035.9002
-303994.6703,-261300.2133,42694.457,482.5728,1040.1912
-304080.8044,-261252.1989,42828.6055,481.0265,1019.6501
-304016.4377,-261273.5314,42742.9062,491.5244,1009.8241
-304028.2266,-261189.4414,42838.7852,485.9222,1047.2492
-304192.736,-261313.525,42879.2109,509.0795,1056.1436
-304001.9652,-261267.4691,42734.4961,481.6847,1052.2385
-304255.8188,-261346.0727,42909.7461,491.6183,1087.3887
-303730.755,-261267.7784,42462.9766,474.8502,1022.0098
-303930.8003,-261223.6948,42707.1055,464.3696,1065.766
-303598.4737,-261226.7705,42371.7031,487.8488,1020.3592
-304162.8931,-261305.4595,42857.4336,511.267,1048.0061
-304068.8478,-261275.0939,42793.7539,498.8226,1029.4111
-303683.1173,-261215.1017,42468.0156,477.271,1027.4796
-304007.0695,-261244.7375,42762.332,530.4426,1044.1807
-303726.4192,-261184.3606,42542.0586,518.4386,1044.424
-303955.0856,-261342.7106,42612.375,511.0333,1063.6118
-303795.9792,-261244.8737,42551.1055,476.1725,1038.7167
-303997.6146,-261326.8958,42670.7188,486.8385,1079.4882
-303974.4035,-261237.802,42736.6016,482.2333,1039.5162
-303904.8027,-261235.5918,42669.2109,486.5885,998.717
-303887.402,-261233.8981,42653.5039,482.5552,1058.208
-303972.6792,-261215.2808,42757.3984,514.02,1051.6609
-304329.2745,-261294.2862,43034.9883,488.6866,1040.6036
-303825.3401,-261197.387,42627.9531,504.4327,1068.1392
-303932.9896,-261236.1146,42696.875,485.4664,1061.1174
-303804.6034,-261184.3768,42620.2266,474.099,1005.9364
-304018.0156,-261227.1797,42790.8359,529.2497,1014.7198
-304104.3151,-261228.5182,42875.7969,460.3247,1051.7442
-304031.9246,-261336.4051,42695.5195,519.6016,1039.4546
-304235.2671,-261393.2866,42841.9805,488.6553,1116.3622
-304011.2718,-261304.2445,42707.0273,531.7755,1038.1958
-304060.6574,-261207.6535,42853.0039,481.6268,1021.7311
-303965.8213,-261362.5088,42603.3125,497.2972,1068.6672
-304049.1207,-261241.5816,42807.5391,530.1739,1020.2281
-303865.9026,-261308.719,42557.1836,489.3139,1098.6557
-303884.0438,-261199.2313,42684.8125,484.1142,1069.4645
-304234.7816,-261358.4613,42876.3203,517.7569,1043.9426
-304076.9009,-261237.5455,42839.3555,481.9612,1061.7159
-304104.5859,-261357.2187,42747.3672,490.9411,1042.7884
-303912.227,-261239.6957,42672.5312,516.8024,1083.6664
-303790.7131,-261152.924,42637.7891,491.1816,1008.5933
-303889.3556,-261230.7072,42658.6484,478.8859,1040.3221
-303916.8288,-261308.6687,42608.1602,508.2651,1062.2897
-304205.0186,-261313.9014,42891.1172,502.5403,1031.2023
-303812.5482,-261219.0638,42593.4844,479.0486,1040.1868
-303945.5685,-261226.1506,42719.418,505.5669,1026.0486
-303847.1529,-261230.399,42616.7539,518.8501,1053.54
-303863.5076,-261351.9998,42511.5078,521.2771,1057.6612
-304088.3195,-261335.2492,42753.0703,512.2466,1019.8436
-304083.9352,-261206.1813,42877.7539,513.5383,1029.9902
-303944.205,-261191.7558,42752.4492,496.1443,1028.7196
-304028.4018,-261362.9877,42665.4141,495.3889,1063.7782
-303855.8969,-261344.6508,42511.2461,486.8686,1038.2098
-303809.4046,-261216.4007,42593.0039,480.4777,1037.0887
-303955.7005,-261348.7513,42606.9492,487.5113,1075.4481
-303972.9049,-261248.9439,42723.9609,520.7503,1014.5402
-303959.0109,-261183.0812,42775.9297,479.9096,1040.9844
-303917.3113,-261252.1512,42665.1602,479.3245,1063.3287
-304182.8667,-261281.2065,42901.6602,524.063,1049.3359
-303966.6878,-261235.2854,42731.4023,506.2384,1061.9123
-303945.4894,-261343.7433,42601.7461,520.5735,1006.0599
-303881.7058,-261220.3816,42661.3242,485.2617,1034.6443
-303979.6436,-261217.7061,42761.9375,497.8681,1017.2527
-303757.5279,-261228.7467,42528.7812,487.3509,1033.9647
-303712.366,-261179.7058,42532.6602,501.6026,1058.9598
-303889.8332,-261238.5363,42651.2969,499.8615,1070.6612
-303789.9148,-261214.6062,42575.3086,481.6458,1051.657
-304004.4076,-261216.9076,42787.5,483.1769,1065.2776
-303939.4005,-261246.9942,42692.4062,504.3541,1074.0897
-303950.2947,-261197.9041,42752.3906,501.5751,1060.614
-303871.0312,-261195.6406,42675.3906,490.674,1068.1465
-304039.689,-261229.228,42810.4609,500.2477,1041.0405
-303889.4636,-261259.4871,42629.9766,503.0816,1050.6773
-303889.6448,-261248.3245,42641.3203,501.173,1044.4546
-303966.1086,-261251.8899,42714.2188,490.2151,1039.8442
-304044.2101,-261215.0773,42829.1328,511.5865,1056.0867
-303950.271,-261253.2905,42696.9805,503.8688,1087.026
-303888.5116,-261215.2616,42673.25,507.3642,982.6465
-303855.7429,-261125.9968,42729.7461,539.5704,1030.6975
-303911.4695,-261275.3875,42636.082,476.5133,1091.3561
-303849.3323,-261255.1683,42594.1641,513.0907,1048.0532
-303809.6121,-261217.1668,42592.4453,488.7691,1061.2168
-303847.8366,-261164.2897,42683.5469,467.763,994.776
-303688.776,-261146.0533,42542.7227,479.3935,1038.4501
-303846.1086,-261192.5695,42653.5391,503.0075,1031.2238
-304004.9113,-261233.9973,42770.9141,509.2038,1024.9984
-303865.1413,-261236.1492,42628.9922,500.6267,1033.7344
-303859.811,-261287.9126,42571.8984,500.3213,1055.9187
-303818.2493,-261191.2532,42626.9961,492.7428,1060.3659
-303988.9027,-261253.7816,42735.1211,519.0822,1081.829
-304008.5174,-261319.9666,42688.5508,495.4783,1035.1806
-304003.0272,-261350.7968,42652.2305,494.4925,1014.9185
-303838.2315,-261201.5948,42636.6367,454.8142,1022.695
-303891.7663,-261322.2155,42569.5508,518.878,1021.8789
-303930.7929,-261177.0156,42753.7773,498.3227,1042.4791
-303700.8386,-261117.2175,42583.6211,495.4694,1043.7471
-303889.4788,-261147.8381,42741.6406,524.7126,1026.7892
-304184.7623,-261262.2701,42922.4922,508.1998,1028.7032
-303983.1285,-261212.8511,42770.2773,499.33,1011.8386
-303832.7639,-261264.928,42567.8359,455.5767,1063.7286
-304009.8218,-261248.146,42761.6758,518.1863,1075.7318
-303859.2554,-261282.0014,42577.2539,493.8112,1039.9368
-303804.1044,-261225.4754,42578.6289,505.335,1039.4269
-303975.1105,-261270.5167,42704.5938,494.9401,1017.9843
-303821.6224,-261267.6693,42553.9531,486.7882,1034.5873
-303917.669,-261244.6885,42672.9805,529.0607,1016.517
-303984.556,-261261.9779,42722.5781,487.7277,1038.5166
-303986.8625,-261184.6125,42802.25,505.6711,999.6292
-303635.5195,-261210.3554,42425.1641,496.4288,1050.3559
-303948.4856,-261263.2512,42685.2344,474.9546,1031.6901
-304081.7488,-261265.2214,42816.5273,503.5732,1052.1881
-303889.3078,-261209.6594,42679.6484,522.7887,1051.3084
-303786.4107,-261216.2623,42570.1484,518.136,1027.2721
-303486.9494,-261222.5783,42264.3711,510.4374,1081.9886
-303902.0064,-261286.2369,42615.7695,486.2475,1000.4356
-303934.2436,-261168.5522,42765.6914,488.5325,1052.7912
-303839.5225,-261257.8272,42581.6953,516.2679,1059.6885
-303896.6976,-261293.7836,42602.9141,521.6476,1035.8134
-304158.3304,-261272.389,42885.9414,492.089,1042.3589
-304115.6319,-261286.8701,42828.7617,504.8531,1022.7933
-303985.2658,-261247.5627,42737.7031,511.5764,1011.3896
-303834.0621,-261219.6949,42614.3672,467.233,1046.3578
-303896.1081,-261257.3191,42638.7891,537.4681,1027.837
-303923.1864,-261161.5419,42761.6445,499.2542,1098.7686
-303958.6756,-261221.406,42737.2695,487.7972,1075.9013
-303720.8932,-261199.026,42521.8672,495.5514,1058.3342
-304173.9853,-261422.1103,42751.875,481.5735,1029.3483
-303673.7587,-261118.8408,42554.918,473.8665,1077.7826
-303860.8439,-261182.1564,42678.6875,472.2678,1022.3888
-304099.3838,-261220.8408,42878.543,475.8258,1039.807
-303979.0623,-261358.3826,42620.6797,501.1638,1052.1956
-303915.1428,-261241.2522,42673.8906,500.9681,1036.3233
-303897.6179,-261184.8406,42712.7773,505.4028,1056.7963
-303793.9874,-261234.3194,42559.668,486.9248,1061.2348
-303855.3295,-261284.1029,42571.2266,485.9418,990.4625
-303925.5637,-261254.7708,42670.793,495.3734,1011.5309
-304165.3596,-261245.9924,42919.3672,493.7473,1068.342
-303790.1196,-261185.4321,42604.6875,500.9525,1047.9956
-303789.7495,-261173.9136,42615.8359,506.0224,1008.0462
-303858.2463,-261290.7971,42567.4492,462.7565,1074.6764
-304151.3852,-261305.897,42845.4883,463.2482,1040.474
-304087.1245,-261320.5933,42766.5312,488.3018,1063.6084
-303716.3983,-261234.8045,42481.5938,491.6595,1040.3235
-303934.6705,-261200.7134,42733.957,486.5798,1045.8518
-304051.0226,-261366.9132,42684.1094,485.5563,1033.2368
-303766.9795,-261245.1045,42521.875,496.3363,1047.8296
-303825.067,-261214.9771,42610.0898,500.1217,1021.7186
-304066.1693,-261264.9349,42801.2344,463.9764,1020.3949
-303906.6623,-261152.7522,42753.9102,455.0614,1024.3683
-304061.609,-261260.3004,42801.3086,510.6049,1052.5247
-303775.2493,-261268.9407,42506.3086,535.8189,1056.1243
-303828.4149,-261124.8485,42703.5664,531.8596,999.4106
-303991.1644,-261262.2738,42728.8906,501.1754,1054.1098
-303961.1371,-261334.7269,42626.4102,530.0783,1053.309
-303838.6692,-261268.6575,42570.0117,466.1025,1060.5107
-303649.4358,-261182.4046,42467.0312,468.0198,1022.5203
-303605.5816,-261205.8472,42399.7344,503.7057,1020.1576
-303957.6918,-261303.4886,42654.2031,520.7467,1056.1929
-303944.7027,-261189.148,42755.5547,489.8673,1044.1136
-303751.5558,-261159.587,42591.9688,509.7016,1061.6219
-303905.5623,-261301.7264,42603.8359,529.5191,1013.5666
-303793.2318,-261231.5404,42561.6914,508.0837,1014.7119
-303755.7487,-261277.3815,42478.3672,483.4917,1034.9356
-303705.3422,-261199.1078,42506.2344,485.5585,1016.2813
-303860.2823,-261204.7315,42655.5508,527.1556,1015.5037
-304114.7603,-261226.2525,42888.5078,492.4055,1020.4557
-303889.1609,-261325.7351,42563.4258,499.9055,1092.8603
-303903.6804,-261261.5359,42642.1445,510.6332,1049.5945
-303760.0288,-261238.0717,42521.957,468.6681,1064.2827
-303953.6038,-261272.0022,42681.6016,478.0587,1007.775
-304124.2406,-261299.6352,42824.6055,513.4563,1037.1564
-303998.2376,-261210.6594,42787.5781,495.3466,1038.0487
-303807.6051,-261193.1051,42614.5,492.7197,1024.9737
-304046.3367,-261202.4304,42843.9062,485.211,1067.8237
-303983.7843,-261218.6945,42765.0898,526.5759,1053.8293
-303599.8156,-261190.9562,42408.8594,514.2225,1000.362
-303789.4348,-261245.3763,42544.0586,486.9988,1059.8549
-303824.5436,-261223.3444,42601.1992,504.6907,1057.4326
-304057.9521,-261346.831,42711.1211,527.8607,1034.4941
-303962.2662,-261275.4576,42686.8086,493.8266,1088.9427
-303744.9443,-261299.3974,42445.5469,489.5579,1041.5139
-303976.5008,-261334.4539,42642.0469,509.5412,1082.3923
-304029.1691,-261313.966,42715.2031,490.6558,998.9298
-304082.0925,-261320.5925,42761.5,500.0439,1061.1249
-304010.8331,-261303.755,42707.0781,492.8127,1046.3474
-303829.9048,-261211.3463,42618.5586,477.527,1061.3065
-303974.56,-261193.5717,42780.9883,483.1457,1055.1271
-304216.0675,-261210.8605,43005.207,493.1055,1087.7818
-304015.0324,-261307.4699,42707.5625,526.1978,1036.8381
-303796.5698,-261264.2808,42532.2891,505.7652,1037.1469
-303891.1767,-261212.2001,42678.9766,497.6737,1057.4106
-304060.4868,-261257.0141,42803.4727,497.2097,1091.308
-304046.1072,-261304.7166,42741.3906,494.181,1059.7565
-303947.5401,-261147.8761,42799.6641,486.2767,1079.7528
-303866.9662,-261301.7513,42565.2148,512.4938,1030.9534
-303836.1245,-261246.8589,42589.2656,513.7219,1042.0341
-303996.8082,-261220.5972,42776.2109,485.3331,1088.3793
-303860.4265,-261298.153,42562.2734,501.9548,1054.578
-303878.6451,-261211.1529,42667.4922,478.4653,993.8637
-304020.7852,-261277.1953,42743.5898,494.1721,1028.4875
-303927.7356,-261263.2824,42664.4531,502.7567,1033.3308
-304044.5934,-261316.6676,42727.9258,498.9039,1096.6183
-303975.1773,-261331.1812,42643.9961,472.6571,1039.5099
-304038.1669,-261352.9013,42685.2656,489.8748,1008.7477
-303730.0711,-261293.1101,42436.9609,489.8685,1025.0318
-303742.2483,-261281.7561,42460.4922,494.5399,1047.0759
-304041.0057,-261358.8221,42682.1836,508.5671,1059.0719
-304013.1588,-261263.8346,42749.3242,477.4269,1053.1802
-304127.7761,-261287.948,42839.8281,494.1956,1032.2877
-304107.2279,-261338.8411,42768.3867,481.123,1047.007
-304092.378,-261298.5343,42793.8438,519.4668,1041.6677
-303728.1392,-261160.4282,42567.7109,492.6045,1053.0704
-304056.3719,-261288.3993,42767.9727,495.3946,1024.4747
-303963.0235,-261324.6681,42638.3555,513.2975,1069.4729
-304282.5004,-261325.2309,42957.2695,515.0917,1030.0516
-303747.5003,-261220.0081,42527.4922,492.0357,1055.2143
-304114.1773,-261227.1812,42886.9961,513.1576,1046.4985
-303976.2348,-261284.1333,42692.1016,505.888,1023.2626
-303916.4621,-261286.0519,42630.4102,479.4173,1079.7278
-303774.4043,-261182.2403,42592.1641,483.1092,1054.8036
-303958.0875,-261231.1852,42726.9023,505.4106,1041.4809
-304059.1637,-261228.027,42831.1367,474.8216,1033.7192
-304308.9977,-261323.3922,42985.6055,470.8705,1061.027
-303870.4931,-261196.2392,42674.2539,482.8114,1088.3744
-304027.237,-261248.8464,42778.3906,477.6048,1046.5524
-303980.9712,-261200.0571,42780.9141,451.2201,1010.6666
-303773.2651,-261336.6479,42436.6172,475.1176,1006.804
-303819.9251,-261112.9915,42706.9336,475.0561,1018.3217
-304104.5065,-261302.0846,42802.4219,482.7828,1034.9383
-304123.6109,-261229.3062,42894.3047,503.9242,1046.6513
-303865.048,-261214.5089,42650.5391,510.3151,1070.5504
-304191.8145,-261321.8418,42869.9727,510.9149,1017.3076
-304179.1569,-261266.5397,42912.6172,477.7521,1003.948
-303944.8426,-261226.6004,42718.2422,500.4526,1050.3311
-304019.8459,-261259.1349,42760.7109,477.9828,1055.8502
-303887.5935,-261249.945,42637.6484,457.5809,1061.2801
-303808.6449,-261228.0745,42580.5703,506.9954,1059.9386
-303901.0967,-261331.417,42569.6797,506.2126,1026.9507
-304153.121,-261335.8475,42817.2734,481.1274,1015.2928
-303834.4941,-261250.5918,42583.9023,471.9967,1033.2996
-303982.8598,-261220.6294,42762.2305,506.8476,1012.076
-303867.2148,-261254.7031,42612.5117,480.3943,1057.5051
-304029.8178,-261309.2124,42720.6055,485.0755,1064.3553
-303769.2442,-261223.7051,42545.5391,516.0983,1037.2362
-304191.6242,-261212.4836,42979.1406,485.738,1041.1968
-304027.5495,-261259.7057,42767.8438,504.89,1091.1132
-303818.6135,-261303.0393,42515.5742,515.8301,1028.2131
-303985.3587,-261232.0111,42753.3477,461.6637,1083.699
-303931.3381,-261243.2248,42688.1133,478.25,1075.1181
-303947.7797,-261351.1391,42596.6406,473.5114,998.5287
-303908.1966,-261329.5325,42578.6641,506.3199,996.7102
-303811.4749,-261337.2913,42474.1836,493.1338,1072.9298
-304169.7202,-261350.5561,42819.1641,495.1881,1054.4955
-304089.7315,-261261.6182,42828.1133,527.1794,1038.4689
-304008.2084,-261247.3061,42760.9023,476.9225,1037.132
-303829.7997,-261165.0067,42664.793,486.3222,1045.453
-303875.0367,-261312.1774,42562.8594,485.1001,1046.4917
-303929.2006,-261310.1068,42619.0938,496.6557,1059.5717
-303867.73,-261268.105,42599.625,451.9287,1047.8228
-303909.5373,-261325.1935,42584.3438,468.2311,1048.1161
-303729.3116,-261175.4327,42553.8789,484.8615,1094.4487
-303913.8949,-261248.6996,42665.1953,499.534,1039.0468
-303924.6701,-261237.9044,42686.7656,495.9247,1032.7285
-303982.9272,-261254.6772,42728.25,491.5045,1054.4962
-303995.3292,-261278.7511,42716.5781,529.9488,1071.9559
-304037.5391,-261296.8126,42740.7266,527.3795,1032.3054
-303933.2086,-261311.4546,42621.7539,483.0286,1041.8143
-303956.7761,-261285.7215,42671.0547,524.3886,1053.6077
-303815.0779,-261251.3748,42563.7031,515.0642,999.4577
-303632.5533,-261182.8502,42449.7031,523.6293,983.4497
-303806.555,-261104.7972,42701.7578,558.2479,1041.3206
-303726.3012,-261160.0629,42566.2383,478.3729,1070.7839
-303743.6622,-261140.502,42603.1602,462.6744,1012.0474
-303965.3035,-261293.8308,42671.4727,472.1865,1007.6834
-304045.5588,-261208.5861,42836.9727,502.9336,1030.1101
-303848.5288,-261249.9975,42598.5312,487.2051,1028.0584
-303991.4834,-261326.1591,42665.3242,497.4329,1029.0622
-303899.8852,-261333.4712,42566.4141,536.2014,1047.4856
-304095.457,-261260.6952,42834.7617,501.3913,999.8375
-304130.8198,-261301.7338,42829.0859,496.8157,1061.6234
-303996.455,-261234.9081,42761.5469,517.4414,1028.4088
-303868.0032,-261227.9173,42640.0859,510.0494,1036.0446
-303984.3236,-261262.2533,42722.0703,504.0473,1028.2114
-303971.4081,-261246.0682,42725.3398,494.8581,1031.6432
-304090.6233,-261256.1233,42834.5,514.5404,1019.961
-303810.7567,-261220.4989,42590.2578,504.8831,1012.743
-304140.5753,-261360.9698,42779.6055,482.005,1021.6995
-304109.4165,-261224.8618,42884.5547,476.6004,997.9951
-303956.734,-261265.4215,42691.3125,520.608,1035.6696
-303882.2063,-261312.6985,42569.5078,503.4518,1032.113
-303836.5024,-261294.7134,42541.7891,500.5166,1060.3962
-303991.4982,-261199.3185,42792.1797,507.8372,1063.6918
-303880.9072,-261299.5986,42581.3086,505.0939,1051.4094
-303995.9508,-261183.0133,42812.9375,523.548,993.8087
-303965.2934,-261323.8208,42641.4727,505.0343,1026.3596
-303605.151,-261083.4752,42521.6758,502.2245,1060.822
-304030.2067,-261183.7966,42846.4102,484.667,1072.3877
-303836.093,-261231.3781,42604.7148,488.7424,1031.971
-303995.3301,-261197.4668,42797.8633,504.7735,1048.3245
-303786.8896,-261242.1748,42544.7148,509.8586,1014.9548
-303901.4688,-261263.3243,42638.1445,468.685,1026.8236
-303755.656,-261195.0583,42560.5977,505.4789,1014.2082
-303829.5676,-261227.1926,42602.375,479.5549,1046.8082
-303886.573,-261221.0066,42665.5664,536.6531,1078.647
-303944.2761,-261306.5144,42637.7617,488.53,1040.1591
-303967.0494,-261254.4557,42712.5938,500.7784,1042.0415
-303913.5544,-261289.7771,42623.7773,489.0104,1084.714
-304041.4218,-261283.9843,42757.4375,482.3585,1050.1131
-303999.0543,-261296.0387,42703.0156,484.0848,1060.058
-303896.1975,-261329.2444,42566.9531,510.5816,1038.1041
-303747.3015,-261173.7742,42573.5273,520.9302,1060.085
-303995.152,-261215.152,42780.0,481.7487,1008.7246
-303828.5234,-261122.9023,42705.6211,501.8309,1057.2891
-303673.8761,-261195.8331,42478.043,504.2844,1072.2404
-303793.8602,-261208.2,42585.6602,495.8222,1068.6702
-304164.8657,-261279.5259,42885.3398,469.3771,1072.0333
-303911.196,-261154.7937,42756.4023,503.2847,1047.6214
-304110.5815,-261317.5112,42793.0703,467.8505,1025.2767
-303880.8962,-261250.7712,42630.125,504.1696,1031.1431
-303817.0172,-261145.5172,42671.5,499.2574,1023.731
-303801.1915,-261229.6329,42571.5586,483.9498,1056.8098
-304169.5083,-261207.3911,42962.1172,500.0841,1009.9952
-304034.3955,-261253.9423,42780.4531,493.7382,1006.3052
-303902.1942,-261153.6083,42748.5859,468.7786,1034.9616
-304197.9456,-261380.5862,42817.3594,458.8146,1043.6489
-303963.9588,-261165.2439,42798.7148,501.8312,1116.2316
-304148.5098,-261374.8418,42773.668,498.3947,1056.9968
-303926.9743,-261251.3454,42675.6289,494.1715,1002.1417
-304102.1674,-261402.3706,42699.7969,497.1351,1080.9959
-303945.8498,-261245.1076,42700.7422,475.8989,1025.7344
-303928.4227,-261237.8524,42690.5703,507.5284,1026.9758
-304069.6889,-261271.0795,42798.6094,470.466,1018.8125
-303986.2559,-261338.6387,42647.6172,520.8584,1056.1213
-304179.0616,-261270.9717,42908.0898,493.3221,1025.5035
-304104.1422,-261176.8649,42927.2773,504.8819,1054.8129
-303939.4064,-261248.7463,42690.6602,479.2526,1064.8496
-304022.4064,-261286.9103,42735.4961,487.7239,1023.5537
-303902.2459,-261124.4998,42777.7461,493.4136,1057.8818
-303964.6648,-261177.8836,42786.7812,469.3235,1058.8064
-304063.2891,-261327.2774,42736.0117,511.8068,1100.4842
-303952.1928,-261326.7475,42625.4453,506.1365,1082.0002
-303791.5881,-261291.4319,42500.1562,495.0674,1043.3761
-304017.9346,-261301.001,42716.9336,516.0507,1027.9152
-304061.3877,-261356.7939,42704.5938,501.5383,1063.2545
-303807.9979,-261246.9706,42561.0273,509.7343,1055.8533
-303802.9937,-261291.5874,42511.4062,489.075,1032.0476
-303964.1749,-261231.1944,42732.9805,506.1932,1033.2394
-303990.167,-261281.1279,42709.0391,490.2091,1092.0821
-304187.6136,-261243.1136,42944.5,473.9831,1018.3979
-303889.5278,-261188.4731,42701.0547,474.184,1003.134
-304077.3736,-261364.3736,42713.0,465.2646,993.4188
-304087.5844,-261317.5727,42770.0117,474.9365,1052.0133
-303832.5274,-261252.8633,42579.6641,516.931,1032.2481
-303946.54,-261238.876,42707.6641,507.6229,1057.1433
-303991.6137,-261285.2582,42706.3555,487.8752,1054.4963
-303769.7144,-261179.1831,42590.5312,496.9876,1046.4803
-303949.4949,-261392.7879,42556.707,537.2737,1018.7499
-304063.8427,-261295.5731,42768.2695,513.3984,1034.6917
-303915.9604,-261240.0151,42675.9453,497.6566,1077.3719
-303953.6506,-261330.9904,42622.6602,496.2027,1032.1582
-304013.7288,-261298.5725,42715.1562,496.1811,1016.002
-304079.0244,-261362.6884,42716.3359,487.1235,1052.1762
-304240.2435,-261321.2826,42918.9609,470.5563,1033.3244
-303992.3566,-261394.5558,42597.8008,484.599,1060.9187
-303970.4049,-261204.4206,42765.9844,512.8073,1057.8526
-304145.6868,-261293.4368,42852.25,512.8914,1084.7085
-303791.5964,-261136.5574,42655.0391,464.8154,1061.8465
-304083.2305,-261175.2383,42907.9922,484.7475,1055.3293
-304000.0057,-261357.4666,42642.5391,502.8657,1054.3696
-304045.6473,-261233.9716,42811.6758,492.4785,1009.5653
-304138.7869,-261253.2908,42885.4961,498.9592,1044.5118
-303894.7932,-261158.3323,42736.4609,481.08,1028.261
-303982.8312,-261189.7727,42793.0586,512.9492,1012.6913
-303965.009,-261202.8958,42762.1133,484.9471,1056.0386
-303855.072,-261244.4391,42610.6328,470.1959,1029.467
-304035.1711,-261243.6321,42791.5391,487.0831,1048.8745
-303692.0409,-261169.5878,42522.4531,468.5073,1007.3105
-304064.2873,-261297.5959,42766.6914,480.3897,1076.1907
-303949.4581,-261340.7003,42608.7578,486.3297,1053.0972
-304139.5969,-261265.1672,42874.4297,486.5202,1059.9994
-304147.9422,-261285.0164,42862.9258,491.2241,1060.9194
-303901.2477,-261205.4039,42695.8438,502.7473,994.6991
-303951.4381,-261277.6373,42673.8008,525.6365,1041.1098
-304013.2314,-261188.6845,42824.5469,499.9785,998.515
-303696.7994,-261250.1626,42446.6367,491.6621,1046.0206
-304031.4642,-261322.3197,42709.1445,522.0246,1011.6021
-304052.2102,-261300.6594,42751.5508,498.7687,1053.4263
-304231.8848,-261217.8808,43014.0039,485.8362,1091.9141
-303830.2736,-261311.4884,42518.7852,486.1985,1048.6112
-303988.2871,-261263.584,42724.7031,507.5905,1076.9347
-304024.1462,-261259.2244,42764.9219,510.3943,1063.2417
-303781.1077,-261290.4553,42490.6523,479.5172,1037.8768
-303819.8049,-261194.7932,42625.0117,519.5032,1037.0609
-303917.0524,-261287.0445,42630.0078,502.7412,1048.7922
-303855.1599,-261166.0349,42689.125,488.0658,1037.2362
-303885.1593,-261313.8039,42571.3555,501.5678,1000.3343
-303904.4313,-261227.1305,42677.3008,512.0572,1051.6821
-303848.0593,-261226.3523,42621.707,484.3178,1012.0016
-303924.2988,-261258.0137,42666.2852,486.4071,1077.0483
-303977.7629,-261203.8801,42773.8828,501.0313,1045.8937
-304098.7638,-261266.7326,42832.0312,518.2196,1027.1488
-304042.2485,-261242.2134,42800.0352,462.7501,1022.4675
-303977.0348,-261283.2223,42693.8125,506.9603,1054.2909
-303820.4183,-261205.4144,42615.0039,510.4355,1024.5738
-304021.2819,-261238.8952,42782.3867,495.6041,998.3335
-303824.6012,-261194.9097,42629.6914,484.5973,1055.8549
-303836.3854,-261260.0026,42576.3828,490.5483,1057.8616
-304284.6563,-261402.9922,42881.6641,490.0973,980.6318
-303839.5779,-261122.8904,42716.6875,481.3187,1006.9577
-303922.8147,-261295.9006,42626.9141,509.7655,1014.1669
-303847.1297,-261242.4969,42604.6328,525.6035,1018.6406
-303991.7332,-261224.4988,42767.2344,519.2765,1029.0491
-303813.8603,-261192.3134,42621.5469,475.5791,1044.0995
-304031.197,-261273.1267,42758.0703,527.7331,1041.4269
-304081.4053,-261304.9913,42776.4141,503.3714,1036.241
-303906.9494,-261227.2384,42679.7109,537.8217,1032.1585
-303960.4532,-261182.1055,42778.3477,491.6261,1055.2026
-303573.3556,-261169.3478,42404.0078,504.9436,1013.288
-303781.0173,-261147.1735,42633.8438,512.6281,1043.9433
-304224.0293,-261259.7559,42964.2734,508.5165,1029.6882
-303774.4952,-261162.9913,42611.5039,484.9103,1008.2615
-303808.1024,-261272.0712,42536.0312,474.0782,1016.3025
-304105.4268,-261288.8994,42816.5273,525.2095,1006.9836
-304267.8137,-261344.8176,42922.9961,526.3598,1026.2426
-303713.2243,-261217.3766,42495.8477,521.8276,1004.031
-303801.9608,-261241.9608,42560.0,484.7254,1013.233
-303872.9503,-261211.9151,42661.0352,489.7193,1055.4493
-303981.3788,-261224.8553,42756.5234,524.7997,1037.6648
-303824.6453,-261194.489,42630.1562,480.0416,1012.3497
-304071.3135,-261297.0205,42774.293,491.1767,1068.9772
-303752.3635,-261202.8791,42549.4844,457.6735,1075.9494
-304078.082,-261219.2109,42858.8711,486.4014,1005.4144
-303817.5297,-261207.4086,42610.1211,497.7108,1016.0974
-303789.6535,-261226.7394,42562.9141,452.547,1009.985
-303750.7568,-261171.6474,42579.1094,492.1603,1100.1196
-303723.9902,-261155.1933,42568.7969,509.1815,1034.0759
-303948.9069,-261213.8561,42735.0508,508.9438,1018.3698
-303931.7783,-261201.0362,42730.7422,466.9577,1089.6594
-303953.4571,-261239.9141,42713.543,491.3641,1035.447
-304006.8042,-261225.7885,42781.0156,490.6217,1036.0628
-303863.8209,-261213.0279,42650.793,490.9653,1047.884
-304019.0896,-261247.2849,42771.8047,483.0066,1035.4508
-303683.1166,-261223.2885,42459.8281,526.0831,1032.1246
-303888.079,-261282.661,42605.418,487.9598,1044.0555
-303969.491,-261234.8426,42734.6484,482.8261,1081.9342
-304000.7229,-261203.4573,42797.2656,494.3105,1037.9677
-303956.7199,-261246.5442,42710.1758,496.357,1029.2223
-303867.7936,-261280.278,42587.5156,494.4005,1071.1836
-303897.526,-261283.444,42614.082,514.735,1045.311
-303773.586,-261257.5001,42516.0859,480.7584,1059.5637
-304072.1507,-261345.4788,42726.6719,519.2001,1059.3922
-303874.5733,-261217.7413,42656.832,498.9299,1072.3541
-303741.8928,-261163.8459,42578.0469,474.2397,1018.6675
-303727.4472,-261254.5409,42472.9062,495.0456,1024.8964
-303768.1348,-261238.4317,42529.7031,474.933,1027.2959
-303950.766,-261234.8129,42715.9531,491.7499,1042.0112
-303983.1263,-261138.8958,42844.2305,497.7493,1099.7196
-304132.0742,-261240.2578,42891.8164,490.4219,1072.1809
-304036.2439,-261265.0877,42771.1562,492.7711,1045.8103
-303896.1345,-261221.5407,42674.5938,492.5824,1015.4912
-303906.7714,-261301.4589,42605.3125,481.7215,1047.0867
-303742.0249,-261222.8023,42519.2227,542.7896,1038.3721
-303917.6965,-261305.6379,42612.0586,512.0805,1027.1503
-303856.9725,-261194.8554,42662.1172,513.479,1008.2155
-304023.1305,-261183.7633,42839.3672,510.4877,1067.8712
-303970.7238,-261113.3332,42857.3906,508.1603,1054.4913
-303835.4074,-261256.6652,42578.7422,498.7534,1034.5926
-304107.9008,-261296.1782,42811.7227,508.282,1020.9344
-304062.3464,-261321.1667,42741.1797,513.0367,1066.6158
-303784.1562,-261202.7969,42581.3594,493.9622,1057.8607
-303832.652,-261179.7809,42652.8711,477.4648,1065.8394
-303975.4189,-261192.1142,42783.3047,486.8703,1089.5386
-303814.7101,-261250.089,42564.6211,494.1874,1104.3422
-303773.2858,-261219.3405,42553.9453,492.1326,1046.3671
-303895.2746,-261280.0012,42615.2734,515.4955,1078.0545
-303914.3786,-261278.3864,42635.9922,521.3588,1061.9352
-304264.0545,-261275.5506,42988.5039,504.1475,1055.1532
-304105.1482,-261227.1482,42878.0,508.6005,1029.089
-304077.2876,-261345.2837,42732.0039,485.0844,1070.8524
-303846.0556,-261246.8369,42599.2188,482.3246,1051.5436
-303950.0313,-261275.2735,42674.7578,484.2252,1029.4846
-303765.1493,-261163.6103,42601.5391,482.979,1051.9198
-303978.2896,-261249.6451,42728.6445,502.5379,1033.4312
-303876.9891,-261295.122,42581.8672,472.2027,1014.6303
-303853.7447,-261210.1939,42643.5508,516.1752,1051.3453
-304092.2989,-261199.8419,42892.457,441.9248,1082.0774
-303610.9494,-261154.4494,42456.5,499.02,1060.5198
-303880.9738,-261268.9309,42612.043,501.9,1073.9905
-304055.6092,-261350.41,42705.1992,493.4913,1078.2011
-303729.4616,-261244.946,42484.5156,477.1552,1042.9841
-304105.9797,-261191.2023,42914.7773,472.8568,1015.7323
-303965.4076,-261179.6693,42785.7383,511.5794,1059.857
-303822.4721,-261272.7885,42549.6836,486.6171,1032.8578
-304013.3312,-261187.9992,42825.332,479.1388,1069.882
-303933.0151,-261266.3941,42666.6211,460.8251,1020.451
-304200.4673,-261277.354,42923.1133,480.9904,1017.6612
-304053.3042,-261154.8745,42898.4297,483.4529,1035.3291
-304006.6177,-261234.9185,42771.6992,469.7132,1072.8495
-303750.0311,-261269.8319,42480.1992,487.9845,1034.299
-304061.6335,-261376.4811,42685.1523,502.8203,1047.4526
-303877.3632,-261211.8007,42665.5625,455.8474,1061.1816
-304108.8044,-261235.8161,42872.9883,494.2919,1076.0114
-304038.2884,-261260.9602,42777.3281,522.2939,1033.0333
-304060.4504,-261256.9231,42803.5273,491.7335,1034.9168
-304020.064,-261263.6968,42756.3672,478.1758,1057.4133
-303816.6602,-261245.3906,42571.2695,512.5567,1058.6214
-304135.2945,-261266.732,42868.5625,482.9666,1064.0628
-303976.1195,-261328.1937,42647.9258,501.8356,1022.4344
-304020.6283,-261256.3275,42764.3008,503.8501,1037.5036
-304087.6789,-261336.507,42751.1719,491.8129,1084.2878
-304189.1411,-261381.231,42807.9102,472.9001,1049.54
-304003.2965,-261278.0074,42725.2891,473.8275,1011.006
-304004.0574,-261194.1512,42809.9062,483.091,1068.0918
-303908.2526,-261186.1393,42722.1133,512.7707,1071.939
-303816.6567,-261169.7622,42646.8945,488.2016,988.2127
-303955.2549,-261336.6495,42618.6055,505.3706,1016.6292
-303688.4915,-261100.7258,42587.7656,474.0271,1058.6651
-304138.9453,-261247.9609,42890.9844,494.137,1051.5162
-303867.0049,-261151.9424,42715.0625,460.9363,1011.8849
-303873.9929,-261276.4538,42597.5391,490.197,1016.991
-303973.1017,-261306.6447,42666.457,491.9472,1015.6038
-304071.7847,-261291.4292,42780.3555,503.0148,1019.5067
-303904.281,-261167.3669,42736.9141,502.1787,989.9575
-303940.6405,-261282.0311,42658.6094,511.5902,1022.9458
-303859.9849,-261324.8208,42535.1641,491.5607,1038.5301
-303768.0729,-261270.2175,42497.8555,519.7003,1039.1615
-304012.0815,-261370.3003,42641.7812,490.2228,1064.2701
-304016.3319,-261326.7421,42689.5898,460.9807,1053.3412
-303848.0242,-261364.2508,42483.7734,486.7444,1051.4237
-303829.7037,-261232.7779,42596.9258,489.9384,1076.6925
-303853.6959,-261328.0553,42525.6406,501.5415,1011.3721
-303913.1319,-261287.8311,42625.3008,486.5645,1097.5514
-303878.6143,-261309.8995,42568.7148,502.0585,1068.9911
-304009.0786,-261214.2895,42794.7891,481.5869,1021.1208
-304005.1341,-261228.9857,42776.1484,501.8042,1070.8928
-304090.2959,-261226.4951,42863.8008,486.5993,1010.7634
-303837.1969,-261256.1227,42581.0742,482.0139,1062.6003
-303925.8732,-261238.6623,42687.2109,526.4995,1068.8935
-303913.39,-261227.3783,42686.0117,494.6143,1046.5945
-303998.1657,-261231.4899,42766.6758,497.4231,1017.1653
-304081.1382,-261303.6851,42777.4531,494.8017,1040.7147
-303945.8828,-261276.2735,42669.6094,504.6572,1020.4831
-304193.552,-261289.7395,42903.8125,505.9199,1038.4076
-304019.1603,-261225.0392,42794.1211,490.812,1042.4161
-303781.4243,-261188.7798,42592.6445,500.3648,1044.5891
-303806.6751,-261229.347,42577.3281,475.4127,1035.4912
-303764.618,-261281.0712,42483.5469,517.9671,1022.6706
-303870.4226,-261226.489,42643.9336,513.0663,1062.3075
-304088.6441,-261390.4449,42698.1992,510.4171,1000.6385
-303848.2409,-261232.0456,42616.1953,493.5737,1040.6199
-303877.8892,-261217.8267,42660.0625,478.925,1046.6324
-304005.6268,-261191.3026,42814.3242,456.1013,1054.8045
-304102.7448,-261255.8659,42846.8789,525.0741,1091.4049
-304159.2682,-261222.1588,42937.1094,490.4434,1014.7246
-303911.4917,-261235.2574,42676.2344,514.1152,1022.347
-303730.1118,-261279.0219,42451.0898,504.9036,1055.4654
-303871.3292,-261177.3214,42694.0078,494.7312,1029.0473
-304005.9189,-261225.1533,42780.7656,465.4122,1040.5515
-303992.4329,-261177.2376,42815.1953,499.4449,1036.6043
-303745.8712,-261219.3009,42526.5703,495.1732,1037.9962
-303971.1777,-261181.0059,42790.1719,502.5776,1034.4875
-303896.7307,-261261.1292,42635.6016,489.2853,1039.4842
-303829.3638,-261214.356,42615.0078,497.3889,1016.987
-303958.9697,-261212.4658,42746.5039,497.0258,1035.1943
-303848.9282,-261276.3696,42572.5586,507.0273,1025.1034
-303764.6007,-261153.2726,42611.3281,468.0389,1063.4945
-303971.921,-261304.421,42667.5,514.3186,1012.4496
-303883.0882,-261228.3343,42654.7539,510.0987,1039.9186
-303970.7865,-261240.0365,42730.75,484.5801,1017.5905
-303918.0793,-261253.6731,42664.4062,490.5752,1038.1619
-304029.1753,-261224.1988,42804.9766,458.4331,1026.9066
-303821.1032,-261195.1306,42625.9727,489.7016,1046.317
-304134.9357,-261282.1857,42852.75,501.4698,1027.4321
-303866.7573,-261215.7026,42651.0547,488.3346,1087.5946
-303919.5148,-261234.5969,42684.918,502.7956,1017.7714
-303948.0534,-261252.0065,42696.0469,478.8359,1055.758
-304114.3014,-261214.3092,42899.9922,492.9721,1073.7241
-304039.2991,-261282.0023,42757.2969,523.9137,1020.6878
-303631.0774,-261121.9837,42509.0938,512.2005,1053.7146
-303503.8518,-261164.0198,42339.832,476.2962,1081.0415
-303927.1585,-261196.5023,42730.6562,480.7659,1065.9228
-303921.5554,-261278.0593,42643.4961,496.5284,1013.0927
-303971.641,-261229.9731,42741.668,462.1988,1053.596
-303957.9988,-261212.991,42745.0078,521.6728,1003.2719
-303961.0225,-261198.8506,42762.1719,471.0408,1062.8665
-303836.7186,-261218.8983,42617.8203,501.9088,1040.3732
-303923.0785,-261225.1058,42697.9727,497.403,1032.4272
-303984.7962,-261228.097,42756.6992,504.6669,1047.2035
-303879.6289,-261184.6094,42695.0195,474.6449,1013.6979
-304085.4522,-261262.7959,42822.6562,533.7668,1062.3513
-304145.522,-261315.7329,42829.7891,508.3292,1021.4291
-304006.7206,-261233.4316,42773.2891,496.4652,1041.8744
-303967.0727,-261285.9243,42681.1484,525.3971,1080.7513
-304201.2724,-261283.8817,42917.3906,514.9028,999.0971
-303925.8505,-261158.874,42766.9766,473.9385,1026.9767
-303877.0924,-261219.7056,42657.3867,485.3184,1014.6753
-303681.5232,-261251.5896,42429.9336,499.6204,1048.4111
-303709.0559,-261207.216,42501.8398,518.4661,1042.8914
-303746.7371,-261240.8504,42505.8867,487.8061,1043.904
-303869.7438,-261236.068,42633.6758,478.9401,1021.3597
-304013.134,-261208.5676,42804.5664,459.7529,1014.0035
-303815.3359,-261255.4766,42559.8594,514.1593,1057.1401
-303775.954,-261239.9228,42536.0312,490.3661,1049.3074
-303895.9081,-261180.576,42715.332,499.0902,1039.557
-303901.754,-261198.6485,42703.1055,503.0668,1040.2299
-304221.9808,-261228.5159,42993.4648,518.3295,1012.9061
-304116.2906,-261236.8649,42879.4258,484.6389,1022.3918
-303844.2343,-261180.4101,42663.8242,479.4084,1033.8313
-304118.02,-261258.9927,42859.0273,475.4511,1036.336
-304002.3387,-261260.245,42742.0938,476.8876,1039.7298
-303991.159,-261176.1473,42815.0117,535.6507,1063.6692
-304033.7654,-261260.5818,42773.1836,485.5191,1038.163
-303874.6978,-261180.1822,42694.5156,470.0066,1031.9092
-304171.7268,-261272.8596,42898.8672,501.1742,1034.9109
-304013.8047,-261273.1251,42740.6797,475.4573,1069.399
-304184.3437,-261227.375,42956.9688,467.1368,1047.0376
-304016.9926,-261192.9457,42824.0469,523.4105,1016.6374
-303852.6311,-261370.7952,42481.8359,504.0205,1040.7
-304063.0077,-261136.4061,42926.6016,498.9587,1023.1589
-304148.5839,-261228.1855,42920.3984,476.2173,1011.0961
-304041.9222,-261200.0706,42841.8516,511.3043,1033.9919
-304064.4125,-261216.9828,42847.4297,469.348,1050.2016
-303927.9574,-261206.5003,42721.457,540.1421,1043.9902
-303966.3406,-261330.1687,42636.1719,526.7579,1069.6139
-303955.0803,-261164.5608,42790.5195,502.411,1078.9208
-303972.8011,-261179.0589,42793.7422,490.0149,998.9292
-303966.3477,-261166.7695,42799.5781,498.7323,1069.6474
-304002.1781,-261259.9164,42742.2617,468.1825,1024.6158
-303763.5753,-261206.7628,42556.8125,509.7769,1034.4184
-304110.6249,-261281.4531,42829.1719,516.9574,1026.5432
-303738.2948,-261218.0136,42520.2812,500.1052,1030.6828
-303871.2039,-261213.7117,42657.4922,499.1046,1055.1739
-303972.7838,-261273.2604,42699.5234,502.5209,1054.6288
-303789.5013,-261231.4154,42558.0859,502.1444,1021.9496
-304062.9016,-261256.4172,42806.4844,506.456,1066.1011
-303982.6707,-261164.1395,42818.5312,473.4508,1053.0123
-304032.1454,-261201.5751,42830.5703,505.2861,1054.3299
-303911.5492,-261165.3187,42746.2305,485.6204,1057.6585
-304138.8129,-261310.7269,42828.0859,515.2345,1040.1816
-303872.1538,-261273.4194,42598.7344,473.0022,982.4781
-303683.8041,-261155.1713,42528.6328,471.8309,983.9324
-304142.0256,-261144.881,42997.1445,483.827,1013.3313
-303852.2931,-261342.8205,42509.4727,484.369,1048.5142
-303771.4091,-261261.7059,42509.7031,490.5988,1030.7328
-303901.0711,-261158.6297,42742.4414,486.8541,1015.7738
-303864.7663,-261126.7194,42738.0469,486.075,1023.4794
-304010.4652,-261293.0706,42717.3945,467.2207,1063.3798
-303915.9751,-261239.7446,42676.2305,484.257,1057.8784
-304040.5432,-261308.6018,42731.9414,478.0555,1037.4366
-303976.72,-261232.7043,42744.0156,482.2532,1044.964
-303990.3943,-261218.8201,42771.5742,518.7241,1007.0927
-303748.0616,-261302.6202,42445.4414,497.4961,1081.354
-303704.5836,-261261.4039,42443.1797,495.2068,1004.3405
-303766.8877,-261148.3643,42618.5234,491.3168,1048.267
-304119.5163,-261265.7116,42853.8047,481.1283,1056.9424
-304000.6116,-261278.1819,42722.4297,496.5294,1059.5303
-303911.732,-261230.2124,42681.5195,502.9955,1058.2538
-303675.2083,-261108.9935,42566.2148,503.9227,1041.6297
-303903.1647,-261178.571,42724.5938,513.3993,1018.1462
-304113.4856,-261287.3762,42826.1094,529.0075,1043.3741
-303839.4364,-261175.4872,42663.9492,492.6423,1032.8212
-303825.6684,-261076.8754,42748.793,463.1319,1054.9349
-304046.6892,-261283.4432,42763.2461,497.58,1028.3097
-304150.2793,-261281.5801,42868.6992,481.6367,1004.5694
-303694.9178,-261139.1209,42555.7969,485.7641,1009.1833
-303934.4847,-261187.3949,42747.0898,497.9568,1070.548
-303986.9131,-261299.0342,42687.8789,491.2109,1053.4471
-303979.9906,-261159.6547,42820.3359,469.7786,1071.162
-303826.4118,-261111.4704,42714.9414,497.2097,1015.0813
-303981.9578,-261206.2117,42775.7461,549.035,1053.7609
-304063.9255,-261261.4372,42802.4883,518.307,1041.6358
-304002.6308,-261202.7949,42799.8359,485.5827,1023.2956
-304008.4382,-261280.0281,42728.4102,498.3289,1023.3962
-303874.6364,-261226.406,42648.2305,510.9961,1090.291
-303777.263,-261269.9153,42507.3477,507.3922,1059.5645
-304132.8159,-261282.7847,42850.0312,507.051,1016.924
-304030.7829,-261268.8571,42761.9258,495.7974,1017.6334
-304117.111,-261210.3961,42906.7148,488.4923,1096.497
-303964.4961,-261264.8633,42699.6328,502.149,1079.6741
-304332.239,-261312.0554,43020.1836,471.2849,1039.9415
-303788.8654,-261272.1389,42516.7266,493.2394,1015.1466
-304012.6244,-261261.7846,42750.8398,495.3225,1067.1604
-303941.646,-261235.4467,42706.1992,507.0806,1021.8078
-304141.8309,-261350.6317,42791.1992,526.1122,1042.0527
-303924.644,-261296.1791,42628.4648,499.4131,1067.6451
-304091.626,-261307.1494,42784.4766,482.4591,1067.8753
-303809.8316,-261235.9019,42573.9297,515.427,1009.3304
-303834.1518,-261269.7299,42564.4219,502.2857,1036.9664
-303668.5986,-261218.7783,42449.8203,491.7253,1039.884
-303949.0646,-261218.631,42730.4336,505.791,1036.1738
-303852.8822,-261248.7025,42604.1797,493.0175,1085.4565
-303906.6937,-261241.6859,42665.0078,507.5282,1076.7866
-303828.5847,-261248.5573,42580.0273,527.0072,1089.8128
-303922.3735,-261214.604,42707.7695,490.9218,1014.1359
-303693.3073,-261256.0847,42437.2227,481.017,1039.1619
-303995.8662,-261212.3623,42783.5039,488.2174,1037.0137
-303839.258,-261226.4025,42612.8555,513.0845,1092.0132
-304181.606,-261271.4264,42910.1797,536.5967,1017.1072
-303925.4797,-261130.3664,42795.1133,493.411,1072.3169
-303962.8693,-261277.5842,42685.2852,513.3232,1037.8735
-303804.6881,-261215.7077,42588.9805,494.9468,1072.9788
-303669.9758,-261205.1829,42464.793,482.2826,1045.5516
-303907.0383,-261209.3079,42697.7305,474.422,1009.6726
-303931.3288,-261270.9499,42660.3789,520.8033,1057.9154
-303943.2945,-261109.2906,42834.0039,503.5085,1020.3478
-304042.3376,-261222.9743,42819.3633,478.0867,1044.3389
-303979.3388,-261318.8075,42660.5312,481.4744,1067.3175
-304018.4813,-261219.325,42799.1562,513.8082,1024.3557
-303998.5376,-261215.9087,42782.6289,492.6259,1014.7546
-303901.6189,-261230.8689,42670.75,486.8433,1042.2683
-303932.9546,-261262.7593,42670.1953,475.2476,1069.5926
-303994.0402,-261252.4699,42741.5703,501.6235,1043.1477
-303834.7531,-261140.214,42694.5391,467.7287,1059.8171
-303970.2771,-261215.3786,42754.8984,511.5879,1055.2179
-303925.9206,-261230.8542,42695.0664,510.7207,1056.083
-303873.6179,-261281.2663,42592.3516,501.345,1045.5273
-304163.5411,-261229.1075,42934.4336,497.5398,1058.7794
-303918.2536,-261308.5192,42609.7344,494.2949,1062.357
-303863.6914,-261142.9805,42720.7109,465.1992,1049.5036
-304035.4295,-261272.1677,42763.2617,495.1984,1044.8065
-303947.702,-261238.7684,42708.9336,472.0378,1065.6215
-303901.6857,-261191.5724,42710.1133,460.5499,1084.7079
-304118.9773,-261273.0593,42845.918,503.5311,994.6595
-303858.819,-261254.6081,42604.2109,480.0069,1062.9184
-303913.8254,-261362.5402,42551.2852,510.8227,1024.6685
-303765.0398,-261204.364,42560.6758,490.5152,1034.0875
-303940.5294,-261179.3693,42761.1602,479.0474,1074.3687
-303905.4593,-261118.764,42786.6953,480.6267,1021.4006
-303792.9944,-261137.1663,42655.8281,475.0312,1052.6035
-304069.1754,-261288.4918,42780.6836,532.6938,1014.7701
-304080.278,-261255.6998,42824.5781,514.389,1049.643
-304102.7955,-261241.5728,42861.2227,471.7225,1082.9521
-303726.0172,-261240.4,42485.6172,513.5638,1041.7196
-304215.5083,-261309.2427,42906.2656,522.8498,1057.7918
-304424.2486,-261432.4673,42991.7812,518.2083,1042.6689
-303983.9597,-261258.4168,42725.543,500.4126,1050.6197
-303855.7529,-261208.3896,42647.3633,504.9538,1016.5927
-303843.8553,-261215.8435,42628.0117,493.093,1011.1796
-303988.5341,-261295.6474,42692.8867,470.5066,1087.659
-303732.1178,-261313.7935,42418.3242,502.1032,1037.6702
-303782.2509,-261233.5477,42548.7031,496.7467,1035.4229
-303804.3865,-261285.9099,42518.4766,494.1804,1019.143
-303934.5296,-261234.7132,42699.8164,521.3785,1031.1915
-303961.1883,-261272.3523,42688.8359,493.7394,1044.7763
-303993.9863,-261221.9277,42772.0586,504.2469,1045.5407
-304136.1302,-261256.0872,42880.043,468.9284,1059.157
-304109.0402,-261253.4426,42855.5977,483.1885,1039.9989
-303706.0762,-261240.4004,42465.6758,471.9261,1005.4874
-304020.9372,-261218.7146,42802.2227,470.6251,1034.9393
-304060.8575,-261202.9239,42857.9336,493.9892,1039.7792
-303787.9638,-261270.3935,42517.5703,507.4735,1072.191
-303494.0298,-261181.1352,42312.8945,500.7717,1053.4747
-303771.0334,-261185.5295,42585.5039,455.0711,1047.9491
-304031.7585,-261205.821,42825.9375,480.1276,1064.7633
-304115.942,-261273.3287,42842.6133,540.3616,1013.1649
-303984.9475,-261181.1741,42803.7734,500.9735,1062.702
-303930.2805,-261244.7531,42685.5273,478.9432,1052.0349
-303797.1681,-261196.5471,42600.6211,493.3234,1051.1044
-304012.5802,-261344.4786,42668.1016,486.2648,1072.1682
-304019.5301,-261164.6942,42854.8359,471.8969,994.8521
-304037.6793,-261289.8316,42747.8477,474.3168,1030.9263
-303816.3127,-261240.8792,42575.4336,487.3148,1054.0099
-303817.6354,-261124.8463,42692.7891,503.5982,1043.419
-303925.1342,-261244.6811,42680.4531,503.1645,1031.9923
-303882.7447,-261162.194,42720.5508,487.9054,1012.8906
-303933.9363,-261192.8113,42741.125,491.9738,1050.6642
-303913.119,-261204.6698,42708.4492,472.0894,1045.2614
-303945.618,-261303.8992,42641.7188,515.7134,1060.11
-303791.2738,-261141.4613,42649.8125,522.0343,1035.3147
-304102.3255,-261240.5013,42861.8242,478.1561,1054.6484
-303804.7778,-261238.9653,42565.8125,515.3295,1026.493
-303835.7504,-261253.2504,42582.5,482.2635,1053.852
-304192.3456,-261301.9667,42890.3789,502.2472,1073.027
-304017.0154,-261247.7029,42769.3125,521.1965,1037.8127
-304176.6163,-261243.8781,42932.7383,478.7638,1019.8932
-303760.411,-261126.6688,42633.7422,500.5519,1023.5207
-303787.7225,-261222.9256,42564.7969,512.0106,1019.1299
-303743.543,-261158.5977,42584.9453,511.4222,1032.7783
-303921.3007,-261309.7734,42611.5273,527.5303,1072.7129
-303979.6886,-261282.2238,42697.4648,473.2326,1066.924
-304237.7553,-261316.6771,42921.0781,490.0903,1049.8209
-303870.8231,-261186.0535,42684.7695,490.7947,1049.9253
-303836.2488,-261121.5925,42714.6562,469.6542,1058.6411
-303788.115,-261276.8415,42511.2734,511.9192,1020.8926
-303908.4897,-261234.9976,42673.4922,473.6664,1007.1075
-303938.6185,-261210.7708,42727.8477,458.5295,997.8545
-303936.5623,-261211.1482,42725.4141,525.3806,1062.8361
-303754.7407,-261220.7837,42533.957,510.6367,1054.957
-303907.5945,-261243.4109,42664.1836,464.0714,1017.8589
-303854.3503,-261159.4948,42694.8555,493.0324,1028.3696
-303631.0204,-261162.7235,42468.2969,512.1801,1034.4921
-303950.0047,-261241.9813,42708.0234,497.4407,1097.725
-304089.9226,-261325.0125,42764.9102,507.2074,1051.835
-303961.5118,-261277.4649,42684.0469,518.6186,1029.728
-303983.4592,-261258.4553,42725.0039,500.5771,1037.579
-304056.0382,-261364.1554,42691.8828,553.5723,1027.2514
-303999.4573,-261206.6292,42792.8281,481.9149,1010.3409
-303917.755,-261303.919,42613.8359,480.029,1089.3935
-303906.7949,-261244.8691,42661.9258,483.7666,973.2506
-304029.2647,-261369.2491,42660.0156,492.6784,1028.9905
-303712.2855,-261213.9574,42498.3281,462.6981,1076.2703
-304149.6388,-261356.8654,42792.7734,516.3351,1022.37
-303856.3098,-261199.5091,42656.8008,477.2367,1108.7833
-303788.9831,-261167.3112,42621.6719,495.3989,1024.2051
-303952.4437,-261184.9554,42767.4883,464.6435,1073.3991
-304145.9338,-261255.7385,42890.1953,526.2347,1057.259
-303940.7201,-261191.9155,42748.8047,489.2433,1058.2079
-304066.3381,-261281.4826,42784.8555,494.6262,1081.4902
-303790.4753,-261233.5182,42556.957,515.3883,1016.4246
-303968.79,-261270.8408,42697.9492,476.0303,1071.0316
-304021.1886,-261333.7316,42687.457,478.3062,1083.7019
-304114.1524,-261292.8399,42821.3125,499.6939,996.4026
-304162.7562,-261211.5765,42951.1797,508.8162,1039.8759
-303738.5833,-261264.6419,42473.9414,481.6563,1056.6404
-303895.3259,-261265.5876,42629.7383,483.7524,1053.1467
-303652.0176,-261193.3731,42458.6445,503.8762,1017.6622
-304060.2422,-261235.9141,42824.3281,501.7325,1074.1231
-303834.7781,-261212.1101,42622.668,494.6938,1015.4175
-304099.0776,-261252.2222,42846.8555,493.9813,1080.5626
-303871.795,-261243.0138,42628.7812,505.5928,1033.3369
-303727.404,-261225.3415,42502.0625,496.3787,1028.1045
-304015.3686,-261164.0952,42851.2734,500.0506,1045.9221
-303824.2689,-261216.0931,42608.1758,469.2453,1021.8366
-303975.9955,-261227.933,42748.0625,472.872,1048.891
-303877.7047,-261144.3844,42733.3203,490.0732,1065.7642
-303644.407,-261163.8249,42480.582,509.7775,1034.6567
-303970.4058,-261164.5152,42805.8906,477.4289,1076.5836
-303891.1795,-261219.1834,42671.9961,497.6036,1087.2047
-303990.6952,-261265.8748,42724.8203,523.4623,1051.8685
-304098.0694,-261341.1163,42756.9531,519.2572,1042.4602
-303763.9039,-261182.1656,42581.7383,498.6313,1040.8718
-303838.4536,-261244.3325,42594.1211,494.2491,993.5357
-304259.2824,-261341.4777,42917.8047,500.0742,1045.3833
-303915.1599,-261252.531,42662.6289,500.8855,1000.0204
-304242.7703,-261197.8953,43044.875,459.6471,1013.6741
-303911.9135,-261305.5385,42606.375,506.6382,1073.3769
-303993.4043,-261224.5293,42768.875,513.9736,1058.8615
-304147.8017,-261228.8955,42918.9062,499.1813,998.769
-303800.3939,-261281.6829,42518.7109,497.5598,1046.5712
-303858.6341,-261165.0403,42693.5938,476.7775,1029.789
-303875.5265,-261220.296,42655.2305,494.0823,1011.4548
-303842.086,-261171.9571,42670.1289,508.6238,1042.0735
-303903.1736,-261266.2243,42636.9492,466.3193,1095.5276
-304033.7123,-261218.2865,42815.4258,516.6448,1016.9358
-303582.3277,-261186.4761,42395.8516,495.9313,1059.873
-304083.4555,-261228.3696,42855.0859,501.121,1039.5119
-304271.7363,-261207.8184,43063.918,462.432,1025.3646
-304025.2189,-261246.9923,42778.2266,467.0883,1061.5891
-303985.7506,-261132.5201,42853.2305,520.1252,993.1355
-303987.0391,-261272.9649,42714.0742,487.0804,1056.4993
-304117.6096,-261348.8479,42768.7617,513.4134,1069.8854
-303838.7591,-261303.4622,42535.2969,480.5839,1017.9347
-303983.6491,-261182.5475,42801.1016,489.0163,1022.635
-303998.7773,-261201.9609,42796.8164,472.5861,1080.8737
-303931.0137,-261320.1544,42610.8594,493.4338,1013.1361
-303915.4159,-261256.4002,42659.0156,504.2875,1041.6596
-303880.8061,-261180.9585,42699.8477,485.0043,986.3197
-304120.2919,-261307.577,42812.7148,445.7297,1061.1471
-304056.2595,-261296.8103,42759.4492,512.7227,1057.811
-303863.5664,-261245.8477,42617.7188,545.06,1017.5168
-303902.0609,-261209.0179,42693.043,483.4384,1029.0872
-303873.4712,-261262.5376,42610.9336,492.6771,1064.3192
-303859.9059,-261259.5504,42600.3555,511.4525,1037.5713
-303835.8615,-261197.0646,42638.7969,481.3799,1027.3011
-303749.8613,-261303.6191,42446.2422,485.5614,1081.8845
-304094.8016,-261327.4031,42767.3984,512.2244,1035.5976
-304028.7895,-261228.2778,42800.5117,481.4197,1074.0606
-303983.3449,-261253.6496,42729.6953,518.1154,1079.2569
-304018.9769,-261361.9886,42656.9883,509.7164,1030.5568
-303905.6272,-261215.7483,42689.8789,500.9658,1060.3963
-304059.8742,-261295.4874,42764.3867,524.3534,1053.3783
-303858.774,-261241.2974,42617.4766,473.223,1054.6972
-303844.7295,-261230.0147,42614.7148,487.3991,1040.36
-304205.6065,-261251.1339,42954.4727,499.0093,1036.9456
-304262.8613,-261307.1387,42955.7227,487.7304,1092.1748
-304016.2368,-261240.1509,42776.0859,490.36,1031.1188
-303954.7886,-261252.2183,42702.5703,477.6273,1082.3324
-304126.6641,-261340.5625,42786.1016,499.3013,1042.5375
-303982.5025,-261254.2876,42728.2148,498.934,1061.3763
-304056.6475,-261410.0186,42646.6289,486.652,1051.801
-304149.5722,-261176.0449,42973.5273,496.8827,1073.5243
-303848.8826,-261258.9177,42589.9648,483.7567,1009.2533
-304076.7597,-261211.955,42864.8047,498.167,1067.0309
-303779.9399,-261234.2953,42545.6445,490.996,1078.9891
-304050.4313,-261270.7165,42779.7148,516.8546,1082.193
-304034.5133,-261243.4821,42791.0312,490.8595,1085.2794
-304070.6279,-261301.288,42769.3398,505.7144,1090.8396
-304032.6551,-261302.9364,42729.7188,505.7868,1125.943
-304101.2529,-261140.4951,42960.7578,486.1816,1050.3154
-303954.7163,-261295.7085,42659.0078,468.739,1054.8025
-304215.3845,-261334.0876,42881.2969,507.0684,1017.3036
-303671.3364,-261141.6059,42529.7305,488.3066,1045.4407
-304092.7908,-261326.0681,42766.7227,505.1522,1026.8976
-304230.0533,-261290.5885,42939.4648,485.7744,1018.6357
-303752.6506,-261171.4514,42581.1992,491.2813,1072.4291
-303821.4012,-261247.073,42574.3281,512.3488,1038.0247
-303891.4828,-261241.143,42650.3398,498.5144,1084.9285
-304194.0433,-261413.5198,42780.5234,475.8895,1042.7416
-304210.8526,-261295.0166,42915.8359,489.7658,1024.4469
-303865.6602,-261170.6133,42695.0469,508.4091,1021.3186
-303951.5383,-261222.0149,42729.5234,501.7749,1037.7207
-303883.8218,-261164.1304,42719.6914,490.1456,1037.1907
-303896.7801,-261166.2411,42730.5391,505.3661,1043.2824
-303842.8805,-261202.8297,42640.0508,491.9355,1085.21
-303767.0931,-261244.5618,42522.5312,511.0708,1027.1428
-303925.0522,-261172.3803,42752.6719,502.8144,1054.3928
-304014.0397,-261249.6218,42764.418,467.2658,1056.8549
-303755.9902,-261195.8456,42560.1445,490.8489,1030.8221
-304078.9271,-261209.0639,42869.8633,482.8441,1055.4325
-303862.4481,-261278.4794,42583.9688,497.284,1037.7272
-303981.415,-261230.9892,42750.4258,493.6983,1076.3683
-303787.7877,-261203.4752,42584.3125,501.6517,1047.5985
-304000.6806,-261153.954,42846.7266,498.6768,1003.4673
-303932.3902,-261189.7964,42742.5938,513.2465,1045.3342
-304003.9511,-261217.1464,42786.8047,468.7049,1017.5973
-304099.103,-261203.9468,42895.1562,440.4698,993.2671
-304026.4615,-261222.8639,42803.5977,487.8565,1065.3837
-303849.7636,-261172.3847,42677.3789,476.9606,1087.367
-303871.3191,-261280.198,42591.1211,478.4914,1048.2654
-303826.8587,-261299.1908,42527.668,508.7048,1077.1199
-303856.7261,-261241.3823,42615.3438,501.7124,1083.2064
-303822.3059,-261215.8801,42606.4258,492.4928,1066.0085
-304177.9672,-261262.2484,42915.7188,466.6683,1047.6405
-304061.0609,-261274.0844,42786.9766,463.3292,1032.2011
-304315.4936,-261309.2006,43006.293,526.7711,1090.0496
-304011.1442,-261224.5817,42786.5625,483.0767,1050.7815
-303740.6917,-261239.1683,42501.5234,504.846,1092.2612
-303983.8945,-261282.6718,42701.2227,473.1478,1053.2847
-304137.4572,-261341.3049,42796.1523,516.8683,1061.0913
-303979.6344,-261297.1696,42682.4648,467.3393,1061.4654
-303890.8121,-261210.6403,42680.1719,511.5759,1020.5463
-303915.6546,-261183.0062,42732.6484,494.3014,1043.7413
-304065.7824,-261200.1965,42865.5859,504.7861,1001.3467
-303973.8945,-261261.4335,42712.4609,483.8158,1069.6487
-304032.4666,-261337.0838,42695.3828,488.1714,1046.7933
-304204.7261,-261294.0347,42910.6914,480.1529,1007.9081
-304022.1831,-261316.7729,42705.4102,495.2275,1079.4257
-303639.357,-261210.5601,42428.7969,525.3088,1042.2293
-304008.4364,-261295.0575,42713.3789,509.6009,1034.5404
-303975.9359,-261224.7797,42751.1562,525.5526,1043.4681
-303833.2275,-261239.8174,42593.4102,478.6781,1067.6596
-303868.367,-261167.5584,42700.8086,497.55,1059.9966
-303925.5219,-261260.0922,42665.4297,523.0528,1004.4624
-303811.1077,-261212.7913,42598.3164,478.6298,1059.6435
-303826.4096,-261146.3667,42680.043,532.5682,978.1967
-304079.0536,-261191.7489,42887.3047,499.0896,1068.3091
-303841.8006,-261203.9842,42637.8164,499.6253,1046.3771
-303893.8831,-261260.2464,42633.6367,482.9705,1036.9967
-303930.2464,-261303.6605,42626.5859,495.8257,1020.7103
-303851.3913,-261259.8561,42591.5352,491.7426,1069.3256
-304123.9156,-261307.6422,42816.2734,476.1998,1035.0644
-303766.6173,-261172.9337,42593.6836,539.1854,1041.3771
-303834.9796,-261303.2843,42531.6953,525.2451,1044.1498
-303978.6808,-261210.3878,42768.293,486.8275,1042.0652
-303759.1805,-261289.4813,42469.6992,475.837,1019.8334
-303800.6411,-261222.8637,42577.7773,467.6453,1084.0065
-303972.3579,-261188.0844,42784.2734,472.1781,1026.2029
-303889.2205,-261267.6619,42621.5586,510.9199,1032.1698
-303880.6928,-261209.3256,42671.3672,488.7771,1071.3231
-303793.4694,-261160.0201,42633.4492,523.5254,1004.1099
-303943.7416,-261202.0151,42741.7266,491.0296,1047.1274
-304007.8856,-261224.7293,42783.1562,520.5135,1054.7403
-304037.9828,-261286.6859,42751.2969,520.3053,1028.6489
-304033.854,-261256.1079,42777.7461,497.9915,1064.558
-304181.4857,-261413.7005,42767.7852,489.52,1035.7837
-304188.5394,-261327.0199,42861.5195,521.1521,1066.1484
-304129.9202,-261343.0257,42786.8945,494.957,1014.3569
-303902.0607,-261135.631,42766.4297,497.1186,1029.4334
-304041.6777,-261220.3339,42821.3438,499.463,1036.3608
-303871.7802,-261284.4833,42587.2969,492.024,1075.8
-303965.0328,-261245.7477,42719.2852,497.5097,1085.6867
-303758.3539,-261129.5805,42628.7734,473.5733,1027.5188
-303930.1611,-261213.1064,42717.0547,479.1514,1048.4412
-304191.9217,-261281.492,42910.4297,513.4389,1028.2389
-303933.4489,-261220.2262,42713.2227,488.0411,1058.6267
-303891.1759,-261224.7579,42666.418,483.318,1045.2791
-304045.6708,-261348.4911,42697.1797,514.1946,1032.1438
-303868.3176,-261187.7082,42680.6094,489.8423,1032.8278
-303935.6261,-261319.0675,42616.5586,486.8165,1029.2087
-303933.6731,-261174.1848,42759.4883,514.3626,1058.2798
-304000.7747,-261222.1419,42778.6328,494.2638,1032.4832
-304137.7456,-261242.4292,42895.3164,510.8243,1050.2521
-303981.405,-261293.7722,42687.6328,505.6813,1057.1045
-304101.8992,-261337.7156,42764.1836,494.1724,1050.3984
-303781.2285,-261278.502,42502.7266,508.6048,1131.1408
-303727.662,-261228.2167,42499.4453,512.3401,1033.8043
-303864.6645,-261213.852,42650.8125,525.465,1044.5184
-303666.7309,-261176.2699,42490.4609,530.274,1040.8319
-303871.8994,-261322.3838,42549.5156,478.1926,1050.5859
-304256.4704,-261298.1267,42958.3438,495.6236,1049.2196
-303943.435,-261188.935,42754.5,494.5898,1036.749
-303934.9546,-261274.2046,42660.75,515.9202,1054.3151
-304025.2729,-261231.4682,42793.8047,500.2611,1048.7899
-304145.0889,-261241.9053,42903.1836,506.0564,1049.3806
-303945.652,-261270.9645,42674.6875,516.8404,1031.2594
-304299.6662,-261222.9279,43076.7383,492.4142,1041.8744
-303860.2715,-261251.4864,42608.7852,514.9313,1060.1552
-304008.0252,-261235.0096,42773.0156,519.2215,996.3106
-304081.9693,-261276.5279,42805.4414,507.5884,1044.5589
-303849.7726,-261229.4914,42620.2812,491.6692,1034.2357
-303990.5787,-261289.5514,42701.0273,506.6866,1046.858
-304079.76,-261299.0295,42780.7305,478.0026,1054.9772
-303965.9172,-261275.8508,42690.0664,479.6961,1037.7022
-303884.6474,-261260.0888,42624.5586,547.1075,1049.6792
-303894.8739,-261233.0966,42661.7773,504.1486,1062.6587
-303709.6514,-261273.2179,42436.4336,515.1933,1023.5993
-303724.3587,-261275.4642,42448.8945,486.8794,1028.8807
-304014.942,-261296.649,42718.293,468.7431,1042.0061
-304063.1399,-261130.5852,42932.5547,498.1173,1015.5324
-303929.8777,-261177.159,42752.7188,496.0018,998.6089
-304168.1812,-261285.0718,42883.1094,481.715,1043.7793
-303974.5021,-261340.0919,42634.4102,479.1923,1039.0062
-303952.2384,-261171.8478,42780.3906,485.5493,1018.2674
-304022.8519,-261225.1098,42797.7422,502.2953,1045.7346
-303988.0673,-261282.7119,42705.3555,489.6999,1027.4759
-303940.2224,-261243.8474,42696.375,518.4652,1015.7713
-303905.4845,-261239.1798,42666.3047,460.6086,1056.1039
-303934.8202,-261327.7694,42607.0508,487.3486,1042.671
-303972.2214,-261291.7097,42680.5117,466.0036,1027.3549
-304083.649,-261232.6373,42851.0117,499.0555,1063.914
-304140.9135,-261295.5659,42845.3477,493.2731,1046.1138
-303842.7263,-261158.3669,42684.3594,485.8857,1074.7866
-303953.512,-261203.512,42750.0,512.383,1061.7536
-303930.6996,-261266.3793,42664.3203,498.6763,1048.1126
-303683.5954,-261160.8806,42522.7148,483.2435,1039.7615
-303528.697,-261212.5134,42316.1836,471.6561,1017.7812
-304003.8717,-261216.317,42787.5547,463.9435,1078.9808
-304182.6794,-261219.8552,42962.8242,501.1597,1049.4939
-304018.5537,-261322.1709,42696.3828,522.855,1024.1544
-303984.294,-261316.126,42668.168,497.9805,993.4171
-304043.184,-261244.0746,42799.1094,522.9454,1031.4807
-303805.5896,-261229.863,42575.7266,503.4304,1038.2052
-303575.5729,-261234.03,42341.543,494.8608,1020.7228
-303854.6487,-261267.8948,42586.7539,489.749,1041.246
-303864.779,-261134.2009,42730.5781,486.7017,1028.9295
-304238.6804,-261294.8679,42943.8125,474.8943,1007.3144
-303985.6173,-261206.2775,42779.3398,504.3635,1015.9797
-303800.6686,-261188.9421,42611.7266,482.6895,1023.0934
-303763.7481,-261122.8223,42640.9258,484.7705,1011.7792
-303865.7152,-261257.2504,42608.4648,506.5528,1039.1
-304179.6461,-261295.0523,42884.5938,512.5216,1045.7902
-303807.1602,-261267.8985,42539.2617,510.7751,1020.3706
-304030.4392,-261299.4626,42730.9766,525.1602,1061.6058
-303906.7894,-261221.4691,42685.3203,526.0764,1013.1707
-303918.9886,-261239.7425,42679.2461,505.3865,1038.5387
-304124.0774,-261286.1868,42837.8906,500.7183,1009.2573
-304071.2398,-261307.8843,42763.3555,479.6439,1032.0681
-303921.6688,-261346.0711,42575.5977,470.8811,1043.7525
-303768.8443,-261224.4224,42544.4219,474.8666,1062.2325
-303966.0242,-261270.0125,42696.0117,517.3775,1016.3679
-303886.8478,-261376.5743,42510.2734,517.7072,1069.7036
-303899.3682,-261176.9932,42722.375,507.5931,1037.7075
-304086.9458,-261229.1646,42857.7812,476.5602,1013.6336
-304038.5315,-261279.7542,42758.7773,517.7676,1017.9152
-303947.5447,-261225.322,42722.2227,538.9834,1025.843
-303963.2615,-261277.7225,42685.5391,512.5883,1101.3149
-303965.8901,-261188.6792,42777.2109,468.8853,1076.1868
-303815.5883,-261215.6782,42599.9102,490.0503,1058.9549
-303848.2349,-261189.813,42658.4219,479.9729,1067.8475
-303855.732,-261231.2554,42624.4766,496.0838,1046.5618
-304027.9942,-261235.1036,42792.8906,528.8177,1058.3079
-303951.8338,-261314.1268,42637.707,465.5876,1059.073
-303948.0664,-261213.6484,42734.418,480.4889,1079.9556
-303943.2339,-261199.0113,42744.2227,485.1678,1028.577
-303887.7984,-261267.4077,42620.3906,520.3102,1049.248
-303930.4326,-261188.2295,42742.2031,534.7742,1043.3877
-303605.7164,-261217.3063,42388.4102,505.7579,1044.6616
-303895.6902,-261181.3308,42714.3594,485.2837,1023.928
-304058.0299,-261229.6667,42828.3633,503.3346,1096.068
-303903.5504,-261201.0191,42702.5312,504.894,1017.5413
-303687.9895,-261253.9114,42434.0781,522.7889,1105.6575
-304003.4404,-261364.5068,42638.9336,480.8319,1082.0138
-304126.6707,-261287.9207,42838.75,478.0198,1041.6609
-304071.8514,-261357.0506,42714.8008,507.4798,1048.2836
-303928.8035,-261304.1706,42624.6328,490.2059,1001.3804
-303825.3986,-261276.9338,42548.4648,477.6995,1041.5469
-304194.7988,-261386.7637,42808.0352,486.9932,1021.0927
-303976.597,-261335.1126,42641.4844,491.8497,1046.015
-304158.8184,-261251.1505,42907.668,513.209,1065.3009
-304001.7822,-261231.9853,42769.7969,514.9468,1054.2472
-303633.9553,-261230.842,42403.1133,516.8917,1083.7344
-304059.3847,-261277.541,42781.8438,484.2654,1053.0096
-304108.3678,-261197.735,42910.6328,497.0647,1052.1128
-304198.7752,-261313.3768,42885.3984,465.5695,1080.9482
-304104.7609,-261190.0344,42914.7266,495.2927,1065.312
-303810.9079,-261130.2009,42680.707,506.1437,1030.4742
-303655.118,-261161.1063,42494.0117,485.4177,1057.6936
-303779.2251,-261208.8696,42570.3555,501.5611,1023.4922
-303863.6645,-261193.309,42670.3555,508.9695,1028.9891
-303948.828,-261200.3359,42748.4922,478.8541,1010.2342
-303975.1117,-261186.0024,42789.1094,492.0108,1051.7646
-304271.2323,-261266.619,43004.6133,481.58,1104.3954
-303710.7288,-261227.9084,42482.8203,496.1269,1078.7047
-304020.6643,-261284.0862,42736.5781,499.0416,1072.5522
-303820.0907,-261228.8016,42591.2891,490.7504,1073.398
-304106.0055,-261121.1383,42984.8672,505.0916,994.6642
-303761.4646,-261222.4724,42538.9922,494.9898,1049.8786
-304001.3415,-261223.9861,42777.3555,496.3226,1042.5312
-303911.0436,-261150.4225,42760.6211,493.489,1042.7682
-304107.116,-261145.6043,42961.5117,517.4425,1029.1742
-303894.0953,-261243.3648,42650.7305,479.2382,1049.6571
-304097.5674,-261214.04,42883.5273,505.4195,1024.5214
-304189.906,-261259.449,42930.457,473.2198,1034.1064
-304088.6295,-261317.8873,42770.7422,509.053,1034.8233
-303881.5812,-261280.8508,42600.7305,516.658,1067.0376
-304201.0174,-261224.7361,42976.2812,509.9704,1050.8921
-303781.5316,-261186.7503,42594.7812,553.6714,1024.0143
-303818.91,-261303.0076,42515.9023,529.7705,1064.2574
-303968.4108,-261287.5631,42680.8477,521.4446,1023.4687
-303921.8844,-261218.4977,42703.3867,492.7537,1112.743
-304072.4428,-261218.5834,42853.8594,497.9468,1069.5533
-303761.6984,-261252.0344,42509.6641,500.8941,1044.4383
-304053.3646,-261231.9662,42821.3984,511.7661,1056.6204
-304002.5348,-261185.0856,42817.4492,509.5522,985.6843
-303606.0836,-261175.7906,42430.293,494.8057,1050.6111
-304006.9884,-261267.3282,42739.6602,523.7953,1049.9707
-304184.8582,-261296.8113,42888.0469,484.5761,1031.5235
-303837.0637,-261200.423,42636.6406,506.2242,978.7677
-303940.5234,-261295.6679,42644.8555,494.8378,1042.8548
-303970.037,-261255.5292,42714.5078,525.3694,1033.4273
-304065.5862,-261262.1878,42803.3984,466.4157,1053.7416
-304120.6185,-261344.3802,42776.2383,503.523,1067.544
-303998.0901,-261336.8362,42661.2539,477.8326,1039.0344
-304000.6249,-261280.203,42720.4219,507.2243,1020.2573
-303859.4839,-261220.7808,42638.7031,504.6985,1044.5862
-304064.372,-261367.5517,42696.8203,491.6535,1036.6117
-303765.4186,-261190.817,42574.6016,482.3927,1031.6171
-303941.4023,-261176.3008,42765.1016,498.5806,1062.8239
-304156.3682,-261266.7627,42889.6055,482.6274,1063.3988
-303953.004,-261311.797,42641.207,506.8508,1000.3502
-304056.4937,-261370.6539,42685.8398,493.2367,1047.6225
-303951.5774,-261222.9837,42728.5938,504.4912,1023.6605
-304160.7031,-261281.3555,42879.3477,528.2845,1057.7177
-303981.6095,-261269.9533,42711.6562,491.0059,1053.4981
-303976.6931,-261299.0681,42677.625,476.7573,1124.713
-303669.5018,-261175.5486,42493.9531,508.9986,1052.1013
-303604.7117,-261195.993,42408.7188,483.5695,1037.4129
-303646.5558,-261153.1456,42493.4102,457.9885,1023.3243
-303781.0057,-261173.412,42607.5938,472.4679,1027.252
-304187.4307,-261368.5909,42818.8398,473.897,1044.2588
-303841.0974,-261222.5075,42618.5898,496.563,1048.5002
-303861.4609,-261247.4453,42614.0156,518.3601,1079.8141
-303652.9544,-261136.2239,42516.7305,484.1137,1024.6533
-303862.8293,-261220.8293,42642.0,447.0566,1019.6793
-303659.9098,-261149.8434,42510.0664,492.677,1043.6806
-303855.5818,-261249.4021,42606.1797,504.3206,1082.2605
-303913.6475,-261166.0108,42747.6367,489.8912,1010.1094
-303829.2682,-261221.5221,42607.7461,488.9036,1086.0503
-303964.7135,-261322.983,42641.7305,519.0248,1038.5834
-303971.6956,-261278.5901,42693.1055,488.2813,1045.0818
-304148.1568,-261326.5122,42821.6445,506.2221,1010.5903
-304002.442,-261307.4771,42694.9648,482.542,1074.8507
-304005.1839,-261243.4027,42761.7812,517.4768,1076.4184
-303810.0658,-261145.3509,42664.7148,499.1598,1033.5806
-303637.3924,-261193.2713,42444.1211,526.6618,1049.1325
-303772.02,-261230.4575,42541.5625,514.6787,1056.2944
-303912.5945,-261264.0984,42648.4961,484.264,1045.6193
-304065.2246,-261293.3731,42771.8516,481.0808,1055.2777
-303869.9734,-261238.571,42631.4023,508.822,1020.5124
-303804.3196,-261168.097,42636.2227,481.4337,1031.0444
-303855.6526,-261220.555,42635.0977,494.2204,1032.0226
-304001.4827,-261320.1467,42681.3359,502.3001,995.9207
-303831.8683,-261295.6847,42536.1836,501.1069,1013.8987
-303949.4453,-261186.3906,42763.0547,499.2933,1046.8581
-303928.7863,-261264.0715,42664.7148,487.93,1061.8164
-303804.1467,-261330.4827,42473.6641,474.4438,1013.2974
-303832.3121,-261255.441,42576.8711,504.7905,1067.8075
-303941.6612,-261148.0948,42793.5664,502.8339,1018.4651
-303825.2519,-261214.8769,42610.375,486.0565,1048.121
-303754.2243,-261192.0602,42562.1641,508.7625,1001.4562
-304149.1166,-261197.1635,42951.9531,499.9275,1040.3225
-303950.4784,-261218.2245,42732.2539,506.1965,1055.3774
-303593.8978,-261155.9603,42437.9375,490.9047,1060.4752
-304142.5783,-261294.3791,42848.1992,496.9241,1061.1938
-303986.4614,-261279.6333,42706.8281,514.8576,1072.7331
-303893.1268,-261170.3846,42722.7422,516.8745,1005.3341
-304382.2077,-261199.0866,43183.1211,490.7265,1039.3499
-303826.911,-261159.825,42667.0859,514.7039,1005.952
-303680.9455,-261177.1525,42503.793,487.3764,1042.5354
-303848.3153,-261137.1512,42711.1641,483.2627,1027.7456
-303988.8103,-261300.2283,42688.582,517.6359,1099.6007
-303775.9639,-261317.4756,42458.4883,513.5361,1060.348
-303784.11,-261181.8952,42602.2148,463.2732,1065.108
-303963.8302,-261230.4356,42733.3945,485.8617,1040.8209
-303879.9892,-261253.5049,42626.4844,490.4014,1061.9585
-303811.2129,-261280.6035,42530.6094,520.2599,1062.0464
-304017.7002,-261158.626,42859.0742,514.5541,1035.48
-303950.8955,-261192.1572,42758.7383,499.0648,1031.2184
-303883.8072,-261273.2251,42610.582,477.9113,1073.6699
-303894.4437,-261271.428,42623.0156,524.5389,1053.9718
-303971.6649,-261162.9852,42808.6797,483.8814,1034.5415
-303823.0476,-261255.3484,42567.6992,497.1329,1033.9915
-304337.8235,-261249.5071,43088.3164,488.0375,1045.4739
-303705.0673,-261208.708,42496.3594,504.2956,1065.6136
-303830.2796,-261218.4866,42611.793,517.4926,1024.8715
-303997.0193,-261231.4959,42765.5234,526.8217,1043.1782
-303994.2974,-261198.7778,42795.5195,499.5676,1044.7712
-304064.3167,-261158.3519,42905.9648,515.69,1037.5809
-303659.6358,-261165.4444,42494.1914,475.4674,1055.9969
-303763.7577,-261187.5038,42576.2539,503.3885,1036.1235
-304167.6062,-261171.6491,42995.957,485.8482,1075.6713
-303860.6643,-261219.4103,42641.2539,491.2707,1066.8551
-303612.5889,-261195.9678,42416.6211,498.9219,1016.1495
-303959.2891,-261196.0898,42763.1992,507.7139,1040.5913
-304077.7498,-261238.2459,42839.5039,485.5134,1039.1153
-304112.0467,-261200.531,42911.5156,485.8707,1045.8903
-304022.0672,-261173.5594,42848.5078,495.1902,1055.9511
-303824.1713,-261174.6752,42649.4961,539.9578,1028.0185
-303898.9541,-261269.6495,42629.3047,489.6006,1068.1479
-304087.9912,-261159.4483,42928.543,480.0781,1018.6279
-303869.8417,-261247.8768,42621.9648,497.5151,1051.7421
-303919.3913,-261232.1257,42687.2656,470.1382,1046.8791
-303944.1126,-261270.1712,42673.9414,498.2201,1067.7869
-304010.0581,-261290.5464,42719.5117,502.377,1059.9537
-304065.0142,-261205.4361,42859.5781,492.4875,1063.1728
-303997.5805,-261240.061,42757.5195,489.7833,1019.9542
-304079.6094,-261212.5313,42867.0781,477.5517,1040.2354
-303960.5702,-261306.8945,42653.6758,496.3869,1035.7486
-304035.7223,-261271.3434,42764.3789,533.5376,1074.9023
-303923.883,-261112.1721,42811.7109,499.6256,1039.0759
-303820.8303,-261249.8342,42570.9961,493.6469,1018.4541
-303636.2829,-261170.0837,42466.1992,529.7386,1017.9677
-303984.4003,-261272.9784,42711.4219,490.3891,1064.2456
-303712.3308,-261269.8386,42442.4922,506.9658,1041.6962
-304082.5655,-261185.0225,42897.543,504.8546,1024.4544
-304013.2266,-261255.8086,42757.418,495.7168,1034.7104
-304085.4983,-261282.096,42803.4023,512.5055,1068.6764
-303993.8182,-261181.8495,42811.9688,481.9165,1008.3263
-303897.1718,-261209.2772,42687.8945,487.4315,1007.1606
-303595.5889,-261178.5576,42417.0312,504.0611,1030.3253
-304071.9726,-261259.3866,42812.5859,453.8282,1090.7637
-303733.2323,-261132.4745,42600.7578,494.6345,1059.5746
-304074.7853,-261306.0548,42768.7305,484.4107,1066.1162
-304191.3881,-261221.724,42969.6641,516.6665,1049.4787
-303736.3886,-261188.5566,42547.832,532.6333,1054.0069
-303807.1431,-261287.4478,42519.6953,479.6332,1038.9024
-303931.3975,-261228.3701,42703.0273,498.1441,1024.0602
-303877.7444,-261288.5061,42589.2383,489.788,1014.6983
-303862.2111,-261216.8556,42645.3555,495.8446,1068.9233
-303796.5498,-261144.3272,42652.2227,508.5553,1055.2353
-303924.4334,-261295.5038,42628.9297,519.7878,1026.2972
-303878.1877,-261242.2267,42635.9609,504.0673,1000.1051
-303553.9211,-261170.757,42383.1641,512.3266,1002.346
-304003.985,-261153.6725,42850.3125,499.8918,1026.0563
-303992.0598,-261179.6106,42812.4492,487.7954,1080.5553
-304184.221,-261169.3225,43014.8984,483.6784,1049.7671
-303923.2683,-261200.0886,42723.1797,464.2095,1001.0006
-303745.3634,-261174.9571,42570.4062,529.8976,1011.7463
-303932.2722,-261190.6746,42741.5977,483.505,994.6004
-303821.8109,-261082.6859,42739.125,498.54,1049.104
-303987.6064,-261265.8564,42721.75,511.5047,1030.1273
-303878.3158,-261223.5462,42654.7695,498.7968,995.8716
-303759.2342,-261161.3475,42597.8867,504.826,1003.7501
-303817.9019,-261217.4839,42600.418,530.9419,1081.9204
-304013.0037,-261267.0779,42745.9258,473.2431,1041.7458
-304019.6219,-261195.161,42824.4609,524.3462,1018.0609
-303775.8539,-261231.3109,42544.543,491.7475,1066.7146
-303861.9323,-261229.0651,42632.8672,476.3147,1008.4497
-303834.1688,-261145.2313,42688.9375,483.0096,1093.548
-303986.0182,-261151.2018,42834.8164,506.345,1050.7361
-304040.8761,-261272.6066,42768.2695,490.7782,1025.8328
-304093.6502,-261284.3103,42809.3398,476.4929,1052.9198
-303659.5521,-261171.1224,42488.4297,501.587,1059.8846
-304015.0086,-261210.6415,42804.3672,518.9022,1008.0567
-304024.0575,-261352.1083,42671.9492,508.872,994.6034
-304108.703,-261338.6015,42770.1016,544.9735,1037.7879
-303896.0348,-261263.3356,42632.6992,485.6061,1034.8593
-304078.0049,-261258.5245,42819.4805,502.1148,1066.1491
-303938.9945,-261242.8812,42696.1133,506.722,1029.7378
-303810.8188,-261282.1899,42528.6289,505.1031,1041.0593
-303854.9204,-261248.311,42606.6094,489.2017,1076.984
-303969.705,-261305.4199,42664.2852,512.8437,1013.3563
-304057.7572,-261218.0697,42839.6875,492.1688,1057.718
-303865.9575,-261229.5864,42636.3711,495.7341,1001.4021
-304076.485,-261294.6842,42781.8008,487.5259,967.5017
-303885.4946,-261287.2446,42598.25,464.4159,1056.4451
-304076.9468,-261224.6148,42852.332,479.1092,1073.2898
-303912.8713,-261144.6721,42768.1992,499.8309,1021.8356
-303641.3764,-261138.5131,42502.8633,485.4719,1078.1121
-304227.7484,-261130.4203,43097.3281,460.8237,1033.9914
-304001.5271,-261270.238,42731.2891,497.5047,1013.7917
-303951.279,-261234.2009,42717.0781,474.4993,1026.5655
-303960.1306,-261196.0134,42764.1172,497.3391,1017.1159
-303847.8117,-261295.9445,42551.8672,521.9985,997.6729
-303765.4344,-261304.9383,42460.4961,490.0638,1044.5491
-303855.6758,-261258.7695,42596.9062,471.6862,1004.0483
-304156.1375,-261274.7547,42881.3828,509.4522,1027.7726
-303920.4616,-261323.8874,42596.5742,497.0436,1046.0176
-303958.9141,-261301.6251,42657.2891,503.0819,1056.26
-303710.2217,-261180.3389,42529.8828,465.3762,1013.4343
-303907.3452,-261210.5406,42696.8047,481.1688,1065.3858
-303547.9319,-261098.26,42449.6719,537.7152,1080.9144
-304080.7054,-261343.3382,42737.3672,498.0054,1014.6645
-303932.9665,-261243.9001,42689.0664,517.8199,1073.5677
-304096.6871,-261291.7613,42804.9258,511.3241,1034.5516
-303880.6247,-261185.1951,42695.4297,489.7126,1022.5663
-304112.779,-261246.404,42866.375,502.757,1058.8255
-304181.6516,-261191.8118,42989.8398,480.6399,1015.3652
-303820.5575,-261220.0184,42600.5391,516.2209,1061.1168
-303840.084,-261229.6035,42610.4805,497.342,1052.7659
-303961.3298,-261269.4705,42691.8594,514.5193,1046.8527
-303892.2114,-261315.0357,42577.1758,490.4341,1111.0849
-303962.6586,-261218.6781,42743.9805,491.2736,1053.7038
-304059.0043,-261324.7504,42734.2539,551.0638,1017.0952
-303845.9773,-261242.6922,42603.2852,463.1916,1019.6948
-303895.1691,-261261.3995,42633.7695,508.671,1031.4254
-303949.9632,-261118.9983,42830.9648,506.2073,1055.41
-303879.2373,-261249.2685,42629.9688,510.1956,1056.1169
-303842.4071,-261194.4775,42647.9297,490.3558,1061.7388
-303946.1434,-261275.7606,42670.3828,521.1285,1032.3909
-303885.6501,-261233.2634,42652.3867,484.1986,1055.1609
-303936.647,-261289.2212,42647.4258,489.8423,1012.6006
-303822.0364,-261192.7903,42629.2461,528.348,1082.0121
-303810.8541,-261253.7018,42557.1523,516.2535,1098.2088
-303931.6122,-261294.831,42636.7812,458.6672,1040.0644
-303894.1987,-261148.5541,42745.6445,484.7837,1051.4499
-304135.4715,-261279.8036,42855.668,441.0633,1032.2597
-303853.8348,-261286.8466,42566.9883,508.2283,1053.2124
-304103.2951,-261182.7912,42920.5039,495.1683,1052.4049
-303989.8513,-261221.2224,42768.6289,486.6819,1049.082
-303731.0169,-261210.9271,42520.0898,494.5552,1038.0534
-303778.7503,-261134.7308,42644.0195,479.4954,1091.6522
-303975.6484,-261257.4453,42718.2031,502.3329,1055.0602
-303900.0743,-261329.5001,42570.5742,489.4447,1036.0476
-304013.7383,-261252.1602,42761.5781,475.4192,1024.7548
-304023.3175,-261234.5949,42788.7227,495.5544,1091.8174
-303662.3838,-261216.9854,42445.3984,521.5213,1035.0814
-304217.6567,-261319.895,42897.7617,499.5726,1037.2987
-303801.1723,-261223.391,42577.7812,500.5179,1093.2861
-303872.4749,-261152.9749,42719.5,475.1371,1032.2486
-303996.9404,-261249.1474,42747.793,515.058,1012.5659
-303813.4934,-261166.5051,42646.9883,504.8609,1073.1473
-303685.9961,-261112.5547,42573.4414,487.9415,1069.0783
-303661.2499,-261209.3945,42451.8555,515.6676,1047.6618
-303969.4787,-261212.1389,42757.3398,498.1789,1017.5885
-304131.3898,-261160.2257,42971.1641,475.5666,1046.6133
-303859.7031,-261177.4531,42682.25,517.0295,1068.3522
-303942.5479,-261170.2354,42772.3125,479.3323,1028.0087
-304002.6676,-261175.7223,42826.9453,495.4023,1017.4402
-303760.3635,-261337.7268,42422.6367,515.1893,1023.9103
-303936.7283,-261299.8182,42636.9102,490.4518,1054.9445
-304055.5728,-261294.6783,42760.8945,503.3598,1087.2265
-303660.6566,-261247.0355,42413.6211,501.7694,1019.5634
-304016.3696,-261097.5844,42918.7852,510.8076,1031.7614
-304057.4836,-261221.968,42835.5156,500.1879,1027.694
-303783.9278,-261190.8067,42593.1211,506.4417,1042.9782
-303991.1695,-261240.0757,42751.0938,499.5941,1041.6345
-303771.5606,-261174.8028,42596.7578,488.8349,1076.9951
-304077.4906,-261275.0453,42802.4453,485.1583,1034.9391
-303994.9668,-261181.7793,42813.1875,511.2159,1100.5466
-303816.963,-261090.6036,42726.3594,501.2401,1027.9451
-303879.3489,-261210.8215,42668.5273,483.5466,1070.8993
-303975.072,-261191.9588,42783.1133,473.696,1071.9969
-303875.3342,-261256.7952,42618.5391,525.7633,1021.8763
-304071.4488,-261245.5504,42825.8984,534.2293,1085.8295
-303908.7101,-261218.2531,42690.457,522.5716,1037.2749
-303550.0521,-261147.9037,42402.1484,515.0649,1044.5602
-303945.0513,-261132.1802,42812.8711,478.817,1058.2001
-303871.7027,-261225.8668,42645.8359,484.1993,1058.687
-304044.1301,-261241.7708,42802.3594,489.5201,1049.2152
-303840.0377,-261212.2838,42627.7539,486.2437,1049.5585
-303744.1971,-261177.5135,42566.6836,502.9991,1025.6207
-303932.0931,-261200.8158,42731.2773,510.1265,1061.5266
-303884.8989,-261272.1411,42612.7578,473.9823,1016.9065
-304114.5248,-261359.06,42755.4648,504.4566,1001.1745
-303897.0557,-261235.458,42661.5977,490.3152,1054.0992
-303817.4005,-261138.6466,42678.7539,484.8056,1063.4527
-303809.7722,-261219.2449,42590.5273,533.3053,1080.0677
-304219.7353,-261231.7666,42987.9688,472.817,1039.95
-303769.8616,-261133.9593,42635.9023,447.5512,1018.2258
-303907.8885,-261181.3065,42726.582,482.2177,1032.0166
-303827.3391,-261221.2883,42606.0508,464.73,1005.2337
-303687.0429,-261144.2187,42542.8242,473.6732,1012.1913
-303925.2953,-261292.6507,42632.6445,518.2337,1030.1234
-303938.9038,-261266.6655,42672.2383,495.8459,1082.6819
-304067.1913,-261295.1913,42772.0,487.823,1064.6426
-304157.8027,-261353.6269,42804.1758,497.389,1046.9891
-303758.3151,-261199.737,42558.5781,504.9204,1034.1895
-303926.4245,-261191.2253,42735.1992,550.6031,1037.762
-303974.4623,-261223.228,42751.2344,475.5005,1024.1196
-304010.6459,-261241.142,42769.5039,486.451,1069.4537
-303995.2924,-261110.5737,42884.7188,472.2044,1032.6894
-304150.3892,-261206.0298,42944.3594,511.1995,1023.9384
-303939.4994,-261234.1478,42705.3516,502.4689,1057.2105
-304033.9417,-261232.848,42801.0938,494.7549,1067.3357
-303742.1943,-261215.2256,42526.9688,490.1236,1063.016
-303903.1691,-261289.1613,42614.0078,498.4964,1020.7989
-303884.9233,-261297.103,42587.8203,490.5144,1074.4498
-303850.5559,-261128.2786,42722.2773,502.4428,1036.2486
-304000.4587,-261263.0642,42737.3945,496.1226,1017.8667
-304067.4814,-261219.3173,42848.1641,495.8924,1036.023
-303714.5981,-261241.1098,42473.4883,472.3642,1043.5888
-303994.9558,-261186.9832,42807.9727,507.4692,1043.0144
-303874.5674,-261192.3369,42682.2305,496.9377,1003.1686
-303801.5083,-261251.813,42549.6953,479.1394,1063.845
-303853.2797,-261187.3382,42665.9414,535.7221,1087.3278
-303888.7306,-261203.5509,42685.1797,484.4338,1008.0511
-303898.6966,-261148.3021,42750.3945,512.9462,1070.5408
-303734.9928,-261139.5436,42595.4492,491.1447,1049.9435
-304008.3516,-261250.0079,42758.3438,544.5665,1055.3449
-303737.1971,-261191.9314,42545.2656,505.4593,1061.0255
-303991.1927,-261203.7552,42787.4375,509.6971,1064.9405
-303806.4946,-261245.311,42561.1836,456.3863,1048.2112
-303886.4188,-261249.0008,42637.418,492.5589,1058.4661
-303862.7204,-261140.7478,42721.9727,493.2563,1044.8188
-303968.7085,-261258.9038,42709.8047,533.9072,1002.6618
-303882.1594,-261230.2688,42651.8906,511.3062,1049.3323
-303965.9884,-261276.0627,42689.9258,486.3908,1070.8394
-304152.4551,-261327.1934,42825.2617,497.8577,1065.5489
-303883.4866,-261166.4515,42717.0352,487.7824,1070.9082
-304088.1825,-261235.2255,42852.957,463.2485,1058.6022
-303941.1146,-261215.6966,42725.418,508.2313,1039.5775
-304161.148,-261246.0972,42915.0508,489.2413,1017.4367
-303815.8253,-261196.3214,42619.5039,480.2459,1084.0495
-303759.1944,-261091.1671,42668.0273,471.9912,1037.0806
-303919.8287,-261216.8795,42702.9492,516.9355,1043.9317
-304078.3646,-261160.7318,42917.6328,510.9897,1060.448
-303914.3451,-261173.4857,42740.8594,500.6708,1063.1442
-303867.673,-261180.2043,42687.4688,518.6642,1088.862
-303885.2723,-261176.0809,42709.1914,502.8126,1061.7917
-303812.5654,-261153.7334,42658.832,493.1923,1036.7852
-303705.7704,-261184.6375,42521.1328,477.4608,1076.7069
-303727.1286,-261300.2145,42426.9141,507.1074,1035.7726
-303597.4385,-261113.9775,42483.4609,483.1296,1046.4503
-303775.9405,-261204.9053,42571.0352,495.2178,1052.9123
-303875.0423,-261257.8274,42617.2148,501.9894,1052.1597
-303893.3532,-261205.6188,42687.7344,501.5839,996.2092
-303842.6421,-261181.2358,42661.4062,488.2078,1072.7753
-303949.3775,-261262.7056,42686.6719,491.7235,1057.7882
-303966.9112,-261135.6144,42831.2969,505.7697,1017.1951
-303864.6279,-261165.6865,42698.9414,454.828,1052.4415
-304073.4154,-261224.4193,42848.9961,483.9716,1041.1785
-303941.3299,-261233.4979,42707.832,493.0475,1017.5602
-303791.8179,-261157.2671,42634.5508,496.7739,1028.6017
-304222.5422,-261266.3625,42956.1797,483.4671,1034.1354
-304048.8222,-261303.1855,42745.6367,470.2831,989.2607
-303845.1332,-261171.5238,42673.6094,545.4719,1061.2857
-304020.2946,-261298.0953,42722.1992,509.5362,1081.8731
-304122.4204,-261309.7719,42812.6484,473.178,1017.9334
-303837.9389,-261249.4546,42588.4844,489.1491,1035.9786
-303593.4138,-261141.8396,42451.5742,473.5523,1059.509
-303944.1593,-261226.7725,42717.3867,438.6502,1087.064
-303790.8127,-261144.8752,42645.9375,501.2747,1040.0104
-304040.7494,-261208.1127,42832.6367,500.9352,1001.556
-303871.8674,-261172.4182,42699.4492,488.2594,1076.0753
-303637.3733,-261120.7249,42516.6484,472.9753,1022.0741
-303854.6622,-261250.8926,42603.7695,468.727,1043.8151
-303846.4266,-261141.0398,42705.3867,516.953,1018.3502
-303871.8273,-261240.7453,42631.082,502.0622,1002.0176
-303871.0262,-261178.2215,42692.8047,447.6261,1025.375
-303947.1067,-261255.4895,42691.6172,525.0233,1001.7319
-303969.2043,-261246.2004,42723.0039,475.9241,1018.463
-303856.2888,-261247.9138,42608.375,464.4282,1001.3671
-304017.6473,-261331.3621,42686.2852,461.117,1034.257
-303948.1161,-261313.9442,42634.1719,501.8135,1042.8254
-304001.9099,-261332.3279,42669.582,507.739,1033.1492
-303942.5121,-261124.5121,42818.0,490.351,1066.7149
-304061.1153,-261272.8184,42788.2969,489.1149,997.7849
-303911.541,-261122.7754,42788.7656,487.0556,1046.7738
-303669.6897,-261155.2639,42514.4258,495.8195,1018.8535
-303820.6035,-261152.209,42668.3945,489.9877,1089.0215
-304111.4045,-261239.4983,42871.9062,504.6733,1030.6665
-304004.7344,-261217.5899,42787.1445,466.6501,1036.6816
-303909.9899,-261316.0954,42593.8945,525.1603,1069.2351
-303609.23,-261065.9097,42543.3203,464.1651,1024.679
-304103.2054,-261261.6585,42841.5469,501.6376,1038.5123
-303980.2444,-261290.7991,42689.4453,480.8796,1040.8782
-303895.5911,-261236.5325,42659.0586,506.8187,1048.2253
-304109.4249,-261186.4991,42922.9258,467.023,1057.5039
-304183.113,-261239.0193,42944.0938,531.6142,1045.0165
-303927.6131,-261245.3279,42682.2852,488.0186,1045.7107
-303843.262,-261225.68,42617.582,510.8062,1019.8578
-304069.5861,-261252.3049,42817.2812,498.1527,1038.7379
-303679.7798,-261164.3267,42515.4531,506.717,1058.876
-303731.5223,-261219.6199,42511.9023,479.4041,995.7857
-303993.4655,-261303.5632,42689.9023,480.8482,1034.646
-303983.1253,-261224.6253,42758.5,503.3601,1039.356
-303883.2014,-261117.9007,42765.3008,502.5616,1007.7575
-304289.6645,-261396.1762,42893.4883,493.2246,1054.7669
-303894.3308,-261185.0847,42709.2461,495.4273,1049.6646
-303822.9519,-261199.6433,42623.3086,488.6606,1025.0697
-303717.626,-261135.1534,42582.4727,488.2681,1013.4413
-303761.6954,-261142.879,42618.8164,477.1966,1012.023
-303840.8859,-261280.9406,42559.9453,482.2329,1040.746
-304083.262,-261208.969,42874.293,478.4455,1004.7114
-304068.2367,-261263.8773,42804.3594,483.0749,1013.1264
-303866.3882,-261150.5211,42715.8672,475.1064,1065.2988
-303889.8402,-261168.4496,42721.3906,493.0414,1044.8488
-303909.6236,-261198.9049,42710.7188,498.1689,1056.0482
-304009.465,-261218.6252,42790.8398,465.4781,1040.0369
-303720.6026,-261180.2354,42540.3672,494.1415,1023.0562
-304098.6768,-261177.5127,42921.1641,478.9586,1080.0875
-304128.2878,-261386.3152,42741.9727,508.0812,1065.5486
-303886.3896,-261303.5107,42582.8789,486.6075,1071.33
-303963.91,-261314.9686,42648.9414,528.3667,1000.8356
-303878.5452,-261181.7367,42696.8086,463.0231,1045.1087
-304106.7082,-261293.6379,42813.0703,485.7288,1071.6397
-303845.7098,-261273.5223,42572.1875,507.6681,1062.4742
-303733.4022,-261126.0154,42607.3867,479.3898,1113.8738
-303575.4088,-261192.0377,42383.3711,495.4303,1081.4622
-304041.329,-261266.8134,42774.5156,494.0367,1034.4991
-303593.6412,-261152.4733,42441.168,479.2475,1035.847
-303733.8752,-261170.8752,42563.0,485.3708,1022.3291
-303857.9122,-261146.0879,42711.8242,495.0382,1062.8454
-303921.0418,-261193.3113,42727.7305,499.7135,1038.581
-303890.1906,-261315.046,42575.1445,518.8968,1028.7619
-304006.0684,-261223.7715,42782.2969,496.6865,1041.2739
-303786.6203,-261190.7609,42595.8594,506.1774,1064.0398
-303937.1296,-261364.4265,42572.7031,514.1945,1087.2863
-304332.2764,-261380.9678,42951.3086,513.0115,1051.9863
-303828.1591,-261110.5966,42717.5625,486.6535,1072.2654
-304011.6353,-261168.7954,42842.8398,510.7396,1038.513
-303909.7305,-261280.4609,42629.2695,507.194,1030.1274
-304100.0399,-261243.0243,42857.0156,508.3933,1043.8487
-303881.5772,-261231.5382,42650.0391,517.584,1047.8855
-303745.1749,-261193.1827,42551.9922,452.147,1042.5958
-303906.7659,-261183.1956,42723.5703,496.435,1032.2897
-303782.0006,-261127.321,42654.6797,497.8484,1026.3776
-304054.1561,-261260.535,42793.6211,469.907,1051.4061
-303882.8583,-261230.288,42652.5703,501.0745,1049.8429
-304033.8201,-261234.7928,42799.0273,501.259,1050.383
-303907.9252,-261120.2534,42787.6719,454.4222,1071.041
-303745.5254,-261139.4512,42606.0742,515.7276,1053.9329
-304145.1056,-261311.7228,42833.3828,487.0301,1032.1866
-303895.7185,-261278.4295,42617.2891,514.8832,1034.4546
-303899.7245,-261243.5956,42656.1289,490.6901,1012.7348
-303952.372,-261285.7665,42666.6055,498.5781,1064.8025
-303950.4871,-261178.6746,42771.8125,500.1029,987.4322
-303997.2143,-261340.5307,42656.6836,486.6727,1032.6639
-303812.4406,-261284.0343,42528.4062,491.0807,1030.7508
-303825.1746,-261212.4597,42612.7148,519.9641,1070.3226
-304044.3189,-261239.5884,42804.7305,535.7161,1040.0798
-304177.2785,-261397.0832,42780.1953,489.2618,1022.1472
-303820.3085,-261235.5859,42584.7227,498.9826,1034.7689
-303713.6308,-261129.4042,42584.2266,511.0073,1081.6086
-303963.3854,-261280.7526,42682.6328,486.9382,1035.4966
-304014.6237,-261325.5924,42689.0312,507.7471,1017.0239
-303623.4304,-261198.0906,42425.3398,509.4847,1076.9607
-303880.1046,-261258.5656,42621.5391,504.605,1030.1446
-303997.0801,-261263.3106,42733.7695,495.934,1081.4721
-304216.7205,-261301.1385,42915.582,478.7955,1043.4273
-304033.6883,-261276.9813,42756.707,479.3952,1021.9368
-303758.9593,-261172.8851,42586.0742,494.2568,1088.9493
-303917.5666,-261209.9338,42707.6328,484.9129,1052.6433
-304019.5442,-261288.0676,42731.4766,512.6902,1059.1671
-303877.6856,-261199.7716,42677.9141,535.1941,1072.2016
-303944.0506,-261218.4685,42725.582,505.4035,1038.9663
-304075.4725,-261285.0897,42790.3828,522.9038,1066.2619
-304081.7654,-261231.3318,42850.4336,509.8898,990.8454
-303832.7189,-261216.4025,42616.3164,493.2641,1010.7221
-303865.5871,-261245.6184,42619.9688,469.4597,1040.1156
-304009.6552,-261234.7763,42774.8789,513.857,1047.1731
-304016.5391,-261113.4375,42903.1016,503.134,1022.7633
-304098.9448,-261339.1987,42759.7461,469.1012,1053.98
-303766.4382,-261149.7702,42616.668,484.6345,1054.797
-303848.9119,-261231.6111,42617.3008,466.7103,1044.108
-304000.6902,-261302.9949,42697.6953,517.1977,1056.957
-304076.2697,-261261.1329,42815.1367,505.1996,1042.2042
-304086.77,-261142.0122,42944.7578,507.7354,1036.3102
-304098.5441,-261206.3957,42892.1484,509.9003,1034.9425
-304019.9474,-261273.9201,42746.0273,482.7426,998.7876
-303960.4472,-261310.5996,42649.8477,504.1072,1015.3496
-303778.8643,-261057.6026,42721.2617,498.7912,1034.4968
-303794.6424,-261229.7322,42564.9102,502.7003,1076.5778
-303990.1205,-261182.3666,42807.7539,504.0895,1039.9474
-303746.2973,-261193.3637,42552.9336,487.7542,1069.6707
-304100.8599,-261229.899,42870.9609,510.9807,1052.2937
-303682.3413,-261211.8374,42470.5039,503.7267,1052.6434
-303792.8339,-261193.0409,42599.793,488.1831,1012.1851
-303743.5049,-261194.3292,42549.1758,493.6104,1062.2336
-303869.2282,-261157.6891,42711.5391,481.5068,1010.9494
-303820.037,-261147.3886,42672.6484,464.2275,996.994
-303925.5225,-261275.4795,42650.043,469.86,1049.5144
-303871.9879,-261180.4918,42691.4961,488.0128,1047.8855
-303738.3224,-261172.0841,42566.2383,508.7622,1052.0649
-303732.952,-261206.077,42526.875,536.2965,1035.8648
-303844.4798,-261203.679,42640.8008,484.7628,1038.9997
-303743.6124,-261156.4132,42587.1992,489.8266,1065.5523
-303956.6672,-261218.8898,42737.7773,502.062,999.4671
-303975.5455,-261242.5025,42733.043,505.01,1075.0357
-303918.9777,-261268.0051,42650.9727,493.5936,1063.9371
-303814.9784,-261151.8026,42663.1758,467.8234,1025.0857
-303828.7636,-261155.4472,42673.3164,488.4643,1086.9715
-303976.4166,-261255.2252,42721.1914,469.6882,1073.8399
-303831.8708,-261143.8982,42687.9727,473.5622,1085.0196
-304141.2188,-261272.6329,42868.5859,493.7545,1033.2847
-303913.0328,-261252.9625,42660.0703,483.7465,1041.8477
-303794.641,-261227.5433,42567.0977,512.4992,1040.7807
-303751.9123,-261261.9045,42490.0078,503.8198,1042.24
-303966.9861,-261300.5603,42666.4258,500.0784,1088.1298
-303870.2954,-261188.0376,42682.2578,514.9062,1079.0964
-304115.6221,-261220.79,42894.832,494.214,1056.6891
-303920.8185,-261213.9123,42706.9062,476.0055,1035.7659
-303891.773,-261232.4371,42659.3359,490.8636,1022.6633
-304125.8426,-261298.9559,42826.8867,501.4636,1082.3478
-303981.673,-261347.3293,42634.3438,507.1051,1071.7754
-303749.6956,-261316.0432,42433.6523,492.33,1036.5502
-304118.3445,-261167.4421,42950.9023,473.5802,1054.3418
-303900.3176,-261245.0988,42655.2188,516.5803,1025.9333
-303648.3308,-261219.8386,42428.4922,486.0623,1027.5083
-303938.2869,-261214.1346,42724.1523,468.9902,1029.1879
-304051.4897,-261303.9624,42747.5273,483.1946,1042.1137
-303987.6561,-261271.6874,42715.9688,539.1043,1057.908
-304071.0415,-261234.0532,42836.9883,523.8471,1033.8179
-303998.9633,-261232.0922,42766.8711,482.9435,1037.7894
-303808.4514,-261249.4475,42559.0039,520.2251,1049.9756
-303810.8101,-261248.3648,42562.4453,508.1923,1025.6993
-304200.3883,-261236.486,42963.9023,533.7496,1015.1724
-303915.3129,-261226.9223,42688.3906,479.575,1047.5118
-303786.3671,-261240.5195,42545.8477,477.0875,1107.2471
-303811.0686,-261122.9319,42688.1367,455.4557,1025.0086
-303937.7183,-261181.691,42756.0273,495.5839,1051.6947
-303888.2757,-261278.6429,42609.6328,511.1571,1067.4181
-303819.3988,-261259.8012,42559.5977,475.6435,1015.2056
-304006.2891,-261271.8126,42734.4766,504.0393,1028.2778
-303693.2069,-261290.7108,42402.4961,501.5668,1050.9132
-304172.9558,-261329.1121,42843.8438,505.7287,1040.7772
-303880.7794,-261267.2012,42613.5781,513.9623,1003.5863
-303801.6882,-261203.0319,42598.6562,498.1096,1030.8161
-304112.8626,-261258.1594,42854.7031,504.6387,1018.1158
-303925.1012,-261230.8746,42694.2266,470.1609,1057.3673
-304122.2181,-261360.5853,42761.6328,485.2671,1019.4902
-304133.3077,-261208.6554,42924.6523,509.0526,1023.4614
-303890.7946,-261210.7361,42680.0586,513.0254,1025.376
-303850.3307,-261296.2486,42554.082,499.7772,1024.4181
-304164.3677,-261243.4341,42920.9336,497.6809,1071.5806
-303917.805,-261323.2268,42594.5781,510.7997,1042.7673
-303846.6595,-261239.0111,42607.6484,508.3232,1045.4932
-303523.7341,-261159.0193,42364.7148,498.1716,1034.1553
-303949.5224,-261225.1513,42724.3711,485.895,1008.0095
-304084.7151,-261277.2659,42807.4492,485.299,1049.8914
-304010.4039,-261268.7203,42741.6836,498.0764,1065.7804
-303826.897,-261165.6627,42661.2344,495.2072,1007.5379
-304115.0391,-261309.2774,42805.7617,506.2761,1017.7073
-304023.5717,-261239.7475,42783.8242,474.7118,1049.1892
-304080.59,-261223.2228,42857.3672,483.6804,1092.4789
-303816.7485,-261188.1156,42628.6328,480.7357,1046.8376
-303923.8758,-261220.6531,42703.2227,442.4787,1048.8547
-303902.2889,-261279.16,42623.1289,497.5915,1090.046
-303936.3732,-261198.1701,42738.2031,466.139,1055.1068
-303901.8275,-261154.6986,42747.1289,483.9557,1038.2393
-303749.0762,-261135.3653,42613.7109,521.7595,1057.5659
-303835.0511,-261171.2933,42663.7578,463.5722,1021.6513
-303666.66,-261136.1327,42530.5273,508.211,1042.594
-303720.4859,-261210.2398,42510.2461,486.2972,1044.0703
-304017.8185,-261148.7248,42869.0938,480.6625,1034.3379
-304123.8661,-261319.0341,42804.832,501.0441,1003.2969
-303921.0907,-261134.2977,42786.793,514.6395,1041.544
-304056.4946,-261275.1665,42781.3281,542.3246,1069.0713
-304032.6636,-261200.6714,42831.9922,466.2869,1026.552
-303814.5081,-261152.5238,42661.9844,498.9042,1049.5724
-303901.7871,-261198.5293,42703.2578,500.1464,1032.006
-303937.6617,-261184.2906,42753.3711,520.5425,1031.5813
-304035.8778,-261321.9559,42713.9219,502.0592,1066.6812
-304106.1247,-261239.7262,42866.3984,477.5364,1045.4196
-303834.1876,-261260.9689,42573.2188,498.6179,1076.0371
-303871.8694,-261233.7132,42638.1562,474.4586,1049.6195
-304082.3215,-261251.2903,42831.0312,503.4699,1041.7336
-303897.5685,-261238.9122,42658.6562,499.719,1071.3262
-303852.9273,-261223.7086,42629.2188,526.3208,1048.0103
-304090.4515,-261222.0804,42868.3711,502.1653,1045.0474
-303984.8215,-261279.6262,42705.1953,499.6549,1051.9208
-303970.6485,-261229.0782,42741.5703,507.9372,999.0475
-303763.9869,-261113.3893,42650.5977,532.4057,1021.0001
-303781.4282,-261225.018,42556.4102,488.0095,1057.6428
-303811.9599,-261156.9795,42654.9805,473.9429,1049.756
-303779.1367,-261211.3164,42567.8203,502.6087,1018.9334
-303524.7332,-261205.7254,42319.0078,508.4565,1053.9299
-303880.2394,-261232.9972,42647.2422,463.7573,1040.634
-303960.8696,-261244.1703,42716.6992,486.4396,1014.964
-303755.5847,-261163.3972,42592.1875,500.3145,1042.9182
-304003.3299,-261222.3104,42781.0195,503.7017,1056.1293
-303787.2591,-261311.1068,42476.1523,500.6722,1028.0519
-303895.2964,-261248.1128,42647.1836,487.4044,1103.733
-303946.2391,-261264.743,42681.4961,487.1469,1045.0215
-303798.4047,-261174.8032,42623.6016,480.4447,1097.5309
-303948.3876,-261208.9931,42739.3945,472.3278,1058.1251
-303632.1903,-261122.7879,42509.4023,503.8218,1040.4613
-303850.3299,-261217.5564,42632.7734,505.3567,1034.2688
-304023.1529,-261212.0201,42811.1328,484.4891,1034.7135
-303957.4361,-261243.8189,42713.6172,484.4575,1040.9891
-303868.037,-261223.0995,42644.9375,510.1196,1033.9206
-303925.8157,-261177.3899,42748.4258,508.2759,1060.1503
-303693.1926,-261095.677,42597.5156,521.6479,1021.6848
-303877.8536,-261215.2403,42662.6133,505.3449,1043.2457
-303858.999,-261270.9482,42588.0508,532.4015,1066.1055
-303979.1937,-261264.0766,42715.1172,498.3566,1108.0951
-304169.1515,-261271.9367,42897.2148,481.096,1017.7261
-303956.5891,-261239.0657,42717.5234,487.9426,1040.5744
-303920.0873,-261262.806,42657.2812,482.8909,1037.8161
-303744.3816,-261155.8035,42588.5781,497.3749,986.5798
-303826.5375,-261158.9282,42667.6094,515.6088,1034.3327
-304025.5145,-261251.9324,42773.582,495.5493,1036.213
-304192.1889,-261359.7553,42832.4336,493.6556,1011.676
-303588.5518,-261092.5674,42495.9844,489.5281,1005.7052
-304102.8425,-261284.5886,42818.2539,477.0311,1055.0068
-303811.5644,-261197.2402,42614.3242,496.1023,1038.3583
-304046.1529,-261186.7506,42859.4023,494.33,1091.194
-304168.8875,-261378.8953,42789.9922,494.8642,1081.0577
-303976.1312,-261263.9125,42712.2188,484.1926,1060.6117
-304043.5241,-261299.8952,42743.6289,493.1233,1072.9224
-303802.6104,-261276.3214,42526.2891,517.3291,1025.2206
-303900.4658,-261184.0049,42716.4609,485.7443,1055.9624
-303837.5574,-261310.9793,42526.5781,503.7314,1034.7912
-303908.1193,-261214.756,42693.3633,489.0972,994.5929
-304072.5662,-261210.5779,42861.9883,514.8607,1039.9782
-304140.9157,-261311.1344,42829.7812,483.6009,1066.5923
-303708.4739,-261207.7434,42500.7305,489.3208,1039.6916
-303712.8546,-261248.5616,42464.293,482.7483,1028.7256
-303776.5075,-261240.363,42536.1445,504.5464,1106.6077
-304003.2453,-261338.0461,42665.1992,491.5376,1075.4156
-303811.7319,-261222.9467,42588.7852,509.5018,1033.0125
-304043.6129,-261183.8043,42859.8086,520.3968,1016.925
-303826.2381,-261269.5115,42556.7266,497.5355,1076.9359
-304015.9699,-261207.0012,42808.9688,507.3564,1050.0126
-303925.8223,-261249.8496,42675.9727,504.2593,1008.8495
-303872.921,-261229.1476,42643.7734,508.901,1028.9635
-303972.0225,-261255.0811,42716.9414,501.4303,1036.738
-304191.1341,-261216.6614,42974.4727,493.4302,1031.6636
-303979.1339,-261218.9191,42760.2148,534.4083,1059.7254
-303696.2374,-261132.1749,42564.0625,489.9072,1033.327
-303836.6162,-261192.3349,42644.2812,501.6936,1096.0726
-303979.1729,-261211.8917,42767.2812,488.6301,1027.6415
-304015.8909,-261233.8948,42781.9961,484.9026,1052.0871
-303823.8597,-261192.1292,42631.7305,500.4854,1048.849
-303825.6396,-261223.6786,42601.9609,499.0528,1066.1964
-304021.5199,-261287.184,42734.3359,511.9664,1033.9453
-303960.9962,-261161.0001,42799.9961,497.6102,1020.6092
-304030.8505,-261227.3896,42803.4609,506.7238,1045.1104
-303798.5645,-261205.084,42593.4805,481.3637,1046.8976
-304100.2153,-261255.9262,42844.2891,520.9827,1026.7582
-303789.8735,-261119.2328,42670.6406,487.1229,1094.1431
-303978.1948,-261268.1167,42710.0781,502.4931,1079.1519
-303942.9871,-261256.6238,42686.3633,497.2277,1044.5607
-303660.4377,-261141.7502,42518.6875,484.018,1087.1234
-303933.5681,-261228.6931,42704.875,502.3325,1047.2526
-303904.0524,-261186.1383,42717.9141,516.1193,1026.0124
-303801.3241,-261233.2499,42568.0742,438.12,1048.5333
-303876.0094,-261207.8922,42668.1172,485.0539,1082.7196
-303931.962,-261216.0596,42715.9023,491.0876,1032.1307
-303963.9065,-261211.8792,42752.0273,507.314,1077.5935
-303906.961,-261206.3321,42700.6289,501.7689,1075.5311
-303823.997,-261194.3212,42629.6758,508.5191,1020.4429
-304026.586,-261230.3438,42796.2422,531.733,1059.9566
-304241.9014,-261290.8467,42951.0547,480.0336,1063.5203
-303738.121,-261176.2577,42561.8633,465.9982,1033.2577
-303810.5129,-261265.5363,42544.9766,481.0333,1019.0805
-303756.166,-261147.1777,42608.9883,519.2945,1026.3314
-304128.2885,-261232.3315,42895.957,490.2024,1028.1588
-303801.4822,-261122.3611,42679.1211,502.7284,1025.1903
-304075.2223,-261258.5856,42816.6367,464.0444,1012.5775
-303939.2352,-261263.8836,42675.3516,505.0246,1018.2974
-303874.261,-261230.5227,42643.7383,510.7725,1110.683
-303994.7738,-261259.2231,42735.5508,505.5812,1049.8292
-303621.1088,-261133.6127,42487.4961,481.8029,1014.3475
-303748.7009,-261190.2595,42558.4414,521.1392,1058.1153
-304004.5801,-261250.3965,42754.1836,514.6161,1033.8955
-303758.8552,-261164.1209,42594.7344,520.0526,1013.9175
-303992.8054,-261216.2155,42776.5898,483.0939,1052.7631
-304028.052,-261345.3293,42682.7227,488.8314,1046.1927
-304105.7589,-261309.38,42796.3789,513.0543,1037.921
-303988.748,-261277.9589,42710.7891,466.1714,1019.5193
-303833.2854,-261201.2698,42632.0156,497.7785,1041.9246
-303954.7446,-261340.7954,42613.9492,488.0141,1101.58
-304216.2763,-261316.3232,42899.9531,492.8219,1030.3147
-303946.5852,-261254.757,42691.8281,517.2314,1046.9507
-304082.6137,-261224.1293,42858.4844,518.6458,1076.665
-303907.7925,-261221.2652,42686.5273,505.9956,1040.4075
-304084.8899,-261281.7453,42803.1445,454.8161,1021.752
-303824.3501,-261189.4751,42634.875,489.9327,1027.4339
-303994.1821,-261230.5571,42763.625,509.0407,1080.5965
-303816.0051,-261088.6731,42727.332,495.5038,1033.1626
-304102.4183,-261372.7855,42729.6328,517.2691,1011.7147
-303851.106,-261280.231,42570.875,492.6185,1053.1534
-303892.2425,-261172.3753,42719.8672,502.883,1032.157
-303866.0737,-261278.4721,42587.6016,487.8666,1060.6167
-304025.3655,-261252.178,42773.1875,483.8611,1068.0211
-304045.1156,-261199.1859,42845.9297,493.5135,1070.8117
-303810.1216,-261226.2114,42583.9102,517.5952,1059.4719
-303810.5063,-261265.5962,42544.9102,521.606,1060.4836
-303761.4813,-261203.1415,42558.3398,496.1527,1059.5746
-303748.1594,-261189.3586,42558.8008,466.0913,1039.639
-303976.2275,-261195.3408,42780.8867,471.7148,1029.6475
-303806.6091,-261263.1794,42543.4297,482.6036,1068.633
-304036.1059,-261226.5786,42809.5273,472.4219,1067.1245
-303919.1745,-261358.151,42561.0234,552.8291,1014.2914
-303879.2115,-261219.9966,42659.2148,449.2985,1026.432
-303906.4662,-261230.8256,42675.6406,498.677,1030.0974
-303809.5158,-261169.3517,42640.1641,484.0206,1042.0124
-304048.0626,-261222.8712,42825.1914,470.0152,997.3725
-303940.7566,-261208.0339,42732.7227,500.9425,1060.2571
-303596.2347,-261189.7933,42406.4414,512.9602,1069.2659
-304173.6345,-261288.0759,42885.5586,501.7111,1053.4442
-304084.293,-261260.793,42823.5,492.8836,1021.4196
-303773.3997,-261224.9661,42548.4336,496.8599,1001.0937
-303893.1589,-261256.819,42636.3398,456.4307,1044.837
-303766.0828,-261172.2703,42593.8125,493.2035,1033.8144
-303658.456,-261055.9052,42602.5508,476.7338,1031.0005
-304112.3238,-261194.984,42917.3398,474.5177,1032.0869
-303740.4067,-261240.0044,42500.4023,505.1071,1035.9041
-304091.8975,-261345.2842,42746.6133,476.2151,1056.0284
-303742.7351,-261215.7078,42527.0273,485.0215,1053.2622
-303913.3275,-261179.4955,42733.832,497.4164,1043.0933
-303960.8062,-261187.1108,42773.6953,454.0288,1054.2917
-304008.4607,-261172.2771,42836.1836,513.3543,1032.4284
-303896.7526,-261246.8932,42649.8594,519.5519,1009.1226
-303598.7851,-261184.7773,42414.0078,510.1686,1030.6292
-303964.3579,-261225.561,42738.7969,458.7702,1036.9309
-303916.6957,-261163.9731,42752.7227,482.2483,1033.9771
-303876.845,-261190.6301,42686.2148,504.7962,1097.2715
-303935.3067,-261285.5763,42649.7305,533.9186,1075.8743
-304077.445,-261192.1247,42885.3203,504.915,1037.1879
-303936.2998,-261246.6514,42689.6484,469.0828,1058.6127
-303804.8625,-261215.2805,42589.582,468.1435,1049.9972
-303802.3412,-261213.435,42588.9062,520.0973,1030.1215
-303854.3271,-261146.206,42708.1211,505.4946,1054.6658
-304014.9795,-261221.5811,42793.3984,504.7414,1061.5049
-303756.245,-261287.8622,42468.3828,466.1854,1032.4048
-304136.7793,-261330.6504,42806.1289,502.5234,1038.4717
-304071.6525,-261249.1056,42822.5469,474.5325,1025.4985
-303804.4366,-261167.6749,42636.7617,464.008,1030.0861
-303899.4337,-261172.5548,42726.8789,514.9625,1030.7329
-304287.2965,-261376.0114,42911.2852,517.0977,1062.804
-304090.0557,-261410.5245,42679.5312,512.9775,1062.6346
-303903.6802,-261143.0552,42760.625,498.7865,1024.4523
-303827.0322,-261212.9228,42614.1094,517.3769,1033.6078
-303836.0791,-261175.5127,42660.5664,485.9643,1041.9633
-303814.588,-261150.5059,42664.082,466.2514,1028.2851
-303931.5727,-261206.3344,42725.2383,498.2223,1080.1733
-304119.4494,-261320.8829,42798.5664,523.5407,1044.7593
-304078.7868,-261190.5993,42888.1875,495.938,1034.1195
-303874.7353,-261254.1767,42620.5586,489.8384,1073.2366
-304072.6271,-261178.9552,42893.6719,516.4227,1012.1009
-303923.9056,-261235.3705,42688.5352,494.2643,1020.031
-304139.9554,-261186.3694,42953.5859,498.8865,1005.4454
-303976.1147,-261257.146,42718.9688,494.5616,1050.2372
-303844.2967,-261251.5194,42592.7773,479.7447,1079.6147
-303784.4041,-261255.7674,42528.6367,493.8742,1032.2385
-303842.91,-261149.7655,42693.1445,512.8411,1027.6599
-303817.0123,-261083.1724,42733.8398,501.4558,1020.1473
-303734.4775,-261148.7314,42585.7461,513.5015,1033.0227
-303813.8261,-261221.5995,42592.2266,472.9431,1062.7854
-304140.31,-261298.2632,42842.0469,501.7556,1050.8236
-303917.4334,-261221.3358,42696.0977,503.7369,1091.7181
-304122.2617,-261298.7265,42823.5352,460.5333,1092.7552
-304104.5852,-261393.6516,42710.9336,526.8727,1056.6733
-303917.259,-261239.6536,42677.6055,490.9519,1028.3081
-303894.1396,-261247.6044,42646.5352,510.8265,1073.9111
-303987.2819,-261227.7702,42759.5117,446.4785,1023.1795
-303780.0422,-261139.757,42640.2852,494.3615,1030.4453
-303942.9133,-261151.6282,42791.2852,515.9441,995.8367
-304071.4251,-261212.6829,42858.7422,482.6122,1111.1387
-303889.7378,-261190.8354,42698.9023,502.6085,1045.7728
-303903.9632,-261206.4984,42697.4648,506.5045,1064.7633
-304000.5998,-261270.6428,42729.957,519.5276,1073.0258
-304005.3877,-261198.6298,42806.7578,478.5657,1050.1117
-303824.0396,-261223.6373,42600.4023,509.8858,1006.3846
-303769.9889,-261242.485,42527.5039,490.3571,1033.5479
-304068.9806,-261269.1642,42799.8164,499.2691,1067.131
-303866.6452,-261230.3795,42636.2656,502.2407,1042.0841
-303776.295,-261155.6192,42620.6758,521.2559,1035.5824
-304231.567,-261361.8795,42869.6875,503.7245,1028.9386
-304101.6382,-261309.5913,42792.0469,517.1284,1056.1237
-303627.2072,-261220.6759,42406.5312,479.3817,1049.4432
-303845.7758,-261297.2055,42548.5703,473.8534,1022.782
-303974.0821,-261243.3008,42730.7812,466.1952,1063.345
-303792.3303,-261109.5725,42682.7578,466.1337,1051.485
-303939.1816,-261237.2441,42701.9375,514.516,1048.7738
-304020.049,-261182.1271,42837.9219,479.4148,1044.601
-303990.1619,-261201.3806,42788.7812,492.6526,1014.7831
-304043.4637,-261239.7605,42803.7031,514.9421,1036.7449
-303827.1042,-261170.2722,42656.832,507.4625,1057.2006
-303949.8992,-261166.7624,42783.1367,494.6081,1032.3968
-303660.3655,-261098.4475,42561.918,505.7974,1053.4953
-303611.0466,-261105.656,42505.3906,470.3029,1072.4485
-303979.8254,-261220.2121,42759.6133,499.0901,1043.6865
-304161.6225,-261180.2163,42981.4062,488.628,1049.3646
-303998.4533,-261188.6017,42809.8516,505.0336,1016.4032
-303908.9108,-261222.2507,42686.6602,514.6314,1051.5205
-303679.9268,-261252.8955,42427.0312,492.0027,1047.2392
-304153.1187,-261300.4312,42852.6875,455.1349,1042.4995
-304015.2435,-261261.3881,42753.8555,502.667,1052.3701
-303631.1039,-261214.2953,42416.8086,466.0414,1061.4273
-304115.4935,-261227.6732,42887.8203,495.5504,1075.5701
-303775.5912,-261177.8647,42597.7266,486.7346,1003.8927
-303941.889,-261175.5023,42766.3867,472.5677,1037.2804
-303845.2858,-261163.649,42681.6367,480.3286,1069.202
-304024.5402,-261228.9269,42795.6133,501.9082,1029.3489
-303968.8951,-261297.3912,42671.5039,502.1895,1014.1995
-303714.7525,-261282.1041,42432.6484,481.429,1054.2066
-303957.9409,-261321.394,42636.5469,511.9818,1038.8839
-304439.7155,-261332.0241,43107.6914,483.1879,1053.7103
-303661.0491,-261192.428,42468.6211,548.5007,1037.672
-303988.078,-261314.6678,42673.4102,487.8098,1020.8795
-304024.0925,-261281.2136,42742.8789,503.417,1083.1748
-303942.4742,-261149.3296,42793.1445,501.3345,1018.9507
-303738.2739,-261169.5161,42568.7578,478.1575,1045.5006
-303812.6683,-261212.8089,42599.8594,491.3098,1064.1978
-303963.9572,-261154.6447,42809.3125,467.3081,1064.9482
-303792.3234,-261285.1828,42507.1406,507.5485,1067.2825
-303897.3154,-261184.624,42712.6914,454.353,1068.6671
-303948.7545,-261232.403,42716.3516,498.5393,1086.204
-304024.7142,-261246.097,42778.6172,495.0364,1008.7016
-303905.119,-261216.494,42688.625,492.25,1071.5085
-303852.5639,-261152.6107,42699.9531,462.5585,1079.0562
-304154.6795,-261360.8553,42793.8242,503.2736,1005.7674
-303744.0648,-261155.557,42588.5078,479.0699,1034.4252
-303622.6699,-261137.5527,42485.1172,464.1428,997.1915
-304060.9318,-261296.4162,42764.5156,458.9401,1044.7894
-303998.4326,-261272.46,42725.9727,491.8181,1069.5997
-303732.5381,-261211.1826,42521.3555,462.3862,1043.9808
-303990.5816,-261276.6909,42713.8906,483.4917,1046.3013
-304102.6704,-261206.936,42895.7344,471.384,1040.1262
-303889.8503,-261252.9714,42636.8789,475.5759,1025.7446
-303865.7885,-261170.9409,42694.8477,515.459,1028.1576
-303776.8794,-261241.1802,42535.6992,501.3868,999.8104
-304040.7153,-261240.477,42800.2383,507.5058,1023.6827
-303888.1206,-261199.562,42688.5586,483.0759,1016.1584
-303986.1896,-261233.3849,42752.8047,510.6141,1018.6276
-303838.9581,-261214.4737,42624.4844,482.7588,1053.2145
-304017.7104,-261221.3744,42796.3359,514.0597,988.4821
-303952.363,-261208.6716,42743.6914,496.4588,1029.037
-304055.206,-261219.8036,42835.4023,504.6607,1017.697
-304058.8787,-261301.1209,42757.7578,517.1015,1051.1025
-303916.7401,-261188.5018,42728.2383,470.4189,1067.6591
-303917.4862,-261227.5604,42689.9258,454.7422,1042.2072
-303846.2309,-261202.5942,42643.6367,488.2391,1059.3647
-303887.2141,-261259.0579,42628.1562,534.8151,1027.4886
-303984.5414,-261206.6859,42777.8555,501.9463,1075.3678
-303802.5893,-261267.2221,42535.3672,504.4203,1079.0924
-304018.8741,-261208.1866,42810.6875,499.7927,1098.615
-303631.5397,-261082.7585,42548.7812,476.7951,1034.7943
-303985.8981,-261231.9528,42753.9453,487.5881,1065.4133
-303890.6689,-261118.1846,42772.4844,511.0881,1076.1628
-304136.017,-261231.4662,42904.5508,494.9543,1046.7692
-303822.8515,-261195.4608,42627.3906,506.628,1000.0655
-304106.9718,-261239.4913,42867.4805,492.139,1014.2377
-303828.7806,-261215.2064,42613.5742,457.0681,1082.4494
-303906.6432,-261121.0456,42785.5977,477.5862,1037.8154
-303938.3581,-261178.1354,42760.2227,513.1613,1055.8854
-304095.1038,-261382.1936,42712.9102,491.5087,1076.8559
-303936.4954,-261274.7259,42661.7695,495.4656,1079.8682
-303899.4695,-261271.6531,42627.8164,503.4519,1037.8113
-303751.1105,-261203.3215,42547.7891,481.6744,1060.7804
-304022.4734,-261269.7547,42752.7188,471.1683,1012.5364
-304067.614,-261280.1921,42787.4219,473.7935,1041.7193
-304023.343,-261279.8508,42743.4922,497.7674,1037.8895
-304014.4532,-261326.1329,42688.3203,511.2204,1043.9564
-303976.2793,-261232.7793,42743.5,531.0344,1022.2833
-303920.2349,-261213.6021,42706.6328,503.3122,1073.8716
-303856.2279,-261220.392,42635.8359,502.5017,1025.5534
-303972.1993,-261194.629,42777.5703,458.2417,1064.3048
-303970.0427,-261201.5154,42768.5273,497.1455,1095.2038
-303500.2007,-261053.2554,42446.9453,491.0873,1015.8226
-303910.5816,-261257.2301,42653.3516,507.3144,1021.9377
-304046.9068,-261304.8638,42742.043,526.8653,1067.2425
-303759.0993,-261292.5017,42466.5977,494.9713,1037.3864
-304071.1982,-261158.3583,42912.8398,447.8272,1027.4479
-304079.8145,-261274.4629,42805.3516,476.1434,1040.4429
-303701.3783,-261170.6947,42530.6836,540.3901,1017.4078
-304105.7246,-261260.2129,42845.5117,506.984,1051.2836
-303913.224,-261250.9701,42662.2539,490.2581,1036.3706
-303891.0721,-261172.9354,42718.1367,494.5261,1050.4295
-303748.3188,-261200.3852,42547.9336,519.5773,1055.4069
-303939.4922,-261239.3008,42700.1914,490.4767,1053.1582
-303870.3089,-261159.0472,42711.2617,523.5112,1030.682
-304111.8695,-261257.4554,42854.4141,513.2787,1044.5972
-304018.4416,-261246.5236,42771.918,475.8306,1081.2039
-303824.4901,-261248.1581,42576.332,486.9094,1051.1109
-303794.5814,-261093.6205,42700.9609,503.0901,1061.8491
-303785.0009,-261233.5869,42551.4141,474.3467,1038.6945
-304066.3358,-261279.41,42786.9258,522.0226,973.9393
-304050.0863,-261237.7035,42812.3828,526.2842,1049.0597
-303724.3825,-261134.2341,42590.1484,502.3323,1062.2374
-303785.2663,-261203.7741,42581.4922,515.7218,999.8877
-303890.9088,-261200.8306,42690.0781,526.4225,1024.8342
-304123.5773,-261280.8077,42842.7695,502.3828,1026.9559
-303683.7917,-261098.6784,42585.1133,463.8034,1046.0486
-304018.7403,-261253.5176,42765.2227,490.9244,1058.1278
-303774.4218,-261164.371,42610.0508,503.1854,1014.8141
-303994.3226,-261269.7874,42724.5352,517.3995,1016.4145
-303963.5934,-261229.3942,42734.1992,467.2412,1015.0802
-304204.9056,-261220.8197,42984.0859,486.5784,1046.0321
-304055.011,-261361.468,42693.543,461.3893,1029.0298
-304040.7643,-261206.8698,42833.8945,480.2757,1027.5774
-304196.4952,-261269.3117,42927.1836,501.8629,1081.4414
-303892.7075,-261301.7661,42590.9414,510.6251,1050.3354
-303928.1047,-261168.2453,42759.8594,500.3926,1033.5139
-303754.8986,-261203.3752,42551.5234,516.0301,996.7469
-304076.3932,-261298.6353,42777.7578,481.4495,971.1856
-303768.7645,-261164.2137,42604.5508,479.7022,1032.696
-303891.5918,-261143.9472,42747.6445,526.0508,1052.374
-304093.4613,-261257.4847,42835.9766,477.1222,1064.1701
-304135.2769,-261283.3668,42851.9102,507.2126,1081.9832
-304029.6133,-261326.0547,42703.5586,493.5993,1031.2572
-303831.9729,-261215.8479,42616.125,462.393,1064.8028
-303748.918,-261191.9336,42556.9844,489.5562,1005.6969
-303983.3016,-261313.8875,42669.4141,478.3749,1020.7202
-303883.3786,-261266.5895,42616.7891,488.3071,1032.789
-304091.9677,-261229.3622,42862.6055,477.8153,989.1622
-303852.769,-261262.4565,42590.3125,500.6323,1053.8353
-303884.2624,-261097.3874,42786.875,509.2425,1016.4246
-303988.2268,-261207.9924,42780.2344,497.9456,1026.9047
-303736.9496,-261095.641,42641.3086,503.8654,980.711
-303875.1573,-261265.2002,42609.957,463.5865,1073.092
-304017.1384,-261410.1228,42607.0156,516.9102,1005.2218
-304106.314,-261261.3257,42844.9883,503.3304,1017.7319
-303949.9407,-261205.9134,42744.0273,511.2284,1032.598
-303834.9771,-261191.3287,42643.6484,463.4221,1047.3023
-303606.8187,-261109.8929,42496.9258,514.2238,1086.8861
-303864.5823,-261199.5081,42665.0742,515.7571,1036.119
-303970.4465,-261186.2121,42784.2344,485.6452,1043.1531
-304047.4426,-261254.9543,42792.4883,487.8011,1024.4593
-303886.6944,-261302.8546,42583.8398,482.3787,997.9498
-303956.7685,-261168.6357,42788.1328,478.1448,1036.24
-303820.6876,-261247.2501,42573.4375,513.7761,1070.9994
-303956.374,-261156.8857,42799.4883,496.2039,1068.8208
-303894.437,-261275.8745,42618.5625,493.2998,1027.0974
-304053.3521,-261177.5553,42875.7969,504.0748,1085.8434
-303762.2932,-261102.3674,42659.9258,477.4849,1035.5736
-303766.7777,-261088.1723,42678.6055,491.636,1064.1658
-303790.89,-261259.4681,42531.4219,553.0219,1040.8923
-303966.7799,-261206.1939,42760.5859,515.3556,1058.1144
-303677.1445,-261223.2499,42453.8945,479.8642,1072.7374
-303711.1582,-261216.4278,42494.7305,495.339,1055.279
-304009.0088,-261258.0595,42750.9492,471.3838,1029.5253
-304096.6762,-261246.8871,42849.7891,485.1494,1051.7521
-303913.9958,-261297.8786,42616.1172,520.6732,1073.2348
-304049.915,-261220.1415,42829.7734,520.0898,1074.4162
-303835.8136,-261283.4229,42552.3906,457.7031,1022.4335
-303871.3185,-261208.7208,42662.5977,455.34,1039.8987
-303961.2813,-261242.1837,42719.0977,491.0959,1039.0877
-303882.3564,-261218.8915,42663.4648,493.8299,1070.4449
-303868.4013,-261244.2099,42624.1914,500.133,1055.9577
-303805.9593,-261184.8851,42621.0742,483.2635,1040.8503
-303844.73,-261292.1597,42552.5703,476.5039,972.8776
-303865.1482,-261202.8631,42662.2852,499.4985,1036.0872
-303968.2579,-261286.1954,42682.0625,487.0875,1051.458
-303643.8299,-261097.2205,42546.6094,530.1287,1045.1976
-304049.2378,-261154.0972,42895.1406,445.4763,1044.2845
-303861.4198,-261211.5683,42649.8516,480.6879,1039.0279
-303886.7426,-261233.9458,42652.7969,537.4455,1040.5207
-304085.3455,-261260.3299,42825.0156,480.3024,1039.3089
-304098.2959,-261242.3311,42855.9648,517.1809,1008.6204
-303698.7706,-261278.3058,42420.4648,500.2579,1068.6765
-303919.4274,-261177.0875,42742.3398,477.1589,1039.9718
-304261.4322,-261365.6119,42895.8203,474.5825,1087.2376
-303911.4876,-261281.1556,42630.332,525.6027,1039.6955
-303741.145,-261211.5669,42529.5781,479.2854,1064.7421
-303938.9694,-261162.6647,42776.3047,494.9699,1026.831
-303847.4711,-261242.0492,42605.4219,493.5351,1027.7344
-303943.6789,-261231.4797,42712.1992,450.5923,1045.3343
-303912.2977,-261229.6297,42682.668,503.9799,1053.9269
-303753.4304,-261156.321,42597.1094,483.0975,1026.8212
-303899.7761,-261158.3698,42741.4062,498.6193,1048.674
-303809.756,-261319.6466,42490.1094,491.0257,1030.5443
-303761.9522,-261255.6046,42506.3477,503.5795,1039.9365
-304128.511,-261301.7922,42826.7188,502.2363,1042.5676
-303900.2976,-261273.2468,42627.0508,469.085,1086.1753
-303622.7031,-261200.9609,42421.7422,467.0441,1022.7781
-304106.8839,-261269.9308,42836.9531,469.6766,1061.8643
-304256.5666,-261258.6134,42997.9531,496.2134,1011.9044
-304045.0253,-261271.2831,42773.7422,503.6313,1060.0934
-303699.7392,-261306.9697,42392.7695,500.0748,1040.1354
-303988.6491,-261271.8601,42716.7891,484.3226,1026.7671
-304059.9612,-261247.7112,42812.25,497.054,1011.1467
-303995.4523,-261229.7727,42765.6797,485.2054,1035.7771
-303937.1829,-261176.804,42760.3789,533.3665,1050.0323
-303974.4265,-261239.0164,42735.4102,500.6356,971.9003
-303811.6954,-261222.1368,42589.5586,526.0656,1025.9447
-303918.544,-261305.3135,42613.2305,496.9018,1045.8588
-303647.314,-261188.2202,42459.0938,503.9539,1066.0333
-303839.2775,-261242.5782,42596.6992,496.9097,1033.4592
-304030.4054,-261247.2218,42783.1836,472.4185,1078.5803
-303836.3995,-261254.4502,42581.9492,486.4431,1046.3753
-303948.106,-261282.024,42666.082,512.4366,1088.2592
-303853.899,-261145.3092,42708.5898,489.9903,1004.7505
-303807.8099,-261181.5716,42626.2383,529.6719,1042.5546
-303798.9089,-261263.2643,42535.6445,505.0298,1106.536
-304081.4826,-261285.5256,42795.957,472.4401,1044.7733
-304053.3386,-261309.4402,42743.8984,498.4251,1059.8586
-303880.5945,-261249.6296,42630.9648,486.9164,1024.2132
-303857.0864,-261243.9731,42613.1133,518.1964,1080.8701
-303840.1512,-261220.9715,42619.1797,500.5293,1039.6313
-303884.3399,-261245.004,42639.3359,490.5573,1015.1768
-303823.4992,-261085.4602,42738.0391,467.8161,1011.9085
-304050.0416,-261197.7565,42852.2852,525.0031,1039.0209
-304038.4361,-261286.1353,42752.3008,551.7707,1040.3799
-303777.1694,-261158.5991,42618.5703,497.1695,1079.0593
-303967.4451,-261155.078,42812.3672,485.5546,1043.0228
-303869.0299,-261076.0182,42793.0117,496.7341,1037.7271
-303961.5951,-261242.2826,42719.3125,495.8271,1105.0188
-303873.1846,-261264.3838,42608.8008,496.304,1070.3787
-303850.6109,-261185.5015,42665.1094,479.8382,1057.01
-304272.7134,-261293.8345,42978.8789,525.5064,1017.4784
-303853.8908,-261234.1642,42619.7266,474.5547,1051.6129
-303923.7724,-261252.8896,42670.8828,478.8927,1020.9733
-303953.3176,-261260.5324,42692.7852,512.2584,1050.4357
-303774.7489,-261239.5341,42535.2148,486.3518,1053.6895
-303716.4701,-261289.0365,42427.4336,495.6075,1047.4155
-303851.3754,-261259.9769,42591.3984,466.6257,1060.1998
-303898.7397,-261220.0834,42678.6562,508.245,1068.2968
-303885.6923,-261160.1767,42725.5156,492.0503,1015.5374
-303871.671,-261137.7139,42733.957,490.0854,1002.7217
-303827.4548,-261270.3493,42557.1055,493.8485,1037.8177
-303800.1925,-261247.5245,42552.668,508.3207,1028.9676
-304013.329,-261188.1766,42825.1523,478.1234,1013.5105
-304002.9265,-261144.9656,42857.9609,489.1351,1045.4436
-303873.1502,-261224.2791,42648.8711,484.6549,1032.6179
-303971.8954,-261249.6727,42722.2227,439.3,1022.2431
-303969.184,-261320.7309,42648.4531,506.4452,1067.7404
-303833.0186,-261192.5264,42640.4922,484.9517,1016.5203
-304241.9169,-261334.0888,42907.8281,506.3445,1026.2216
-303964.6526,-261173.5667,42791.0859,491.0411,1015.7443
-303924.139,-261114.6976,42809.4414,507.7312,1010.7361
-303738.1305,-261106.1462,42631.9844,532.9518,1022.481
-303890.1766,-261285.0672,42605.1094,494.4079,1041.7807
-303869.8699,-261202.9285,42666.9414,473.0193,1020.0585
-303916.2715,-261144.4629,42771.8086,497.7774,1027.6929
-304151.6898,-261293.8343,42857.8555,502.5669,1077.3015
-303924.1626,-261158.4751,42765.6875,484.7447,1048.8051
-304117.2805,-261273.3703,42843.9102,485.9502,1051.7657
-304103.8691,-261256.1738,42847.6953,468.5065,1024.1243
-303737.0682,-261268.1814,42468.8867,471.2969,1034.1763
-303678.8038,-261136.6827,42542.1211,507.857,1057.3191
-304060.083,-261177.6377,42882.4453,481.2706,1036.4709
-303910.1505,-261237.338,42672.8125,494.8139,1073.7874
-303881.7865,-261214.5716,42667.2148,513.4414,996.4924
-303948.9945,-261173.5062,42775.4883,493.7742,1021.3917
-303985.4655,-261153.8053,42831.6602,498.4643,1017.5488
-303904.9682,-261244.269,42660.6992,478.5108,1052.8166
-303973.9134,-261263.6829,42710.2305,513.8108,1042.441
-303797.7138,-261127.6162,42670.0977,494.6278,1049.171
-303787.3235,-261125.5813,42661.7422,504.1504,991.7219
-303847.9272,-261264.8647,42583.0625,479.1952,1030.3615
-303786.9903,-261142.3028,42644.6875,498.0752,1033.3547
-303879.9599,-261225.9834,42653.9766,493.9423,1038.4209
-303817.7368,-261225.7407,42591.9961,480.1303,1060.4119
-303950.9369,-261243.1204,42707.8164,511.8024,1048.0744
-304016.083,-261249.8955,42766.1875,478.8984,1087.2446
-303947.1356,-261135.7645,42811.3711,512.47,1080.7929
-303639.0837,-261176.2322,42462.8516,487.5024,1042.8879
-304073.8924,-261212.701,42861.1914,481.3736,1029.8009
-303981.5347,-261288.5972,42692.9375,498.1097,1098.6573
-303916.1652,-261211.6144,42704.5508,514.5189,1031.3077
-303799.3727,-261254.4079,42544.9648,518.1127,1042.877
-304013.5984,-261195.4265,42818.1719,495.5556,1024.3871
-303875.5012,-261236.7082,42638.793,500.2724,1044.6237
-303684.7884,-261230.2533,42454.5352,499.8615,1089.3759
-303750.8046,-261145.6015,42605.2031,509.7941,1055.6438
-303996.8218,-261324.4156,42672.4062,507.1334,1082.0348
-304139.7263,-261261.3591,42878.3672,505.0426,1075.1094
-303775.6527,-261232.1527,42543.5,489.0222,1056.9025
-304178.1373,-261333.2701,42844.8672,512.1348,1038.1933
-303730.9196,-261167.111,42563.8086,486.3352,1096.3439
-304047.3071,-261178.9946,42868.3125,515.7067,997.3457
-304036.1251,-261170.0938,42866.0312,493.2916,1039.5534
-303743.1655,-261231.0757,42512.0898,489.4185,1054.7516
-303835.6519,-261170.8668,42664.7852,512.4927,1024.4377
-303992.5966,-261174.7177,42817.8789,474.0459,1052.9078
-303927.5946,-261223.1649,42704.4297,475.24,1105.5599
-303923.8649,-261170.0875,42753.7773,506.7802,1050.6031
-303704.7531,-261206.2413,42498.5117,509.5292,991.7986
-303924.8202,-261321.8085,42603.0117,514.8028,1021.4938
-303962.7527,-261211.3543,42751.3984,491.7427,1045.314
-303829.0807,-261190.3893,42638.6914,510.479,1035.4505
-303701.2999,-261217.6632,42483.6367,512.3713,1028.131
-303733.1073,-261270.9745,42462.1328,490.3937,1059.3446
-304038.1579,-261303.7907,42734.3672,502.4124,1024.9419
-304249.1904,-261284.999,42964.1914,484.1471,1056.3527
-304063.3593,-261291.5937,42771.7656,506.3273,1037.5348
-304252.9147,-261286.9265,42965.9883,505.2223,1040.5313
-303827.5095,-261244.7868,42582.7227,505.9002,986.3136
-303931.1783,-261135.1392,42796.0391,506.2516,1072.9951
-304173.3414,-261195.3492,42977.9922,489.2259,1014.8369
-303985.5318,-261235.524,42750.0078,511.7639,1011.4611
-304171.2557,-261286.8885,42884.3672,484.8766,1018.2981
-304090.6908,-261318.0541,42772.6367,500.4742,1025.5111
-304121.8824,-261239.4801,42882.4023,492.7596,1043.7467
-303797.6078,-261201.7406,42595.8672,512.052,1012.3185
-303835.6566,-261210.8832,42624.7734,481.811,1016.8052
-304104.0658,-261162.2415,42941.8242,487.3036,1047.3585
-303935.4134,-261340.8118,42594.6016,527.191,1048.2192
-303957.0682,-261167.701,42789.3672,501.8294,1058.0987
-303734.4073,-261102.1885,42632.2188,492.0502,1053.8849
-303976.8342,-261211.8069,42765.0273,482.8984,1017.8876
-303947.0707,-261230.8675,42716.2031,479.3432,1043.4313
-304132.1322,-261308.4955,42823.6367,500.6772,1025.7413
-304136.8552,-261163.1131,42973.7422,467.2626,1051.3068
-304037.6159,-261251.7214,42785.8945,511.1363,1072.2636
-303868.2337,-261329.4212,42538.8125,502.3566,1035.4452
-303831.2113,-261194.5628,42636.6484,491.535,1051.5636
-303886.0717,-261198.728,42687.3438,479.7897,1093.079
-304058.1997,-261146.0786,42912.1211,492.239,1057.9061
-303965.0213,-261260.1307,42704.8906,465.7806,1020.6873
-303800.8206,-261188.6097,42612.2109,497.2877,1063.4303
-303895.4454,-261202.9844,42692.4609,496.4817,1041.5027
-303959.9837,-261234.3587,42725.625,472.6925,1044.9937
-303713.7614,-261197.7887,42515.9727,492.8865,1067.6804
-304086.199,-261242.4959,42843.7031,471.3147,1058.148
-304089.8514,-261272.2928,42817.5586,503.4854,1049.1764
-303866.6376,-261213.6259,42653.0117,500.8829,1103.0361
-304080.3708,-261291.0036,42789.3672,483.3337,1103.2249
-303815.4495,-261271.0159,42544.4336,479.6978,1081.9992
-303776.7087,-261175.8572,42600.8516,540.1853,1028.9534
-303823.7365,-261179.7248,42644.0117,471.2036,1027.2279
-303961.2585,-261251.0007,42710.2578,518.1323,1073.6293
-304016.3762,-261166.7317,42849.6445,501.4966,1055.8942
-303930.1269,-261192.9589,42737.168,495.5335,1054.2276
-303854.3626,-261313.0384,42541.3242,498.4507,1042.1388
-304033.2483,-261311.26,42721.9883,498.2012,1044.4178
-303971.4668,-261232.166,42739.3008,484.747,1016.6804
-303799.8319,-261251.9804,42547.8516,461.1707,1024.1903
-303872.7977,-261249.7626,42623.0352,516.8848,1044.35
-303750.9945,-261204.3969,42546.5977,537.1964,1028.9331
-303872.7182,-261270.0503,42602.668,481.6532,1042.9081
-303986.9976,-261290.818,42696.1797,511.1274,1074.9442
-303982.3015,-261290.0359,42692.2656,492.3145,1038.5479
-303540.1473,-261180.5106,42359.6367,517.7539,1071.0012
-304077.6391,-261258.0297,42819.6094,493.7918,1063.9102
-303888.8981,-261103.0856,42785.8125,472.2595,984.8947
-303894.312,-261215.4799,42678.832,503.4525,1062.4045
-303992.0831,-261274.2081,42717.875,494.581,1060.2502
-303840.6794,-261217.9684,42622.7109,502.646,1032.0861
-304057.4652,-261289.0394,42768.4258,488.7979,1055.8729
-304255.5338,-261338.1666,42917.3672,527.2089,1061.7022
-303946.8476,-261208.5508,42738.2969,493.9088,1065.9108
-303793.8628,-261305.9058,42487.957,513.8164,1073.7183
-303809.8752,-261226.0861,42583.7891,487.1554,1089.3459
-303886.7356,-261253.8997,42632.8359,505.687,1027.5207
-303856.3694,-261225.1233,42631.2461,479.4625,1052.4078
-303883.8476,-261189.0,42694.8477,499.4899,1044.7442
-303839.1398,-261216.4093,42622.7305,493.4038,1041.4045
-303877.4567,-261230.4215,42647.0352,492.1074,1067.9908
-303839.0774,-261243.1751,42595.9023,485.3437,1047.9467
-303986.0541,-261324.9134,42661.1406,505.3721,1084.6053
-303953.069,-261241.1276,42711.9414,498.3687,1044.0841
-304080.1578,-261283.0484,42797.1094,462.5447,1053.2603
-304079.3857,-261243.7138,42835.6719,492.5758,1041.8026
-303894.15,-261271.6461,42622.5039,496.3302,1058.233
-304159.0087,-261224.6923,42934.3164,489.0269,1034.4443
-304072.5105,-261252.1863,42820.3242,515.5754,1008.4427
-303912.7814,-261259.508,42653.2734,506.0498,1066.3285
-303899.2967,-261290.6639,42608.6328,507.6372,1031.9064
-303741.0019,-261221.7636,42519.2383,470.6539,1024.108
-304204.1558,-261279.7144,42924.4414,482.3334,1068.8394
-303816.4044,-261212.1583,42604.2461,485.2831,1036.402
-304015.2037,-261283.2896,42731.9141,475.6015,1047.8183
-303836.0672,-261180.7625,42655.3047,518.0309,1056.0855
-304062.4572,-261314.4259,42748.0312,505.1077,1034.0472
-303892.8207,-261237.2972,42655.5234,488.4905,998.4705
-304003.6671,-261286.3233,42717.3438,492.5467,1021.127
-304012.3898,-261271.1007,42741.2891,497.6164,1065.243
-304029.5222,-261255.1003,42774.4219,516.3834,1031.1642
-304061.5243,-261253.4501,42808.0742,497.9037,1037.8385
-303836.2424,-261178.6447,42657.5977,487.8762,1030.432
-303875.5023,-261133.0375,42742.4648,481.6884,1060.9977
-303978.7238,-261289.3644,42689.3594,486.153,1034.3053
-303980.7612,-261183.5268,42797.2344,513.5586,1018.0818
-304163.0694,-261258.4131,42904.6562,503.2248,1069.9425
-303861.0611,-261255.8619,42605.1992,500.2234,1085.9355
-303761.2576,-261230.3592,42530.8984,484.3176,1075.6297
-303773.7638,-261204.1271,42569.6367,495.9704,1044.386
-303977.1025,-261245.8446,42731.2578,499.4568,1012.941
-303775.7453,-261129.464,42646.2812,487.2978,1051.3662
-303774.2246,-261203.9902,42570.2344,498.6304,1050.0785
-303704.3867,-261216.6836,42487.7031,529.6093,1105.0097
-303956.0824,-261297.9105,42658.1719,486.9852,979.589
-304018.834,-261287.7871,42731.0469,488.0761,1075.1003
-303741.3858,-261227.8429,42513.543,506.0063,1047.5041
-303951.4576,-261160.2076,42791.25,536.4882,1062.2938
-303816.7382,-261270.621,42546.1172,534.4552,1054.584
-303879.8721,-261196.4229,42683.4492,526.081,1049.8262
-303998.6774,-261306.0251,42692.6523,513.5006,1022.0621
-303946.2894,-261311.0394,42635.25,468.6252,1077.7552
-303715.622,-261229.786,42485.8359,488.247,1059.7943
-304153.9652,-261204.5238,42949.4414,469.3206,1020.7969
-304052.0986,-261202.3096,42849.7891,492.1394,1060.7117
-303815.8911,-261300.3637,42515.5273,502.4976,1048.3152
-303675.8207,-261191.5004,42484.3203,498.7908,1057.8322
-303824.2805,-261212.3742,42611.9062,498.519,1061.4573
-303657.9842,-261129.7655,42528.2188,509.3904,1039.9867
-303721.7749,-261214.353,42507.4219,492.2244,1019.1964
-303790.9151,-261259.8761,42531.0391,488.1539,1024.5043
-304129.0448,-261205.8573,42923.1875,492.3253,1018.6052
-304098.4937,-261224.9,42873.5938,489.5319,1043.203
-303934.5147,-261214.1749,42720.3398,472.9428,1052.4032
-303958.1639,-261186.6835,42771.4805,472.1141,1030.6378
-304117.1381,-261277.6498,42839.4883,491.2578,1044.7729
-304302.3844,-261266.025,43036.3594,494.5129,995.2062
-303977.2835,-261246.0296,42731.2539,487.4946,1031.7471
-304049.9327,-261306.7139,42743.2188,531.3923,1060.9996
-303657.7251,-261213.0103,42444.7148,458.7929,1016.6015
-304168.5654,-261258.6787,42909.8867,493.4572,1037.2528
-303884.663,-261224.8036,42659.8594,434.3576,1018.8531
-303853.5959,-261238.1037,42615.4922,476.1945,1050.6906
-303952.6455,-261275.9658,42676.6797,454.7917,1064.0623
-304064.4205,-261168.3345,42896.0859,478.9585,1078.9767
-303912.4637,-261174.0965,42738.3672,501.7879,1059.3857
-304002.2135,-261209.2603,42792.9531,474.5537,1054.7202
-303903.3351,-261192.0421,42711.293,478.2508,1055.9745
-303716.3155,-261178.3272,42537.9883,461.0058,1075.0309
-303640.0942,-261185.1879,42454.9062,533.6072,1055.0099
-304007.1573,-261205.8292,42801.3281,475.9274,1022.7207
-304039.8928,-261242.2522,42797.6406,476.5581,1066.9783
-304023.5173,-261156.8064,42866.7109,487.7776,1034.1963
-303831.169,-261155.5831,42675.5859,484.1688,1042.7235
-303887.2523,-261197.8383,42689.4141,518.9242,1044.7471
-303987.7277,-261197.7707,42789.957,492.6549,1022.4087
-303690.418,-261150.1406,42540.2773,506.9935,1033.5667
-303904.081,-261302.8584,42601.2227,501.9151,1095.6978
-303780.6674,-261169.726,42610.9414,507.9358,1075.5093
-304050.9076,-261232.0053,42818.9023,490.4842,1046.6492
-304024.425,-261270.6281,42753.7969,485.5878,1060.0449
-303797.2515,-261281.9312,42515.3203,477.905,1057.9354
-303900.6202,-261198.8273,42701.793,492.0976,1034.3297
-303983.1708,-261242.4677,42740.7031,495.5152,1037.3896
-303958.562,-261150.2963,42808.2656,459.4229,1089.9603
-303698.7063,-261284.5813,42414.125,487.1024,1043.219
-303774.3125,-261330.6875,42443.625,526.3334,1085.0268
-303733.4647,-261094.9803,42638.4844,497.8596,1050.8422
-303971.3327,-261244.4811,42726.8516,526.4661,1044.3553
-303951.3178,-261116.5482,42834.7695,500.8247,1046.9422
-304123.035,-261300.1874,42822.8477,512.0371,1031.8889
-303901.4725,-261230.285,42671.1875,499.7567,1078.5489
-303926.3332,-261296.8879,42629.4453,484.8287,1044.7395
-303960.5487,-261281.8534,42678.6953,490.6204,1011.3882
-304058.2993,-261133.5415,42924.7578,498.6036,1069.9353
-303947.6912,-261303.2029,42644.4883,480.8182,1044.6036
-303836.1849,-261278.3919,42557.793,503.3238,1033.438
-303737.2119,-261212.2939,42524.918,510.539,1033.4373
-303707.3807,-261280.7518,42426.6289,485.9078,1052.0072
-304072.6074,-261259.2559,42813.3516,526.1281,1059.7937
-303778.6602,-261263.6758,42514.9844,497.5826,1036.4313
-303890.1549,-261245.8853,42644.2695,504.1808,1093.5564
-303908.5627,-261236.9182,42671.6445,506.846,1053.0548
-303743.9548,-261268.3845,42475.5703,533.816,1069.6116
-303905.1624,-261286.7835,42618.3789,498.3791,1049.9795
-303921.9953,-261187.3508,42734.6445,520.5878,1046.4896
-304051.8981,-261185.1676,42866.7305,497.0461,1012.762
-303775.8336,-261188.0875,42587.7461,504.7465,1026.0591
-304071.0496,-261246.5105,42824.5391,512.5966,1037.2875
-304081.6701,-261187.299,42894.3711,497.577,1040.6864
-303978.5157,-261304.5782,42673.9375,481.7266,1051.9965
-304084.7724,-261264.3623,42820.4102,462.9681,1050.688
-304049.2038,-261271.5905,42777.6133,497.7007,1037.9476
-303921.0451,-261255.7404,42665.3047,507.277,1031.4831
-303787.7156,-261201.8641,42585.8516,497.6707,1046.066
-303974.0219,-261171.0297,42802.9922,460.895,1063.1462
-303834.6474,-261193.1278,42641.5195,510.5562,999.2217
-303791.8102,-261190.5719,42601.2383,446.6663,1047.1698
-304091.3129,-261123.3794,42967.9336,476.1502,1065.0167
-303765.4167,-261282.2214,42483.1953,522.4227,1016.7949
-303890.7565,-261194.1237,42696.6328,507.55,1074.424
-303955.9515,-261181.2562,42774.6953,495.5251,1046.4719
-303769.6519,-261154.3199,42615.332,514.5059,1061.4805
-303647.5547,-261202.5898,42444.9648,519.7571,1064.9573
-303691.6683,-261212.4417,42479.2266,487.5025,1026.0996
-303857.4019,-261198.4254,42658.9766,469.4896,1044.8241
-303976.3446,-261234.4227,42741.9219,519.422,1035.8695
-303976.4469,-261195.4313,42781.0156,522.6961,1040.2166
-303908.8615,-261321.7638,42587.0977,506.1688,1039.4491
-304114.6867,-261246.343,42868.3438,484.0571,1049.4959
-303939.609,-261240.4098,42699.1992,494.762,1066.083
-303649.8826,-261230.1443,42419.7383,488.7809,1026.4935
-303857.8934,-261256.1981,42601.6953,458.5955,1027.0174
-304092.0187,-261344.7882,42747.2305,468.244,1051.6549
-303889.0413,-261252.8733,42636.168,502.4012,1052.0906
-303892.1018,-261236.6487,42655.4531,489.3535,1063.5057
-303806.3363,-261211.4027,42594.9336,518.1438,1024.9796
-303873.2016,-261264.6899,42608.5117,456.1364,1071.3577
-303799.16,-261273.0624,42526.0977,504.9143,1060.4073
-303834.2504,-261275.8598,42558.3906,468.9041,1064.4732
-304030.1846,-261213.5948,42816.5898,489.8483,1061.6368
-303828.1697,-261163.8143,42664.3555,477.2319,1011.2754
-303974.6331,-261209.5667,42765.0664,494.289,1065.7481
-303875.4892,-261224.4423,42651.0469,488.4648,1017.4649
-303763.6731,-261141.138,42622.5352,463.7527,1080.8893
-304085.7233,-261271.6725,42814.0508,505.6372,1051.5954
-304013.4604,-261235.9565,42777.5039,501.9673,1072.4189
-303993.7102,-261265.3391,42728.3711,528.0855,1079.8918
-304068.2486,-261339.8931,42728.3555,505.3689,1065.4103
-303822.5305,-261233.9602,42588.5703,504.1833,1042.425
-303760.5679,-261197.189,42563.3789,489.8631,1022.5673
-303590.0689,-261154.9009,42435.168,520.6326,1047.4291
-303693.9215,-261174.9059,42519.0156,487.4231,1054.0976
-304068.036,-261224.1024,42843.9336,514.2406,1032.1119
-303851.1705,-261315.7095,42535.4609,501.6321,1031.7148
-304096.5054,-261214.857,42881.6484,499.1214,1038.0108
-304127.9901,-261272.1698,42855.8203,507.25,1060.593
-303851.4479,-261036.6393,42814.8086,478.1333,1067.3709
-303984.8065,-261277.8221,42706.9844,494.3923,1059.7347
-304118.9773,-261303.6882,42815.2891,519.1192,1058.3005
-303911.1331,-261245.7542,42665.3789,492.3926,1067.5757
-303782.2331,-261175.1237,42607.1094,535.4804,1080.6532
-303953.0994,-261256.9704,42696.1289,494.8302,1022.5552
-304015.4921,-261290.0234,42725.4688,510.1433,1021.7969
-303816.7516,-261272.0719,42544.6797,521.5568,1043.5612
-303976.1351,-261226.2328,42749.9023,526.5087,1043.9747
-303988.1477,-261246.9914,42741.1562,484.514,1049.6361
-304076.514,-261181.7991,42894.7148,513.1931,1077.9198
-303918.2093,-261329.0569,42589.1523,505.0011,1065.4801
-303949.7188,-261212.3048,42737.4141,514.8299,1047.4142
-303812.8476,-261198.4687,42614.3789,498.12,1007.9591
-304202.9882,-261381.4257,42821.5625,498.3978,1033.438
-303885.3102,-261190.572,42694.7383,511.0184,1001.6877
-303850.4246,-261092.5965,42757.8281,473.8714,1004.5192
-304039.1071,-261168.7712,42870.3359,469.623,1066.0724
-303839.8,-261281.4093,42558.3906,525.8038,1018.6642
-303875.9065,-261249.137,42626.7695,482.5342,1023.7741
-304002.1557,-261286.9331,42715.2227,464.7619,988.2069
-304119.3718,-261317.6726,42801.6992,452.8878,1018.7836
-304132.1717,-261296.3279,42835.8438,474.5543,1053.849
-303746.1957,-261202.9535,42543.2422,513.9281,1075.8252
-303924.8595,-261139.3673,42785.4922,491.0169,1088.0081
-304082.6908,-261267.1869,42815.5039,476.1669,1046.7281
-303939.1452,-261297.3366,42641.8086,487.6003,1042.7676
-303882.8295,-261235.6889,42647.1406,494.0878,1049.7174
-303837.7545,-261241.9381,42595.8164,485.5945,1094.2145
-303832.4392,-261253.5252,42578.9141,502.2308,1036.9077
-303930.5736,-261211.2728,42719.3008,509.0606,1036.794
-304053.6095,-261293.5314,42760.0781,483.4522,1039.0744
-303737.0072,-261182.6869,42554.3203,485.3249,1057.741
-304050.2971,-261288.8518,42761.4453,518.5768,1035.3665
-303989.3389,-261267.5928,42721.7461,507.2594,1064.0542
-304052.7491,-261248.3038,42804.4453,495.8467,1091.571
-303848.6524,-261189.1016,42659.5508,496.9435,1012.4916
-303755.5041,-261151.0939,42604.4102,510.6644,1025.8207
-304297.5624,-261314.5664,42982.9961,485.5053,1016.1148
-304022.088,-261242.1075,42779.9805,493.4124,1102.6172
-303971.211,-261293.0625,42678.1484,509.8231,1113.1786
-304031.8796,-261232.5749,42799.3047,477.3987,1061.3294
-304082.9016,-261303.0266,42779.875,471.5601,1048.732
-303738.5826,-261320.2271,42418.3555,512.6363,1058.1686
-303650.6073,-261154.4549,42496.1523,516.2347,1035.5694
-303880.7456,-261138.4058,42742.3398,503.6897,1045.8702
-303986.1151,-261169.0565,42817.0586,475.6122,1021.2115
-303924.2542,-261332.8596,42591.3945,486.8876,1010.6546
-303790.8061,-261245.9194,42544.8867,471.7278,1043.1671
-303927.984,-261292.2692,42635.7148,500.5131,1018.6616
-304002.7561,-261142.3343,42860.4219,509.1467,1037.2524
-304131.7006,-261255.7162,42875.9844,482.6928,1033.2176
-303975.8373,-261208.0444,42767.793,492.3649,1060.7652
-303862.3569,-261377.7398,42484.6172,510.5451,1058.788
-304038.2467,-261219.0397,42819.207,480.1126,1058.1205
-304002.6749,-261103.6515,42899.0234,513.3373,1013.89
-303808.7054,-261317.0765,42491.6289,487.2563,1029.4907
-303922.7143,-261181.8666,42740.8477,482.1378,1049.8826
-303976.5737,-261229.2533,42747.3203,492.344,1052.1389
-303851.3266,-261233.2641,42618.0625,483.2108,1016.2967
-304027.386,-261240.1165,42787.2695,528.3945,1075.4484
-304000.7494,-261232.9252,42767.8242,501.7567,1056.4038
-303999.6581,-261102.8222,42896.8359,463.0829,1010.7271
-303738.9669,-261173.8185,42565.1484,500.3893,1047.8178
-303665.8821,-261165.3821,42500.5,515.1744,1064.6916
-303963.9925,-261197.4613,42766.5312,535.0261,1029.9621
-303890.6921,-261247.403,42643.2891,515.3779,1003.8474
-303750.2174,-261170.4674,42579.75,553.8214,1026.1612
-303962.2708,-261282.7395,42679.5312,528.5856,1058.9835
-303872.5141,-261281.4477,42591.0664,488.13,1036.0543
-303896.3718,-261136.5632,42759.8086,513.4525,1008.6374
-304014.5836,-261229.7711,42784.8125,494.4855,1070.3636
-303850.6959,-261197.1647,42653.5312,470.6422,1036.2186
-304226.9564,-261294.3118,42932.6445,492.8797,1026.8207
-303916.6359,-261178.9953,42737.6406,506.5239,1015.953
-304082.2057,-261277.4674,42804.7383,543.5633,1104.2798
-303755.4117,-261162.6343,42592.7773,478.7537,1083.4815
-303886.2812,-261187.625,42698.6562,488.0375,1018.4927
-303724.3695,-261166.8539,42557.5156,486.3932,1062.1184
-303799.1878,-261193.5042,42605.6836,507.3855,1029.1487
-303971.4811,-261214.8405,42756.6406,488.4096,1067.6075
-303895.8212,-261271.6766,42624.1445,494.185,1027.355
-303811.2278,-261188.9465,42622.2812,543.1347,1008.8392
-303986.4843,-261260.8397,42725.6445,483.7089,1026.7103
-303942.8631,-261227.3944,42715.4688,484.9397,1035.5131
-303903.8435,-261238.6833,42665.1602,517.2425,1069.0385
-304120.5044,-261189.559,42930.9453,503.3435,1076.9763
-304096.0415,-261211.0571,42884.9844,493.3046,1091.519
-304016.7959,-261270.0342,42746.7617,499.5414,1047.2363
-303981.1338,-261256.0127,42725.1211,551.8266,1044.7686
-303939.2777,-261292.0707,42647.207,487.2218,1072.1001
-303753.2455,-261137.058,42616.1875,463.7472,1059.9397
-304106.3781,-261256.5265,42849.8516,503.7964,1070.5431
-303920.3637,-261285.7074,42634.6562,500.3523,1032.2964
-303917.8352,-261312.3704,42605.4648,502.9539,1029.5186
-303776.4905,-261110.721,42665.7695,479.6756,1049.1594
-304137.4514,-261165.4514,42972.0,459.0596,1008.7018
-303837.3155,-261288.4717,42548.8438,487.0045,1044.9908
-303750.6758,-261146.0313,42604.6445,482.7575,1004.7364
-304021.9468,-261221.853,42800.0938,512.1468,1040.6586
-303965.7558,-261209.2324,42756.5234,527.8196,1029.794
-303956.6462,-261235.5798,42721.0664,508.6195,1092.4837
-303782.2596,-261320.5682,42461.6914,479.7072,1071.6478
-304157.7295,-261296.7529,42860.9766,533.4888,1049.6292
-303845.6829,-261265.2845,42580.3984,503.1273,1062.2058
-303908.6088,-261291.0385,42617.5703,487.0762,1106.9768
-303958.2707,-261235.0949,42723.1758,475.4746,1033.3428
-303877.5563,-261176.5758,42700.9805,477.7789,1018.4921
-304143.9891,-261240.4696,42903.5195,522.7151,1076.1921
-303814.0576,-261184.9911,42629.0664,477.8017,1069.6323
-303945.0179,-261135.3304,42809.6875,483.2961,1004.1047
-303802.2423,-261195.9063,42606.3359,497.6675,1067.9618
-303808.7512,-261183.1965,42625.5547,499.2397,1006.1767
-303844.9101,-261240.4726,42604.4375,500.1315,1064.8129
-304082.3929,-261283.1664,42799.2266,475.4639,1038.9888
-303719.8721,-261072.3994,42647.4727,509.8653,1048.3573
-303680.9715,-261200.6668,42480.3047,514.6184,1011.7247
-303912.9925,-261254.9183,42658.0742,476.9605,1014.7014
-303906.6791,-261227.7182,42678.9609,505.9023,1011.3716
-303997.841,-261288.5207,42709.3203,497.1209,1101.7103
-303879.2383,-261262.293,42616.9453,526.2553,1081.4949
-303976.1736,-261252.7869,42723.3867,508.5326,1110.0938
-304044.8932,-261268.3229,42776.5703,515.618,1039.7284
-304151.6858,-261236.7561,42914.9297,456.9539,1036.1448
-303984.3291,-261210.6104,42773.7188,500.9157,1032.2916
-303749.8598,-261312.0005,42437.8594,487.9171,1039.6063
-303763.6894,-261135.2637,42628.4258,482.7748,1031.1045
-303965.6887,-261261.177,42704.5117,493.0656,1082.5465
-303914.5336,-261190.7132,42723.8203,496.1559,1026.4619
-303693.1982,-261122.7373,42570.4609,511.7775,1044.9955
-304073.1598,-261204.6363,42868.5234,492.2531,1064.2582
-303913.2056,-261291.5181,42621.6875,502.9691,1046.0896
-304085.156,-261212.8982,42872.2578,470.4339,1050.5434
-303979.6065,-261193.337,42786.2695,474.6926,1052.1132
-303791.1646,-261269.9537,42521.2109,516.5382,1041.6661
-303798.3568,-261189.4623,42608.8945,473.3039,1074.0557
-303706.3173,-261196.4345,42509.8828,487.2322,1044.2281
-303972.7528,-261319.8271,42652.9258,514.7602,1078.8758
-303872.6825,-261123.5535,42749.1289,475.1268,1088.7224
-304074.3277,-261099.3824,42974.9453,493.1847,1041.1501
-303979.7283,-261290.5525,42689.1758,527.5234,1086.9041
-303907.2322,-261230.033,42677.1992,480.4404,1075.4522
-303773.8433,-261134.4488,42639.3945,502.8854,1048.0655
-303936.7831,-261178.5643,42758.2188,485.9178,1040.2952
-303822.7798,-261169.1899,42653.5898,514.17,1029.9025
-303570.741,-261136.1511,42434.5898,510.7197,1018.7039
-303937.5008,-261223.3993,42714.1016,509.6735,1059.4098
-303806.109,-261231.0894,42575.0195,488.4267,1100.5598
-303901.4797,-261249.0618,42652.418,476.6241,1039.9101
-303974.9554,-261159.1038,42815.8516,509.3277,1060.1902
-303682.886,-261151.1672,42531.7188,471.9571,1056.1705
-303944.5657,-261257.7025,42686.8633,506.8288,1089.2104
-303884.1786,-261296.4755,42587.7031,510.7607,1027.6907
-303970.1275,-261174.0416,42796.0859,476.321,1051.8353
-304064.6012,-261196.8512,42867.75,480.5219,1052.2992
-303934.149,-261240.3795,42693.7695,515.9674,1062.6837
-303741.6149,-261150.486,42591.1289,502.0498,1092.8571
-303922.1898,-261258.8577,42663.332,495.2505,1042.5326
-303960.8739,-261226.3505,42734.5234,500.1618,1045.0337
-303921.3901,-261181.1792,42740.2109,458.6651,1042.3636
-303990.5834,-261203.56,42787.0234,508.4888,1075.293
-303998.4221,-261281.8323,42716.5898,495.1163,1019.8925
-303697.1798,-261198.9102,42498.2695,492.4662,1061.5717
-304010.2851,-261189.9101,42820.375,530.9249,1073.4389
-303824.1681,-261232.9142,42591.2539,486.2276,1015.7639
-303876.4641,-261221.175,42655.2891,504.3602,1040.3675
-303747.6679,-261247.0742,42500.5938,510.9552,1016.5038
-303877.6492,-261253.075,42624.5742,501.5223,1030.8079
-303980.4481,-261271.2684,42709.1797,494.0746,1062.2912
-304023.3246,-261290.0668,42733.2578,510.0181,1072.4149
-303753.7983,-261251.7866,42502.0117,510.9669,1036.6262
-303876.7613,-261219.7379,42657.0234,512.102,1013.2353
-303913.1488,-261225.4457,42687.7031,482.6995,1051.4733
-303795.8166,-261178.6486,42617.168,490.1792,1064.0338
-303909.9769,-261164.5667,42745.4102,505.5859,1069.8612
-303752.2713,-261178.9159,42573.3555,482.6203,1039.2378
-303815.797,-261208.7306,42607.0664,507.8948,1018.2581
-303986.7656,-261115.9414,42870.8242,490.1481,1005.4725
-303873.7561,-261115.5843,42758.1719,488.2051,1024.3636
-303944.3352,-261166.8039,42777.5312,487.0229,1018.6578
-303856.0029,-261316.9717,42539.0312,509.2674,1087.2138
-303833.0557,-261128.6182,42704.4375,518.6294,1068.9252
-303737.6969,-261183.6188,42554.0781,523.8983,1045.5399
-303817.056,-261166.1966,42650.8594,497.0857,1068.1934
-303897.4972,-261169.0597,42728.4375,493.024,1057.5879
-304131.8804,-261223.439,42908.4414,515.0814,1022.7731
-303819.9435,-261174.1818,42645.7617,497.6862,1047.2158
-304120.5672,-261259.9383,42860.6289,527.6386,1066.1403
-303902.4926,-261202.1215,42700.3711,480.2058,1041.8654
-303982.776,-261277.6276,42705.1484,481.13,1025.0147
-304109.7709,-261321.931,42787.8398,473.0478,1038.1399
-303768.0109,-261224.9914,42543.0195,506.1164,1028.7681
-303901.1738,-261242.9784,42658.1953,490.671,1025.8759
-303931.2189,-261271.5783,42659.6406,501.4007,1037.591
-303694.7565,-261196.8424,42497.9141,487.5372,1059.8911
-303940.1256,-261184.2623,42755.8633,495.244,1059.613
-303838.7703,-261180.3054,42658.4648,504.0676,1044.4082
-303992.9616,-261266.1061,42726.8555,483.3166,1078.6102
-303892.7806,-261151.0931,42741.6875,479.5505,994.6784
-303862.9027,-261212.6059,42650.2969,499.0029,1052.4373
-303845.8957,-261217.8683,42628.0273,512.6354,1018.4837
-303859.5236,-261157.7306,42701.793,462.2717,1052.2166
-303972.07,-261192.7184,42779.3516,515.1907,1080.8003
-303849.6696,-261371.2829,42478.3867,525.1456,1061.7954
-303718.9016,-261173.6009,42545.3008,506.3467,1010.6429
-303874.5016,-261112.6149,42761.8867,494.3633,1020.2099
-303976.6051,-261282.609,42693.9961,511.7524,1048.5965
-303667.7301,-261196.0231,42471.707,515.5523,1046.0356
-304036.0059,-261237.92,42798.0859,499.0754,1029.4452
-303930.2106,-261243.109,42687.1016,493.1101,1062.1857
-304057.3477,-261275.7891,42781.5586,490.4934,1033.6495
-303881.545,-261263.959,42617.5859,490.7788,1061.407
-304121.9563,-261323.5384,42798.418,529.8758,1061.2886
-303913.1746,-261237.905,42675.2695,491.0978,1046.8246
-304001.2687,-261254.0773,42747.1914,480.5633,1027.8382
-303875.8052,-261256.4107,42619.3945,502.4462,1042.13
-303818.2336,-261152.5539,42665.6797,489.0006,1046.4808
-303937.6625,-261239.6078,42698.0547,480.3275,1032.408
-304090.7485,-261260.4399,42830.3086,535.7825,1034.8542
-303815.543,-261130.3438,42685.1992,482.0168,1032.9621
-304001.6788,-261216.4756,42785.2031,526.6296,1033.076
-303907.0566,-261169.623,42737.4336,483.3416,1061.262
-303981.8791,-261230.4064,42751.4727,473.8255,1035.2035
-303671.1416,-261274.8213,42396.3203,472.978,1066.1775
-304281.9997,-261340.5349,42941.4648,498.6895,1023.6191
-303981.0786,-261233.3247,42747.7539,492.6186,1064.5627
-303920.2853,-261297.6915,42622.5938,516.5886,1074.1155
-303914.4188,-261223.6453,42690.7734,488.2711,1027.4221
-303908.0272,-261237.8944,42670.1328,513.1379,1073.3061
-304015.3484,-261294.8015,42720.5469,496.1603,1066.228
-303929.8865,-261268.242,42661.6445,514.7494,1084.0601
-303861.2604,-261216.1588,42645.1016,513.8389,999.3219
-303869.1013,-261186.8278,42682.2734,483.7492,1062.5524
-304112.472,-261219.1947,42893.2773,520.3254,1018.5588
-303796.9918,-261252.1285,42544.8633,471.3599,1007.5831
-303955.9761,-261221.0269,42734.9492,469.8662,1014.7007
-303714.3203,-261162.4336,42551.8867,469.5126,1040.9796
-304043.4042,-261287.1464,42756.2578,544.6677,1025.3856
-303918.0091,-261134.9153,42783.0938,504.7681,1049.6614
-304008.8563,-261178.3251,42830.5312,522.3953,1085.9231
-303836.8087,-261222.5391,42614.2695,513.4983,1072.8747
-303853.8271,-261214.749,42639.0781,477.4862,1046.3708
-303816.7914,-261235.4555,42581.3359,486.3238,1049.7446
-303831.113,-261239.7029,42591.4102,526.3025,1017.9887
-303875.1014,-261342.7108,42532.3906,511.3446,1058.8553
-303864.9551,-261152.7129,42712.2422,473.6671,1050.6638
-303844.0064,-261222.6509,42621.3555,506.6179,1066.5187
-303849.8119,-261094.9447,42754.8672,485.5922,1054.8142
-304274.6278,-261268.9364,43005.6914,471.6963,1004.5623
-303860.9982,-261237.1349,42623.8633,536.305,1034.1059
-304028.2079,-261334.704,42693.5039,483.9186,1003.6146
-303847.3338,-261221.1541,42626.1797,483.2765,1064.9093
-304088.9687,-261356.5664,42732.4023,484.2342,1092.2704
-303924.8111,-261212.2213,42712.5898,490.1444,1051.0781
-303860.7505,-261204.9184,42655.832,468.1743,1024.8065
-303714.9847,-261143.012,42571.9727,483.683,999.5633
-304024.1251,-261189.6915,42834.4336,495.985,1017.4103
-304094.4698,-261237.2393,42857.2305,508.0277,1071.265
-304131.919,-261197.7432,42934.1758,486.0183,1045.703
-303837.5487,-261190.0291,42647.5195,502.3962,1051.4171
-303850.9789,-261106.0493,42744.9297,532.4663,1013.8368
-303951.5002,-261241.6603,42709.8398,528.4941,1000.3372
-303927.9074,-261245.9465,42681.9609,493.8374,1061.5772
-304091.0797,-261134.4625,42956.6172,520.5831,1041.1949
-304113.4076,-261279.2553,42834.1523,482.3004,1061.8422
-303938.2213,-261346.901,42591.3203,502.3621,1045.0656
-303905.8432,-261260.519,42645.3242,498.7786,1053.3846
-303722.8752,-261134.0119,42588.8633,514.1326,1085.0323
-304194.6905,-261306.9444,42887.7461,504.0398,1076.7755
-303898.6116,-261143.9632,42754.6484,485.7328,1012.6209
-303942.4843,-261203.2304,42739.2539,519.6882,1064.6423
-303982.0694,-261204.9873,42777.082,481.3617,1057.9002
-303823.9056,-261205.6127,42618.293,467.4809,1063.9599
-303781.6945,-261110.4016,42671.293,496.8583,1041.2446
-303953.1444,-261172.2226,42780.9219,525.2994,1015.2508
-303941.4016,-261193.222,42748.1797,521.1312,1080.2613
-303919.2561,-261312.2757,42606.9805,474.6369,1027.7164
-303697.6001,-261168.0142,42529.5859,506.5848,1073.8102
-303974.9688,-261315.2031,42659.7656,510.8848,1048.8873
-303890.2498,-261275.4959,42614.7539,529.1174,1090.3734
-303827.2097,-261102.9206,42724.2891,492.664,1035.9149
-303833.1188,-261132.486,42700.6328,500.0338,1063.1281
-303818.4056,-261225.5189,42592.8867,474.8196,1063.0558
-303950.5549,-261179.8323,42770.7227,483.3295,997.9903
-303937.1449,-261202.3989,42734.7461,483.2901,1079.8153
-304036.4681,-261168.7689,42867.6992,496.7057,1035.706
-304068.1952,-261177.2733,42890.9219,486.8763,1035.3523
-303973.6721,-261181.4572,42792.2148,510.8898,1054.4789
-303852.0366,-261156.642,42695.3945,509.1747,990.4999
-303669.8454,-261074.2868,42595.5586,469.9704,1038.7371
-304130.2804,-261231.7257,42898.5547,479.7586,1051.918
-303813.1394,-261181.237,42631.9023,501.4005,1048.2596
-303811.1852,-261145.0602,42666.125,497.8928,1073.2264
-303966.9155,-261191.3335,42775.582,492.0083,1022.8582
-303985.8409,-261280.3682,42705.4727,497.5256,1034.3096
-303832.9616,-261229.5905,42603.3711,505.2063,1086.9805
-303836.5203,-261180.0515,42656.4688,456.4867,1067.2444
-304222.3622,-261223.0145,42999.3477,515.4198,1079.7359
-303958.0132,-261309.2085,42648.8047,524.9618,1037.5184
-304099.6532,-261237.8681,42861.7852,516.5504,1061.4875
-304097.8712,-261272.3477,42825.5234,499.0805,1051.2772
-303952.4357,-261185.8654,42766.5703,476.0669,1054.1369
-303970.4824,-261260.4277,42710.0547,486.4363,1055.9056
-303923.9276,-261240.2441,42683.6836,491.1903,1020.2352
-304048.0668,-261302.0902,42745.9766,469.2333,1059.2808
-303800.4571,-261235.8165,42564.6406,527.3981,1041.6927
-303828.3424,-261117.3776,42710.9648,499.871,1003.001
-304098.1265,-261312.4273,42785.6992,522.1272,1061.2149
-303705.5235,-261166.2696,42539.2539,501.1473,1063.9674
-303916.9138,-261172.0427,42744.8711,517.3337,1072.596
-303716.3767,-261145.1267,42571.25,487.7221,1038.3469
-304037.0064,-261311.7017,42725.3047,529.9614,1055.9186
-303878.2405,-261290.8187,42587.4219,518.7325,1062.1574
-303907.4401,-261217.8541,42689.5859,498.5498,1075.0865
-304147.9883,-261254.9648,42893.0234,511.4762,1025.8161
-303893.3252,-261146.6299,42746.6953,469.1577,1064.2675
-303881.4144,-261275.4457,42605.9688,512.0862,1039.9967
-304113.5141,-261252.9321,42860.582,485.4748,1066.9527
-303797.0145,-261075.6395,42721.375,509.1409,1078.624
-303794.7684,-261239.3621,42555.4062,496.0386,1057.4106
-303778.2758,-261142.6742,42635.6016,528.1741,1034.4056
-304101.4788,-261291.9866,42809.4922,486.1848,1050.5667
-303981.8497,-261209.8731,42771.9766,509.0592,1035.988
-303891.8578,-261168.4906,42723.3672,503.0735,1067.8805
-303840.5321,-261186.7704,42653.7617,518.4743,1062.6019
-303842.2046,-261323.4351,42518.7695,490.5436,1023.442
-303917.898,-261259.941,42657.957,506.8764,1059.5356
-303958.3584,-261242.9717,42715.3867,518.0797,1022.3098
-304006.6834,-261255.0272,42751.6562,493.6095,1016.2208
-303972.8836,-261248.2781,42724.6055,537.7049,1097.1563
-304114.7883,-261276.5266,42838.2617,481.6533,1065.5346
-303883.0987,-261139.3604,42743.7383,475.9984,1068.8178
-304065.6073,-261205.4315,42860.1758,491.1373,1030.4037
-303836.5944,-261226.6061,42609.9883,502.4897,1059.4834
-304241.2621,-261273.1957,42968.0664,522.2462,1048.0457
-303950.2793,-261282.2011,42668.0781,504.197,1040.1469
-303830.5081,-261107.5159,42722.9922,474.7298,1066.7883
-304076.722,-261215.0384,42861.6836,503.7282,1007.9201
-303874.819,-261232.7565,42642.0625,491.7939,1037.858
-303847.5828,-261122.9148,42724.668,511.8216,1020.8441
-303952.3634,-261344.7931,42607.5703,501.1418,1055.7501
-303996.6354,-261273.905,42722.7305,507.8631,1058.8002
-303925.6637,-261122.195,42803.4688,506.7274,1039.7496
-303899.8628,-261203.6831,42696.1797,452.6809,1032.5089
-303975.1796,-261234.8906,42740.2891,496.7406,1099.1206
-303781.1701,-261226.8224,42554.3477,502.2786,1072.9871
-303738.3248,-261231.6725,42506.6523,506.6012,1089.0216
-303948.1256,-261187.0709,42761.0547,464.0204,1008.8513
-303712.9193,-261138.7669,42574.1523,487.349,1071.6222
-304011.0354,-261240.2424,42770.793,478.2336,1081.9257
-303952.0115,-261247.4998,42704.5117,502.7102,1017.4491
-303933.4948,-261178.1042,42755.3906,496.6203,1020.709
-303560.0633,-261222.0555,42338.0078,515.8277,1090.6789
-303785.7318,-261190.0053,42595.7266,495.8009,1018.2383
-303785.8641,-261165.9696,42619.8945,497.1713,1012.3671
-304134.1921,-261130.7468,43003.4453,513.7913,1040.8107
-303893.6841,-261161.145,42732.5391,535.5038,1066.2165
-304051.8272,-261202.4014,42849.4258,484.1508,1006.3172
-304115.3505,-261183.2959,42932.0547,467.2877,1052.6711
-304026.7427,-261217.4887,42809.2539,479.8142,1026.5996
-303777.8904,-261192.8786,42585.0117,457.4326,1036.1168
-303726.5125,-261229.4383,42497.0742,474.7853,1109.4813
-303946.2479,-261255.6307,42690.6172,505.2896,1036.0946
-304101.6785,-261290.5223,42811.1562,537.6171,1026.792
-303787.7665,-261153.954,42633.8125,488.1208,1050.0675
-303918.2214,-261141.8347,42776.3867,509.0542,1012.4818
-304064.0319,-261213.196,42850.8359,517.1576,1036.3936
-303916.4552,-261239.0802,42677.375,495.1341,1043.7915
-303854.2677,-261286.9709,42567.2969,496.3397,1056.2353
-303796.113,-261266.4568,42529.6562,504.4407,1026.8967
-304053.039,-261246.6211,42806.418,493.2284,1027.2288
-303734.408,-261235.8103,42498.5977,493.6254,1059.6421
-303771.2439,-261179.7439,42591.5,479.8652,1080.2563
-303816.8322,-261183.7267,42633.1055,485.7147,1050.4835
-303772.2349,-261135.6373,42636.5977,492.6768,1027.6138
-303661.943,-261212.3024,42449.6406,465.4547,998.216
-303618.2665,-261186.0555,42432.2109,493.4457,1062.9122
-303939.0495,-261165.3424,42773.707,510.4653,1060.013
-303901.5675,-261285.7863,42615.7812,490.9196,1049.4221
-303889.0547,-261236.9766,42652.0781,494.978,1032.6488
-303821.0717,-261258.81,42562.2617,464.1068,1063.0199
-303926.327,-261190.1864,42736.1406,496.2431,1032.1721
-304010.0372,-261179.3927,42830.6445,489.6569,1048.5413
-304219.9326,-261281.8662,42938.0664,515.9518,1069.2697
-303944.9351,-261213.3296,42731.6055,460.524,991.7406
-303722.9837,-261154.7884,42568.1953,522.8022,1043.2734
-303827.1371,-261157.0668,42670.0703,475.9737,1042.552
-303850.9704,-261246.9157,42604.0547,478.497,1046.4188
-304014.5307,-261248.1674,42766.3633,465.4866,1045.8386
-303964.91,-261085.1834,42879.7266,485.9227,1062.7346
-303664.3478,-261101.8126,42562.5352,483.6643,1044.0978
-303800.0355,-261185.4105,42614.625,495.4855,1024.7436
-303958.7583,-261086.5005,42872.2578,512.5382,1034.325
-304181.4969,-261265.868,42915.6289,488.5256,1061.5864
-303972.9064,-261239.6876,42733.2188,473.4879,1078.6034
-303867.5763,-261204.7091,42662.8672,490.1237,1047.098
-303958.4273,-261202.9664,42755.4609,508.3722,1064.3098
-303855.5755,-261148.6419,42706.9336,503.4429,1018.4652
-303748.6509,-261192.1782,42556.4727,475.8647,1030.526
-304135.6974,-261244.4084,42891.2891,514.9624,1051.424
-304132.1054,-261329.4921,42802.6133,498.0716,1018.2186
-304069.7902,-261154.3293,42915.4609,482.3243,1033.5916
-303868.3428,-261200.6748,42667.668,502.1482,1027.1963
-303704.3247,-261192.6567,42511.668,523.0782,1047.7658
-303812.4606,-261214.5153,42597.9453,474.0435,1019.0077
-303872.2854,-261259.219,42613.0664,483.4188,1040.3994
-303655.9894,-261155.0128,42500.9766,516.2398,1026.1559
-303493.5324,-261102.1184,42391.4141,494.5435,1027.0034
-303886.4491,-261221.0819,42665.3672,490.8866,1029.7704
-303895.4985,-261133.9556,42761.543,491.2645,1021.4615
-303732.9638,-261189.8974,42543.0664,510.2035,1064.3713
-303937.5773,-261233.9601,42703.6172,491.0315,1003.9327
-303925.1288,-261211.4569,42713.6719,486.1248,997.0148
-303856.7052,-261216.8575,42639.8477,458.8604,1028.5991
-303730.9627,-261061.8259,42669.1367,497.2073,1014.9352
-303874.6908,-261204.3509,42670.3398,532.4432,1027.767
-303903.0259,-261145.0494,42757.9766,499.8934,1021.847
-303872.4834,-261179.6318,42692.8516,507.9628,1056.0934
-304063.378,-261165.8701,42897.5078,480.3679,1011.8954
-303898.4901,-261161.4745,42737.0156,527.9191,1022.466
-304068.8724,-261185.013,42883.8594,518.8615,1022.8486
-303673.4183,-261211.4886,42461.9297,489.1111,1067.0136
-303587.7489,-261197.6747,42390.0742,501.8191,1047.4103
-303745.9614,-261140.063,42605.8984,515.7957,1069.4888
-303982.6798,-261178.1915,42804.4883,478.9701,1061.2094
-304005.8696,-261221.2954,42784.5742,491.9926,1032.1609
-303975.5068,-261182.5732,42792.9336,460.3722,1039.2391
-303725.1442,-261185.777,42539.3672,506.394,1085.4775
-304007.6526,-261167.6018,42840.0508,470.6826,1033.7269
-303731.184,-261195.0824,42536.1016,505.7667,1011.1166
-304007.687,-261203.8041,42803.8828,517.3296,1028.7715
-303730.186,-261241.3696,42488.8164,513.3111,1071.7827
-303865.5082,-261162.852,42702.6562,499.3088,1033.426
-304010.2211,-261295.8813,42714.3398,539.1186,1047.3312
-304155.4398,-261269.8578,42885.582,515.0479,1062.9529
-304182.5164,-261233.7742,42948.7422,508.6112,1046.1194
-303867.5724,-261220.5373,42647.0352,512.1867,1049.946
-303929.2701,-261211.2858,42717.9844,496.6197,1068.664
-303819.5109,-261172.3234,42647.1875,490.6063,1054.6856
-303861.2527,-261209.2449,42652.0078,517.1641,1064.4298
-303840.5065,-261211.7058,42628.8008,483.487,1050.0844
-303938.5399,-261155.8406,42782.6992,527.6162,1055.3962
-303928.8353,-261121.8079,42807.0273,530.1676,1064.5069
-303900.3963,-261198.5877,42701.8086,524.5521,1069.7676
-303908.4684,-261184.4138,42724.0547,504.8792,1030.9504
-304011.3736,-261161.104,42850.2695,497.983,1079.1833
-303804.6063,-261277.2977,42527.3086,522.3666,1048.3803
-304143.8089,-261264.0081,42879.8008,547.0615,1062.4659
-303926.0071,-261220.3157,42705.6914,541.5575,1082.2189
-304044.3298,-261316.486,42727.8438,494.5198,1023.3183
-303822.5704,-261245.8829,42576.6875,490.3941,1022.943
-303773.2077,-261183.2741,42589.9336,494.6466,1030.2275
-303798.367,-261148.5271,42649.8398,492.3175,1079.6664
-303792.6314,-261137.19,42655.4414,517.8305,1071.5109
-303658.2027,-261109.6441,42548.5586,449.8381,1066.4749
-303921.4028,-261137.0044,42784.3984,466.7166,1083.7984
-304044.5777,-261287.1519,42757.4258,467.7262,1039.2033
-303650.5153,-261095.4489,42555.0664,489.0777,1056.1323
-304020.4749,-261219.0764,42801.3984,518.6431,1036.3727
-304004.3602,-261171.7743,42832.5859,488.9179,1060.4514
-303882.792,-261251.542,42631.25,511.9846,1027.7268
-303992.3704,-261221.3509,42771.0195,491.3552,1041.8863
-303932.6163,-261232.1476,42700.4688,474.0097,1041.437
-303856.1622,-261214.5411,42641.6211,501.2449,976.8193
-303725.8648,-261162.5054,42563.3594,519.7614,1007.2941
-304093.3944,-261293.66,42799.7344,482.0854,1064.2338
-303901.023,-261233.8316,42667.1914,526.7765,1029.1842
-303797.4251,-261178.4524,42618.9727,484.0401,1030.115
-304024.1261,-261266.5988,42757.5273,507.9107,1067.4234
-304186.7795,-261240.8967,42945.8828,489.4374,1068.6656
-304010.7617,-261271.5,42739.2617,506.989,1063.5119
-304006.0558,-261203.7199,42802.3359,493.7421,1008.7123
-303933.0703,-261092.7539,42840.3164,466.7218,1068.4373
-303809.448,-261217.0887,42592.3594,473.1543,1048.6836
-303669.5386,-261239.2027,42430.3359,510.6944,1074.3177
-304080.4166,-261229.4439,42850.9727,497.9195,1070.0116
-303800.7155,-261227.3522,42573.3633,510.0964,1089.8346
-304031.2417,-261098.8354,42932.4062,508.2798,1027.8461
-303886.3137,-261196.9309,42689.3828,491.8653,1067.0778
-303865.0202,-261286.7272,42578.293,487.5844,1022.1866
-303867.3742,-261245.7727,42621.6016,516.3443,1068.6722
-303830.6756,-261228.8396,42601.8359,476.8927,1079.369
-303842.7244,-261129.8728,42712.8516,477.8037,1069.8785
-303852.8386,-261224.9323,42627.9062,493.0188,1039.3929
-303832.8823,-261282.4722,42550.4102,515.2355,1037.0544
-303864.3887,-261202.045,42662.3438,455.9121,1068.4864
-304321.783,-261289.2401,43032.543,478.4581,1027.6502
-304002.7903,-261181.9543,42820.8359,529.5742,1007.6313
-303726.5048,-261254.9696,42471.5352,485.2849,1025.3806
-303862.4485,-261264.8156,42597.6328,522.087,1055.6105
-304088.6283,-261313.722,42774.9062,482.4992,1007.7328
-304085.377,-261329.0763,42756.3008,507.7797,1105.4354
-303963.7114,-261239.9887,42723.7227,477.575,1045.8555
-303907.8231,-261201.4052,42706.418,481.1755,1007.0814
-304038.953,-261299.2694,42739.6836,509.7835,1040.739
-303655.0348,-261196.1559,42458.8789,476.2316,1060.4549
-304090.9075,-261242.3216,42848.5859,539.1913,1072.1949
-303923.5088,-261228.2042,42695.3047,507.0943,1057.8462
-304086.0438,-261289.1649,42796.8789,477.6056,1045.8423
-303905.4188,-261303.0047,42602.4141,521.914,1017.5112
-303764.4484,-261078.6554,42685.793,468.354,1006.331
-303580.6314,-261140.6665,42439.9648,500.2243,1043.1502
-303695.1704,-261191.6977,42503.4727,503.6517,1110.3863
-304023.2823,-261269.1534,42754.1289,498.7795,1062.0004
-303726.6708,-261146.1044,42580.5664,468.0383,1083.7139
-303834.7323,-261108.5331,42726.1992,503.4984,1056.4663
-303972.1994,-261187.34,42784.8594,483.1391,1043.2938
-303971.1447,-261287.34,42683.8047,506.8508,1074.7479
-303873.6572,-261195.7744,42677.8828,504.3924,1013.344
-303864.6489,-261175.0552,42689.5938,482.499,1032.7867
-304111.8405,-261232.7038,42879.1367,502.0854,1075.3915
-303899.9267,-261135.8368,42764.0898,505.0528,1007.5328
-304127.4329,-261193.5188,42933.9141,481.7992,1068.219
-303787.3494,-261166.0095,42621.3398,489.2112,1054.3833
-304053.3415,-261223.2204,42830.1211,485.8686,1086.9481
-303666.7334,-261092.6397,42574.0938,492.3623,1016.9794
-303952.3235,-261234.7415,42717.582,474.5156,1011.5969
-303759.4475,-261168.8655,42590.582,505.3638,1032.0632
-303836.8864,-261154.8629,42682.0234,502.4192,1026.9633
-303931.33,-261125.9511,42805.3789,491.7197,1038.6222
-304283.5358,-261276.7507,43006.7852,479.826,1022.1991
-304108.9588,-261230.697,42878.2617,516.103,998.0562
-303923.9005,-261248.6348,42675.2656,480.9787,992.356
-303835.3406,-261263.8719,42571.4688,504.7671,1047.4728
-303790.6453,-261216.7586,42573.8867,501.7308,1059.1036
-303954.8139,-261320.3491,42634.4648,494.0795,1068.6687
-303662.4463,-261168.0752,42494.3711,513.5086,1026.8496
-304055.2399,-261260.4899,42794.75,486.7238,1048.5044
-304015.6006,-261125.1905,42890.4102,502.437,1038.408
-303773.7004,-261198.8996,42574.8008,475.7676,996.5752
-303818.9912,-261167.3154,42651.6758,491.6431,1000.9787
-303840.3873,-261156.6216,42683.7656,526.2326,1013.2067
-303736.7855,-261167.2621,42569.5234,461.465,1043.5942
-303820.1103,-261259.7978,42560.3125,483.0167,1036.3224
-303949.9247,-261249.2215,42700.7031,482.0287,1010.8776
-303730.4361,-261267.8815,42462.5547,496.7528,1085.9481
-303785.9829,-261212.0103,42573.9727,511.9118,1022.9701
-303903.8452,-261179.6147,42724.2305,506.8501,1051.3806
-304071.6544,-261235.9942,42835.6602,497.4287,1062.7309
-303698.6776,-261163.3338,42535.3438,502.6666,1033.6544
-303906.6695,-261183.6812,42722.9883,496.1414,1034.6352
-303789.9304,-261268.1218,42521.8086,510.1093,1034.1166
-304110.1139,-261260.0787,42850.0352,507.8912,1002.8668
-303545.2032,-261149.5782,42395.625,492.6466,1049.2608
-303731.8889,-261141.0842,42590.8047,501.2638,1058.0355
-303992.4078,-261276.6578,42715.75,512.174,1051.2369
-304002.3576,-261260.0373,42742.3203,496.8079,1043.4815
-303967.8912,-261273.9303,42693.9609,518.6171,1061.7756
-303865.5721,-261180.1698,42685.4023,503.5445,1058.6758
-303856.1917,-261151.93,42704.2617,493.8358,1026.5447
-304027.3676,-261252.6528,42774.7148,480.235,979.8414
-303894.0304,-261224.4991,42669.5312,519.4841,998.4447
-303780.8329,-261182.2431,42598.5898,513.1459,1037.6681
-303496.2701,-261103.7936,42392.4766,502.8883,1014.3844
-303803.0664,-261175.4648,42627.6016,463.073,1019.9625
-304028.7261,-261243.7456,42784.9805,501.7614,1055.8907
-303979.0819,-261227.6835,42751.3984,482.004,1059.1532
-303775.0523,-261226.025,42549.0273,493.8829,1071.9549
-303837.0442,-261270.9309,42566.1133,498.7948,1058.2673
-304101.8972,-261212.0339,42889.8633,499.3172,1042.1966
-303878.6512,-261315.3113,42563.3398,489.9766,1064.9613
-303835.8182,-261197.4706,42638.3477,485.0316,1047.4547
-303866.4587,-261188.6892,42677.7695,492.7951,1021.1807
-303771.0935,-261169.0037,42602.0898,497.0097,1072.6807
-303815.6183,-261204.6574,42610.9609,497.8599,1049.3956
-304037.9215,-261119.1519,42918.7695,476.506,1027.6274
-304010.1742,-261291.2485,42718.9258,479.4435,1051.9283
-303888.459,-261166.0332,42722.4258,482.1414,999.5674
-303947.8049,-261197.5979,42750.207,469.5883,1026.2398
-304003.7599,-261219.381,42784.3789,440.32,1043.4935
-303901.7161,-261201.1341,42700.582,491.9777,1078.1961
-303585.6797,-261161.707,42423.9727,504.0037,1038.6678
-304163.3425,-261319.1511,42844.1914,503.8914,1050.6173
-303875.7786,-261175.2005,42700.5781,494.2905,1019.8978
-303939.5567,-261266.4746,42673.082,474.2247,1096.8319
-303961.7158,-261145.54,42816.1758,480.512,1033.4734
-303867.9792,-261209.7721,42658.207,503.1664,1061.5212
-303774.5473,-261222.684,42551.8633,468.573,1020.7776
-303722.8054,-261139.5866,42583.2188,489.3259,1015.1358
-303861.1903,-261215.1512,42646.0391,487.8672,1010.396
-303915.5329,-261226.2321,42689.3008,500.4212,1025.8741
-303770.6262,-261153.8957,42616.7305,483.6387,1063.0739
-304001.5757,-261241.8843,42759.6914,487.9052,1052.0413
-303956.43,-261208.8792,42747.5508,478.385,1041.3013
-303718.3975,-261142.0499,42576.3477,573.0204,1021.2949
-303938.2202,-261208.7163,42729.5039,487.0535,1065.6144
-304077.2208,-261186.1114,42891.1094,522.5042,1050.2081
-303801.9794,-261197.5224,42604.457,502.9637,1036.4244
-304100.9243,-261169.9985,42930.9258,504.6408,1064.0792
-303908.2722,-261246.2918,42661.9805,501.7177,1003.4268
-303836.3323,-261226.5159,42609.8164,499.5398,1039.2636
-304085.5607,-261229.5685,42855.9922,482.5208,1042.7309
-303883.1361,-261271.9135,42611.2227,485.9856,1043.333
-303815.9345,-261132.1298,42683.8047,467.8589,1002.9297
-303707.1844,-261171.993,42535.1914,507.4123,1041.695
-304011.9817,-261222.1614,42789.8203,508.4296,1079.9666
-303830.276,-261217.2838,42612.9922,525.9079,1032.6584
-303949.8307,-261194.7721,42755.0586,484.0891,1012.7616
-303872.4976,-261171.853,42700.6445,477.9454,1035.0805
-303803.0342,-261175.3858,42627.6484,544.9165,1014.7914
-303969.6382,-261234.5289,42735.1094,501.7032,1036.0125
-303940.4785,-261249.3457,42691.1328,488.4709,1025.2051
-304109.3742,-261256.2531,42853.1211,478.4215,1057.7019
-303965.3737,-261184.6315,42780.7422,525.0818,1073.6105
-304098.416,-261226.7246,42871.6914,512.6294,1027.3494
-303770.0674,-261137.0322,42633.0352,494.8495,1045.4805
-304084.3998,-261208.8412,42875.5586,476.6176,1079.0776
-303974.3309,-261230.0145,42744.3164,491.9756,1054.1547
-303810.9274,-261160.1657,42650.7617,500.4005,1038.3694
-303900.2415,-261327.3274,42572.9141,487.3115,1026.641
-304005.8621,-261224.1746,42781.6875,507.0193,1065.9065
-303925.8511,-261201.3511,42724.5,476.8068,1079.6011
-304008.851,-261138.515,42870.3359,478.6637,1058.6021
-303952.6182,-261217.9971,42734.6211,506.9285,1065.707
-304019.1086,-261230.4016,42788.707,502.948,1056.4098
-303821.9464,-261234.3058,42587.6406,475.1768,1076.1256
-303857.6548,-261234.7251,42622.9297,490.9669,1044.8884
-303806.3,-261288.8937,42517.4062,517.1412,1024.8147
-304232.4649,-261271.9923,42960.4727,495.0339,1057.0689
-303965.59,-261247.9259,42717.6641,477.3846,1014.7359
-303995.3239,-261133.5661,42861.7578,493.2534,1026.4253
-303972.538,-261201.7138,42770.8242,519.1747,1110.4745
-303633.5488,-261158.123,42475.4258,529.6942,1013.7597
-304008.5233,-261162.1249,42846.3984,507.2504,1034.0316
-303944.2183,-261219.1324,42725.0859,462.9855,1020.1166
-303901.8247,-261270.2115,42631.6133,485.716,1043.7
-303815.9787,-261246.9904,42568.9883,478.8843,1060.6608
-303756.4479,-261236.6393,42519.8086,484.3977,1014.9928
-304066.1616,-261160.9858,42905.1758,490.6043,1051.1566
-304083.342,-261258.3029,42825.0391,479.8422,1054.0075
-303780.4905,-261158.0022,42622.4883,497.827,1055.4845
-303799.6309,-261211.6114,42588.0195,493.356,1010.8293
-303890.3265,-261243.0647,42647.2617,462.5825,1025.3518
-303857.8513,-261214.4528,42643.3984,488.9979,1080.4357
-303991.5235,-261186.2383,42805.2852,485.3253,1059.0529
-303786.1794,-261154.1872,42631.9922,498.3034,1040.8951
-303809.9758,-261134.2962,42675.6797,490.5991,1032.0909
-303923.7671,-261272.4428,42651.3242,510.013,1064.5865
-303831.1752,-261234.6635,42596.5117,512.6281,1053.6168
-303632.7597,-261117.0175,42515.7422,509.9873,1041.566
-303942.522,-261180.6119,42761.9102,484.8568,1033.8729
-304039.1861,-261250.9048,42788.2812,511.7341,1025.6479
-303762.128,-261232.7295,42529.3984,507.2588,1090.7226
-303819.7749,-261158.6929,42661.082,465.8755,1037.7033
-304187.8727,-261278.7907,42909.082,511.7229,1037.76
-303840.4936,-261192.0835,42648.4102,474.1018,1037.6104
-304054.0178,-261287.2678,42766.75,497.4854,1050.75
-304107.583,-261261.8838,42845.6992,501.3867,1047.8931
-304005.5764,-261237.8811,42767.6953,490.602,1030.8916
-304134.8785,-261251.7067,42883.1719,452.6692,1025.3934
-303921.95,-261179.411,42742.5391,505.1586,1041.5419
-303952.391,-261252.4808,42699.9102,509.0305,1042.9221
-303963.112,-261189.6003,42773.5117,490.4417,1031.0357
-304002.4066,-261228.934,42773.4727,515.8294,1057.1672
-303975.4891,-261242.2157,42733.2734,500.768,1008.595
-303815.7222,-261226.9683,42588.7539,497.7281,1031.5129
-303992.8174,-261219.4424,42773.375,489.1584,1028.0625
-304183.0403,-261303.3528,42879.6875,478.2277,1021.677
-303767.7421,-261268.4179,42499.3242,471.6643,1062.6605
-303842.0523,-261176.6773,42665.375,504.8376,1038.9987
-303730.3568,-261126.1693,42604.1875,516.3685,1028.4093
-303887.0682,-261119.5135,42767.5547,505.0774,1024.1965
-303886.9223,-261218.598,42668.3242,479.6179,1052.5326
-303991.56,-261277.7084,42713.8516,511.6824,1050.5649
-303662.9466,-261221.8294,42441.1172,481.3285,1055.4542
-303962.6069,-261178.517,42784.0898,506.8433,1072.8737
-304118.9066,-261211.6917,42907.2148,468.2374,1075.5288
-303925.7622,-261223.0903,42702.6719,484.278,1044.1398
-303884.4629,-261244.9356,42639.5273,475.8379,1049.7257
-304231.3628,-261275.0738,42956.2891,485.0893,1064.9418
-304021.8571,-261345.7828,42676.0742,506.135,1049.5383
-303910.8257,-261211.5601,42699.2656,470.7803,1013.5074
-304141.6337,-261322.4775,42819.1562,501.8862,1034.791
-303916.2189,-261286.0783,42630.1406,505.9952,1041.6011
-303894.1842,-261228.696,42665.4883,481.5175,1047.5327
-303982.2216,-261216.2724,42765.9492,481.0697,1057.2262
-303901.3377,-261300.0017,42601.3359,482.5687,1044.0375
-304032.6372,-261305.3442,42727.293,516.988,1037.2336
-304095.4498,-261202.3443,42893.1055,483.3928,1049.6791
-304060.8126,-261267.1212,42793.6914,503.4969,1048.8985
-304103.4086,-261229.1,42874.3086,544.6455,1083.7859
-304122.5255,-261239.4591,42883.0664,468.8671,1019.5959
-303736.2041,-261116.9268,42619.2773,493.1544,1014.1348
-304061.7717,-261274.5022,42787.2695,503.3304,1065.9961
-304087.8131,-261341.485,42746.3281,474.9402,994.1616
-303957.6502,-261188.0409,42769.6094,495.4475,1002.5856
-304015.4102,-261339.1329,42676.2773,501.6896,1041.1772
-304009.9953,-261180.2102,42829.7852,487.6772,1020.1347
-304165.7463,-261222.8674,42942.8789,478.5426,1030.9286
-303893.2323,-261129.9862,42763.2461,501.6505,999.7283
-303958.8799,-261212.9581,42745.9219,532.6538,1110.1981
-303810.1358,-261175.3155,42634.8203,511.4903,1054.2308
-304072.5514,-261229.106,42843.4453,495.027,1011.3898
-304088.0726,-261245.0414,42843.0312,505.3178,1044.783
-303819.8671,-261162.1132,42657.7539,478.2395,1008.7506
-303736.0892,-261213.6166,42522.4727,472.4333,1037.9081
-303754.987,-261244.3073,42510.6797,504.795,1033.0622
-303982.833,-261285.6924,42697.1406,464.3446,1085.0091
-303783.5364,-261281.6301,42501.9062,516.566,1073.2418
-303962.592,-261281.4904,42681.1016,513.9953,1055.7346
-304043.0189,-261210.89,42832.1289,482.3195,1050.3218
-303910.5806,-261262.2369,42648.3438,492.1921,1002.8751
-304173.4735,-261293.5009,42879.9727,505.0201,1014.3311
-304123.6115,-261308.9123,42814.6992,464.9106,1070.7384
-303835.2201,-261214.5716,42620.6484,456.4435,1013.2836
-303848.1189,-261184.3806,42663.7383,481.6204,1035.1495
-303990.7613,-261247.023,42743.7383,476.787,1088.9855
-303843.1484,-261140.0429,42703.1055,503.0719,1040.4306
-304161.7084,-261326.7709,42834.9375,488.8801,1052.5419
-303827.8295,-261213.7826,42614.0469,487.8159,1067.9687
-303956.2801,-261217.5809,42738.6992,471.2198,1024.6195
-303977.4852,-261158.6688,42818.8164,486.2123,1035.8081
-303916.3738,-261178.0183,42738.3555,507.8054,1002.7224
-303981.3919,-261205.7708,42775.6211,479.2742,1032.3799
-303680.4753,-261082.8855,42597.5898,503.1065,1058.213
-303846.2659,-261231.2308,42615.0352,510.5798,1078.2094
-303780.0466,-261251.3278,42528.7188,492.788,1038.2604
-303707.7,-261142.9461,42564.7539,473.0136,1043.6074
-303998.6028,-261180.5793,42818.0234,475.2187,1049.4013
-303999.7989,-261151.8262,42847.9727,476.2899,1027.6901
-303798.4634,-261244.7407,42553.7227,494.0809,1053.8927
-303957.9049,-261196.8502,42761.0547,494.555,1023.1038
-303987.8381,-261217.4866,42770.3516,487.7244,1051.3422
-304122.8024,-261169.6071,42953.1953,487.6717,1044.5747
-304053.0076,-261236.9997,42816.0078,497.8964,1036.7332
-303934.9043,-261212.8496,42722.0547,503.0032,1066.4034
-303695.4477,-261155.4868,42539.9609,495.071,1056.3605
-303899.4994,-261164.2884,42735.2109,500.3888,1016.5806
-303760.3748,-261179.4139,42580.9609,490.7949,1046.7656
-304035.6457,-261266.1183,42769.5273,516.1466,1033.7796
-303997.8614,-261210.2638,42787.5977,501.2972,1084.2102
-303908.0346,-261152.9174,42755.1172,477.9929,1022.6441
-304156.9424,-261216.9971,42939.9453,492.1518,1053.4008
-304075.3738,-261255.9363,42819.4375,499.3696,1022.4038
-303908.2025,-261254.6596,42653.543,519.0884,1079.1372
-304000.0712,-261229.5126,42770.5586,515.2974,1037.9878
-303748.9536,-261139.6957,42609.2578,506.6183,1065.3702
-303717.7851,-261192.2812,42525.5039,503.1357,1081.0925
-303897.4118,-261227.0251,42670.3867,496.0539,1036.1773
-303840.1756,-261253.3592,42586.8164,483.6076,996.0757
-304037.7566,-261293.3074,42744.4492,487.6717,1060.4639
-303967.3464,-261214.444,42752.9023,500.5774,1019.0412
-303873.2893,-261189.2425,42684.0469,470.8365,1058.8225
-303642.5086,-261253.0633,42389.4453,528.0093,1068.1874
-303871.6448,-261230.4144,42641.2305,530.9786,1096.5049
-304161.296,-261208.3195,42952.9766,500.974,1075.8115
-303904.3009,-261266.4102,42637.8906,527.5667,1053.0121
-303804.7334,-261190.1123,42614.6211,483.7392,1029.8661
-303903.3795,-261190.813,42712.5664,497.3839,1035.7815
-303740.7887,-261228.5934,42512.1953,449.5864,1042.5242
-303882.1154,-261135.5998,42746.5156,486.0034,1024.5986
-304060.0746,-261243.0394,42817.0352,486.2236,1025.9145
-304158.9979,-261341.4041,42817.5938,467.9304,1038.5839
-304003.9295,-261293.2068,42710.7227,481.5723,1049.5374
-304010.3388,-261249.7919,42760.5469,488.0724,1059.8748
-303866.7659,-261188.6526,42678.1133,539.8193,1029.9417
-304193.1775,-261332.1619,42861.0156,485.4789,1057.8018
-303979.7092,-261201.6038,42778.1055,493.3389,1051.9144
-303553.7314,-261130.2978,42423.4336,490.6538,1043.6346
-303841.9935,-261220.888,42621.1055,502.5982,1023.4042
-303758.4082,-261213.0566,42545.3516,482.3808,1020.5323
-304069.0186,-261173.7412,42895.2773,492.8423,1042.4068
-303985.9482,-261232.3778,42753.5703,501.5021,1095.6678
-303911.7771,-261212.488,42699.2891,495.8745,1029.9336
-304025.6619,-261274.6346,42751.0273,476.3758,1056.2199
-303922.3018,-261154.2979,42768.0039,497.6393,1057.7908
-303934.0818,-261220.0271,42714.0547,473.4929,1014.9526
-303745.4035,-261245.6652,42499.7383,469.4134,1057.2145
-303828.224,-261197.1967,42631.0273,458.6821,1044.6876
-304186.6962,-261288.3759,42898.3203,489.955,1061.7107
-303935.7408,-261159.4986,42776.2422,457.3178,1055.2828
-303939.8153,-261296.1434,42643.6719,467.9094,1037.5679
-303895.2367,-261130.5063,42764.7305,492.7179,1057.3771
-303933.2956,-261253.8074,42679.4883,542.6654,1031.9551
-304093.2713,-261164.5917,42928.6797,511.4909,1020.846
-303721.8204,-261231.3438,42490.4766,474.782,1061.1024
-303856.6789,-261203.9055,42652.7734,493.7438,1012.5233
-303953.9076,-261266.9272,42686.9805,522.9865,1021.5378
-303720.0173,-261116.3962,42603.6211,459.348,1058.6543
-303836.1699,-261198.6269,42637.543,481.603,1056.896
-303768.4062,-261160.6718,42607.7344,493.698,1045.0818
-303761.9166,-261268.7486,42493.168,481.4638,1039.7756
-303995.2259,-261197.3197,42797.9062,495.18,1038.324
-303753.7443,-261121.0724,42632.6719,515.3022,1027.228
-303784.576,-261269.033,42515.543,494.9233,1061.8018
-303829.3332,-261179.2707,42650.0625,513.874,1014.1303
-303910.5723,-261214.8809,42695.6914,502.0231,1059.3396
-303917.5356,-261156.8754,42760.6602,487.324,1026.6465
-303781.1705,-261193.6275,42587.543,524.6517,1034.7595
-303761.3691,-261062.7793,42698.5898,495.8586,1090.8423
-303647.8703,-261227.8937,42419.9766,497.7455,1077.4252
-303921.828,-261291.7694,42630.0586,480.3681,1126.8818
-303693.9611,-261176.0197,42517.9414,480.1977,1069.3437
-303931.8741,-261254.1905,42677.6836,469.6559,1087.8299
-303933.0304,-261170.6475,42762.3828,487.0605,1048.4034
-303911.3051,-261263.4223,42647.8828,485.7698,1032.8896
-303832.9734,-261130.2195,42702.7539,517.6715,1041.4988
-303924.3255,-261223.052,42701.2734,495.5703,1062.3189
-303844.5917,-261192.1893,42652.4023,486.8757,1044.3512
-303979.178,-261305.6545,42673.5234,487.103,1052.1063
-303777.3359,-261186.6093,42590.7266,479.7162,1056.5896
-303922.7384,-261227.7852,42694.9531,495.5822,1050.9182
-303714.8712,-261169.9533,42544.918,502.0761,1072.9809
-303762.1631,-261072.085,42690.0781,493.316,1075.5661
-303976.4886,-261286.9027,42689.5859,464.9259,1048.1146
-303865.6601,-261233.8164,42631.8438,495.7061,1023.1706
-304044.2402,-261314.0722,42730.168,514.8098,1040.6241
-303984.5068,-261216.0537,42768.4531,489.217,1101.6031
-303881.2007,-261163.5054,42717.6953,496.2405,1064.9203
-303842.9152,-261233.8058,42609.1094,535.979,1033.3312
-304028.3913,-261310.1179,42718.2734,521.9398,1048.5749
-303740.7973,-261213.8598,42526.9375,519.6877,1055.806
-303811.1626,-261230.2603,42580.9023,498.0114,1064.2523
-303813.6907,-261160.3978,42653.293,492.4295,1040.2991
-304057.0058,-261261.9941,42795.0117,515.1511,1051.6317
-304184.4517,-261213.3189,42971.1328,475.8043,1025.4451
-304004.5112,-261206.9253,42797.5859,521.3903,1042.7343
-303708.0911,-261193.1575,42514.9336,500.5104,1064.2143
-303880.6739,-261161.5724,42719.1016,487.6998,1075.8636
-303904.0694,-261261.9444,42642.125,470.9109,1052.5098
-303909.9564,-261354.2923,42555.6641,536.5024,1061.959
-304076.3456,-261210.1972,42866.1484,513.0444,1010.3261
-303951.2329,-261092.7915,42858.4414,459.7517,1032.1143
-303760.9358,-261216.0217,42544.9141,522.7454,1078.0687
-303763.5473,-261127.9965,42635.5508,494.7517,984.9179
-304065.6943,-261239.1708,42826.5234,496.5263,1037.1478
-303801.6534,-261263.7354,42537.918,517.9006,1066.8966
-303786.1325,-261258.1091,42528.0234,505.9846,1044.9383
-303900.101,-261222.4565,42677.6445,472.5597,1036.9899
-303946.5726,-261244.3656,42702.207,473.6644,1035.1827
-303930.8403,-261184.3872,42746.4531,528.9769,1068.2345
-303986.7852,-261193.2852,42793.5,525.9773,1029.129
-303870.2102,-261236.0031,42634.207,483.0193,1048.6934
-304182.525,-261164.1109,43018.4141,521.9932,989.3673
-303994.8871,-261145.9808,42848.9062,521.2941,1079.7878
-304042.307,-261241.389,42800.918,484.6462,1024.84
-303943.1327,-261248.4881,42694.6445,528.352,1016.4238
-303961.5717,-261238.5444,42723.0273,486.9447,1049.3445
-304138.5144,-261262.5144,42876.0,503.3126,1097.7986
-303849.1211,-261203.3086,42645.8125,506.7228,1030.3244
-303835.429,-261173.9134,42661.5156,530.5668,1032.4214
-303880.6447,-261260.8947,42619.75,513.4579,1049.6292
-303919.0248,-261292.7279,42626.2969,488.9622,1043.3002
-303799.576,-261206.1072,42593.4688,481.5337,1056.064
-303971.6209,-261301.3006,42670.3203,495.3417,1003.0348
-303791.9991,-261208.6163,42583.3828,491.4488,1068.9388
-303975.7447,-261283.7291,42692.0156,490.7673,1044.0824
-304101.3854,-261349.1198,42752.2656,475.5153,1089.0898
-303990.2785,-261252.6418,42737.6367,503.6986,1068.093
-303882.8914,-261165.1727,42717.7188,524.7471,1070.504
-303571.3588,-261145.9487,42425.4102,496.8952,1032.538
-303763.9994,-261169.015,42594.9844,484.4839,1018.3263
-303777.8598,-261237.0747,42540.7852,478.1326,1070.3277
-303793.0602,-261182.9977,42610.0625,485.0848,1038.8908
-303994.5743,-261238.4024,42756.1719,476.9368,1006.6381
-304018.4089,-261274.9753,42743.4336,485.5534,1051.5094
-303848.5765,-261228.5648,42620.0117,484.4938,1032.061
-303789.9345,-261120.0712,42669.8633,495.9136,1056.072
-303907.9338,-261185.7658,42722.168,486.0208,1029.6039
-303963.2613,-261199.066,42764.1953,487.8683,1057.8558
-303855.0491,-261243.3616,42611.6875,546.5703,1035.549
-303958.7251,-261228.3228,42730.4023,462.8642,1035.4649
-303915.5109,-261374.4601,42541.0508,481.2806,1061.7155
-303886.8902,-261327.0113,42559.8789,501.2585,1044.2198
-303903.3347,-261251.3504,42651.9844,505.8218,1015.4039
-303835.3179,-261316.0445,42519.2734,519.0724,1055.7109
-304145.3945,-261282.0624,42863.332,468.2725,1056.7547
-303855.5669,-261245.7231,42609.8438,510.9369,1042.9735
-304024.9574,-261274.9731,42749.9844,510.1674,1060.1939
-303849.9131,-261288.5108,42561.4023,496.4544,1119.7431
-303814.1148,-261126.2632,42687.8516,504.6247,1030.991
-303858.0353,-261248.8595,42609.1758,498.4157,1074.0333
-304018.592,-261242.9397,42775.6523,500.6018,1077.9572
-303871.5361,-261216.8368,42654.6992,496.9793,1042.0017
-303969.7251,-261237.9204,42731.8047,481.3973,1071.6774
-303863.3654,-261191.5021,42671.8633,492.9728,1050.3209
-303959.1587,-261179.1704,42779.9883,541.3709,1041.1626
-303786.2431,-261127.9189,42658.3242,497.8592,1073.7565
-303932.4146,-261178.649,42753.7656,515.0356,1023.7429
-303872.0547,-261168.0235,42704.0312,523.4359,1022.8818
-303763.3953,-261163.0906,42600.3047,485.322,1080.1197
-303834.2097,-261218.8503,42615.3594,476.8593,1063.2409
-303931.434,-261136.4691,42794.9648,498.6718,1044.462
-303751.161,-261142.243,42608.918,516.527,1084.9236
-303793.8904,-261207.0818,42586.8086,509.9275,1035.6533
-303836.4411,-261200.0387,42636.4023,496.7555,1028.5321
-303820.3779,-261256.5693,42563.8086,498.6038,1032.4639
-303709.0563,-261244.8453,42464.2109,500.0853,1080.1663
-303947.8881,-261218.5522,42729.3359,470.8678,1059.5856
-303961.6334,-261230.5514,42731.082,511.3084,1059.6967
-304006.6525,-261164.09,42842.5625,490.5119,1080.3959
-304077.9361,-261259.772,42818.1641,495.1987,1057.0945
-303752.4622,-261142.4857,42609.9766,491.7061,1095.4212
-304172.121,-261261.0624,42911.0586,528.9141,1080.0013
-303829.2875,-261129.7523,42699.5352,508.9818,1056.8591
-303952.2726,-261164.0655,42788.207,498.1317,1021.3465
-303960.3174,-261211.6807,42748.6367,497.9754,1074.2897
-303820.6565,-261239.4768,42581.1797,487.895,1055.0332
-303987.9918,-261227.8278,42760.1641,486.2145,1036.0389
-303807.9167,-261093.2683,42714.6484,457.4363,1055.5524
-303866.9016,-261215.9172,42650.9844,516.8549,1005.213
-303842.2995,-261189.5495,42652.75,472.3883,1024.4537
-303574.2281,-261174.5367,42399.6914,479.7702,1046.4804
-303855.4076,-261190.7357,42664.6719,497.7572,1047.2031
-304003.1274,-261300.6587,42702.4688,511.1152,1077.3244
-304159.8947,-261278.6291,42881.2656,467.8436,1053.514
-303914.9151,-261231.7588,42683.1562,533.3694,1037.9282
-303802.3177,-261175.2357,42627.082,464.226,1067.4335
-303940.3479,-261213.0002,42727.3477,454.0779,1112.5026
-303710.2408,-261136.8307,42573.4102,487.589,1038.0989
-303910.9577,-261208.7468,42702.2109,516.5791,1042.451
-303912.8151,-261197.4947,42715.3203,492.1861,1076.3447
-303731.6071,-261181.1149,42550.4922,490.1428,1028.0596
-303865.3739,-261343.7567,42521.6172,493.5014,1065.1892
-304108.4422,-261274.0437,42834.3984,493.5324,1079.0229
-303928.1217,-261234.9537,42693.168,490.2868,1041.0171
-303967.6007,-261209.1398,42758.4609,481.4313,1093.389
-304177.1245,-261251.605,42925.5195,483.2922,1013.6505
-303963.2356,-261299.1614,42664.0742,486.1487,1062.6959
-304071.5199,-261219.5511,42851.9688,514.576,1044.937
-303689.5104,-261207.6784,42481.832,524.9085,1024.7968
-304134.6975,-261311.7952,42822.9023,499.0713,1061.8595
-303658.2199,-261167.6925,42490.5273,536.9521,1078.4366
-303674.5077,-261085.1171,42589.3906,509.4091,1048.4968
-304073.8485,-261176.8563,42896.9922,487.4359,1055.2701
-303891.4367,-261213.2765,42678.1602,498.6161,1000.468
-304049.8056,-261226.2353,42823.5703,503.2421,1064.0358
-303976.7919,-261360.9715,42615.8203,531.7924,1075.6087
-303810.9333,-261188.8865,42622.0469,485.407,1059.084
-304048.4554,-261219.2327,42829.2227,494.8401,1069.6421
-303929.5527,-261210.3652,42719.1875,478.0329,1057.866
-303946.3498,-261242.4592,42703.8906,486.8957,1025.1791
-303843.3939,-261202.8939,42640.5,486.6064,1036.0515
-304066.0847,-261272.3894,42793.6953,497.4678,1045.4295
-304049.4833,-261293.5301,42755.9531,479.341,1041.8754
-303946.6336,-261170.1375,42776.4961,476.3315,1012.3025
-303749.5854,-261132.1948,42617.3906,508.0267,1057.5733
-303947.9522,-261157.085,42790.8672,531.0748,1036.0729
-304050.2443,-261302.9514,42747.293,514.3439,1036.8619
-303850.9107,-261184.1529,42666.7578,457.1762,1042.6989
-303646.3522,-261170.8327,42475.5195,509.1853,1068.6433
-303791.9847,-261264.2542,42527.7305,506.2621,1035.0927
-303801.9363,-261295.3699,42506.5664,509.1253,1054.7835
-303695.4163,-261224.2171,42471.1992,518.2789,1037.6159
-304007.8798,-261273.5478,42734.332,484.7689,1020.513
-303798.9667,-261165.0721,42633.8945,508.7743,1033.4168
-303685.4412,-261242.4373,42443.0039,498.9804,1032.9905
-303866.7842,-261251.2139,42615.5703,503.637,1117.1467
-303907.8077,-261180.9015,42726.9062,541.5158,1063.6002
-303775.5973,-261172.5895,42603.0078,498.4098,1064.0093
-303951.9628,-261278.8417,42673.1211,527.6379,1031.7163
-303836.2186,-261168.1756,42668.043,517.9551,1045.3495
-303985.8485,-261212.8524,42772.9961,476.0894,1058.0222
-304098.609,-261282.5348,42816.0742,499.9464,1051.7775
-303748.1039,-261239.3813,42508.7227,522.4177,1068.2654
-304004.1999,-261300.739,42703.4609,507.825,1035.3469
-303806.5006,-261233.9811,42572.5195,499.9541,1042.4767
-303952.8365,-261223.8287,42729.0078,482.776,1073.3345
-303866.5479,-261230.2236,42636.3242,498.9273,1042.6269
-303874.8925,-261140.3769,42734.5156,503.4838,1040.5403
-303671.3261,-261132.2167,42539.1094,477.9425,1031.2619
-304028.2733,-261147.3124,42880.9609,458.1284,1060.2391
-303828.6854,-261269.5565,42559.1289,514.5137,1051.5533
-303800.7464,-261225.9729,42574.7734,511.6804,1067.1315
-303899.8695,-261170.9945,42728.875,474.2941,1048.7466
-303771.3376,-261237.9978,42533.3398,491.8926,1038.9411
-303870.4061,-261098.8279,42771.5781,509.2059,1014.1138
-303755.1657,-261133.775,42621.3906,507.5188,1056.4433
-303972.5887,-261235.1864,42737.4023,495.8206,1084.7526
-303881.579,-261174.2235,42707.3555,497.1928,1028.7211
-303828.9015,-261210.3585,42618.543,478.447,1032.1681
-304096.7957,-261215.327,42881.4688,490.8852,1079.0077
-303861.6384,-261231.5642,42630.0742,485.606,1053.8149
-303954.2938,-261130.6962,42823.5977,503.946,1033.5993
-303729.735,-261193.1999,42536.5352,546.884,1057.4076
-303698.7844,-261154.7766,42544.0078,526.2044,1028.6871
-303863.6821,-261123.225,42740.457,507.7028,1012.3944
-303705.9369,-261141.9994,42563.9375,521.6812,1032.5263
-303885.1397,-261122.2256,42762.9141,496.544,1050.0092
-303704.8669,-261154.6208,42550.2461,476.6743,1058.233
-303914.137,-261240.7112,42673.4258,490.3983,1019.6139
-303948.3459,-261237.9748,42710.3711,487.1738,1062.5452
-304063.9907,-261132.686,42931.3047,493.1467,1048.8357
-304030.5218,-261271.0608,42759.4609,492.2044,1102.8586
-303935.3525,-261257.8291,42677.5234,500.5229,1016.8817
-303869.6376,-261257.4228,42612.2148,515.0207,1135.7032
-303831.757,-261216.632,42615.125,517.9886,1063.5771
-303896.3886,-261204.8261,42691.5625,466.2282,1024.2226
-303846.0266,-261175.5461,42670.4805,520.5874,1041.8614
-304122.6072,-261344.6619,42777.9453,507.5214,1037.0088
-303888.7296,-261166.2335,42722.4961,490.8514,1054.9964
-303902.2539,-261157.4727,42744.7812,458.5345,1062.6103
-304082.4038,-261362.9624,42719.4414,498.1495,1067.189
-303924.4137,-261198.9254,42725.4883,496.8884,1035.3462
-304118.4944,-261221.8655,42896.6289,522.4515,1051.2591
-303882.8797,-261216.5047,42666.375,524.1603,1082.8068
-303724.7189,-261156.1017,42568.6172,496.3554,1066.4425
-303833.1256,-261330.6724,42502.4531,504.6409,1070.466
-303726.4874,-261133.7452,42592.7422,512.5029,1035.545
-303952.9426,-261248.2356,42704.707,480.1483,1060.0738
-303832.4013,-261201.7803,42630.6211,511.6401,1045.1125
-303869.8622,-261152.3309,42717.5312,504.9858,1029.1957
-303724.6086,-261171.7688,42552.8398,494.862,1064.8451
-303565.1706,-261175.698,42389.4727,484.1768,1038.7804
-303972.3615,-261286.088,42686.2734,497.8552,1014.1022
-303678.286,-261152.1531,42526.1328,500.2518,1081.6708
-304007.0059,-261139.1504,42867.8555,465.3163,1025.8513
-304169.9596,-261307.1158,42862.8438,509.514,1115.8334
-303833.3054,-261227.739,42605.5664,476.7762,1084.7106
-303932.4138,-261237.2224,42695.1914,485.1806,1057.4479
-303766.8849,-261121.963,42644.9219,511.5127,1101.9229
-304006.2121,-261236.3332,42769.8789,459.1373,1051.7766
-303813.7301,-261318.9215,42494.8086,519.4206,1006.6126
-303802.0751,-261262.5517,42539.5234,516.7284,1036.1343
-303582.1612,-261173.3995,42408.7617,510.2473,1050.5871
-303938.263,-261270.3177,42667.9453,509.5451,1104.4915
-304082.0262,-261247.9793,42834.0469,501.8969,1086.8399
-304065.1201,-261280.7646,42784.3555,515.828,1030.9978
-303602.1425,-261196.5839,42405.5586,477.2504,1049.5199
-303880.9318,-261143.006,42737.9258,505.0293,1019.0461
-303951.5263,-261213.4755,42738.0508,495.6643,1019.9924
-303945.3303,-261216.5334,42728.7969,485.1436,1057.6198
-303944.8779,-261285.5615,42659.3164,502.3683,1017.0726
-303784.5848,-261048.5536,42736.0312,492.3182,1042.5753
-303890.4534,-261297.8987,42592.5547,511.6158,1086.0216
-303759.0094,-261245.2282,42513.7812,521.7731,1079.9064
-303819.3794,-261190.0044,42629.375,486.3486,1057.9729
-303810.9514,-261244.2795,42566.6719,472.6147,1022.3748
-303807.898,-261240.8276,42567.0703,480.7808,1053.5707
-303834.6399,-261159.4446,42675.1953,480.37,1040.2187
-303670.1128,-261100.9878,42569.125,472.6922,1030.5117
-303554.7384,-261142.8673,42411.8711,506.6823,1042.9653
-303803.0244,-261224.3682,42578.6562,484.7651,1011.8205
-304034.5648,-261154.0219,42880.543,512.5448,989.6099
-303879.0507,-261232.6172,42646.4336,472.2927,1044.9678
-304182.6338,-261350.0713,42832.5625,487.6938,1030.1759
-303973.0361,-261187.6611,42785.375,475.6784,1079.3301
-303995.272,-261176.5924,42818.6797,473.9651,1045.4334
-304152.4378,-261254.6331,42897.8047,511.8454,1044.3989
-303892.9297,-261132.2344,42760.6953,489.8861,1070.9607
-303918.6825,-261205.6395,42713.043,517.7648,1048.2104
-303855.5056,-261123.9822,42731.5234,508.4834,1061.9236
-303991.3553,-261223.4178,42767.9375,515.6455,1009.4978
-304032.3295,-261325.4662,42706.8633,483.7361,1051.2672
-304069.0509,-261215.508,42853.543,487.0576,1092.9084
-303830.1071,-261224.3336,42605.7734,501.7084,1096.0828
-304046.8835,-261173.8757,42873.0078,487.8688,1049.9897
-304031.3642,-261192.0947,42839.2695,463.9663,1098.6933
-303792.7523,-261243.6742,42549.0781,470.2134,1111.9224
-303914.8553,-261285.6522,42629.2031,516.1411,1029.6951
-303933.5629,-261171.8676,42761.6953,474.1068,1058.6702
-303946.3357,-261224.1326,42722.2031,510.6229,1057.5062
-304140.7856,-261233.5747,42907.2109,462.1872,1018.7011
-303823.7217,-261197.4717,42626.25,499.3575,1069.2759
-303944.6591,-261166.0341,42778.625,509.1306,1027.231
-303800.5699,-261192.7535,42607.8164,482.8961,1029.1559
-303763.1307,-261134.619,42628.5117,493.3432,1058.0542
-303774.6677,-261190.6599,42584.0078,518.2112,1024.28
-303887.3613,-261268.6855,42618.6758,483.5319,1044.1131
-303690.0172,-261109.0562,42580.9609,517.3618,1043.762
-303879.4309,-261126.7355,42752.6953,460.3379,1076.7119
-304074.4459,-261186.0435,42888.4023,517.2163,1072.14
-304167.6233,-261311.9124,42855.7109,515.6005,1023.132
-303587.0641,-261153.9742,42433.0898,468.2981,1082.8716
-303986.8689,-261190.8298,42796.0391,492.6895,1059.4389
-303889.8541,-261188.2642,42701.5898,489.1939,1047.9428
-303885.368,-261278.243,42607.125,481.7287,1049.0859
-304068.1589,-261308.5065,42759.6523,529.7954,1004.7491
-304045.0519,-261218.7082,42826.3438,485.4847,1056.1773
-303786.4118,-261270.6032,42515.8086,471.8676,1052.9962
-304014.4263,-261259.6529,42754.7734,503.3662,1021.4101
-303938.7493,-261239.2376,42699.5117,504.2445,1032.3067
-303673.6699,-261249.1152,42424.5547,543.0096,1047.4831
-304011.5092,-261271.0444,42740.4648,496.8719,1054.6966
-303827.8256,-261206.2983,42621.5273,489.4258,1050.3431
-303817.5315,-261195.5979,42621.9336,519.4253,1033.0116
-303682.0333,-261149.8692,42532.1641,502.0845,1047.9847
-303705.47,-261115.9075,42589.5625,470.4819,1073.7796
-303831.0151,-261221.9331,42609.082,473.7266,1039.3025
-304130.3735,-261212.4595,42917.9141,506.8647,1087.8866
-304037.8556,-261178.7735,42859.082,483.1908,1068.072
-303990.9143,-261265.5979,42725.3164,499.3032,1056.7071
-303908.1076,-261265.0763,42643.0312,529.8585,1027.2624
-304062.4046,-261310.8734,42751.5312,478.5186,1053.7775
-304074.656,-261288.8162,42785.8398,485.867,1028.5908
-303759.3319,-261249.5585,42509.7734,465.1838,1044.6944
-303811.8558,-261183.512,42628.3438,506.9454,1018.6485
-303983.0153,-261283.0231,42699.9922,477.9142,1031.9241
-303919.9277,-261244.3261,42675.6016,510.7569,1023.5773
-303784.587,-261175.8721,42608.7148,479.0327,1042.755
-303655.8762,-261158.3293,42497.5469,501.0365,1037.1721
-303890.0688,-261297.8774,42592.1914,504.5425,980.9802
-303644.1771,-261187.9466,42456.2305,470.4533,1035.0273
-303868.7477,-261227.3805,42641.3672,505.6464,1047.2282
-304011.8313,-261233.1165,42778.7148,460.0868,1064.955
-303800.7318,-261178.4232,42622.3086,531.9402,1039.7047
-303922.3393,-261178.0072,42744.332,468.0109,1024.7934
-303872.4583,-261125.8138,42746.6445,483.1127,1067.7668
-304157.7518,-261244.1854,42913.5664,516.0304,1048.0403
-303779.3856,-261200.0496,42579.3359,490.7954,1061.2546
-303677.0462,-261127.218,42549.8281,514.3963,1058.4806
-303709.0511,-261082.3402,42626.7109,510.3924,1053.9925
-304237.2781,-261317.3406,42919.9375,497.1941,1050.0347
-303874.3049,-261204.133,42670.1719,515.5225,1070.3952
-303704.0767,-261203.8072,42500.2695,487.3335,1009.8721
-303662.9567,-261147.7067,42515.25,480.3419,1045.7587
-303991.208,-261202.4697,42788.7383,494.7754,1032.7852
-303924.533,-261217.1424,42707.3906,502.8843,1058.215
-303909.9767,-261238.9845,42670.9922,511.9469,1117.2661
-303815.4739,-261251.8841,42563.5898,525.5708,1035.5324
-303865.3389,-261260.7724,42604.5664,505.6113,1082.6552
-303754.4866,-261159.9163,42594.5703,485.9394,1059.8766
-304002.0798,-261299.6618,42702.418,529.5736,1096.3314
-304111.9912,-261254.2217,42857.7695,466.9042,1027.3809
-303919.8673,-261177.2032,42742.6641,485.1696,1004.0435
-304050.5623,-261143.324,42907.2383,471.0989,1060.5568
-303791.6521,-261152.9841,42638.668,517.4081,1085.2409
-303776.0357,-261116.0904,42659.9453,466.4329,1088.9933
-303692.3712,-261108.8829,42583.4883,492.6601,1055.0677
-303664.5725,-261107.5686,42557.0039,471.4591,1057.498
-303753.2048,-261269.1619,42484.043,491.5763,1053.2433
-304146.3652,-261168.4551,42977.9102,463.3021,1049.7842
-303899.7164,-261323.0601,42576.6562,508.8931,1045.5407
-304072.044,-261269.2822,42802.7617,504.5545,1068.2215
-303751.9793,-261127.8738,42624.1055,511.4354,1062.7116
-303703.6653,-261215.6614,42488.0039,485.4764,1012.3404
-304082.454,-261313.8681,42768.5859,506.8862,1013.9353
-304106.339,-261133.1241,42973.2148,490.4549,1028.6822
-303865.7606,-261191.3191,42674.4414,510.3815,1052.8118
-303836.7949,-261190.8378,42645.957,499.9313,1002.44
-303899.8609,-261161.8531,42738.0078,527.8406,1034.5042
-304027.3362,-261292.6565,42734.6797,497.6895,1041.5895
-303917.9714,-261209.8932,42708.0781,496.6861,1090.9412
-303770.2827,-261222.392,42547.8906,489.8617,1069.1551
-303935.0344,-261241.6477,42693.3867,526.7444,1072.1472
-303919.4575,-261318.7544,42600.7031,514.3716,1087.4563
-303796.3128,-261171.5511,42624.7617,480.6622,1079.4629
-303871.2965,-261241.6833,42629.6133,513.3886,1035.259
-303837.9111,-261200.0869,42637.8242,448.1419,1016.6329
-303987.1129,-261154.9254,42832.1875,503.2854,1022.6041
-303593.9542,-261180.712,42413.2422,486.6036,995.4294
-304037.2193,-261217.4068,42819.8125,474.1898,1015.4071
-303967.3714,-261195.5746,42771.7969,494.1095,1040.1385
-304055.3084,-261113.7849,42941.5234,516.8166,1051.706
-303725.7724,-261236.7998,42488.9727,478.3234,1007.5374
-304207.7458,-261164.8005,43042.9453,483.3975,1048.3563
-304011.3887,-261233.5996,42777.7891,480.4819,1010.447
-303776.7687,-261177.1788,42599.5898,483.6175,1077.9662
-303838.1515,-261184.2686,42653.8828,498.3803,1056.7197
-303970.5182,-261190.4909,42780.0273,512.489,997.6181
-303994.3152,-261226.6707,42767.6445,511.7077,1039.8953
-303943.1673,-261171.929,42771.2383,512.4327,1046.8568
-304105.7288,-261203.4749,42902.2539,505.9005,997.3781
-303894.1483,-261194.2069,42699.9414,463.4372,1048.2726
-304177.8717,-261292.9616,42884.9102,529.6752,1056.1901
-304022.1052,-261209.0349,42813.0703,503.9856,1037.414
-304003.2469,-261172.8759,42830.3711,471.6484,1045.5894
-303886.4956,-261182.6792,42703.8164,489.7802,1024.7448
-303930.3211,-261163.3016,42767.0195,505.6535,1021.0987
-303743.3029,-261190.7091,42552.5938,481.5546,1062.5088
-303708.4911,-261187.0145,42521.4766,468.5369,1068.4567
-304101.8411,-261224.5208,42877.3203,530.4414,1040.7417
-304112.6181,-261230.8447,42881.7734,517.2587,1025.7742
-303676.7458,-261118.1833,42558.5625,491.5777,1066.4908
-304088.6743,-261343.436,42745.2383,503.9059,1076.0061
-303920.9607,-261186.4255,42734.5352,476.3756,1032.4075
-303953.2091,-261136.963,42816.2461,506.0867,1050.0062
-303878.968,-261206.6398,42672.3281,500.0634,1086.2339
-303915.2643,-261201.1081,42714.1562,475.7893,1032.9073
-303843.3396,-261154.5232,42688.8164,532.0339,1081.6128
-303864.459,-261085.8457,42778.6133,456.4827,1032.1165
-303829.9706,-261209.2558,42620.7148,507.4,1089.564
-303817.053,-261155.76,42661.293,486.2073,1047.2214
-303856.9275,-261212.3768,42644.5508,507.743,1046.3909
-303938.5471,-261201.0589,42737.4883,462.448,1069.074
-304099.7743,-261198.1415,42901.6328,496.9623,1033.8675
-303968.2775,-261331.4104,42636.8672,516.8052,1034.8455
-303800.328,-261270.3632,42529.9648,521.2421,1049.1973
-303909.5516,-261172.7508,42736.8008,471.5948,1019.205
-303894.9824,-261130.6855,42764.2969,493.8594,1029.4704
-304008.1506,-261298.467,42709.6836,488.2274,1021.2548
-303649.1447,-261145.5744,42503.5703,497.1979,1020.8895
-303932.0842,-261242.967,42689.1172,498.3423,1050.7393
-303776.0992,-261176.939,42599.1602,502.004,1035.945
-304139.6011,-261302.2222,42837.3789,474.1562,1062.2899
-304072.2753,-261156.1855,42916.0898,461.1016,1031.7699
-303948.5861,-261275.2462,42673.3398,493.117,1054.0293
-303851.9434,-261144.1661,42707.7773,494.0618,1042.4718
-304029.9034,-261332.962,42696.9414,491.3746,1052.3171
-303967.6617,-261255.6149,42712.0469,488.2729,1085.0175
-304005.8716,-261174.7232,42831.1484,484.5483,987.5676
-303977.9393,-261241.7792,42736.1602,482.2201,1019.9842
-303737.9723,-261247.0817,42490.8906,499.9906,1073.3072
-303813.9507,-261168.1382,42645.8125,528.8426,1035.9397
-303883.6376,-261224.5165,42659.1211,503.4994,1050.706
-303831.0804,-261331.1077,42499.9727,508.595,1067.0736
-304080.9088,-261181.9361,42898.9727,513.224,1026.7915
-303904.9016,-261201.9016,42703.0,530.821,1029.7675
-304011.8426,-261253.9051,42757.9375,502.1575,1054.8001
-304062.0088,-261184.9267,42877.082,505.3088,1009.8604
-303941.9598,-261239.2098,42702.75,484.732,1047.6102
-303845.243,-261287.3914,42557.8516,503.7749,1043.3036
-303881.9718,-261183.8898,42698.082,482.872,1036.1567
-303748.7953,-261156.1976,42592.5977,485.4886,1040.0196
-303831.2978,-261179.1767,42652.1211,482.8976,1070.0665
-303998.9139,-261259.6874,42739.2266,502.8486,1068.9864
-304061.0582,-261260.0269,42801.0312,482.1224,1020.0707
-303928.6981,-261237.6903,42691.0078,500.7215,1057.9277
-303824.133,-261204.9612,42619.1719,467.1749,1048.7515
-303749.4046,-261259.3382,42490.0664,518.5194,1023.2206
-304188.9465,-261222.8528,42966.0938,468.1027,1023.5707
-303683.1419,-261153.2005,42529.9414,490.0754,991.0306
-303838.5023,-261215.4749,42623.0273,482.9801,1055.6691
-304050.3643,-261246.4698,42803.8945,511.6743,1068.3843
-303899.2801,-261249.6004,42649.6797,496.4691,1025.7442
-303981.2089,-261282.291,42698.918,500.2789,1043.232
-303736.4311,-261142.1381,42594.293,497.7999,1021.4336
-303712.9828,-261232.4789,42480.5039,485.0131,1079.8065
-304071.0409,-261306.9511,42764.0898,494.5465,1097.7642
-304177.7466,-261282.5045,42895.2422,517.5879,1078.4467
-303768.7861,-261161.0712,42607.7148,491.7688,1082.3125
-304255.0106,-261443.9989,42811.0117,503.5804,1055.2352
-304000.8655,-261231.8655,42769.0,501.1418,1064.6378
-303789.3496,-261173.2754,42616.0742,497.4324,1055.285
-303795.5957,-261124.3926,42671.2031,514.798,1030.4853
-303856.3796,-261083.7624,42772.6172,481.2878,1054.0386
-303800.984,-261224.9449,42576.0391,492.4354,1041.0109
-303969.3883,-261188.9391,42780.4492,495.236,1051.2895
-304056.6568,-261231.7349,42824.9219,488.4511,1074.7161
-303756.3906,-261191.168,42565.2227,501.8698,1047.4183
-303781.5003,-261165.1683,42616.332,535.3646,1081.8553
-304031.6757,-261274.0272,42757.6484,500.3817,1054.2806
-303987.6077,-261288.1468,42699.4609,506.9545,1055.2889
-303687.1436,-261185.878,42501.2656,550.3033,1029.833
-303959.7269,-261258.262,42701.4648,505.8285,1069.078
-303884.885,-261149.053,42735.832,515.77,1063.201
-303829.386,-261129.8157,42699.5703,496.4267,1025.6125
-303939.9862,-261226.3065,42713.6797,478.8626,1056.1502
-303683.6117,-261216.2562,42467.3555,470.7129,1077.3086
-303727.9759,-261196.6595,42531.3164,508.934,1069.9578
-303908.6683,-261188.9183,42719.75,493.3739,1077.7118
-303702.1663,-261185.0062,42517.1602,494.1786,1008.4044
-303818.6818,-261203.963,42614.7188,496.4672,1058.0958
-303661.474,-261205.0404,42456.4336,491.7684,1054.5645
-303844.5244,-261258.8525,42585.6719,475.3009,1067.775
-304004.9334,-261339.1248,42665.8086,513.318,1041.3734
-304093.2562,-261254.4085,42838.8477,504.1547,1046.5397
-303881.7565,-261248.2721,42633.4844,528.6596,1082.741
-304057.5556,-261176.6494,42880.9062,512.2263,1076.8265
-303871.7652,-261188.9996,42682.7656,498.7765,1028.281
-303695.1661,-261136.834,42558.332,489.729,1068.1471
-304060.6886,-261312.3488,42748.3398,505.9102,1031.9614
-303937.7246,-261254.5722,42683.1523,525.0482,1099.3638
-303948.0544,-261280.488,42667.5664,484.4711,1041.3187
-303879.2218,-261175.4835,42703.7383,511.574,1078.1898
-303958.6068,-261263.0053,42695.6016,503.4614,1063.2109
-303969.6148,-261177.9547,42791.6602,497.3471,1047.5908
-303967.385,-261285.4553,42681.9297,519.4266,1063.0548
-304000.349,-261139.3099,42861.0391,478.9581,1041.8574
-304007.2552,-261255.9466,42751.3086,490.5481,1099.2101
-303943.6126,-261171.2103,42772.4023,492.209,1047.5484
-303832.649,-261192.9693,42639.6797,517.1139,995.0544
-304108.8976,-261312.2452,42796.6523,498.2526,1081.4039
-304054.0206,-261250.8213,42803.1992,480.289,1061.3148
-303867.3846,-261173.5057,42693.8789,493.0766,1072.5589
-303887.925,-261186.9953,42700.9297,462.1047,1048.9428
-303830.0593,-261115.9382,42714.1211,507.6446,1053.716
-304024.8982,-261161.8201,42863.0781,492.4738,1038.1101
-303786.6924,-261180.5556,42606.1367,495.5905,1085.0497
-303882.3834,-261072.5866,42809.7969,482.6668,1070.703
-304013.2161,-261208.6419,42804.5742,472.5268,1045.9346
-303896.9187,-261242.2898,42654.6289,469.0621,1015.0919
-303897.5295,-261295.1037,42602.4258,487.2995,1041.0801
-304111.691,-261215.2847,42896.4062,498.3326,1031.3353
-303992.2045,-261276.1225,42716.082,481.1334,1034.9151
-303958.8139,-261257.7202,42701.0938,490.9015,1074.8948
-304065.75,-261281.2226,42784.5273,480.9137,1053.8902
-303884.9751,-261212.7329,42672.2422,499.3126,1065.8207
-303769.9675,-261029.3308,42740.6367,516.5453,1040.2673
-303847.8367,-261183.1687,42664.668,519.2856,1040.183
-303848.072,-261155.7165,42692.3555,550.7198,1053.152
-303695.3007,-261278.3671,42416.9336,516.7592,1026.7668
-304162.6106,-261339.1926,42823.418,507.8074,1077.8567
-304053.9856,-261182.9583,42871.0273,470.1259,1068.0473
-303884.0364,-261260.6067,42623.4297,460.2816,1062.3142
-303910.94,-261129.2643,42781.6758,487.7461,1015.631
-303970.5949,-261235.9621,42734.6328,494.9379,1029.3508
-303910.0319,-261142.4069,42767.625,493.4004,1068.2727
-304007.8662,-261272.3974,42735.4688,506.3787,1052.0885
-303698.5495,-261160.8112,42537.7383,497.6391,1076.7212
-303867.9777,-261212.3215,42655.6562,471.2508,1064.2889
-303813.2176,-261173.2918,42639.9258,487.211,1053.5464
-303973.1143,-261217.3799,42755.7344,506.5165,1058.1704
-303896.2799,-261229.0338,42667.2461,513.6541,1049.4902
-303976.4862,-261182.8339,42793.6523,497.5288,1078.0156
-303735.9344,-261199.5281,42536.4062,490.0238,1050.4829
-304057.4905,-261221.2092,42836.2812,493.7085,1085.26
-304100.232,-261209.0445,42891.1875,501.1821,1001.6562
-304052.0826,-261328.7115,42723.3711,513.5653,1043.7777
-303940.8108,-261088.4358,42852.375,479.3993,1053.5001
-303969.0175,-261128.4043,42840.6133,505.8286,1055.3057
-303943.1582,-261264.4511,42678.707,491.3129,1056.7035
-304037.5073,-261356.7299,42680.7773,489.5844,1041.354
-304232.3357,-261287.6247,42944.7109,488.5647,1060.3306
-303718.0265,-261162.9445,42555.082,483.4781,1067.5543
-304039.0686,-261204.8655,42834.2031,494.6423,1083.3333
-303815.0027,-261231.8777,42583.125,495.6994,1032.414
-303837.9545,-261289.0951,42548.8594,513.5558,1093.2387
-303863.4996,-261127.8746,42735.625,475.7141,1026.7264
-303774.2969,-261179.4024,42594.8945,487.3533,1087.497
-303980.1337,-261254.1376,42725.9961,531.2229,1046.4278
-303686.1062,-261069.8171,42616.2891,464.5162,1046.1003
-304111.5355,-261325.7308,42785.8047,485.1152,1092.3161
-304010.2379,-261255.5582,42754.6797,493.8326,1006.242
-304034.8725,-261241.0795,42793.793,511.2005,1066.8548
-303829.4499,-261125.9656,42703.4844,511.3066,1060.9464
-303654.6819,-261120.2483,42534.4336,500.8782,1016.9187
-303893.2169,-261224.8341,42668.3828,477.5066,1042.9055
-304125.4991,-261321.3702,42804.1289,530.9344,1033.6831
-303900.6168,-261190.1754,42710.4414,459.2813,1073.4462
-303925.1007,-261219.1632,42705.9375,474.318,1059.9531
-303822.266,-261190.0042,42632.2617,485.1012,1065.5117
-304103.6313,-261158.0806,42945.5508,454.9498,1024.9928
-303893.5773,-261219.7141,42673.8633,501.7468,1080.7142
-303838.3132,-261260.3835,42577.9297,491.335,1046.2052
-304150.6545,-261278.3302,42872.3242,508.5428,1058.0123
-303923.3627,-261087.0033,42836.3594,476.3437,1047.2006
-303810.3505,-261103.7802,42706.5703,498.8005,1111.1362
-303937.5043,-261092.9887,42844.5156,491.331,1047.624
-303989.857,-261270.2203,42719.6367,506.4233,1039.9613
-303936.7244,-261196.1189,42740.6055,504.4481,1018.5017
-304153.4403,-261278.87,42874.5703,500.6812,1086.1465
-304030.3379,-261374.7637,42655.5742,473.4886,1012.5764
-304036.0658,-261314.0228,42722.043,503.5214,1074.4628
-303985.6444,-261246.9843,42738.6602,525.396,1049.3632
-304005.3619,-261229.5455,42775.8164,454.5132,1085.2992
-303702.0397,-261089.5944,42612.4453,494.864,1039.8434
-304000.7242,-261269.0406,42731.6836,469.6464,1076.1534
-303791.1922,-261156.911,42634.2812,512.9914,1029.3148
-304207.0835,-261323.8764,42883.207,502.1087,1014.9762
-303879.3124,-261290.7577,42588.5547,476.6389,1049.3911
-303902.2581,-261165.4534,42736.8047,481.041,1047.3812
-303971.7399,-261253.904,42717.8359,501.7412,1076.501
-303787.9883,-261159.1368,42628.8516,511.3118,1047.7018
-303886.4125,-261204.7289,42681.6836,495.6328,1097.7845
-303921.9285,-261186.3894,42735.5391,505.7948,1052.303
-304051.299,-261288.7912,42762.5078,496.3457,1067.7329
-304151.0568,-261228.8303,42922.2266,467.0915,1037.3395
-304310.9818,-261280.6654,43030.3164,524.0917,1068.8709
-303923.8658,-261161.6353,42762.2305,482.678,1064.138
-303740.7708,-261148.763,42592.0078,487.7248,1054.1258
-303828.7684,-261142.6707,42686.0977,507.9508,1058.0106
-303883.3085,-261105.6991,42777.6094,469.2112,1078.6139
-303975.5078,-261219.332,42756.1758,486.9067,1063.8484
-303799.3806,-261172.0525,42627.3281,488.512,1045.5338
-303868.5425,-261176.1011,42692.4414,487.9384,1042.8309
-303833.0853,-261240.5892,42592.4961,499.8689,1043.3469
-303929.5626,-261249.2696,42680.293,507.4253,1013.2683
-303828.5872,-261268.3255,42560.2617,517.5692,1059.1021
-304043.9092,-261265.1748,42778.7344,484.4558,1028.9079
-303910.7024,-261166.2336,42744.4688,490.1729,1063.6126
-303597.2009,-261264.8493,42332.3516,503.0887,1040.657
-303837.1089,-261209.7612,42627.3477,505.7097,1115.8844
-303948.5522,-261270.3803,42678.1719,514.8823,1023.2091
-304012.7901,-261290.5674,42722.2227,512.0237,1060.7341
-303692.7459,-261196.031,42496.7148,456.5557,1049.0113
-303845.1568,-261156.4615,42688.6953,482.4046,1040.9244
-303986.3901,-261152.1128,42834.2773,480.4413,1066.0006
-304036.6533,-261266.7392,42769.9141,483.16,1079.3931
-304058.7056,-261181.022,42877.6836,489.5605,1056.2628
-304096.7344,-261301.6406,42795.0938,459.9384,1067.3296
-303684.8673,-261151.7188,42533.1484,450.0774,1052.0367
-304111.2662,-261287.7467,42823.5195,476.649,1100.7159
-303887.319,-261127.7721,42759.5469,481.4193,1078.47
-303996.135,-261178.6975,42817.4375,511.0163,1043.0494
-303909.606,-261194.8677,42714.7383,495.4399,1075.6814
-304112.2269,-261291.7543,42820.4727,499.0138,1075.4088
-303802.011,-261265.2493,42536.7617,486.845,1057.6165
-303847.0565,-261148.3651,42698.6914,492.8105,1022.1493
-304039.8642,-261305.7509,42734.1133,490.4361,1048.4803
-304011.687,-261214.3354,42797.3516,452.416,1040.8638
-303820.8916,-261183.9346,42636.957,483.2401,1078.8588
-303806.1105,-261142.5245,42663.5859,488.1268,1042.9394
-303971.3948,-261187.012,42784.3828,496.1385,1043.5232
-304100.3935,-261287.2334,42813.1602,512.9427,1093.5666
-303842.6308,-261180.119,42662.5117,473.377,1077.6989
-304079.7564,-261297.6158,42782.1406,481.6405,1050.7496
-304008.6934,-261215.6192,42793.0742,508.7276,1075.9176
-303903.8154,-261230.3193,42673.4961,493.7756,1046.398
-303747.1633,-261238.6047,42508.5586,472.8364,1059.3062
-304064.4359,-261313.6703,42750.7656,479.6862,1055.1962
-303830.1876,-261257.8282,42572.3594,510.6753,1089.7077
-303983.6484,-261305.5508,42678.0977,507.7938,1073.4114
-303963.3417,-261228.7558,42734.5859,469.7934,1026.7338
-304175.3337,-261292.2907,42883.043,513.8494,1017.9126
-303778.792,-261233.2256,42545.5664,485.3946,1068.0368
-303967.1154,-261254.42,42712.6953,456.6796,1082.682
-303715.6282,-261229.722,42485.9062,493.1448,1034.64
-304122.5497,-261251.1239,42871.4258,490.7436,1088.5659
-303961.5775,-261241.14,42720.4375,498.06,1070.5539
-303983.4712,-261272.354,42711.1172,490.7257,1048.297
-303762.9259,-261233.297,42529.6289,499.5659,1061.2207
-303706.5294,-261080.9591,42625.5703,498.1818,1059.2413
-303815.672,-261115.8478,42699.8242,504.6403,1087.3863
-303896.5815,-261116.1675,42780.4141,523.342,1032.6565
-303905.1652,-261256.1847,42648.9805,479.8706,1058.3029
-304166.1285,-261187.9019,42978.2266,497.9771,1038.1623
-303649.6499,-261129.5445,42520.1055,495.4442,1046.6301
-304186.6411,-261211.7349,42974.9062,495.7405,1080.3019
-304124.2419,-261311.9606,42812.2812,511.6857,1018.7007
-304175.8901,-261197.355,42978.5352,468.1318,1075.6715
-304035.6818,-261259.0138,42776.668,449.9546,1059.0531
-303815.2887,-261204.5465,42610.7422,544.0398,1050.495
-303918.0673,-261248.5634,42669.5039,512.4836,1087.3249
-303921.3398,-261126.6874,42794.6523,475.3903,1083.6591
-304087.9793,-261301.3387,42786.6406,499.9125,1118.82
-303889.3843,-261157.896,42731.4883,503.8929,1051.2764
-303878.9939,-261238.0642,42640.9297,486.4237,1043.4067
-303828.7791,-261115.5604,42713.2188,498.5531,1069.5125
-304008.1375,-261269.8563,42738.2812,502.9495,1067.5936
-303967.0535,-261262.6668,42704.3867,473.182,1018.1645
-304006.5508,-261201.0079,42805.543,508.5318,1051.611
-304202.6898,-261241.9828,42960.707,497.8787,1016.6027
-303735.7946,-261211.4743,42524.3203,510.4596,1068.3041
-303828.0487,-261172.4783,42655.5703,477.2878,1052.3327
-303978.6116,-261174.4007,42804.2109,481.322,1052.2478
-303832.1272,-261146.7171,42685.4102,476.2794,1042.9548
-304060.7665,-261234.5478,42826.2188,506.9369,1059.5996
-304025.0009,-261222.3408,42802.6602,489.4308,1033.562
-303696.3497,-261209.1739,42487.1758,511.9439,1085.9617
-303956.1643,-261374.5315,42581.6328,493.7771,1088.9368
-304101.1089,-261266.148,42834.9609,484.6588,1073.3075
-303906.5146,-261194.8818,42711.6328,514.729,1039.32
-303877.6426,-261223.3262,42654.3164,522.9178,1004.8025
-303970.8763,-261284.1263,42686.75,491.3515,1013.1721
-303894.9762,-261199.9996,42694.9766,538.6411,1070.4124
-303834.3259,-261272.5173,42561.8086,510.788,1114.5202
-303841.1601,-261185.8437,42655.3164,488.4891,1031.8529
-303964.82,-261162.5583,42802.2617,487.8399,1044.7835
-303953.6892,-261179.6697,42774.0195,496.9943,1056.013
-303752.0777,-261055.0465,42697.0312,482.9435,1037.7836
-304126.744,-261268.3183,42858.4258,471.6423,1036.5979
-304068.1182,-261276.7158,42791.4023,485.651,1043.9555
-303725.9495,-261123.7034,42602.2461,471.3782,1023.2033
-303969.1033,-261191.0682,42778.0352,507.1287,1051.6352
-304036.8588,-261312.4252,42724.4336,478.5972,1034.088
-304004.6038,-261164.3616,42840.2422,509.6651,1085.326
-303945.5582,-261207.4019,42738.1562,479.8048,1049.5347
-303955.1297,-261147.9227,42807.207,462.615,998.1068
-303835.6381,-261133.5365,42702.1016,504.8327,1055.7604
-304002.8278,-261259.7223,42743.1055,512.2339,1004.3131
-303992.0578,-261267.5226,42724.5352,506.2499,1065.4371
-303924.4738,-261225.0402,42699.4336,517.9785,1036.7339
-303888.3692,-261118.5488,42769.8203,485.3117,1070.3348
-304063.2793,-261245.9355,42817.3438,481.0785,1059.3446
-303981.2589,-261321.5089,42659.75,482.1808,1070.0123
-303997.0531,-261156.3617,42840.6914,474.1687,998.4113
-304002.2701,-261213.2623,42789.0078,510.6854,1030.3373
-303967.7614,-261217.1325,42750.6289,484.444,1063.5205
-303724.0783,-261127.7307,42596.3477,509.3463,1050.3139
-303863.2745,-261168.5206,42694.7539,496.0191,1047.4793
-303659.4993,-261185.6868,42473.8125,467.3264,1081.1934
-303786.7789,-261181.9742,42604.8047,512.1958,1050.1911
-303731.8351,-261134.2062,42597.6289,514.2185,1042.8094
-303974.0992,-261210.5523,42763.5469,493.0374,1055.6498
-303717.9002,-261127.826,42590.0742,521.3122,1034.6083
-303853.1215,-261083.2074,42769.9141,498.0198,1033.2061
-304074.0962,-261331.311,42742.7852,509.8461,1024.7511
-303865.9523,-261224.4405,42641.5117,500.1314,1040.9243
-303983.9802,-261221.2614,42762.7188,520.2098,1047.3425
-303662.3652,-261261.1699,42401.1953,506.7094,1069.1959
-303957.9808,-261239.0628,42718.918,489.6137,1020.8174
-303759.1091,-261209.8356,42549.2734,503.2752,1085.9081
-303954.3784,-261150.1128,42804.2656,503.0138,1076.1858
-303868.8737,-261146.03,42722.8438,472.0615,1046.2127
-304016.308,-261206.2416,42810.0664,486.5416,1090.2019
-303958.7963,-261235.0541,42723.7422,513.4149,1027.3185
-304044.1029,-261229.1029,42815.0,492.3278,1010.3412
-303949.1773,-261209.0679,42740.1094,481.4108,1052.8089
-303759.0415,-261229.1079,42529.9336,474.6212,1044.8876
-303767.3774,-261298.1782,42469.1992,499.2628,1037.2175
-304129.2161,-261346.595,42782.6211,470.7611,1058.8971
-303843.677,-261162.345,42681.332,504.7967,1071.4366
-303907.4064,-261241.0392,42666.3672,506.8868,1051.0741
-303897.8765,-261252.2944,42645.582,487.9571,1070.0752
-303571.5155,-261188.9178,42382.5977,481.197,1042.3046
-303843.1392,-261317.9244,42525.2148,474.0398,1088.2259
-303914.7569,-261201.0381,42713.7188,464.2067,998.5823
-303863.3868,-261200.4805,42662.9062,484.021,1000.4739
-303868.994,-261222.826,42646.168,493.1707,1062.1976
-303895.2284,-261197.5487,42697.6797,514.1447,1057.6743
-304138.6351,-261315.971,42822.6641,527.3991,1035.0888
-303876.6062,-261249.8719,42626.7344,502.2068,1089.3749
-303883.4696,-261211.1884,42672.2812,498.9682,1015.2605
-303885.5277,-261156.0784,42729.4492,511.3274,1056.0158
-303849.0174,-261181.8221,42667.1953,489.4064,1063.5624
-304077.3397,-261247.7225,42829.6172,470.4737,1054.0608
-303823.1038,-261224.553,42598.5508,489.6416,1080.7364
-304041.1154,-261276.1037,42765.0117,529.1118,1050.5281
-304149.8077,-261238.796,42911.0117,492.4454,1060.2473
-303957.9622,-261317.7317,42640.2305,530.269,1102.408
-303874.1848,-261214.4973,42659.6875,489.6346,1063.5729
-303762.6748,-261189.6709,42573.0039,515.7166,1044.5116
-303948.6584,-261231.9748,42716.6836,476.7892,1058.6883
-304143.3141,-261245.4938,42897.8203,492.2639,1082.3617
-303994.3336,-261223.0406,42771.293,515.8419,1033.0288
-303770.5626,-261192.8868,42577.6758,497.305,1039.7431
-303831.3394,-261178.5269,42652.8125,477.8278,1076.0406
-303767.7411,-261167.331,42600.4102,504.3332,1091.2814
-303924.1633,-261194.5539,42729.6094,487.7401,1047.8453
-303712.2156,-261163.5945,42548.6211,500.3543,1025.3574
-303812.0731,-261205.7723,42606.3008,492.5919,1047.7713
-304010.9937,-261316.0327,42694.9609,528.8367,1046.3381
-303891.6719,-261235.039,42656.6328,520.2745,1068.2792
-304017.1284,-261274.4018,42742.7266,458.0354,1040.475
-303854.6312,-261231.2406,42623.3906,475.9085,1062.9071
-303964.5321,-261262.5555,42701.9766,490.2342,1058.714
-303905.4005,-261171.0216,42734.3789,537.1821,1025.5127
-303815.3033,-261137.7251,42677.5781,471.9519,1048.0162
-303697.661,-261129.6024,42568.0586,497.3365,1041.6533
-303948.7669,-261242.2318,42706.5352,480.0911,1015.0678
-304054.5477,-261203.661,42850.8867,509.8744,1088.2168
-304047.3989,-261186.9067,42860.4922,513.9653,1048.8108
-304158.8656,-261204.1351,42954.7305,491.7641,1067.206
-303759.826,-261178.5799,42581.2461,457.0534,1049.0737
-303855.7174,-261271.7565,42583.9609,472.3574,1047.7885
-303951.5476,-261276.5554,42674.9922,468.7333,1018.0687
-303824.876,-261271.9893,42552.8867,523.336,1040.8582
-304166.1869,-261279.8158,42886.3711,486.3724,1052.2528
-303976.1752,-261227.3353,42748.8398,500.8887,1049.8834
-304064.6145,-261248.677,42815.9375,505.9613,1067.5988
-303971.5359,-261272.5828,42698.9531,508.9603,1057.999
-303684.7262,-261195.1832,42489.543,498.9824,1048.2613
-303686.632,-261136.2492,42550.3828,495.1558,1035.5985
-303847.1636,-261145.4371,42701.7266,476.6002,1024.6681
-303813.1916,-261112.1603,42701.0312,500.7597,1085.3473
-303974.4173,-261273.4837,42700.9336,511.5287,1023.9805
-304036.7193,-261213.9889,42822.7305,469.2705,1045.1781
-304097.9674,-261289.4596,42808.5078,491.4436,1081.3803
-303982.3557,-261246.2893,42736.0664,486.2732,1014.0486
-303921.6029,-261236.849,42684.7539,469.2538,1061.2654
-303913.2296,-261118.3858,42794.8438,513.4626,1074.5293
-303806.4103,-261141.6486,42664.7617,467.257,1040.8974
-303832.5246,-261122.509,42710.0156,489.6937,1010.721
-304059.8369,-261300.583,42759.2539,506.0147,1025.0084
-303666.9019,-261117.898,42549.0039,497.1563,1046.6323
-303807.0304,-261199.5694,42607.4609,490.1277,1031.9667
-303790.9117,-261272.5718,42518.3398,496.6411,1016.6761
-303829.2566,-261102.2996,42726.957,499.4609,1060.1761
-303860.3239,-261165.695,42694.6289,530.1765,1026.9439
-304017.0541,-261253.3353,42763.7188,510.3323,1033.6658
-303947.89,-261229.0033,42718.8867,507.2793,1065.7506
-304172.8497,-261265.045,42907.8047,507.0352,1006.1162
-304133.3116,-261245.546,42887.7656,500.7843,1073.5378
-303957.7508,-261319.3016,42638.4492,513.8513,1058.4875
-303854.5528,-261194.9121,42659.6406,494.8509,1026.579
-303845.8414,-261136.9274,42708.9141,505.5303,1015.6801
-304068.8531,-261271.771,42797.082,528.8069,1037.7736
-304070.1481,-261277.7887,42792.3594,483.3111,1067.3529
-304009.3061,-261270.0405,42739.2656,510.2203,1073.2628
-303913.3723,-261259.47,42653.9023,485.7224,1085.2208
-303962.2808,-261231.0777,42731.2031,492.6627,1044.0421
-303732.6704,-261246.9712,42485.6992,449.2544,1044.5896
-303945.2003,-261139.0558,42806.1445,487.5757,1034.6789
-303877.8575,-261189.7325,42688.125,492.6224,1042.5236
-303903.2479,-261187.1033,42716.1445,469.7988,1048.4604
-303681.4746,-261177.0645,42504.4102,468.7452,1069.8636
-303920.9655,-261170.1881,42750.7773,508.3417,1065.0212
-303771.4483,-261294.5772,42476.8711,485.6088,1086.6753
-303712.4413,-261223.0741,42489.3672,493.7247,1078.0821
-303841.9578,-261146.7039,42695.2539,508.6711,1041.2893
-303831.5949,-261225.8136,42605.7812,498.9133,1019.1143
-303897.7422,-261186.293,42711.4492,464.158,1020.3221
-303943.8753,-261295.5589,42648.3164,503.6592,1009.2278
-303876.5109,-261172.8117,42703.6992,520.0255,1020.175
-303889.9881,-261157.906,42732.082,490.5854,1027.3254
-303885.1153,-261187.17,42697.9453,516.9434,1047.5647
-304011.1348,-261191.6621,42819.4727,469.8256,1052.3189
-303864.4848,-261007.3012,42857.1836,500.3182,1025.5624
-303853.0441,-261164.9034,42688.1406,518.7531,1046.7781
-303838.6229,-261035.5682,42803.0547,479.2748,1037.4133
-303963.505,-261195.6143,42767.8906,479.2971,1052.1323
-303841.2795,-261172.3616,42668.918,485.8433,1080.6025
-303812.3013,-261179.856,42632.4453,490.6793,1043.1119
-303760.1255,-261172.9146,42587.2109,480.6685,1084.3441
-303861.4912,-261204.9912,42656.5,497.0096,1052.1814
-304125.7798,-261269.6665,42856.1133,500.7815,1031.4954
-304001.7041,-261145.5595,42856.1445,508.1754,1018.1321
-303763.3387,-261274.6004,42488.7383,504.7528,1060.0877
-303594.1238,-261198.7606,42395.3633,513.1931,1122.7371
-303839.1993,-261199.211,42639.9883,491.1244,1072.8131
-303709.1377,-261073.3759,42635.7617,505.0984,1046.9977
-303885.4927,-261206.0786,42679.4141,521.0423,1064.1883
-303811.1762,-261140.7426,42670.4336,523.2823,1041.9903
-303988.3101,-261175.6343,42812.6758,492.048,1061.3161
-303744.1232,-261178.1545,42565.9688,498.1919,1062.2022
-303961.9348,-261154.0481,42807.8867,487.5388,1038.6195
-303834.7902,-261118.8175,42715.9727,506.6957,1062.175
-304130.9994,-261261.0854,42869.9141,535.7836,1058.4139
-303941.719,-261291.9534,42649.7656,513.2938,1031.9282
-303839.3411,-261229.552,42609.7891,524.1143,1048.4737
-303801.3287,-261195.1099,42606.2188,509.5515,1069.2845
-304006.6704,-261180.1353,42826.5352,478.682,1049.6961
-303874.4133,-261169.5734,42704.8398,467.2429,1056.5788
-303721.9249,-261186.003,42535.9219,535.9627,1064.7721
-303938.9389,-261256.8959,42682.043,481.9179,1050.6382
-303779.7261,-261128.8901,42650.8359,496.5845,1065.2948
-303970.0337,-261187.5181,42782.5156,468.3971,1021.0451
-303914.1656,-261222.7945,42691.3711,479.9977,1046.1887
-303859.7346,-261230.0432,42629.6914,462.2656,1044.249
-303791.2636,-261203.0214,42588.2422,507.0892,1100.8602
-303746.1714,-261219.8628,42526.3086,498.7197,1047.0226
-303966.8865,-261210.3747,42756.5117,499.9594,1056.8962
-303895.4481,-261188.6981,42706.75,530.6421,1073.339
-303948.3703,-261182.3156,42766.0547,463.6231,1047.8359
-304185.1023,-261169.4812,43015.6211,495.9296,1076.4033
-303920.7278,-261134.3606,42786.3672,498.995,1068.5173
-303949.5962,-261222.854,42726.7422,487.3146,1083.6065
-303917.6543,-261237.334,42680.3203,515.2888,1056.9167
-303457.6962,-261121.0126,42336.6836,526.2747,1046.2567
-304209.7715,-261230.9903,42978.7812,502.3248,1057.8526
-304239.2742,-261330.5633,42908.7109,519.0058,1087.6223
-303914.5516,-261152.7118,42761.8398,506.6748,1107.1259
-303661.6423,-261135.3533,42526.2891,449.8765,1082.4745
-303935.7518,-261156.1112,42779.6406,482.6834,1074.7625
-304095.4624,-261256.1772,42839.2852,470.9131,1016.8646
-303936.0342,-261192.7998,42743.2344,478.332,1023.112
-303760.5753,-261256.6964,42503.8789,479.6675,1016.0949
-303616.993,-261136.3836,42480.6094,492.9797,1041.6372
-304023.2966,-261278.906,42744.3906,474.18,1035.2556
-303958.3383,-261281.4828,42676.8555,500.3613,1046.3719
-304083.9267,-261291.0713,42792.8555,454.389,1007.8505
-304091.4683,-261219.5972,42871.8711,479.9968,1068.6386
-304028.6898,-261246.6039,42782.0859,463.6597,1053.7306
-303908.0345,-261156.3744,42751.6602,455.1677,1068.0888
-304013.6611,-261258.6689,42754.9922,504.3319,1069.7698
-303813.0619,-261172.0619,42641.0,509.1096,1043.9318
-304001.4762,-261205.4098,42796.0664,495.8911,1033.3643
-303875.2995,-261139.4714,42735.8281,512.5242,1032.5151
-304098.2118,-261205.0477,42893.1641,506.8011,1051.2912
-304047.2829,-261202.9743,42844.3086,502.3158,1045.5531
-304161.9751,-261230.6001,42931.375,500.1441,1048.6042
-303914.9174,-261189.5111,42725.4062,496.6852,1077.011
-304038.7053,-261175.3069,42863.3984,467.6062,1100.9571
-303968.9147,-261188.7897,42780.125,480.3557,1063.6926
-303852.0347,-261284.6636,42567.3711,496.5377,1066.4288
-304044.7297,-261286.1477,42758.582,477.4575,1073.8019
-304033.5012,-261345.6809,42687.8203,489.5152,1060.2525
-303664.4064,-261204.7696,42459.6367,512.5796,1043.3957
-303698.6098,-261258.6762,42439.9336,495.6441,1023.5724
-303884.4752,-261235.858,42648.6172,522.7591,1025.4501
-303710.8047,-261076.8047,42634.0,516.79,1052.7625
-304011.7159,-261112.083,42899.6328,502.329,1051.9732
-303752.661,-261218.5868,42534.0742,514.8696,1078.965
-304005.2751,-261173.4939,42831.7812,485.7258,1074.3234
-303937.0082,-261115.8832,42821.125,483.0402,1053.1862
-303689.7251,-261211.7056,42478.0195,510.2342,1073.5995
-303956.3828,-261127.3399,42829.043,473.4373,1051.9417
-303728.7957,-261123.3348,42605.4609,497.8551,1053.1043
-303838.5432,-261240.5784,42597.9648,478.3053,1028.9644
-303936.571,-261271.5475,42665.0234,491.9999,1075.1554
-303905.497,-261249.8369,42655.6602,505.2975,1017.8893
-303899.0935,-261172.9958,42726.0977,495.0779,997.6213
-303531.1963,-261107.3213,42423.875,510.5587,1030.1478
-303741.0402,-261162.091,42578.9492,518.7446,1011.5459
-303957.6657,-261139.1227,42818.543,458.4885,1056.0547
-303803.5085,-261257.903,42545.6055,468.9676,1058.7472
-304005.7726,-261126.9445,42878.8281,536.4761,1037.6208
-303714.0829,-261220.997,42493.0859,479.7997,1060.9696
-304039.8064,-261362.197,42677.6094,507.3705,1034.8479
-303706.3845,-261184.1384,42522.2461,487.6313,1057.3937
-303954.3096,-261265.1612,42689.1484,518.6035,1040.4908
-303744.3606,-261208.1262,42536.2344,500.9489,1057.1786
-303970.166,-261203.248,42766.918,500.7774,1022.7925
-303761.0035,-261190.0816,42570.9219,467.6314,1039.3401
-303839.7946,-261200.3454,42639.4492,502.1164,1090.4947
-303820.5812,-261155.2843,42665.2969,519.0186,1022.3998
-303977.3127,-261156.3947,42820.918,506.7459,1055.6198
-303795.0385,-261286.976,42508.0625,467.0738,1035.6889
-304160.9173,-261270.1009,42890.8164,493.6056,1089.8031
-303854.8132,-261117.8406,42736.9727,495.7194,1077.1313
-303891.8927,-261160.0607,42731.832,468.5431,1060.9359
-303493.9876,-261054.304,42439.6836,504.8712,1037.3051
-304138.2699,-261276.9066,42861.3633,491.6439,1043.6149
-303873.8677,-261194.2193,42679.6484,487.0795,1046.5932
-304041.6127,-261180.808,42860.8047,494.1795,1089.8615
-303730.3339,-261192.5214,42537.8125,515.6155,1039.2088
-303963.1403,-261241.9685,42721.1719,512.2234,1070.183
-304017.7546,-261233.5046,42784.25,504.4074,1052.5575
-304029.8093,-261185.5202,42844.2891,485.6117,990.0704
-304018.8032,-261184.8188,42833.9844,483.5753,1021.7086
-304015.2638,-261143.6154,42871.6484,470.2299,1046.7557
-304028.5974,-261240.7693,42787.8281,517.8852,1042.3353
-303879.1287,-261193.242,42685.8867,506.6128,1057.9764
-303921.8408,-261283.7705,42638.0703,511.4836,999.7231
-304059.5024,-261226.975,42832.5273,514.256,1048.0008
-304058.5986,-261227.1924,42831.4062,483.0846,990.9689
-303818.3786,-261113.8747,42704.5039,494.8549,1036.316
-304077.5183,-261288.7878,42788.7305,510.2851,1053.2597
-303745.589,-261269.7374,42475.8516,491.1044,1080.3332
-303777.0336,-261195.5882,42581.4453,506.3686,1053.354
-304113.1297,-261191.493,42921.6367,467.2088,1061.9773
-303932.7114,-261247.9067,42684.8047,492.7838,1008.5999
-303803.4083,-261286.8965,42516.5117,480.5588,1065.6612
-303827.606,-261150.6139,42676.9922,490.4966,1068.6419
-303635.8482,-261143.4732,42492.375,474.2436,1050.0294
-303976.9021,-261125.7342,42851.168,460.8023,1058.1724
-303718.6267,-261197.1423,42521.4844,485.7195,1059.601
-303882.2732,-261210.7537,42671.5195,472.5846,998.9301
-304073.1308,-261290.6035,42782.5273,503.3468,1047.1978
-303909.5655,-261253.2178,42656.3477,500.0325,1027.6423
-303887.1163,-261231.6866,42655.4297,502.5253,1039.8278
-303943.366,-261284.9519,42658.4141,492.0922,1120.0432
-303845.8783,-261229.7103,42616.168,506.8559,1069.836
-303871.0391,-261106.5781,42764.4609,515.1261,1031.5714
-303690.4305,-261232.622,42457.8086,504.1728,1046.2955
-304044.518,-261239.643,42804.875,509.8906,1080.7825
-303633.264,-261193.3069,42439.957,481.3623,1057.8984
-303761.7145,-261177.8004,42583.9141,470.7652,1079.3645
-303929.184,-261248.8598,42680.3242,477.6568,997.5559
-303838.3237,-261223.7573,42614.5664,519.2029,1085.0083
-303898.4197,-261219.7947,42678.625,514.1676,1028.8551
-304032.4824,-261275.6269,42756.8555,515.8671,1049.6728
-303932.0808,-261191.1355,42740.9453,479.871,1040.5766
-303704.0132,-261221.0757,42482.9375,495.8319,1050.0567
-303981.2608,-261242.4718,42738.7891,495.6398,1072.5577
-303694.5056,-261186.4939,42508.0117,520.4159,1019.4338
-304167.9267,-261291.0674,42876.8594,505.695,1007.2545
-303907.2227,-261244.9727,42662.25,485.1972,1084.7506
-303758.6241,-261227.6163,42531.0078,469.0333,1038.7152
-303726.4606,-261132.3473,42594.1133,513.3788,1031.2399
-303919.6817,-261250.5489,42669.1328,506.1799,1047.2602
-303887.0211,-261239.1031,42647.918,496.7316,1054.4565
-303537.5729,-261202.6784,42334.8945,494.1416,1065.2622
-303885.5243,-261159.1727,42726.3516,509.3198,1034.0851
-304314.3131,-261199.0319,43115.2812,460.6921,1035.7179
-304138.6492,-261190.4187,42948.2305,475.3121,1053.5997
-304017.2386,-261268.1917,42749.0469,488.2647,1055.5601
-303951.0975,-261210.3006,42740.7969,482.6008,1010.4079
-304071.0483,-261264.2905,42806.7578,506.7201,1020.981
-303855.0251,-261197.6384,42657.3867,502.7316,1037.8665
-303929.4241,-261278.0803,42651.3438,502.2087,1012.9013
-303881.8378,-261106.6308,42775.207,538.2446,1022.6112
-303991.2982,-261145.2005,42846.0977,499.5305,1014.9784
-303905.9123,-261193.0529,42712.8594,495.3879,1060.035
-303949.9266,-261265.6805,42684.2461,488.0739,1069.8252
-303656.3584,-261170.3427,42486.0156,514.284,1076.3444
-303899.3834,-261170.1763,42729.207,507.5474,1012.8895
-303875.5182,-261233.5885,42641.9297,504.9438,1061.5749
-303782.7904,-261216.6029,42566.1875,505.8664,1047.3931
-303894.8944,-261194.1796,42700.7148,511.1334,1107.8486
-303857.7534,-261166.9956,42690.7578,464.6224,1042.7314
-303926.1358,-261140.8233,42785.3125,504.3268,1065.2498
-304017.6906,-261307.8938,42709.7969,488.4796,1057.8654
-304011.761,-261249.3704,42762.3906,523.3392,1047.2192
-303867.9491,-261278.953,42588.9961,511.527,1013.3744
-304056.3359,-261226.9844,42829.3516,461.6368,1025.3048
-303969.4988,-261251.7449,42717.7539,478.5632,1038.3324
-303904.8148,-261283.6077,42621.207,499.9613,1082.9494
-304031.5182,-261258.1158,42773.4023,466.6098,1079.7372
-303722.3204,-261161.547,42560.7734,505.5849,1060.8924
-303994.232,-261225.314,42768.918,491.9561,996.6539
-304119.7073,-261307.555,42812.1523,493.3998,1032.6234
-303699.8263,-261255.1271,42444.6992,526.4096,1061.9954
-303962.8444,-261247.5944,42715.25,487.4456,1058.5656
-303794.4944,-261247.2601,42547.2344,506.4452,1083.8734
-303675.823,-261167.9128,42507.9102,482.7338,1071.2499
-304005.2431,-261225.5517,42779.6914,508.7208,1047.5095
-303810.1502,-261217.6072,42592.543,500.7051,1015.4369
-303619.0073,-261064.9097,42554.0977,515.2587,1029.3776
-303752.6664,-261254.4242,42498.2422,480.6829,1019.679
-304070.3436,-261272.9373,42797.4062,463.0457,1096.9141
-303678.4381,-261110.6646,42567.7734,511.2102,1037.504
-303604.4701,-261126.4974,42477.9727,494.3677,1055.6991
-303825.6651,-261148.8019,42676.8633,478.5855,1057.0075
-304024.1374,-261225.4734,42798.6641,507.8891,1047.9568
-303814.511,-261129.0852,42685.4258,501.3213,1044.943
-303811.3757,-261187.7585,42623.6172,493.5372,999.2815
-303991.5323,-261126.8135,42864.7188,514.3187,1034.2167
-303718.1253,-261204.2621,42513.8633,532.9563,1083.1537
-304009.7508,-261160.9031,42848.8477,506.6935,1096.8677
-304100.6796,-261269.5077,42831.1719,487.6361,1076.0133
-303911.8216,-261248.3255,42663.4961,518.0698,1021.2753
-303674.7409,-261175.4401,42499.3008,493.1603,1005.0008
-303957.9754,-261252.3543,42705.6211,503.0597,1028.7571
-304005.3616,-261322.6936,42682.668,518.1745,1072.5574
-303911.8152,-261151.0105,42760.8047,507.8448,1051.0294
-304040.9157,-261329.8297,42711.0859,496.1666,1052.4004
-303944.0508,-261186.4922,42757.5586,478.9032,1055.9381
-304174.2135,-261342.7057,42831.5078,522.4558,1058.6492
-303692.0096,-261218.6893,42473.3203,493.9954,1063.5476
-303958.0174,-261255.2049,42702.8125,506.0374,1058.9088
-303844.0557,-261307.962,42536.0938,504.1415,1056.6714
-304051.3374,-261175.3023,42876.0352,526.7091,1018.7682
-303925.9321,-261248.5649,42677.3672,511.497,1043.4613
-304004.0043,-261208.1488,42795.8555,487.9789,1063.5517
-303908.0245,-261138.876,42769.1484,504.5065,1008.4565
-303900.8233,-261190.2686,42710.5547,464.9516,1061.7863
-303993.1004,-261198.1785,42794.9219,509.8145,1038.0622
-303711.4978,-261179.7791,42531.7188,508.5588,1060.5799
-303889.3312,-261246.257,42643.0742,503.6394,1030.3142
-304111.9035,-261164.1222,42947.7812,489.0219,1049.8114
-303904.4462,-261216.7665,42687.6797,527.4836,1001.5839
-303880.7795,-261228.8928,42651.8867,456.5218,1029.8941
-303972.806,-261269.4701,42703.3359,470.6519,1070.3667
-303952.5571,-261320.5337,42632.0234,484.7824,1069.1448
-303622.8833,-261186.3833,42436.5,461.4455,1060.9016
-304036.1198,-261246.0065,42790.1133,514.3757,1055.6597
-303724.644,-261161.3588,42563.2852,475.6446,1061.961
-303821.5519,-261167.3566,42654.1953,496.7621,1018.5454
-303843.3297,-261188.4039,42654.9258,507.1646,1035.644
-303970.4618,-261267.4813,42702.9805,514.1555,1046.7822
-304080.8888,-261229.7677,42851.1211,512.7615,1020.268
-303757.9477,-261165.4672,42592.4805,487.1057,1059.1695
-304221.5782,-261247.3087,42974.2695,519.3608,1068.7413
-303925.6685,-261267.7466,42657.9219,501.204,1027.4749
-303810.408,-261256.3806,42554.0273,515.5103,1044.384
-303983.496,-261258.5077,42724.9883,476.9653,1017.742
-303989.6088,-261261.2142,42728.3945,506.5508,1032.8427
-303787.8867,-261205.1445,42582.7422,467.4565,1056.3738
-303691.9769,-261095.2191,42596.7578,499.0138,1051.7055
-303606.6026,-261147.294,42459.3086,531.1288,1035.2808
-303939.8163,-261206.0702,42733.7461,456.501,1029.2593
-303865.249,-261201.6982,42663.5508,504.5745,1037.2011
-304047.4329,-261330.1282,42717.3047,492.0297,1066.0161
-304008.635,-261277.0686,42731.5664,476.4926,1069.5124
-303825.3969,-261184.7875,42640.6094,497.011,1033.7326
-303756.6326,-261194.1521,42562.4805,499.0273,1069.0369
-303860.4867,-261208.4008,42652.0859,484.8197,1015.0364
-303821.9396,-261186.2365,42635.7031,484.7676,1045.0885
-304125.483,-261271.9596,42853.5234,491.8269,1084.3958
-304065.5717,-261295.8295,42769.7422,469.6861,1052.3445
-303997.8747,-261131.4958,42866.3789,516.8671,1029.4515
-303468.9447,-261180.5502,42288.3945,496.3192,1094.7307
-304138.1303,-261224.8881,42913.2422,475.6053,1042.142
-303858.6335,-261125.36,42733.2734,499.5791,1041.9014
-303662.7133,-261178.0805,42484.6328,493.6825,1047.0154
-304074.3911,-261244.4692,42829.9219,502.4614,1053.9312
-303873.0866,-261170.7897,42702.2969,486.9001,1012.4962
-303862.7702,-261290.6257,42572.1445,497.2059,1061.0267
-303923.1387,-261284.834,42638.3047,519.9119,1021.0109
-303931.9698,-261182.3604,42749.6094,536.5978,1049.9211
-304063.0157,-261264.0196,42798.9961,482.2649,1033.147
-303945.0455,-261305.4869,42639.5586,492.4727,1078.069
-304205.3158,-261236.6361,42968.6797,483.9334,1050.0412
-303917.7451,-261279.1318,42638.6133,536.0489,1073.2663
-304045.4469,-261254.2867,42791.1602,506.3752,1065.2657
-304012.1636,-261217.648,42794.5156,495.7583,1020.7443
-303791.255,-261122.4737,42668.7812,485.6599,1041.4012
-304010.5285,-261203.6964,42806.832,487.8432,1048.1751
-304127.1359,-261247.5929,42879.543,482.6751,1063.3054
-303763.1213,-261183.2112,42579.9102,507.789,1060.5638
-303977.9163,-261192.8968,42785.0195,536.1604,1021.0196
-303776.9601,-261180.5109,42596.4492,506.0834,1054.3559
-303757.9576,-261166.7506,42591.207,484.0082,1101.0052
-303876.7589,-261257.7042,42619.0547,514.2218,1028.5164
-303632.1772,-261182.5327,42449.6445,491.0991,1028.7946
-303853.8345,-261217.854,42635.9805,479.0506,1023.8574
-303738.532,-261270.0516,42468.4805,476.9832,1030.3909
-303767.5253,-261179.8457,42587.6797,513.2574,1086.9187
-303813.8823,-261240.2182,42573.6641,505.4263,1054.6298
-303826.9873,-261205.9795,42621.0078,527.7246,1029.9345
-303637.3594,-261102.1484,42535.2109,528.6126,1052.4586
-303865.8104,-261161.3768,42704.4336,495.2684,1039.1785
-303753.3971,-261200.4752,42552.9219,443.4897,1043.4804
-303854.7661,-261226.6216,42628.1445,498.3101,1055.7064
-303958.6296,-261179.9929,42778.6367,493.2925,1041.7452
-303968.6209,-261270.0505,42698.5703,537.734,1036.5799
-303886.1864,-261160.9911,42725.1953,492.7593,1028.8272
-303818.084,-261200.6152,42617.4688,499.0567,1003.1254
-303916.6401,-261283.7026,42632.9375,469.9486,1079.5309
-304184.302,-261233.5754,42950.7266,529.1951,1036.8491
-303983.9265,-261277.9382,42705.9883,470.6921,1059.5483
-303805.7721,-261239.0377,42566.7344,519.6155,1061.145
-303861.1045,-261244.2451,42616.8594,488.2805,1087.9809
-303878.6176,-261243.2348,42635.3828,516.749,1037.1268
-303886.4615,-261273.024,42613.4375,513.7886,1081.8395
-304057.2514,-261273.0365,42784.2148,508.3345,1067.0626
-304121.4221,-261336.2698,42785.1523,481.4995,1047.3059
-304114.8651,-261238.8221,42876.043,470.7358,1012.0132
-303802.0939,-261211.4416,42590.6523,492.6836,1042.0373
-303972.5375,-261210.6391,42761.8984,460.351,1049.3253
-303905.2668,-261276.0832,42629.1836,505.2094,1021.0556
-303631.2854,-261168.6135,42462.6719,496.8948,1070.0683
-303916.3357,-261110.3435,42805.9922,499.43,1063.5138
-303975.4543,-261235.2121,42740.2422,466.9154,1065.3333
-303911.4659,-261175.505,42735.9609,482.8936,1071.5571
-303798.3497,-261235.6231,42562.7266,517.3185,1075.2275
-303824.0733,-261297.3584,42526.7148,473.0519,1057.1452
-303825.8207,-261244.7113,42581.1094,516.5479,1091.6974
-304085.9522,-261233.0068,42852.9453,529.8577,1048.9468
-304239.691,-261230.1129,43009.5781,486.279,1063.9152
-304062.7306,-261284.8282,42777.9023,509.1318,1068.5586
-303647.0835,-261199.2944,42447.7891,527.5445,1055.7303
-303670.2782,-261209.7665,42460.5117,486.7401,1046.2223
-303871.2425,-261235.93,42635.3125,503.4263,1048.7749
-303853.9034,-261237.1182,42616.7852,488.4972,1069.9731
-303891.245,-261173.8114,42717.4336,520.2873,1093.6262
-304182.5215,-261237.8183,42944.7031,501.3387,1034.3759
-303777.7358,-261181.3803,42596.3555,522.4581,1039.4039
-304125.9099,-261278.0153,42847.8945,479.766,1111.3399
-303854.3576,-261207.6467,42646.7109,487.961,1002.5662
-303834.7304,-261128.6405,42706.0898,483.4066,1045.4384
-304079.0328,-261202.607,42876.4258,460.3256,990.8932
-304089.7788,-261196.2905,42893.4883,496.9745,1029.6714
-304011.0433,-261106.723,42904.3203,483.7414,1053.7125
-304067.7532,-261225.7844,42841.9688,491.158,1044.1272
-303846.9103,-261232.3321,42614.5781,508.4281,1071.9741
-303961.5706,-261262.1878,42699.3828,505.88,1043.9221
-304168.6259,-261335.3642,42833.2617,520.505,1083.2913
-303942.2577,-261221.8202,42720.4375,487.7396,1082.0652
-303771.4074,-261183.4152,42587.9922,498.0706,1084.3589
-303958.0888,-261256.0497,42702.0391,505.8649,1097.1065
-303932.374,-261219.0537,42713.3203,478.663,1022.6748
-304092.2809,-261261.5778,42830.7031,526.1225,1069.9269
-304188.1741,-261198.9358,42989.2383,487.3381,1099.0978
-303997.6676,-261288.7847,42708.8828,520.5978,1072.9545
-303916.4962,-261235.3126,42681.1836,512.1634,1056.2967
-303624.6956,-261147.0081,42477.6875,472.9066,1048.0067
-303914.8123,-261152.3084,42762.5039,489.0143,1057.0687
-303806.4212,-261121.2219,42685.1992,491.3769,1072.4173
-303734.627,-261139.2364,42595.3906,493.8773,1057.1172
-303986.3152,-261172.5027,42813.8125,475.1307,1029.289
-303625.2694,-261121.7537,42503.5156,486.9191,1111.929
-303957.8219,-261342.2946,42615.5273,481.5651,1083.2566
-303906.6033,-261281.9393,42624.6641,474.5809,1073.5562
-303970.6274,-261237.4125,42733.2148,470.6294,1004.537
-303993.4189,-261346.0088,42647.4102,467.1146,1073.8999
-303872.6251,-261187.9806,42684.6445,479.5844,1036.3069
-303924.2352,-261123.6844,42800.5508,491.7915,1044.1277
-304027.3713,-261248.4573,42778.9141,488.0978,1036.9845
-303876.3572,-261280.0525,42596.3047,480.9495,1059.0896
-303879.2245,-261114.287,42764.9375,494.9421,1012.8629
-303936.9444,-261252.9365,42684.0078,491.3874,1045.8026
-304024.6965,-261303.1535,42721.543,499.2852,1037.6828
-303794.9867,-261160.4086,42634.5781,473.8073,1038.0045
-303657.2292,-261202.2839,42454.9453,486.046,1070.7401
-303861.2713,-261136.0486,42725.2227,512.3476,993.1787
-304028.0021,-261255.5881,42772.4141,479.1108,1053.0504
-303739.0897,-261146.0897,42593.0,476.9147,1070.5081
-304067.2362,-261241.7987,42825.4375,508.5913,1062.9329
-303941.549,-261132.3381,42809.2109,467.6116,1107.4651
-303965.6685,-261171.7037,42793.9648,462.5022,1040.699
-303953.0062,-261169.9242,42783.082,462.3654,1064.8251
-304011.6627,-261186.3229,42825.3398,468.649,1033.9561
-303953.2952,-261178.4358,42774.8594,503.9789,1006.6489
-304131.539,-261144.7734,42986.7656,487.0849,1049.2265
-303917.1185,-261228.9192,42688.1992,517.2624,1049.7685
-304204.7279,-261361.4154,42843.3125,480.765,1019.1064
-304031.9398,-261171.5179,42860.4219,521.6712,1058.4273
-304059.1643,-261274.3049,42784.8594,487.0167,1039.0578
-303866.9559,-261223.1473,42643.8086,487.7826,1041.7607
-303702.1293,-261135.2269,42566.9023,502.269,1038.8128
-303844.1667,-261220.4284,42623.7383,531.9164,1082.2129
-303862.6657,-261213.0368,42649.6289,504.5708,1028.1376
-304041.9793,-261305.452,42736.5273,483.1994,1013.3602
-303750.3737,-261153.944,42596.4297,467.8871,1051.9541
-303838.2926,-261272.5934,42565.6992,497.6499,1041.1519
-304020.8474,-261306.7302,42714.1172,509.5992,1050.9147
-303880.5943,-261225.4186,42655.1758,513.9536,1034.26
-303801.4768,-261211.3049,42590.1719,498.8584,1054.1298
-304159.8127,-261211.6564,42948.1562,501.7997,1047.9954
-304021.09,-261171.8478,42849.2422,510.5851,1068.0764
-304202.5657,-261220.9173,42981.6484,485.0663,1026.2811
-303763.8017,-261257.0595,42506.7422,526.15,1051.7334
-303932.4436,-261171.8069,42760.6367,481.412,1040.1235
-303832.0313,-261209.7501,42622.2812,499.4347,1066.7713
-303988.3522,-261204.8444,42783.5078,485.5977,1051.1366
-303675.4552,-261167.7052,42507.75,485.0015,1051.1446
-303971.2098,-261189.0301,42782.1797,502.2675,1022.0692
-303917.0427,-261181.2615,42735.7812,500.1865,1045.226
-304103.9017,-261272.8392,42831.0625,485.3157,1074.8155
-303873.0739,-261261.0583,42612.0156,500.448,1037.5045
-304009.6655,-261098.8843,42910.7812,463.5799,1051.5168
-303974.8337,-261173.2908,42801.543,491.2127,1092.0355
-303821.3206,-261302.3363,42518.9844,496.1388,1078.1715
-303887.2457,-261211.4683,42675.7773,476.1169,1051.156
-303818.2518,-261196.3729,42621.8789,447.726,1064.2107
-304124.7969,-261336.8204,42787.9766,499.195,1049.9514
-303965.1498,-261331.1107,42634.0391,452.2566,1058.8743
-304149.328,-261216.8866,42932.4414,501.3422,1098.5173
-303794.4005,-261076.2169,42718.1836,479.9849,1015.8062
-304063.2034,-261148.8323,42914.3711,460.883,1042.8633
-303771.0849,-261008.6592,42762.4258,492.7983,1053.1347
-303753.0967,-261275.6162,42477.4805,516.9998,1035.2188
-304164.5347,-261253.1753,42911.3594,480.1821,1036.5782
-304061.4391,-261278.8844,42782.5547,490.0445,1038.1308
-304028.3266,-261237.0727,42791.2539,489.83,1065.6805
-303941.2651,-261285.6323,42655.6328,484.0808,1048.0565
-303740.4989,-261162.9207,42577.5781,482.4375,1074.6913
-303893.5725,-261224.2365,42669.3359,500.8981,997.1168
-304104.8602,-261292.7196,42812.1406,506.0231,1053.9451
-304168.5455,-261289.9908,42878.5547,472.3832,1068.2234
-304163.4115,-261289.06,42874.3516,466.6008,1029.699
-303621.3791,-261168.5158,42452.8633,481.1988,1021.4371
-303756.5732,-261182.3857,42574.1875,512.947,1049.0345
-303740.6077,-261178.0101,42562.5977,523.1914,1016.3328
-303902.7449,-261263.7567,42638.9883,510.4059,1008.634
-303793.323,-261197.6277,42595.6953,474.3758,1045.576
-303882.6627,-261221.4948,42661.168,525.81,1016.6466
-303760.5217,-261217.5842,42542.9375,479.763,1071.0485
-304118.4148,-261334.3445,42784.0703,473.6168,1032.8816
-303880.2009,-261186.4197,42693.7812,503.1694,1049.2494
-303857.7419,-261209.2654,42648.4766,505.6354,1019.3098
-303616.5769,-261040.5065,42576.0703,489.443,1062.4521
-304008.6439,-261217.1009,42791.543,482.2267,1030.2855
-304126.1479,-261227.3627,42898.7852,502.5878,1004.4832
-303981.1839,-261197.5042,42783.6797,505.1546,1060.7349
-303720.7474,-261207.7513,42512.9961,482.5751,1044.1814
-303892.8464,-261217.6198,42675.2266,508.104,1047.2135
-303900.8048,-261152.5783,42748.2266,502.3541,1037.6453
-303806.1767,-261226.1728,42580.0039,487.6263,1089.9529
-304011.1809,-261207.2395,42803.9414,525.9292,1020.2085
-303776.3992,-261276.2351,42500.1641,488.1735,1072.6191
-303943.7314,-261284.6455,42659.0859,473.2291,1084.1186
-303955.7731,-261149.1754,42806.5977,468.2418,1110.7745
-303906.0594,-261156.2821,42749.7773,516.0931,1016.6249
-304033.1863,-261145.3777,42887.8086,520.9713,1051.3739
-303910.709,-261194.8886,42715.8203,477.4823,1022.2421
-303993.7011,-261234.7441,42758.957,515.043,1049.4717
-303884.3398,-261104.0077,42780.332,500.2337,1035.0713
-303788.4106,-261116.0161,42672.3945,480.9259,1076.9342
-304011.4106,-261207.7622,42803.6484,480.529,1069.3951
-303800.3811,-261107.7874,42692.5938,501.4842,1039.5991
-303781.2749,-261114.9859,42666.2891,535.6522,1019.3206
-304019.3229,-261237.1276,42782.1953,484.0684,1042.3277
-303746.0083,-261144.2348,42601.7734,490.6952,1037.6742
-303688.0622,-261249.6325,42438.4297,500.1718,1032.5883
-303844.821,-261195.9656,42648.8555,489.6928,1047.7046
-304044.2576,-261208.4842,42835.7734,512.7043,1087.1118
-303479.2416,-261191.433,42287.8086,465.9674,1032.7661
-303916.4902,-261155.1035,42761.3867,501.7589,1057.1983
-304297.8504,-261202.5418,43095.3086,507.462,1023.2971
-303887.6811,-261230.0717,42657.6094,491.4939,1029.6786
-303761.6418,-261190.4934,42571.1484,485.1056,1082.1831
-303778.4255,-261218.0505,42560.375,497.4126,1088.2935
-303926.4124,-261282.4866,42643.9258,475.1419,1077.5036
-303558.9583,-261176.9426,42382.0156,554.2439,1045.6918
-303874.361,-261193.9157,42680.4453,530.4305,1050.0293
-303890.3892,-261289.9283,42600.4609,477.0791,1058.1514
-303805.4221,-261155.8166,42649.6055,514.0682,1034.9002
-303812.0567,-261265.3848,42546.6719,459.0709,1022.3867
-303771.7356,-261142.0793,42629.6562,516.5482,1062.7068
-304056.6088,-261354.7455,42701.8633,473.5523,1021.8423
-304029.9274,-261283.2516,42746.6758,498.0088,1055.6467
-304134.0415,-261315.3735,42818.668,463.5152,1029.368
-303816.434,-261245.4574,42570.9766,527.0512,1024.2578
-304169.6232,-261285.5959,42884.0273,507.5966,1053.0129
-303751.9812,-261238.3406,42513.6406,534.6156,1029.854
-304000.5926,-261227.6238,42772.9688,482.504,1061.106
-303808.2081,-261200.2315,42607.9766,496.1248,1056.8803
-303756.1872,-261181.7145,42574.4727,533.3849,1011.9488
-303789.8991,-261129.8405,42660.0586,513.7196,1062.8692
-303937.6904,-261273.0029,42664.6875,451.2047,1031.4199
-303673.0737,-261170.7378,42502.3359,506.781,1018.397
-303953.501,-261236.5518,42716.9492,502.7768,1080.8855
-303890.1943,-261196.4092,42693.7852,511.8431,1044.8534
-303977.3981,-261269.2614,42708.1367,519.4335,1066.2905
-303942.4807,-261210.6994,42731.7812,500.0688,1035.9885
-303721.6467,-261221.6467,42500.0,485.5982,1040.0947
-304023.8066,-261258.4784,42765.3281,503.9033,1053.1325
-303964.6841,-261276.4458,42688.2383,480.4148,1063.0584
-303848.2524,-261130.7954,42717.457,481.1446,1034.1605
-303898.2236,-261215.6806,42682.543,486.7181,1076.6237
-303836.8181,-261230.4352,42606.3828,478.296,1053.697
-303953.3651,-261165.5369,42787.8281,499.5051,1023.4607
-303911.8882,-261064.6929,42847.1953,501.6553,1056.3479
-303882.5193,-261183.785,42698.7344,487.8151,1050.5853
-303868.1074,-261219.8535,42648.2539,502.4099,1056.6616
-303895.7718,-261213.0062,42682.7656,493.2712,1087.272
-303818.5603,-261187.3689,42631.1914,490.1234,1082.7524
-303920.9711,-261247.0961,42673.875,500.7927,1086.4165
-303865.1286,-261108.1403,42756.9883,520.8417,1056.8325
-303900.9843,-261143.4765,42757.5078,482.7734,1033.6205
-303864.7328,-261228.1,42636.6328,485.3453,1050.1286
-304005.1186,-261136.4038,42868.7148,469.6093,1019.47
-303999.6519,-261237.687,42761.9648,505.4414,1045.2303
-303744.9058,-261220.0894,42524.8164,513.0704,1021.4719
-303878.4379,-261228.145,42650.293,453.8045,1071.7884
-303903.1429,-261207.9866,42695.1562,467.2055,1052.5955
-303865.7165,-261101.5876,42764.1289,506.2445,1075.4752
-303974.8942,-261170.4255,42804.4688,509.5965,1076.4686
-303971.6545,-261133.6663,42837.9883,511.449,1041.5064
-303667.7181,-261145.1595,42522.5586,493.0644,1030.3079
-304300.0286,-261198.6926,43101.3359,486.0782,1035.6637
-303963.8469,-261207.761,42756.0859,478.4445,1095.202
-303878.9697,-261243.7861,42635.1836,473.4139,1032.6021
-303932.6449,-261197.391,42735.2539,482.3084,1062.4144
-303663.2085,-261109.8374,42553.3711,512.9196,1050.7993
-303827.2071,-261163.4024,42663.8047,518.3193,1019.179
-303966.0075,-261192.363,42773.6445,460.9837,1021.3449
-303925.0395,-261238.8285,42686.2109,480.6338,1042.2343
-303806.1318,-261257.1904,42548.9414,524.2594,1037.4597
-303909.3362,-261258.7737,42650.5625,481.6063,1060.4402
-303726.5694,-261150.4366,42576.1328,487.6556,1051.4486
-303744.3261,-261169.1073,42575.2188,494.495,1043.6683
-303811.8963,-261190.3338,42621.5625,510.8327,1019.9071
-303908.5557,-261182.2042,42726.3516,504.0399,1020.0659
-304028.0786,-261219.9419,42808.1367,460.7645,1060.5286
-304029.7698,-261345.7581,42684.0117,505.9006,1065.8883
-304102.0154,-261257.3122,42844.7031,505.8951,1022.6737
-303868.6451,-261160.6099,42708.0352,528.1022,1081.9624
-303997.5671,-261350.1062,42647.4609,528.3028,1041.9374
-303779.0827,-261094.4929,42684.5898,515.6446,996.6035
-304032.1931,-261321.9431,42710.25,526.9367,1028.8629
-303783.5958,-261116.8067,42666.7891,496.6776,1066.7347
-303948.5379,-261173.8661,42774.6719,489.3988,1079.993
-304064.6619,-261273.2986,42791.3633,498.2737,1069.5302
-303884.4618,-261231.8485,42652.6133,489.9082,1061.0231
-303791.6697,-261201.5095,42590.1602,504.2644,1020.7237
-303954.158,-261201.9979,42752.1602,496.5881,1038.1367
-304047.253,-261242.5694,42804.6836,481.1052,1072.4514
-304027.7472,-261284.2082,42743.5391,494.424,1054.2012
-303778.1041,-261225.7643,42552.3398,491.0759,987.5149
-303745.1911,-261197.3552,42547.8359,490.1829,1084.6342
-303852.1947,-261193.1751,42659.0195,520.3241,1051.0282
-304074.0168,-261190.0129,42884.0039,490.1514,1051.1524
-303815.5302,-261251.8974,42563.6328,512.772,1127.5116
-303923.9137,-261251.691,42672.2227,512.7646,1024.8571
-303816.1464,-261158.4159,42657.7305,491.0391,1046.4779
-303647.5598,-261119.8488,42527.7109,534.605,1036.3047
-304014.8996,-261231.8449,42783.0547,516.0999,1025.2915
-304010.8498,-261240.3772,42770.4727,525.0956,1042.2359
-303811.5728,-261240.6704,42570.9023,524.9328,1035.2591
-303512.5178,-261217.0022,42295.5156,484.5442,1015.9991
-303823.0611,-261241.9322,42581.1289,463.0454,1085.533
-304101.0046,-261321.6686,42779.3359,535.5521,1044.2572
-303964.6284,-261309.7729,42654.8555,529.9955,1069.8183
-304002.6582,-261218.9082,42783.75,471.5617,1050.946
-303936.259,-261292.1106,42644.1484,512.4185,1078.1638
-303891.1314,-261225.7954,42665.3359,468.3313,1002.7426
-304103.6522,-261227.8553,42875.7969,475.9537,1049.2557
-304183.0753,-261252.0988,42930.9766,467.472,1015.9548
-304084.3956,-261201.3448,42883.0508,470.8916,1059.5953
-304185.0469,-261234.0469,42951.0,486.9699,1035.4764
-304046.9541,-261248.2705,42798.6836,503.7186,1034.6927
-303763.6148,-261158.4625,42605.1523,490.6351,1039.1815
-304065.3008,-261284.5938,42780.707,482.6298,999.577
-304069.602,-261348.6723,42720.9297,522.3951,1037.0951
-303745.6784,-261227.1784,42518.5,469.7094,1023.1514
-304130.7129,-261205.4824,42925.2305,470.94,1038.32
-303882.5935,-261223.9177,42658.6758,473.5095,1041.7866
-303950.0052,-261216.6692,42733.3359,478.6435,1026.1763
-303762.6858,-261236.8538,42525.832,554.6509,1112.0485
-304080.8797,-261278.9891,42801.8906,479.8897,1036.7297
-303866.7775,-261229.3283,42637.4492,506.4698,1079.7184
-303820.9638,-261166.581,42654.3828,506.1472,1010.6831
-303918.2636,-261148.0409,42770.2227,473.2587,1001.4876
-303918.8927,-261289.5099,42629.3828,492.7102,1086.0243
-304066.7724,-261246.788,42819.9844,472.9817,1084.9809
-303741.8182,-261246.0721,42495.7461,513.5372,1022.1834
-304005.1261,-261314.044,42691.082,512.3185,1058.3254
-304129.4341,-261209.8521,42919.582,492.8237,1062.9007
-303781.0648,-261182.5296,42598.5352,489.8988,1046.7049
-303604.975,-261130.8305,42474.1445,514.1145,1037.1165
-303905.2686,-261156.749,42748.5195,521.7708,1068.0934
-303953.8708,-261099.7145,42854.1562,484.1491,1016.6297
-303828.2498,-261292.3084,42535.9414,497.5474,1041.6669
-303842.0431,-261179.0119,42663.0312,482.9802,1050.2304
-303785.1927,-261192.099,42593.0938,508.9413,1020.3775
-303728.6828,-261194.2492,42534.4336,519.5559,1045.5938
-303712.6737,-261141.1542,42571.5195,490.3906,1037.166
-303888.4731,-261283.7817,42604.6914,479.2734,1059.3703
-303922.6161,-261202.6005,42720.0156,528.8869,1045.639
-303558.8017,-261156.4072,42402.3945,528.3269,1089.7529
-303789.6087,-261107.3509,42682.2578,483.9654,1061.8296
-303976.566,-261202.8316,42773.7344,460.9454,1079.0299
-303886.7413,-261174.6202,42712.1211,504.2479,1084.3715
-304027.7032,-261286.336,42741.3672,501.1,1057.4227
-303982.4865,-261197.5998,42784.8867,493.9209,1061.6833
-304046.2217,-261259.46,42786.7617,461.4073,1047.2619
-303813.9747,-261100.9278,42713.0469,492.2301,1070.7134
-303972.1567,-261195.02,42777.1367,478.0306,1062.6086
-303957.0648,-261209.1624,42747.9023,509.3591,1031.5345
-303764.277,-261132.402,42631.875,481.7954,1074.6152
-303908.5177,-261263.0958,42645.4219,512.6847,1041.7331
-303975.675,-261166.8859,42808.7891,494.0727,1017.2636
-303772.7396,-261247.6342,42525.1055,500.0945,1070.7676
-304056.9739,-261129.9193,42927.0547,520.138,1039.9898
-303918.5401,-261203.7081,42714.832,478.1377,1075.6414
-303995.2394,-261186.548,42808.6914,498.5059,1051.3335
-303945.641,-261218.641,42727.0,468.136,1064.6808
-303996.4703,-261195.3765,42801.0938,479.1417,1056.4421
-304080.4398,-261250.1898,42830.25,497.5039,1009.5094
-304006.7476,-261313.5718,42693.1758,504.2415,1057.9103
-303979.7907,-261252.068,42727.7227,495.8154,1039.07
-304238.8467,-261275.3428,42963.5039,493.0925,1075.8231
-303978.5341,-261289.2451,42689.2891,530.6875,1055.2547
-303909.5178,-261218.7717,42690.7461,492.0472,1074.0932
-303909.6577,-261258.6851,42650.9727,501.1635,1050.3247
-303853.9844,-261242.3633,42611.6211,521.2886,1037.343
-303902.449,-261216.5388,42685.9102,453.2567,1071.8822
-303830.109,-261103.4254,42726.6836,516.0007,1102.5018
-304172.4294,-261122.2888,43050.1406,480.8736,1073.4329
-303828.5966,-261210.1122,42618.4844,526.1535,1053.1664
-304084.5034,-261171.6714,42912.832,491.9642,1048.8035
-304108.4323,-261284.987,42823.4453,465.353,1015.4384
-304016.7499,-261249.5741,42767.1758,488.7574,1044.4544
-304013.3703,-261177.1672,42836.2031,517.4001,1036.2002
-303850.8896,-261164.7529,42686.1367,487.3827,1038.0416
-303851.7512,-261079.2824,42772.4688,492.7461,1043.6861
-303865.6814,-261119.7634,42745.918,495.1486,1053.2989
-303654.1484,-261097.8867,42556.2617,470.302,1047.4116
-304233.8525,-261300.1689,42933.6836,450.2738,1084.4067
-303997.4494,-261271.7072,42725.7422,481.4262,1028.4447
-304018.8316,-261306.6988,42712.1328,476.333,1046.9636
-304027.5741,-261318.1796,42709.3945,484.0069,1062.5764
-303829.4414,-261213.0938,42616.3477,478.1157,1003.9443
-304027.6968,-261096.5914,42931.1055,497.825,1023.9456
-304100.0779,-261297.8201,42802.2578,511.2914,1035.0806
-303910.1646,-261230.606,42679.5586,464.1965,1030.9256
-303960.9252,-261226.4017,42734.5234,510.9774,1058.4272
-304016.2976,-261221.6843,42794.6133,508.2675,1033.1215
-303887.417,-261140.3193,42747.0977,485.2172,1026.6374
-303963.6482,-261305.2185,42658.4297,505.8199,1049.956
-303896.2533,-261188.9369,42707.3164,531.7574,1056.2547
-303990.101,-261191.3354,42798.7656,516.1654,1066.2131
-303664.4754,-261187.1395,42477.3359,496.9594,1035.5184
-303838.7076,-261193.1529,42645.5547,504.0602,1056.7784
-303491.3885,-261161.3026,42330.0859,511.1698,1040.2817
-304015.5437,-261202.0788,42813.4648,508.8417,1055.8834
-303771.5645,-261243.7481,42527.8164,489.4451,1074.5295
-303594.5001,-261139.7033,42454.7969,489.8228,1053.1319
-303719.3305,-261225.9789,42493.3516,476.6499,1053.6403
-303844.8611,-261247.7986,42597.0625,497.9433,1033.7166
-303960.1574,-261277.6066,42682.5508,494.504,1063.3005
-304023.9922,-261173.4727,42850.5195,508.0306,1046.7927
-303987.3666,-261247.8314,42739.5352,474.2656,1024.4303
-304023.9598,-261266.9246,42757.0352,503.1467,1063.4977
-303791.9708,-261159.4356,42632.5352,496.0673,1089.0276
-303698.0823,-261169.1409,42528.9414,482.541,1058.8639
-303878.0585,-261114.4648,42763.5938,495.5577,1013.5798
-303812.2785,-261172.5832,42639.6953,494.3648,1035.1434
-303847.9827,-261142.3225,42705.6602,492.9093,1051.1531
-303835.7917,-261271.3502,42564.4414,497.0751,1044.9037
-303912.2663,-261195.1765,42717.0898,474.3395,1049.6105
-304041.8557,-261291.5666,42750.2891,482.9759,1009.73
-303918.3027,-261110.9941,42807.3086,476.7094,1039.0991
-303976.1079,-261166.0181,42810.0898,501.6419,1030.2528
-303842.9776,-261182.9541,42660.0234,507.8858,998.4135
-303909.1013,-261188.1325,42720.9688,479.488,1060.936
-303800.1886,-261116.8214,42683.3672,489.4504,1036.6821
-303768.4612,-261201.3167,42567.1445,474.6203,1060.6714
-304203.5413,-261234.2601,42969.2812,462.7084,1058.8325
-303962.4731,-261235.227,42727.2461,506.7083,1050.5354
-303821.3476,-261206.7969,42614.5508,487.5548,1107.1434
-303814.0578,-261145.8508,42668.207,477.9632,1045.4918
-303802.6196,-261127.7368,42674.8828,506.2214,1089.14
-304116.2618,-261259.4024,42856.8594,504.2286,1030.8295
-303728.5503,-261179.8082,42548.7422,489.908,1017.0556
-303958.1422,-261185.8336,42772.3086,479.35,997.1718
-303821.4593,-261220.6312,42600.8281,514.5904,1079.2226
-303880.9077,-261240.2788,42640.6289,490.3787,1080.1751
-303829.1361,-261197.0579,42632.0781,495.5935,1059.9346
-303858.9683,-261123.98,42734.9883,510.0123,1038.0739
-303799.3947,-261181.2345,42618.1602,511.234,1047.877
-303799.464,-261186.6828,42612.7812,502.9395,1066.1983
-303889.568,-261166.4625,42723.1055,479.6312,1075.8379
-303642.438,-261110.6333,42531.8047,471.3899,1091.1683
-304065.2096,-261208.6315,42856.5781,487.412,1043.6127
-303825.3953,-261124.5985,42700.7969,487.0484,1025.3714
-303953.0594,-261165.5555,42787.5039,528.017,1061.2494
-303975.5692,-261198.5419,42777.0273,469.6656,1037.286
-303688.7153,-261169.8559,42518.8594,499.9059,1047.6256
-303654.7478,-261188.2478,42466.5,496.8573,1019.15
-303636.0382,-261142.1163,42493.9219,509.9817,1025.2718
-304046.4326,-261287.5108,42758.9219,485.2166,1056.2676
-303906.9207,-261267.9598,42638.9609,520.8569,1045.5444
-303698.1634,-261168.7805,42529.3828,515.2857,1052.0327
-303919.4974,-261245.2044,42674.293,536.7586,1062.9784
-303892.4435,-261162.3614,42730.082,497.0823,1051.9108
-303813.7228,-261202.0275,42611.6953,461.9692,1049.5801
-303849.7321,-261317.1227,42532.6094,500.1033,1097.012
-303984.2382,-261165.4452,42818.793,500.5268,1020.579
-303888.1726,-261209.5828,42678.5898,509.3269,1010.1656
-303975.2471,-261262.0518,42713.1953,503.1428,1093.0801
-303913.1771,-261227.8568,42685.3203,509.3928,1051.1507
-303848.7643,-261092.3386,42756.4258,457.4613,1075.9236
-304272.5686,-261282.8967,42989.6719,499.0888,1079.2555
-303811.562,-261220.3159,42591.2461,482.0254,1025.5745
-303921.8871,-261332.9887,42588.8984,491.6711,1035.1937
-303976.0036,-261290.3513,42685.6523,514.9337,1044.6127
-303867.0116,-261200.5624,42666.4492,500.8725,1045.8875
-303772.2604,-261310.7955,42461.4648,501.9507,1075.8357
-303713.4059,-261115.0113,42598.3945,477.9899,1024.6026
-303675.5423,-261124.4993,42551.043,502.0865,1008.5726
-303942.7524,-261174.2094,42768.543,465.778,1081.6903
-303845.1684,-261208.6723,42636.4961,503.7316,1052.2764
-303895.5303,-261269.6983,42625.832,478.362,1042.0421
-303817.0521,-261319.3724,42497.6797,474.5381,1061.7846
-303873.4061,-261236.8553,42636.5508,506.1942,1029.304
-303681.1627,-261185.7409,42495.4219,504.8315,1030.0289
-304273.1861,-261335.8541,42937.332,499.8805,1111.503
-303911.851,-261216.808,42695.043,508.9094,1016.66
-303971.8118,-261203.6282,42768.1836,519.9071,1039.2799
-303990.8323,-261254.7737,42736.0586,479.867,1044.4461
-303927.5014,-261157.599,42769.9023,508.1107,1040.3077
-303874.8044,-261183.9138,42690.8906,485.5352,1064.8244
-303887.1147,-261271.0912,42616.0234,509.6923,1074.1587
-303897.6083,-261191.4598,42706.1484,493.175,1047.228
-303726.8207,-261190.5629,42536.2578,506.225,1095.6897
-304003.2461,-261167.4102,42835.8359,508.2195,1041.1339
-303941.381,-261289.9279,42651.4531,531.5359,1024.2991
-304013.2152,-261198.0628,42815.1523,492.1394,1038.5158
-303911.8073,-261184.8385,42726.9688,502.2191,1087.3346
-303917.3915,-261245.997,42671.3945,516.0782,1059.6525
-303970.7333,-261292.5419,42678.1914,488.408,1081.9662
-303841.8116,-261236.1944,42605.6172,493.2172,1069.3573
-304106.3308,-261200.6394,42905.6914,448.082,1038.761
-303952.9434,-261253.2794,42699.6641,548.2198,1077.6762
-304070.2549,-261261.4854,42808.7695,478.3046,1034.5828
-303682.0009,-261257.6728,42424.3281,498.6188,1061.3798
-304018.6301,-261167.716,42850.9141,476.1425,1013.6458
-304077.3749,-261244.4022,42832.9727,507.3686,1070.8782
-303948.1473,-261242.1668,42705.9805,512.5365,1044.7276
-303932.1233,-261210.7444,42721.3789,492.0184,997.851
-304119.5521,-261180.1224,42939.4297,498.2092,1060.4987
-303788.7457,-261290.5465,42498.1992,484.4135,1048.4899
-303469.7848,-261160.3473,42309.4375,504.8126,1087.6443
-303951.5207,-261141.8605,42809.6602,489.2105,1079.6145
-304190.5207,-261253.052,42937.4688,495.8148,1084.6792
-303980.7373,-261215.4873,42765.25,506.723,1068.6794
-303858.082,-261238.3281,42619.7539,489.6607,1039.9494
-303818.4902,-261291.4863,42527.0039,517.1155,1062.1766
-303604.5027,-261173.3465,42431.1562,495.5291,1053.0156
-304058.8298,-261254.7517,42804.0781,499.6639,1030.5189
-303930.8525,-261227.0244,42703.8281,461.6864,1058.87
-303842.3497,-261189.8966,42652.4531,493.9715,1018.7274
-303979.4347,-261257.2199,42722.2148,469.3466,1026.9003
-303823.7709,-261126.6068,42697.1641,475.8085,1101.8538
-304065.6682,-261321.5666,42744.1016,462.8308,1041.4049
-304034.9614,-261117.5083,42917.4531,518.0677,1047.9963
-303965.7383,-261282.4727,42683.2656,529.7026,1003.445
-303908.2451,-261249.4091,42658.8359,504.7968,1083.5523
-303867.6046,-261220.003,42647.6016,479.4066,1055.1747
-304034.8562,-261230.5085,42804.3477,494.2073,1106.1047
-303775.2314,-261176.8252,42598.4062,525.3801,1039.2968
-304162.4224,-261278.6255,42883.7969,459.8898,1048.3123
-303874.1381,-261129.0834,42745.0547,484.4761,1022.0987
-303911.4558,-261260.7683,42650.6875,504.0434,1034.238
-304234.1885,-261257.7236,42976.4648,501.3228,1021.0044
-303886.2663,-261210.8991,42675.3672,493.7591,1095.3368
-303862.7261,-261284.5151,42578.2109,523.4393,1087.2461
-303889.115,-261135.4509,42753.6641,511.3742,1087.8954
-303935.7509,-261227.3759,42708.375,483.4283,1061.1958
-303758.2264,-261286.4608,42471.7656,494.0821,1049.0249
-304313.4619,-261165.1572,43148.3047,503.6936,1016.3099
-303733.3643,-261172.2667,42561.0977,500.0227,1054.9551
-304185.9733,-261253.5475,42932.4258,511.2343,1034.1266
-303677.3585,-261045.1945,42632.1641,513.6941,1057.8294
-303752.088,-261132.5959,42619.4922,499.514,1003.2863
-303852.5122,-261189.5864,42662.9258,503.0751,1069.0712
-303833.8192,-261209.331,42624.4883,472.0518,1021.689
-303703.5131,-261177.5366,42525.9766,478.4898,1028.1221
-303703.2735,-261168.4219,42534.8516,499.5403,1029.4644
-303942.7354,-261232.7354,42710.0,487.6039,1070.5389
-303938.3463,-261188.8697,42749.4766,492.3611,1055.5388
-304083.9771,-261231.3521,42852.625,486.0984,1075.3456
-303624.7443,-261155.5997,42469.1445,515.8669,1083.3019
-303871.6529,-261142.1021,42729.5508,479.701,1034.6257
-303759.2387,-261244.1723,42515.0664,493.7494,1051.9925
-303700.0151,-261090.0893,42609.9258,497.2596,1059.1905
-303877.7739,-261197.766,42680.0078,478.1616,1040.4177
-303829.7751,-261192.6267,42637.1484,455.9276,1058.7039
-304022.2472,-261204.5792,42817.668,486.0935,1032.4074
-303708.6742,-261079.6156,42629.0586,503.4851,1068.6496
-303677.391,-261167.6762,42509.7148,532.775,1058.659
-303816.7147,-261302.367,42514.3477,486.7278,1080.7462
-303938.9808,-261143.4887,42795.4922,515.322,1012.477
-303886.346,-261135.4007,42750.9453,484.0655,1052.0578
-303906.5941,-261237.7191,42668.875,493.6262,1052.4346
-304162.2696,-261268.1797,42894.0898,517.0793,1041.3214
-303810.2871,-261237.3184,42572.9688,491.2714,1068.1189
-304097.8997,-261253.4583,42844.4414,484.4441,1097.5474
-303896.2106,-261211.9606,42684.25,475.4262,1050.9513
-304001.8255,-261205.6107,42796.2148,488.2338,1060.2506
-304139.184,-261280.3246,42858.8594,525.6857,1037.8747
-303843.9824,-261194.2012,42649.7812,481.7239,1071.0045
-303817.8613,-261265.7168,42552.1445,487.1863,1075.3946
-303890.1529,-261202.8091,42687.3438,499.6477,1062.9572
-303640.1541,-261210.8299,42429.3242,511.3043,1064.2536
-303837.4032,-261143.6024,42693.8008,499.3627,1049.9586
-304090.9244,-261211.4595,42879.4648,508.1558,1050.6137
-303918.3111,-261273.8502,42644.4609,499.7251,1058.2516
-303850.3844,-261130.0094,42720.375,513.3463,1050.7953
-304145.6406,-261256.0078,42889.6328,514.7685,1026.2375
-304027.1076,-261303.7287,42723.3789,499.8325,1027.9388
-303976.0234,-261186.1991,42789.8242,504.5019,1044.9425
-303912.3932,-261172.3659,42740.0273,498.7811,1037.4089
-304027.8229,-261238.2487,42789.5742,468.1877,975.3048
-303899.5653,-261233.5184,42666.0469,512.3518,1073.346
-303710.0853,-261129.0775,42581.0078,494.7079,1044.7899
-303923.6508,-261143.186,42780.4648,493.4713,1054.7677
-303830.4933,-261150.337,42680.1562,507.8085,1028.3431
-303988.6338,-261145.2861,42843.3477,492.472,1042.0041
-304128.8843,-261361.1108,42767.7734,504.3465,1068.0079
-304078.8221,-261209.7674,42869.0547,487.2052,1034.751
-303835.7055,-261186.8735,42648.832,473.6872,1041.2129
-303863.1402,-261240.9371,42622.2031,529.9128,1046.2819
-303698.7266,-261139.9532,42558.7734,544.9062,1013.8421
-303916.9196,-261118.8181,42798.1016,494.9373,1065.8097
-303583.1674,-261136.8471,42446.3203,524.1176,1055.2501
-303713.17,-261178.7677,42534.4023,502.8405,1078.0819
-303945.3992,-261185.9617,42759.4375,496.5904,1076.2437
-304186.4926,-261208.098,42978.3945,509.1721,1050.3362
-303906.9501,-261210.8134,42696.1367,483.4044,1044.2094
-304021.4308,-261263.6847,42757.7461,465.5259,1038.8508
-304027.0161,-261250.5356,42776.4805,512.0095,1047.858
-303699.1504,-261213.9512,42485.1992,491.9979,1050.5475
-303743.2942,-261222.6965,42520.5977,506.3229,1080.2648
-303766.4521,-261091.8037,42674.6484,527.4293,1061.4384
-303731.2241,-261257.2788,42473.9453,526.2076,1108.2331
-303736.1399,-261094.386,42641.7539,515.8555,1043.8316
-304039.8727,-261293.8024,42746.0703,527.1371,1058.7741
-303538.225,-261129.6352,42408.5898,530.2358,1089.6625
-303852.9175,-261186.4097,42666.5078,461.6118,1075.7895
-303947.4663,-261143.9116,42803.5547,487.1534,1067.0575
-304070.5549,-261209.5158,42861.0391,480.9765,1050.5847
-303894.7073,-261109.3206,42785.3867,478.8492,1056.562
-303977.7012,-261244.4082,42733.293,454.141,1080.9733
-303908.0644,-261228.6308,42679.4336,517.3266,1030.8745
-303839.4063,-261216.7305,42622.6758,497.9752,1037.021
-304065.7623,-261219.1685,42846.5938,462.6676,1103.2643
-304108.7954,-261178.5532,42930.2422,497.6213,1015.2114
-303966.9559,-261254.8934,42712.0625,521.1903,999.1006
-303654.0049,-261161.1885,42492.8164,504.9795,1057.6376
-303921.5051,-261159.7082,42761.7969,481.437,1059.8129
-303860.7963,-261190.3666,42670.4297,501.0058,1058.642
-303715.7345,-261023.4806,42692.2539,501.5907,1039.8203
-303706.0401,-261236.0792,42469.9609,487.0938,1073.617
-303677.6317,-261195.4793,42482.1523,477.2562,1040.1644
-303987.092,-261133.0529,42854.0391,483.7589,1047.8897
-303931.8336,-261210.5445,42721.2891,499.6805,1066.788
-303672.6037,-261197.3146,42475.2891,525.3506,1091.1656
-303913.6956,-261170.805,42742.8906,493.6797,1031.3625
-303832.9281,-261122.7172,42710.2109,509.2177,1035.1254
-303852.6909,-261142.7026,42709.9883,500.8772,1009.884
-303762.238,-261135.4801,42626.7578,490.4748,1059.2931
-303756.5776,-261152.4877,42604.0898,497.753,1075.7468
-303745.0717,-261183.2787,42561.793,500.5928,1038.4396
-303555.5208,-261132.5911,42422.9297,507.2254,1080.8381
-303894.7682,-261190.2057,42704.5625,492.5023,1080.9071
-303738.1157,-261292.854,42445.2617,452.5361,1049.2354
-303826.0424,-261191.8198,42634.2227,494.9586,1042.4904
-303678.124,-261143.3154,42534.8086,511.8163,1095.2416
-303990.7771,-261283.1521,42707.625,503.6573,1086.0354
-303928.8907,-261291.879,42637.0117,512.9515,1014.2055
-303931.7268,-261193.7697,42737.957,491.9391,1064.8476
-303952.1985,-261335.4055,42616.793,502.7758,1048.4862
-304004.0599,-261260.4545,42743.6055,484.9734,1071.3564
-303909.3265,-261188.8617,42720.4648,494.9548,1062.4837
-303772.6996,-261159.016,42613.6836,473.2241,1004.3448
-303944.1938,-261070.436,42873.7578,487.9762,1016.3276
-303698.0911,-261034.052,42664.0391,479.3615,1040.494
-304048.9502,-261204.3174,42844.6328,528.1921,1030.6789
-303672.6798,-261117.9103,42554.7695,475.7278,1046.4031
-303797.7524,-261165.4477,42632.3047,492.7934,1028.5248
-304072.4744,-261138.6345,42933.8398,476.6966,1054.5652
-304036.03,-261247.8894,42788.1406,515.6576,1032.3913
-303944.8228,-261304.6392,42640.1836,492.2501,1081.9394
-303774.9415,-261192.5665,42582.375,452.1012,1043.764
-304021.9695,-261245.364,42776.6055,481.5211,1057.9131
-303833.7735,-261088.8633,42744.9102,476.3008,1033.7604
-304100.4416,-261151.7697,42948.6719,445.0606,1071.4608
-303681.5673,-261110.9775,42570.5898,532.3086,1046.497
-304002.3505,-261233.581,42768.7695,481.6848,1042.922
-304056.8594,-261323.5742,42733.2852,484.9985,1061.029
-304005.5155,-261207.0233,42798.4922,480.0367,1069.7283
-303867.0535,-261212.7605,42654.293,544.1538,1016.1378
-303825.7425,-261250.9534,42574.7891,518.2692,1035.6893
-303711.4851,-261103.7781,42607.707,476.9245,1029.8091
-303881.2449,-261169.6785,42711.5664,495.5485,994.1809
-303734.7031,-261156.3046,42578.3984,486.1091,1004.3942
-303840.27,-261149.9809,42690.2891,512.1731,1042.5209
-304046.666,-261178.8223,42867.8438,469.2133,1044.8317
-303849.2263,-261129.906,42719.3203,485.3313,1014.8766
-303984.723,-261184.9183,42799.8047,494.3333,1037.0904
-303910.6989,-261100.8747,42809.8242,514.6308,1056.4259
-304076.6198,-261206.4987,42870.1211,461.8251,1004.4072
-304142.2622,-261271.4379,42870.8242,497.9944,1041.58
-303934.5174,-261238.3338,42696.1836,499.2807,1032.5883
-303570.6001,-261124.5962,42446.0039,447.8212,1071.7603
-304053.0534,-261240.8151,42812.2383,507.8004,1040.309
-303936.0417,-261208.8425,42727.1992,460.2361,1020.6809
-303885.0898,-261149.746,42735.3438,490.1665,1061.9622
-303950.5582,-261167.2262,42783.332,497.726,1005.3029
-303805.2753,-261285.08,42520.1953,488.5969,1068.8879
-304026.4153,-261178.47,42847.9453,485.9261,1073.67
-303882.5893,-261220.8081,42661.7812,526.2996,1033.1718
-303819.057,-261174.393,42644.6641,468.1687,1030.1618
-304054.3005,-261265.0934,42789.207,525.5427,1076.2398
-304004.817,-261281.8405,42722.9766,525.0817,1100.3558
-303833.7621,-261242.4925,42591.2695,502.6942,1061.3032
-303843.9362,-261187.4518,42656.4844,495.2076,1036.2853
-303778.3425,-261187.2878,42591.0547,485.0109,1041.6312
-303876.5765,-261240.4905,42636.0859,545.5551,1056.5417
-304198.5549,-261244.008,42954.5469,484.9041,1040.9006
-303739.794,-261138.9893,42600.8047,467.1896,1068.4447
-303882.5347,-261201.648,42680.8867,501.7805,1035.7333
-304000.6204,-261226.4641,42774.1562,503.4194,1046.7555
-303931.3763,-261261.517,42669.8594,548.6274,1043.7885
-303915.6265,-261228.3257,42687.3008,498.7169,1057.3808
-303873.7088,-261199.9978,42673.7109,499.4269,1060.1052
-303966.6853,-261178.5642,42788.1211,472.1581,1135.6299
-304147.1405,-261270.7459,42876.3945,508.4248,1051.4574
-303847.9854,-261191.8682,42656.1172,511.5397,1039.6737
-303896.0346,-261229.601,42666.4336,503.108,1113.0096
-303729.4616,-261102.0944,42627.3672,480.2033,1042.2225
-303975.6616,-261283.9233,42691.7383,496.387,1017.397
-303825.9983,-261227.0022,42598.9961,509.1033,1031.1846
-303920.8417,-261262.3925,42658.4492,496.6005,1026.1984
-303847.867,-261162.7967,42685.0703,526.8671,1038.7968
-303557.4452,-261131.3045,42426.1406,482.3468,1061.1963
-304101.961,-261268.0196,42833.9414,480.3117,1081.1408
-304045.7205,-261224.826,42820.8945,530.3884,1055.995
-303871.9574,-261162.5121,42709.4453,501.2566,1062.4128
-303916.3108,-261188.1584,42728.1523,519.2005,1038.1472
-303845.78,-261212.698,42633.082,464.1271,1030.3906
-303924.2873,-261216.1506,42708.1367,524.5464,1010.8301
-304169.3754,-261195.2777,42974.0977,472.7007,1001.3113
-303928.6338,-261247.3799,42681.2539,508.6633,1029.5669
-303766.9233,-261150.6929,42616.2305,492.6977,1035.2488
-303924.3062,-261131.3687,42792.9375,486.5839,1040.9468
-303727.2597,-261116.9667,42610.293,490.3227,1060.9166
-303989.044,-261166.3292,42822.7148,475.828,1038.529
-303712.3611,-261169.9001,42542.4609,513.6054,1031.9716
-303833.3157,-261186.8001,42646.5156,502.0687,1044.5795
-304038.0509,-261101.59,42936.4609,474.0567,1029.1575
-303575.9704,-261191.5251,42384.4453,486.0728,1071.4303
-303858.9691,-261198.7737,42660.1953,487.0742,1093.6269
-303959.3631,-261123.5858,42835.7773,526.0013,1012.7891
-303924.4766,-261257.0665,42667.4102,510.5211,1029.8293
-303818.4865,-261188.963,42629.5234,516.417,1023.3153
-303875.0908,-261209.7783,42665.3125,491.0586,1049.4339
-303959.3623,-261177.7842,42781.5781,488.273,1047.6605
-303990.532,-261307.9773,42682.5547,486.6888,1076.162
-304019.0566,-261235.8105,42783.2461,484.7688,1044.8016
-303749.7251,-261251.5142,42498.2109,519.3938,1030.2506
-303847.1221,-261260.7745,42586.3477,486.865,1016.5906
-303530.2369,-261080.9283,42449.3086,477.1675,1027.5518
-304045.1837,-261177.1993,42867.9844,497.7965,1062.0546
-304101.6934,-261204.0606,42897.6328,490.0423,1002.5669
-304085.6739,-261227.8067,42857.8672,492.9791,1042.5542
-303959.1199,-261180.9598,42778.1602,523.2512,1032.7572
-303976.9298,-261190.8869,42786.043,460.5437,1044.3282
-303745.539,-261178.1835,42567.3555,462.7283,1079.3832
-303998.8939,-261238.1908,42760.7031,477.9014,1045.6531
-304095.2469,-261231.1454,42864.1016,486.9779,1014.9104
-303803.5699,-261166.1051,42637.4648,493.5482,1052.612
-303995.8263,-261183.4826,42812.3438,468.0437,1039.2101
-303746.5557,-261120.8643,42625.6914,478.2054,1000.5584
-303707.2786,-261170.2005,42537.0781,489.6054,1054.5124
-303862.6387,-261242.5215,42620.1172,494.451,1021.5873
-303916.63,-261230.419,42686.2109,487.364,1034.1987
-303638.5195,-261150.2812,42488.2383,493.3879,1095.8816
-304115.1127,-261276.1908,42838.9219,479.053,1028.8777
-303735.9608,-261247.3124,42488.6484,488.0422,1042.81
-303938.2969,-261174.7657,42763.5312,509.2065,1060.4516
-304057.9999,-261235.9686,42822.0312,478.6014,1055.26
-303672.8125,-261196.9258,42475.8867,508.833,1039.6811
-303791.7043,-261199.7395,42591.9648,478.4158,1032.3461
-303781.8577,-261249.9515,42531.9062,469.3975,1019.2606
-304109.2923,-261275.0813,42834.2109,525.3153,1060.0303
-303952.6132,-261201.6367,42750.9766,492.0128,1077.7161
-303769.2982,-261049.7239,42719.5742,489.5846,1056.5612
-303689.5098,-261106.6934,42582.8164,488.9124,1055.7886
-303964.3338,-261285.5799,42678.7539,473.2473,1077.1088
-303699.3625,-261032.0695,42667.293,483.1243,1014.92
-303835.3762,-261304.4387,42530.9375,534.0832,1043.0881
-303836.7669,-261120.6615,42716.1055,481.5884,1027.6904
-303757.8967,-261235.9982,42521.8984,474.7825,1065.3822
-303786.3683,-261256.1651,42530.2031,502.9318,1045.2461
-303856.4824,-261178.748,42677.7344,502.9361,1034.7471
-303915.0806,-261189.0454,42726.0352,508.1492,1061.7905
-304039.8806,-261176.3181,42863.5625,508.727,1046.6254
-303889.8454,-261233.7009,42656.1445,504.5708,1063.6673
-303848.4355,-261142.4941,42705.9414,507.5793,1040.8413
-304022.324,-261199.2068,42823.1172,480.8952,1041.0731
-303908.2572,-261251.8041,42656.4531,491.1196,1012.471
-303824.6053,-261279.3162,42545.2891,528.0284,1039.2909
-303978.7112,-261329.68,42649.0312,465.0109,1048.1335
-303874.1823,-261171.9323,42702.25,484.6346,1016.6293
-303831.4111,-261186.6337,42644.7773,494.1978,1020.935
-303849.2074,-261234.2621,42614.9453,471.7828,1062.1562
-303927.9369,-261244.0151,42683.9219,507.9992,1046.0857
-303876.6127,-261133.4213,42743.1914,496.9636,1035.9811
-303981.82,-261204.5153,42777.3047,476.357,1072.516
-303862.3959,-261162.8529,42699.543,511.37,1083.8097
-303801.9496,-261204.9222,42597.0273,511.817,1028.2574
-303814.3139,-261151.0287,42663.2852,504.9063,1072.2007
-303768.7113,-261202.391,42566.3203,498.2289,1050.2097
-304084.3298,-261294.3142,42790.0156,492.5665,1050.8658
-303766.4377,-261084.0744,42682.3633,457.5923,1036.3919
-303904.024,-261237.9146,42666.1094,504.7872,1046.3889
-303868.7038,-261269.489,42599.2148,517.3746,1071.0396
-303921.4079,-261225.6149,42695.793,502.5197,1030.4835
-303822.8678,-261056.4224,42766.4453,511.4702,1081.9857
-303859.4116,-261158.728,42700.6836,493.1921,1034.0845
-303858.6214,-261245.6839,42612.9375,504.1228,1035.8806
-303805.5339,-261053.8425,42751.6914,480.2839,1061.3916
-303834.0137,-261175.1739,42658.8398,498.5723,1075.6172
-303741.7762,-261199.3192,42542.457,503.6751,1039.3236
-303744.614,-261190.5281,42554.0859,481.5966,1076.531
-303749.4224,-261166.1998,42583.2227,526.3387,1055.7315
-303708.0709,-261160.2896,42547.7812,487.3217,1038.2745
-303821.3661,-261208.8973,42612.4688,514.6474,1045.6657
-303831.0197,-261162.0705,42668.9492,485.9703,1048.1466
-303872.0759,-261267.9549,42604.1211,545.81,1030.3155
-304074.8807,-261205.4666,42869.4141,483.479,1068.9891
-303889.9122,-261199.2911,42690.6211,515.3558,1033.7666
-303926.2071,-261205.6954,42720.5117,520.399,1071.324
-303892.6231,-261227.8184,42664.8047,468.2492,1032.4487
-304019.1214,-261283.0042,42736.1172,496.2174,1007.8927
-303945.1153,-261188.2638,42756.8516,479.1035,1052.5057
-304018.919,-261331.5753,42687.3438,456.0932,1037.8095
-303991.9571,-261133.9454,42858.0117,534.5071,1059.4373
-303781.7949,-261183.2792,42598.5156,471.4803,1025.683
-303823.9159,-261121.9628,42701.9531,477.4212,1043.368
-303826.7225,-261221.2694,42605.4531,479.913,1098.8308
-304098.4293,-261303.777,42794.6523,504.5739,1057.4871
-304153.4389,-261331.1694,42822.2695,482.7929,1045.5336
-303891.2283,-261273.5955,42617.6328,516.3755,1076.053
-304010.7472,-261261.3214,42749.4258,509.2337,1053.2329
-303823.9715,-261175.8504,42648.1211,495.722,1052.0936
-304032.7238,-261186.1027,42846.6211,513.943,1067.7402
-303917.558,-261259.6401,42657.918,486.3496,1047.8726
-303937.1883,-261225.3484,42711.8398,507.3088,1072.9513
-303950.3046,-261164.2343,42786.0703,507.1173,1022.2917
-303816.67,-261071.0802,42745.5898,480.8757,1023.4549
-303496.7586,-261152.7,42344.0586,484.5976,1052.6733
-304021.54,-261213.1299,42808.4102,494.892,1064.272
-304293.5198,-261203.4065,43090.1133,478.4783,1050.146
-303946.5289,-261217.2477,42729.2812,508.6819,1054.6724
-303994.9226,-261225.4929,42769.4297,482.8301,1044.0002
-303944.083,-261205.1455,42738.9375,486.3657,1087.2395
-303867.0467,-261179.1756,42687.8711,495.4509,1042.3208
-304041.4844,-261202.8086,42838.6758,495.6637,1048.0949
-303786.2437,-261133.1226,42653.1211,495.5956,1046.0235
-304167.1804,-261210.4655,42956.7148,497.4125,1041.5046
-303935.8276,-261305.7416,42630.0859,505.2484,1053.8189
-303854.0485,-261180.7946,42673.2539,488.129,1008.2481
-304172.1674,-261159.5111,43012.6562,506.869,1007.4069
-303800.8635,-261155.8713,42644.9922,499.1353,1024.8635
-303763.5531,-261198.6547,42564.8984,532.6684,1065.1936
-303991.6071,-261250.3258,42741.2812,510.7011,1077.0203
-303878.6403,-261141.3981,42737.2422,508.9278,1043.6002
-304010.6453,-261261.9891,42748.6562,480.0203,1081.3866
-304032.6353,-261231.2837,42801.3516,514.221,1065.8464
-303962.28,-261181.1902,42781.0898,505.5229,1024.9939
-304027.4135,-261268.6166,42758.7969,500.567,1091.0049
-303745.15,-261161.9977,42583.1523,491.5633,1052.1526
-303885.8964,-261146.4199,42739.4766,500.1661,1043.8368
-303954.6649,-261134.1532,42820.5117,493.6651,1044.1262
-304087.5016,-261309.818,42777.6836,468.3071,1034.7079
-303860.8428,-261215.9366,42644.9062,483.475,1078.7949
-303932.0013,-261205.3567,42726.6445,523.4175,1058.6469
-303878.6344,-261180.3102,42698.3242,514.128,1048.8573
-303834.4377,-261216.7854,42617.6523,506.6447,991.1619
-304054.7795,-261321.0646,42733.7148,522.0011,1054.8409
-304086.367,-261244.906,42841.4609,485.4726,1020.4834
-303982.9984,-261272.1468,42710.8516,508.211,1027.3708
-303921.6955,-261227.9103,42693.7852,516.2352,1033.4358
-303787.5274,-261212.1954,42575.332,504.1298,1032.4524
-304036.8848,-261215.4902,42821.3945,493.1971,1053.0013
-304049.1102,-261235.4227,42813.6875,474.7395,1070.5696
-304003.4524,-261256.7571,42746.6953,523.7353,1039.4494
-303961.8842,-261268.6186,42693.2656,490.6541,1009.5071
-303970.2972,-261258.9613,42711.3359,498.6784,1067.7492
-304071.5129,-261252.755,42818.7578,505.4471,1070.7088
-303831.8906,-261198.2734,42633.6172,501.574,1033.1177
-303969.5551,-261251.059,42718.4961,501.5271,1053.281
-303912.2202,-261265.5835,42646.6367,520.1871,1064.3726
-304078.4065,-261240.0276,42838.3789,499.5549,953.6067
-303819.201,-261187.3104,42631.8906,504.0929,1027.187
-303815.5485,-261104.9431,42710.6055,512.3063,1035.947
-303715.3756,-261177.9303,42537.4453,523.6043,1031.9644
-303936.8426,-261223.3465,42713.4961,480.5953,1053.9161
-303691.2331,-261243.987,42447.2461,493.4515,1078.3643
-303840.4212,-261140.4173,42700.0039,453.6,1034.9442
-304019.5921,-261284.4593,42735.1328,497.5705,1014.3196
-303913.4065,-261173.3362,42740.0703,464.4003,995.0617
-303785.876,-261230.6221,42555.2539,516.3685,1039.7379
-303725.8171,-261192.5632,42533.2539,511.8013,1092.1334
-303844.4536,-261111.7271,42732.7266,496.5594,1028.2149
-304041.9446,-261270.5736,42771.3711,502.0476,1054.6168
-303933.6454,-261145.5204,42788.125,507.023,1039.3603
-303939.6525,-261222.926,42716.7266,527.5258,1022.3333
-303958.5219,-261277.7368,42680.7852,499.165,1050.8115
-303908.6048,-261203.1946,42705.4102,494.5447,1035.3888
-303804.8892,-261114.7993,42690.0898,481.1759,1030.2664
-304035.4758,-261224.6125,42810.8633,480.1059,1043.1441
-303950.0762,-261281.5176,42668.5586,509.9283,1051.5848
-303842.2523,-261114.9124,42727.3398,474.6138,1099.534
-303594.6361,-261121.015,42473.6211,490.1459,1046.6503
-303827.8799,-261222.7432,42605.1367,489.4458,1050.2953
-303883.7966,-261200.195,42683.6016,491.7694,1072.6474
-303995.1154,-261319.0138,42676.1016,537.7365,1042.9597
-304034.9387,-261175.5364,42859.4023,486.6629,1011.7851
-303806.6849,-261158.8997,42647.7852,524.5391,1015.5797
-304024.4572,-261290.7385,42733.7188,537.0349,1070.6354
-303828.4042,-261140.7674,42687.6367,504.8562,1059.8569
-303928.5315,-261265.4846,42663.0469,498.5565,1034.7109
-303754.7843,-261288.7726,42466.0117,519.8776,1052.8687
-303860.8771,-261173.9709,42686.9062,505.31,1026.1222
-303688.9765,-261058.9804,42629.9961,472.2701,1042.9179
-304099.1651,-261224.8721,42874.293,495.5955,1025.5781
-304232.3957,-261253.6731,42978.7227,515.4651,1046.2718
-303604.5155,-261135.8084,42468.707,502.2796,1053.1925
-303929.3282,-261249.5587,42679.7695,469.4272,1025.4924
-303904.2731,-261218.7184,42685.5547,478.9739,1051.3019
-303798.8638,-261144.5239,42654.3398,505.6245,1064.8596
-303898.579,-261216.7625,42681.8164,477.2418,1039.8219
-303826.894,-261149.9408,42676.9531,538.7708,1072.3666
-303695.4949,-261091.3699,42604.125,504.8093,1021.7042
-303994.2508,-261218.8172,42775.4336,480.3401,1070.8175
-304184.0778,-261187.859,42996.2188,506.403,1033.2939
-303847.4793,-261217.1981,42630.2812,517.7184,1057.7356
-303880.6278,-261271.8309,42608.7969,489.0356,1049.5164
-304031.9241,-261275.0842,42756.8398,491.6934,1058.3427
-303856.0131,-261159.9271,42696.0859,474.2034,1062.0357
-304010.9366,-261189.6788,42821.2578,475.4464,1022.9635
-303779.7454,-261217.7883,42561.957,539.9928,1013.0848
-303980.9737,-261228.3877,42752.5859,512.0749,1056.5113
-303949.2202,-261277.9233,42671.2969,516.0565,1094.8712
-303799.0929,-261204.3507,42594.7422,496.2258,994.7607
-303938.2746,-261168.048,42770.2266,505.3198,1074.481
-303902.8993,-261054.3329,42848.5664,471.4915,1065.8456
-304021.7455,-261260.0072,42761.7383,499.9297,1002.9327
-303753.7355,-261156.9269,42596.8086,502.087,1058.6777
-303617.9014,-261145.874,42472.0273,508.4886,1073.5171
-303892.1584,-261119.7873,42772.3711,478.0733,1058.2797
-303831.2328,-261243.6586,42587.5742,492.45,1089.8555
-303780.9489,-261255.8122,42525.1367,529.8631,1098.2134
-304027.1971,-261257.5292,42769.668,482.2998,1027.2331
-303981.8363,-261181.0121,42800.8242,488.0902,1011.1236
-304144.3273,-261175.675,42968.6523,487.7623,1071.7897
-303926.8024,-261245.1032,42681.6992,509.4295,1033.242
-303807.0021,-261192.7716,42614.2305,493.2694,1037.945
-303970.4165,-261159.7368,42810.6797,500.6116,1039.0624
-303751.9589,-261213.7949,42538.1641,465.1428,1072.9317
-304000.3525,-261258.7079,42741.6445,511.138,1076.5181
-303860.6575,-261289.2747,42571.3828,534.4617,1056.0241
-303905.2947,-261212.4197,42692.875,500.0438,1022.494
-303541.7523,-261099.6468,42442.1055,500.9411,1041.82
-303944.3384,-261191.6587,42752.6797,520.1652,1080.9199
-303878.1035,-261212.416,42665.6875,489.8441,1093.1519
-303846.5923,-261183.3501,42663.2422,501.1743,1099.9794
-304021.8735,-261295.4556,42726.418,544.1645,1021.8635
-303978.7215,-261198.9324,42779.7891,515.6426,1031.5785
-304067.8239,-261283.4606,42784.3633,507.91,1060.9509
-303890.0575,-261208.3544,42681.7031,507.8305,1072.8432
-303864.6653,-261116.5638,42748.1016,513.9504,1068.4625
-304016.6137,-261141.0473,42875.5664,495.3816,1042.4268
-303849.0797,-261044.8766,42804.2031,508.7897,1071.6572
-303743.3096,-261214.9386,42528.3711,476.9697,1004.5359
-303715.6371,-261184.1723,42531.4648,488.1441,1101.3909
-304011.8064,-261172.3923,42839.4141,527.9026,1042.6922
-303788.3046,-261167.3749,42620.9297,490.6248,1063.5541
-303836.6443,-261191.5115,42645.1328,500.5146,1061.0423
-304141.5877,-261320.326,42821.2617,499.4532,1033.4941
-304104.3571,-261254.5602,42849.7969,481.52,1058.632
-303722.5007,-261186.3249,42536.1758,490.1376,1074.7656
-303917.1321,-261236.0462,42681.0859,487.6802,1052.5002
-304052.2065,-261272.2533,42779.9531,504.2849,1040.5921
-303966.0591,-261184.5591,42781.5,478.6116,1062.4379
-303902.1295,-261302.5045,42599.625,498.6898,1055.6433
-303880.5084,-261264.7545,42615.7539,513.4058,1020.4421
-303927.8948,-261226.387,42701.5078,468.4848,1044.5456
-303874.388,-261263.5091,42610.8789,522.871,1036.7869
-303916.1243,-261117.6243,42798.5,443.2265,1038.7191
-303924.3099,-261230.1732,42694.1367,493.2699,1038.1686
-304053.3243,-261244.3048,42809.0195,525.8043,1050.4973
-303986.0338,-261150.4674,42835.5664,488.502,1028.163
-303761.9066,-261145.3246,42616.582,459.6155,1055.6722
-303781.0508,-261279.7227,42501.3281,498.0409,1071.3342
-303721.8812,-261145.893,42575.9883,520.2968,1038.2613
-303952.5038,-261146.4843,42806.0195,511.8584,1014.4218
-303912.8722,-261249.9268,42662.9453,473.9737,1080.1
-303990.4094,-261243.7454,42746.6641,490.9752,1127.1538
-303942.825,-261235.7782,42707.0469,496.0792,1054.8689
-303801.5325,-261158.6575,42642.875,465.3236,1031.9547
-303734.2275,-261183.497,42550.7305,496.6618,1051.6807
-303707.5917,-261186.5292,42521.0625,487.3348,1058.4363
-304030.8818,-261237.3662,42793.5156,481.553,1072.2197
-304013.2641,-261187.7133,42825.5508,510.3094,1046.7757
-303887.905,-261165.9948,42721.9102,501.9312,1042.4886
-303890.3683,-261178.6417,42711.7266,469.0288,1083.1133
-303979.6937,-261100.4515,42879.2422,509.1898,1006.0635
-303888.8365,-261197.5474,42691.2891,514.1711,1039.2312
-303849.1224,-261151.2435,42697.8789,500.2328,1029.0947
-303735.911,-261136.1962,42599.7148,483.8116,1024.1836
-303796.9961,-261235.4844,42561.5117,509.354,1060.5075
-303751.3084,-261194.5076,42556.8008,509.4686,1038.96
-303677.0516,-261136.7313,42540.3203,497.4014,1018.5241
-303838.7491,-261258.4366,42580.3125,530.8304,1041.4715
-303663.4442,-261236.0419,42427.4023,520.0645,1037.7553
-304218.0402,-261246.6808,42971.3594,488.7413,1071.364
-303679.0758,-261082.5016,42596.5742,495.2639,1057.2074
-303848.2061,-261237.0889,42611.1172,470.0162,1047.2653
-303712.2928,-261230.4334,42481.8594,488.2187,1049.3626
-303900.1153,-261230.502,42669.6133,480.8845,1048.2038
-304035.0051,-261261.134,42773.8711,504.1709,1027.5316
-303857.8262,-261296.8457,42560.9805,505.1688,1064.6692
-303912.463,-261254.4513,42658.0117,468.3753,1042.188
-304080.2673,-261272.8923,42807.375,486.1341,1084.3894
-303805.8336,-261184.0133,42621.8203,487.9265,1014.1292
-303938.8398,-261271.4648,42667.375,527.9057,1055.7929
-303864.324,-261161.5974,42702.7266,507.7931,1011.7501
-303912.2987,-261250.3924,42661.9062,480.4242,1045.7416
-303911.0703,-261151.9141,42759.1562,491.0352,1074.906
-303797.9507,-261167.9468,42630.0039,510.8854,1031.3194
-304107.0381,-261262.0577,42844.9805,486.2323,1037.2571
-303716.5293,-261140.1152,42576.4141,502.5263,1010.5896
-303903.3087,-261273.0196,42630.2891,467.0347,1049.492
-303810.4418,-261160.1566,42650.2852,499.1888,1077.8011
-303977.9396,-261363.6818,42614.2578,472.9108,1035.396
-303837.1508,-261168.5688,42668.582,483.6056,1038.9699
-303929.2352,-261269.282,42659.9531,467.6985,1039.4766
-303724.9585,-261298.4234,42426.5352,519.2573,1077.1701
-303876.3115,-261295.2725,42581.0391,471.5,1058.5627
-303832.0628,-261179.0121,42653.0508,488.6223,1025.4902
-304116.3956,-261190.6066,42925.7891,491.6175,1079.0681
-303925.2984,-261271.3609,42653.9375,495.711,1054.3268
-303996.3791,-261246.2893,42750.0898,515.2185,1052.7407
-303811.1925,-261146.837,42664.3555,515.1786,1106.8045
-303764.3547,-261254.2102,42510.1445,472.9911,1077.1048
-303728.8447,-261082.7041,42646.1406,509.5575,1022.4392
-303850.2491,-261216.4405,42633.8086,480.6316,1054.6827
-303816.0006,-261224.5787,42591.4219,467.0033,1032.1446
-303918.2043,-261221.38,42696.8242,494.2447,1034.5483
-303796.8019,-261182.1417,42614.6602,507.3135,1039.1742
-303867.0965,-261210.5144,42656.582,503.5198,1050.3194
-303695.9634,-261106.0845,42589.8789,532.4195,1064.6022
-303961.3375,-261286.9469,42674.3906,490.6576,1074.0273
-303993.9195,-261206.5328,42787.3867,469.0094,1041.5741
-303953.9241,-261134.8226,42819.1016,489.9735,1083.1646
-303683.4527,-261069.1402,42614.3125,517.4757,1036.873
-303969.9142,-261247.422,42722.4922,492.2516,1037.1697
-304084.9506,-261198.9116,42886.0391,455.8271,1076.7866
-303858.7045,-261101.681,42757.0234,514.8104,1085.6608
-303894.9422,-261124.0516,42770.8906,504.6372,1069.1109
-303803.9726,-261196.5898,42607.3828,497.5604,1073.6904
-303899.7251,-261196.268,42703.457,494.8095,1034.4907
-304021.1663,-261158.7367,42862.4297,484.8773,1076.0242
-303714.9126,-261103.061,42611.8516,472.1528,1058.7473
-303942.2245,-261167.0214,42775.2031,487.2678,1037.7581
-303925.7995,-261136.026,42789.7734,526.0201,1059.6419
-303863.3365,-261182.2583,42681.0781,496.6026,1075.7344
-304101.5331,-261318.6112,42782.9219,494.1966,1039.6712
-303720.2236,-261310.0635,42410.1602,515.3097,1072.8583
-303670.461,-261178.9688,42491.4922,478.527,1089.6855
-304052.0346,-261229.7377,42822.2969,497.6123,1056.2625
-304045.9201,-261202.9865,42842.9336,477.0766,1030.5509
-303812.28,-261179.6472,42632.6328,473.7294,1021.3474
-303756.5926,-261215.7137,42540.8789,507.3092,1041.9175
-303840.6879,-261200.8754,42639.8125,499.6014,1061.9005
-303546.9567,-261155.6638,42391.293,512.0976,1049.763
-303785.0942,-261169.9263,42615.168,529.809,981.0131
-303762.5923,-261163.9399,42598.6523,501.4258,1037.6851
-303860.3011,-261174.3715,42685.9297,509.6568,1029.6854
-304036.5208,-261191.6341,42844.8867,464.9986,1082.5604
-303653.6523,-261221.2656,42432.3867,473.4778,1054.7161
-303847.3859,-261225.7258,42621.6602,498.6274,1115.5823
-304096.7537,-261160.9803,42935.7734,483.5294,1019.5156
-303905.6884,-261237.1923,42668.4961,467.7504,1042.3618
-303930.9375,-261192.6055,42738.332,489.4563,1085.3213
-304031.8612,-261234.7791,42797.082,497.7684,1084.7758
-303879.7676,-261167.5137,42712.2539,480.5599,1030.4262
-303724.3412,-261228.9584,42495.3828,533.3903,1008.9238
-303656.5038,-261146.9999,42509.5039,487.3775,1071.9335
-303719.8311,-261253.089,42466.7422,527.2347,1075.0985
-304102.0687,-261186.9359,42915.1328,476.1086,1052.6925
-303629.5724,-261119.0685,42510.5039,471.7255,1055.6651
-303946.1704,-261202.9517,42743.2188,470.4151,1065.9088
-303736.2828,-261235.1421,42501.1406,512.3187,1051.6974
-304156.9723,-261319.4411,42837.5312,502.455,1070.1091
-303986.5121,-261326.0589,42660.4531,516.1654,1097.0591
-303981.4295,-261219.8748,42761.5547,501.5362,1098.7951
-303681.56,-261137.3451,42544.2148,520.2053,1040.7469
-304019.7491,-261313.5264,42706.2227,492.6226,1030.8223
-303994.9415,-261215.504,42779.4375,501.1683,1029.7138
-303994.1364,-261258.652,42735.4844,482.9164,1066.9291
-303935.743,-261197.5477,42738.1953,501.6039,1078.3679
-303915.114,-261140.4421,42774.6719,474.5797,1057.0385
-303797.5294,-261099.5646,42697.9648,491.1663,1052.5863
-303955.868,-261256.6688,42699.1992,478.7358,1024.6353
-303849.4801,-261247.0387,42602.4414,493.7261,1078.2795
-303746.0039,-261231.6328,42514.3711,481.2766,1025.2124
-303770.1643,-261233.5783,42536.5859,493.8884,1054.8019
-303762.9468,-261132.5718,42630.375,498.1388,1079.3607
-303770.7936,-261073.6882,42697.1055,488.6207,1061.3732
-303943.2124,-261263.8256,42679.3867,478.4971,993.6784
-304006.3188,-261203.9477,42802.3711,478.9721,1042.2452
-303943.4753,-261171.7214,42771.7539,503.4766,1041.4956
-303918.7729,-261279.8901,42638.8828,508.9924,1114.2608
-303896.4907,-261186.7251,42709.7656,474.1572,1059.3019
-304083.4273,-261212.2007,42871.2266,503.9586,1049.1348
-303796.8344,-261129.1782,42667.6562,526.4156,1021.7833
-303928.0218,-261108.221,42819.8008,497.6657,1039.2649
-303845.9991,-261130.1671,42715.832,461.5308,1015.661
-303690.8345,-261176.8267,42514.0078,503.1064,1030.4426
-303759.1487,-261181.4104,42577.7383,491.7275,1022.1739
-303829.3742,-261158.3195,42671.0547,480.4447,1031.6435
-304036.1853,-261211.7557,42824.4297,481.4536,981.5069
-303966.3274,-261184.3235,42782.0039,523.6515,1036.9269
-303620.711,-261126.8477,42493.8633,475.0863,1059.8073
-303971.9379,-261242.059,42729.8789,506.1441,1032.4336
-303663.1906,-261183.1242,42480.0664,496.3567,1060.2201
-303906.1568,-261213.0514,42693.1055,497.1817,1064.4492
-303742.9953,-261184.546,42558.4492,505.9159,1084.3067
-303884.8332,-261307.9152,42576.918,486.8751,1065.2093
-303857.7033,-261289.3712,42568.332,488.0865,1064.6117
-303782.1053,-261210.3983,42571.707,490.0394,1071.2189
-303690.1876,-261177.461,42512.7266,481.1604,1055.1161
-303765.5576,-261254.8037,42510.7539,475.3108,1047.8473
-303916.0165,-261139.4618,42776.5547,492.3362,1038.0177
-303949.3322,-261246.2424,42703.0898,498.9139,1069.3845
-303920.4449,-261192.1988,42728.2461,495.2855,1061.2315
-303857.2821,-261260.786,42596.4961,494.3629,1042.5927
-303951.2282,-261263.0329,42688.1953,503.994,1053.1654
-304183.4496,-261172.3168,43011.1328,512.069,1057.8454
-303717.9657,-261260.3212,42457.6445,533.5711,1035.4253
-304033.9158,-261217.576,42816.3398,513.6256,1086.4487
-303804.1081,-261184.2097,42619.8984,490.3239,1037.1202
-303781.3428,-261246.3389,42535.0039,497.7032,1027.6448
-304026.0413,-261170.8499,42855.1914,500.2064,1081.9595
-303849.892,-261105.5209,42744.3711,483.0583,1051.7212
-304113.4266,-261182.4305,42930.9961,506.4892,1091.7316
-303902.8306,-261166.9088,42735.9219,515.1907,1031.7683
-303977.869,-261194.9471,42782.9219,487.2037,1048.1719
-303929.0203,-261135.8015,42793.2188,534.6195,1025.6308
-303963.258,-261215.2384,42748.0195,472.7788,1084.9029
-303823.3913,-261139.1648,42684.2266,489.8393,1044.9831
-304038.0533,-261272.4009,42765.6523,471.7903,1031.1245
-304070.6189,-261206.658,42863.9609,482.739,1027.5659
-303743.1824,-261132.698,42610.4844,501.9116,1057.4825
-303919.6805,-261120.2937,42799.3867,470.0553,1021.8621
-304038.8149,-261282.9125,42755.9023,504.9974,1024.4213
-303897.2144,-261237.5191,42659.6953,522.6984,1016.7294
-304090.4578,-261166.3757,42924.082,490.6284,1009.7725
-303875.9544,-261285.6771,42590.2773,468.5421,1081.7691
-303834.3806,-261089.697,42744.6836,471.7287,1051.6777
-303970.4928,-261235.0905,42735.4023,510.4578,1005.3508
-304079.8495,-261262.1346,42817.7148,547.0145,1077.4831
-304310.6895,-261344.3965,42966.293,453.3494,1073.1603
-303929.3699,-261212.7215,42716.6484,517.5649,1064.1406
-304119.8086,-261269.1563,42850.6523,490.2615,1039.6596
-303823.3154,-261218.331,42604.9844,482.8331,1025.4112
-303812.3968,-261158.2757,42654.1211,512.0945,1053.602
-303947.5141,-261144.3461,42803.168,491.5068,1090.89
-303833.8424,-261131.983,42701.8594,478.154,1059.452
-304105.9675,-261334.7136,42771.2539,509.3186,1070.9736
-304009.7634,-261224.3024,42785.4609,521.6036,1065.4337
-303737.7967,-261171.9842,42565.8125,477.8266,1026.0756
-304018.4807,-261177.008,42841.4727,487.1474,1067.2785
-303990.8415,-261274.3845,42716.457,471.501,1089.6979
-303723.6374,-261156.2624,42567.375,507.7102,1085.4312
-303933.0944,-261132.2858,42800.8086,526.0824,1040.5995
-304325.4898,-261226.1499,43099.3398,499.7893,1013.1288
-303600.4389,-261173.8334,42426.6055,498.1332,1049.1572
-304097.7468,-261260.4577,42837.2891,485.3499,992.764
-303952.137,-261254.9534,42697.1836,517.1541,1038.699
-303831.799,-261184.424,42647.375,489.4328,1063.5609
-303914.1055,-261230.5781,42683.5273,477.7052,1044.8852
-303733.1244,-261180.3588,42552.7656,478.5522,1062.6915
-303603.2806,-261165.9251,42437.3555,486.9473,1100.5588
-303998.4381,-261239.5397,42758.8984,514.8691,1042.3711
-303833.7593,-261263.8179,42569.9414,500.9561,1041.0676
-303780.013,-261160.0208,42619.9922,458.7672,1061.456
-303950.5486,-261226.3924,42724.1562,491.4012,1035.9446
-304053.733,-261234.3697,42819.3633,485.2565,1016.0375
-303947.9937,-261135.0835,42812.9102,486.3146,1097.9553
-304008.8878,-261222.6807,42786.207,488.2195,1040.2234
-303827.6834,-261173.3865,42654.2969,542.8634,1026.7397
-303838.7839,-261170.0769,42668.707,489.0932,1061.5659
-303579.7921,-261144.3468,42435.4453,505.736,1039.8548
-303896.1515,-261182.132,42714.0195,469.958,1069.8973
-303718.8269,-261176.4207,42542.4062,472.6475,1027.2008
-304017.6692,-261252.7161,42764.9531,507.6181,1062.1365
-303937.4174,-261179.8081,42757.6094,477.0344,1056.5222
-303927.0109,-261271.2961,42655.7148,496.0471,1062.1117
-303932.5711,-261189.9696,42742.6016,507.5796,1031.7561
-303718.9247,-261153.1357,42565.7891,489.7397,1037.1722
-304075.8218,-261261.689,42814.1328,477.2378,1082.2692
-303680.9868,-261114.3228,42566.6641,499.9345,1036.6276
-303900.2247,-261220.7638,42679.4609,508.0178,1047.8485
-304039.8366,-261296.8952,42742.9414,506.8299,1064.3451
-304019.6883,-261184.1531,42835.5352,495.4084,1064.9309
-303760.6178,-261156.1295,42604.4883,455.2776,1062.0993
-303771.6554,-261196.5343,42575.1211,487.268,1090.7762
-303877.0493,-261214.6782,42662.3711,472.0624,1025.8978
-303785.8693,-261090.6505,42695.2188,513.1501,1070.3321
-303960.2164,-261127.5992,42832.6172,491.1983,1073.8234
-303788.1427,-261147.8185,42640.3242,504.2843,1072.4552
-304023.6792,-261245.0737,42778.6055,519.4401,1030.4159
-303962.4084,-261293.1779,42669.2305,528.4225,1010.3977
-303995.4552,-261213.8146,42781.6406,492.7917,1009.0487
-303719.4999,-261164.1835,42555.3164,507.3445,1032.8216
-303923.5657,-261190.4563,42733.1094,477.32,1024.5021
-303757.4263,-261070.6529,42686.7734,488.8812,1026.4631
-304033.5369,-261212.3572,42821.1797,467.8894,1075.9374
-303843.7192,-261141.1684,42702.5508,509.021,1073.9037
-304172.2013,-261252.7286,42919.4727,517.5855,1076.5286
-304120.9143,-261296.887,42824.0273,501.4116,1057.8277
-303658.2314,-261150.6533,42507.5781,481.5806,1032.6306
-304084.651,-261180.5221,42904.1289,499.0703,1035.7884
-303387.0866,-261071.4303,42315.6562,484.2881,1036.9523
-303685.4636,-261082.3699,42603.0938,535.5466,1072.4961
-304048.1985,-261345.9211,42702.2773,501.5603,1142.2587
-303950.1715,-261271.1949,42678.9766,476.5364,1016.1153
-303886.1358,-261131.9053,42754.2305,471.6489,1033.7432
-303704.2063,-261177.1672,42527.0391,493.4176,1039.4892
-303662.8955,-261227.8799,42435.0156,530.002,1057.3106
-304091.3036,-261359.62,42731.6836,542.2247,1032.0279
-303914.3987,-261177.6916,42736.707,484.0408,1036.7898
-303938.8268,-261296.3659,42642.4609,476.6171,1031.6971
-304317.7119,-261299.1572,43018.5547,488.6505,1042.6811
-303640.6879,-261219.184,42421.5039,498.2663,1052.7266
-303780.0107,-261181.6278,42598.3828,490.9248,1066.3875
-303874.6095,-261215.0275,42659.582,450.0579,1070.8752
-303994.4627,-261164.5213,42829.9414,464.9939,1047.7986
-304112.8126,-261212.6173,42900.1953,483.5329,1051.4269
-304072.1812,-261262.7867,42809.3945,486.6975,1017.4974
-303862.8062,-261167.1109,42695.6953,523.0675,1058.5712
-303786.883,-261249.3791,42537.5039,523.6193,1071.7578
-303860.8304,-261205.2835,42655.5469,486.0651,1063.4348
-303834.3773,-261155.893,42678.4844,491.5916,1036.7913
-304115.2888,-261170.9021,42944.3867,504.3345,1027.2433
-304004.6854,-261148.7283,42855.957,493.7169,1051.152
-303833.2737,-261146.8596,42686.4141,510.0891,1068.9885
-303779.0138,-261060.4904,42718.5234,488.9874,1072.3292
-304132.0899,-261255.8907,42876.1992,507.1535,1067.1257
-303620.5669,-261094.563,42526.0039,466.3392,1017.4066
-303965.3071,-261237.8539,42727.4531,524.9607,1071.0428
-304081.7678,-261196.2014,42885.5664,503.051,1037.3592
-303490.9942,-260982.8223,42508.1719,500.9946,1067.3892
-303935.6076,-261196.4631,42739.1445,529.4476,1048.412
-303774.2104,-261066.4994,42707.7109,510.6145,1039.5815
-303770.2082,-261085.8332,42684.375,451.1641,1034.1936
-303923.7903,-261203.4231,42720.3672,518.1209,1033.2062
-303693.5702,-261220.3905,42473.1797,488.4253,1008.5074
-303852.489,-261147.4226,42705.0664,458.7041,1071.9839
-304061.8068,-261245.8263,42815.9805,495.0807,1026.4993
-304014.0571,-261109.6391,42904.418,501.3906,1017.5203
-303782.2667,-261038.8448,42743.4219,496.5173,1075.7742
-303617.6417,-261027.9073,42589.7344,526.4083,1056.866
-303823.7236,-261176.3252,42647.3984,494.9257,1097.7401
-303892.1708,-261138.538,42753.6328,467.314,1021.3454
-303832.9962,-261147.2931,42685.7031,509.9635,1094.3457
-304001.2982,-261187.513,42813.7852,502.5992,1091.6291
-303900.8944,-261162.3593,42738.5352,499.9484,1031.3117
-304100.6541,-261169.3728,42931.2812,490.8653,998.4774
-303933.1912,-261112.6521,42820.5391,478.4022,1059.0944
-303986.4602,-261200.5656,42785.8945,481.7702,1098.5066
-303820.1999,-261259.1296,42561.0703,504.319,1066.1209
-303850.7445,-261197.4906,42653.2539,481.1193,1049.0551
-303801.7173,-261207.6977,42594.0195,478.9935,1070.1141
-303993.7362,-261333.8104,42659.9258,523.1151,1058.2751
-303571.0396,-261089.5006,42481.5391,474.7494,1042.8356
-303727.4464,-261135.5558,42591.8906,483.1235,1039.586
-303796.5219,-261142.0102,42654.5117,480.3838,1039.1602
-303730.0689,-261187.5142,42542.5547,507.1119,1071.1383
-303870.8644,-261255.0714,42615.793,502.0273,1052.606
-303869.0724,-261190.9161,42678.1562,527.2582,1081.9692
-303759.7938,-261273.5009,42486.293,522.1922,1046.2783
-303703.1196,-261182.686,42520.4336,525.1562,1060.0421
-303852.4663,-261241.5952,42610.8711,467.1969,1063.8535
-303904.1389,-261214.3772,42689.7617,521.2714,1074.2019
-303946.2978,-261160.1455,42786.1523,517.0766,1036.0572
-304011.1453,-261174.3758,42836.7695,515.5737,1079.5498
-304142.732,-261216.314,42926.418,476.4844,1042.986
-304270.8826,-261234.3513,43036.5312,502.2883,1063.3973
-303727.9215,-261167.2887,42560.6328,487.4748,1083.1592
-303844.9098,-261186.7184,42658.1914,486.9788,1084.6681
-303879.618,-261146.7704,42732.8477,481.872,1044.1266
-303668.0975,-261158.0077,42510.0898,530.429,1060.0893
-303975.2476,-261170.6187,42804.6289,486.009,1050.0646
-303910.8351,-261113.7921,42797.043,468.0159,1039.4726
-303843.9875,-261184.4172,42659.5703,476.4902,1045.5752
-304003.4363,-261194.8426,42808.5938,515.8643,1052.2753
-303948.2754,-261093.2793,42854.9961,464.5692,1035.0451
-303934.4167,-261178.0691,42756.3477,500.3708,1080.9626
-304365.7149,-261272.2539,43093.4609,478.9068,1085.9355
-303858.1485,-261165.6642,42692.4844,482.6344,1030.952
-303536.648,-261168.8668,42367.7812,498.7058,1054.6451
-303801.1136,-261174.4222,42626.6914,478.3834,1053.5155
-303846.6958,-261193.5278,42653.168,491.3002,1049.0645
-303720.1638,-261173.8045,42546.3594,476.4714,1031.0348
-304013.2991,-261260.5413,42752.7578,493.2564,1074.5526
-303704.9022,-261189.7264,42515.1758,474.6904,1049.2042
-303881.7287,-261189.2833,42692.4453,467.6055,1074.4024
-303952.1566,-261233.2464,42718.9102,497.6528,1045.6955
-303818.6452,-261167.4187,42651.2266,518.2584,1042.2826
-303861.2958,-261303.5614,42557.7344,503.0167,1001.6021
-303932.8835,-261240.5437,42692.3398,481.3326,1028.3689
-304046.6941,-261234.9871,42811.707,535.6454,1087.6106
-303912.385,-261196.4084,42715.9766,471.631,1064.1872
-304281.8402,-261222.016,43059.8242,509.1707,1030.5022
-303905.4247,-261233.3934,42672.0312,458.2813,1057.2994
-303931.0109,-261236.7609,42694.25,492.5887,1064.2275
-303771.8971,-261161.108,42610.7891,504.7133,1045.9168
-303807.684,-261137.766,42669.918,509.8606,1057.2324
-303945.8726,-261154.9233,42790.9492,440.1594,1027.909
-303952.2485,-261137.0376,42815.2109,485.9912,1002.06
-304144.1766,-261292.329,42851.8477,509.0744,1031.7353
-303905.2589,-261067.5636,42837.6953,478.9482,1037.9524
-303797.2526,-261153.2839,42643.9688,486.0782,1061.6097
-303843.5718,-261215.9234,42627.6484,504.651,1011.4724
-303767.4561,-261143.1553,42624.3008,517.3888,1040.9262
-304115.576,-261217.4393,42898.1367,508.761,1017.7234
-303859.5231,-261175.7536,42683.7695,470.4561,1096.2617
-304029.4259,-261238.3282,42791.0977,514.3238,1032.0745
-304087.1401,-261232.8237,42854.3164,488.8578,1006.9813
-303704.6189,-261166.4118,42538.207,501.4946,1049.8936
-303905.1893,-261080.8417,42824.3477,511.8099,1053.4272
-303681.7642,-261157.0337,42524.7305,464.1769,1049.7312
-303691.9545,-261113.5912,42578.3633,509.1099,1028.7144
-303764.5823,-261164.4183,42600.1641,491.3525,1081.671
-303669.0943,-261044.7622,42624.332,539.1773,1050.6332
-303865.6923,-261253.829,42611.8633,477.7613,1053.3132
-304235.6327,-261211.8905,43023.7422,487.0618,1055.4552
-303778.7943,-261241.3997,42537.3945,497.7242,1052.4663
-303940.9492,-261195.3555,42745.5938,467.9753,1068.8629
-304229.7988,-261292.5839,42937.2148,482.2346,1015.0778
-303637.4748,-261126.8342,42510.6406,472.7325,1060.5003
-303864.3008,-261243.7462,42620.5547,551.1529,1062.9635
-303906.4845,-261147.6954,42758.7891,494.4608,1068.3915
-303710.7414,-261172.8352,42537.9062,470.339,1016.6142
-303796.4752,-261197.5689,42598.9062,524.2088,1047.7156
-303895.7213,-261160.4791,42735.2422,525.5051,1045.0473
-303876.5307,-261160.1167,42716.4141,500.6581,1080.1955
-303802.4026,-261197.0862,42605.3164,486.7392,1046.8264
-303868.9164,-261179.4477,42689.4688,482.9721,1039.2884
-304006.7812,-261201.6757,42805.1055,511.7257,1040.4909
-303905.4687,-261305.0624,42600.4062,493.5625,1073.7923
-303806.8405,-261197.8796,42608.9609,489.3655,1062.6965
-304100.0636,-261327.8058,42772.2578,516.9092,1071.825
-303948.2138,-261255.9559,42692.2578,486.155,1037.8066
-303777.2743,-261202.3368,42574.9375,508.7213,1014.0147
-303712.0084,-261102.5045,42609.5039,511.0255,1012.1563
-303898.1913,-261163.4647,42734.7266,504.4281,1064.8603
-303784.4325,-261139.0302,42645.4023,497.7406,1046.4531
-303861.7299,-261199.7377,42661.9922,527.4975,1062.4456
-303850.5937,-261213.7578,42636.8359,500.1136,1048.2397
-303857.5547,-261143.3164,42714.2383,478.0419,1030.986
-303601.0,-261176.4766,42424.5234,539.5875,1034.8803
-303932.7805,-261198.9368,42733.8438,461.6227,1030.7655
-304114.7832,-261171.9238,42942.8594,493.332,1029.2986
-303977.5585,-261159.7342,42817.8242,503.8472,1035.6892
-303857.948,-261095.7879,42762.1602,516.0834,1040.5839
-303827.3797,-261257.0281,42570.3516,489.7978,1059.1454
-304003.5594,-261236.7703,42766.7891,501.4303,983.744
-303598.1953,-261131.2031,42466.9922,494.8915,1085.6711
-303850.7135,-261187.5963,42663.1172,522.4796,1041.8055
-304014.9058,-261235.5737,42779.332,493.9173,1001.2173
-303872.2726,-261180.1358,42692.1367,517.6024,1093.1102
-303775.6595,-261114.3548,42661.3047,480.954,1047.6592
-303804.1729,-261080.5244,42723.6484,476.2458,1035.2455
-304049.956,-261234.6552,42815.3008,477.1009,1082.8471
-303894.767,-261160.0483,42734.7188,464.8463,1022.184
-303666.4929,-261213.9539,42452.5391,514.7157,1012.9245
-303928.2901,-261201.9034,42726.3867,516.2649,1102.7495
-304058.4935,-261294.642,42763.8516,493.5669,1020.4382
-303892.8786,-261181.32,42711.5586,486.0028,1012.5387
-304101.5697,-261181.7807,42919.7891,477.263,1007.916
-303767.6379,-261203.0754,42564.5625,459.6445,1049.5851
-303817.111,-261188.6462,42628.4648,498.8181,1049.9299
-303796.4355,-261073.5175,42722.918,472.9363,1025.0643
-303819.2309,-261125.0004,42694.2305,463.9216,1044.2663
-303890.3256,-261053.6498,42836.6758,498.2749,1025.7749
-303841.3145,-261334.0372,42507.2773,504.8555,1094.5688
-303944.302,-261165.4856,42778.8164,496.546,1065.8376
-303834.44,-261178.0611,42656.3789,501.4045,1057.6671
-303721.921,-261190.5968,42531.3242,527.2408,1022.2757
-304013.2579,-261253.9688,42759.2891,509.7608,1038.5823
-303785.0901,-261210.4299,42574.6602,497.1691,1053.764
-303663.3421,-261250.9632,42412.3789,484.5029,1065.4865
-304028.5515,-261189.5671,42838.9844,479.6052,1080.5287
-303751.7106,-261206.5388,42545.1719,472.763,1044.7531
-303860.6319,-261215.1124,42645.5195,500.2,1081.344
-303877.3116,-261162.8585,42714.4531,472.1801,1033.1486
-303988.271,-261293.146,42695.125,486.6547,1023.0295
-303889.3688,-261194.2633,42695.1055,511.9479,1063.464
-304043.9601,-261274.9445,42769.0156,517.2666,1029.8897
-303873.8522,-261259.1491,42614.7031,508.6999,1081.9058
-303681.657,-261175.9227,42505.7344,475.6553,1083.8867
-303745.8818,-261179.7958,42566.0859,492.5912,1059.5341
-303770.9266,-261193.8251,42577.1016,505.6957,1079.3252
-303879.4598,-261177.616,42701.8438,483.77,1028.0238
-303964.9628,-261049.662,42915.3008,537.6199,1047.6959
-303754.4243,-261229.4517,42524.9727,502.6643,1067.2772
-303866.0449,-261154.0215,42712.0234,514.0162,1025.9445
-304038.7362,-261210.8964,42827.8398,497.248,1066.5416
-303549.564,-261124.0757,42425.4883,534.991,1041.5089
-303965.2152,-261279.6136,42685.6016,483.5923,1035.7725
-304075.9007,-261249.6195,42826.2812,491.4654,1045.3011
-303799.5836,-261263.9664,42535.6172,518.5337,1074.6589
-304160.4769,-261266.2113,42894.2656,502.9967,1045.0571
-303889.3074,-261170.8074,42718.5,525.691,1068.6926
-304028.8026,-261239.6776,42789.125,486.1571,1049.9973
-303781.5717,-261165.3295,42616.2422,493.2743,1054.9814
-304049.6614,-261220.1927,42829.4688,493.2881,1082.3768
-303854.2701,-261204.356,42649.9141,517.02,1058.6661
-303855.2867,-261217.0016,42638.2852,482.8071,1035.2948
-304168.4125,-261290.7211,42877.6914,504.8989,1037.466
-303953.371,-261207.7226,42745.6484,483.3554,1042.748
-304069.1318,-261224.7607,42844.3711,483.4439,1080.0529
-304066.4405,-261240.0655,42826.375,495.7878,1053.1708
-303996.185,-261301.7045,42694.4805,514.1847,1056.2405
-304022.26,-261245.3381,42776.9219,502.3126,1051.8977
-304009.5692,-261246.0575,42763.5117,490.2177,1043.7895
-303826.8599,-261200.8951,42625.9648,492.8253,1033.6955
-303799.8179,-261062.439,42737.3789,503.6195,1024.3465
-304101.7345,-261259.9142,42841.8203,522.3227,1031.9072
-303783.7273,-261151.0086,42632.7188,483.0841,1073.2572
-303912.6041,-261207.9283,42704.6758,512.8634,1049.5991
-303850.6736,-261156.5173,42694.1562,490.2263,1020.9612
-304039.3644,-261154.4855,42884.8789,483.1804,952.6479
-303810.0386,-261232.0659,42577.9727,459.1518,1046.9646
-303867.5476,-261263.6765,42603.8711,498.6172,1068.3781
-303862.7024,-261107.8235,42754.8789,518.907,1058.998
-303647.2994,-261155.3462,42491.9531,490.3772,1077.0866
-303861.3084,-261242.992,42618.3164,512.0967,1030.4096
-303909.8921,-261183.0874,42726.8047,516.8348,1048.8679
-304047.8947,-261180.3674,42867.5273,483.2171,1031.9971
-303855.7844,-261171.4915,42684.293,502.2772,1035.9528
-303776.1198,-261138.7722,42637.3477,513.3529,1016.8649
-303832.591,-261280.3839,42552.207,485.1381,1053.0046
-303969.8077,-261249.5148,42720.293,469.6368,1064.9238
-304019.5497,-261218.0302,42801.5195,493.5088,1003.0893
-303862.37,-261272.5731,42589.7969,461.8818,1089.1181
-304019.2623,-261251.0045,42768.2578,489.4327,1078.7253
-303704.1818,-261158.174,42546.0078,486.8079,1055.4708
-303796.5809,-261152.2527,42644.3281,503.0844,1068.5176
-303875.1249,-261184.535,42690.5898,474.1072,1029.7568
-303734.203,-261073.289,42660.9141,515.6802,1051.8597
-303618.5074,-261161.3942,42457.1133,488.1142,1059.8423
-303886.1289,-261279.8789,42606.25,474.0686,1101.4278
-303846.6327,-261169.3007,42677.332,501.1671,1071.7221
-304163.6021,-261191.9146,42971.6875,496.7991,1051.5762
-303996.0994,-261146.1932,42849.9062,532.3538,1067.8323
-303807.4254,-261218.2223,42589.2031,482.4452,1047.1967
-303789.7241,-261093.8491,42695.875,520.1227,1026.6797
-303891.21,-261222.124,42669.0859,513.5402,1014.9826
-303947.0637,-261113.3332,42833.7305,507.2412,1072.6461
-303999.8508,-261216.8664,42782.9844,519.6668,1066.5353
-303935.626,-261214.3408,42721.2852,500.4141,1024.0941
-303895.2486,-261139.0767,42756.1719,486.0571,1028.2901
-303859.0577,-261230.0812,42628.9766,513.7294,1041.1042
-303876.4368,-261268.8625,42607.5742,512.0183,1040.051
-303968.578,-261267.3084,42701.2695,481.5253,1091.8873
-303665.7681,-261116.5376,42549.2305,511.0098,1055.9158
-304012.7694,-261219.16,42793.6094,492.009,1090.9811
-303755.5354,-261202.0354,42553.5,492.5187,1034.428
-303906.9346,-261119.7978,42787.1367,468.1527,1054.8749
-303940.216,-261241.8449,42698.3711,472.3891,1038.0754
-304039.9017,-261138.0111,42901.8906,488.2578,1082.5859
-303795.936,-261217.7563,42578.1797,501.9736,1070.36
-303881.0501,-261225.847,42655.2031,518.447,1035.7132
-303938.5203,-261289.0555,42649.4648,543.6848,1045.7989
-303858.8938,-261287.0579,42571.8359,518.7619,1020.0672
-303640.0347,-261157.3042,42482.7305,491.9621,1034.6642
-304061.1588,-261214.2213,42846.9375,467.0863,1083.7384
-303623.8065,-261148.0331,42475.7734,499.8203,1041.974
-303978.3254,-261315.3957,42662.9297,512.0439,1059.5228
-303979.2506,-261204.7389,42774.5117,489.7352,1046.5307
-304080.1397,-261253.7217,42826.418,485.4547,1083.3991
-303833.0121,-261327.9418,42505.0703,493.6359,1025.3966
-303807.674,-261158.9982,42648.6758,490.7401,1057.5472
-303772.9886,-261236.3128,42536.6758,494.7451,1049.118
-303815.7234,-261130.5086,42685.2148,493.4779,1066.0768
-303915.3627,-261280.7689,42634.5938,465.4775,1056.9156
-304017.7407,-261184.811,42832.9297,516.1247,1033.1653
-303846.6812,-261221.9976,42624.6836,503.0422,1026.6527
-303964.2983,-261151.5288,42812.7695,513.0222,1033.6707
-303826.5812,-261121.8898,42704.6914,501.7055,1050.6085
-303746.0351,-261193.6367,42552.3984,497.8285,1062.6345
-303723.7026,-261197.3315,42526.3711,486.488,1031.3549
-304199.786,-261214.2821,42985.5039,505.3795,1051.5665
-304031.5587,-261159.9727,42871.5859,478.4811,1031.1173
-303824.7227,-261092.5001,42732.2227,497.6206,1054.08
-303738.8347,-261119.2957,42619.5391,456.5361,1068.2617
-303812.5994,-261107.2635,42705.3359,508.5441,1062.3656
-303761.5273,-261197.5156,42564.0117,509.9426,1000.5109
-303963.5204,-261189.2821,42774.2383,470.2047,1009.994
-303630.4151,-261178.5635,42451.8516,511.8345,1061.9819
-303809.4035,-261166.4699,42642.9336,513.1617,1069.7228
-303606.3467,-261178.5616,42427.7852,464.6927,1032.9866
-303666.6082,-261249.6941,42416.9141,502.9154,1070.226
-303669.8381,-261191.6155,42478.2227,496.5302,1029.1328
-303819.4548,-261263.7282,42555.7266,505.126,1045.604
-303882.2247,-261240.9278,42641.2969,475.6737,1065.7843
-303874.4675,-261206.3152,42668.1523,480.0599,1014.3242
-304122.8232,-261223.624,42899.1992,512.5479,1060.2478
-303791.9821,-261173.5485,42618.4336,476.3329,1018.0098
-304126.9016,-261238.6868,42888.2148,516.239,1037.9703
-303767.0284,-261171.8096,42595.2188,519.0854,1055.719
-304143.0592,-261213.899,42929.1602,504.6692,1026.6868
-303968.6699,-261144.4394,42824.2305,504.1306,1017.9476
-303886.1328,-261204.668,42681.4648,522.1881,1042.8929
-303650.7897,-261103.5124,42547.2773,516.5858,1043.0539
-304015.5921,-261129.682,42885.9102,498.5036,1053.3902
-304060.8571,-261294.3493,42766.5078,480.0426,1092.8133
-303962.3162,-261262.738,42699.5781,487.7639,1041.2204
-303801.7118,-261240.1727,42561.5391,494.8528,986.0117
-303710.2669,-261123.4154,42586.8516,498.5297,1040.3253
-303994.7009,-261326.7438,42667.957,507.1179,1038.2291
-303896.7553,-261104.9506,42791.8047,503.7978,1076.7653
-304095.8751,-261237.2266,42858.6484,481.9791,1023.2583
-304026.9725,-261201.5585,42825.4141,470.3897,1093.9053
-304038.7267,-261179.5196,42859.207,511.3406,1045.0319
-303944.9069,-261180.7858,42764.1211,494.9764,998.4174
-303686.0375,-261220.0649,42465.9727,466.5327,1061.4259
-303800.2349,-261159.1568,42641.0781,493.026,1010.675
-304069.7323,-261275.4588,42794.2734,516.5083,1042.14
-303832.9411,-261107.7966,42725.1445,497.3809,1063.1043
-303811.2103,-261176.9447,42634.2656,541.3166,1057.744
-303861.3957,-261186.6301,42674.7656,457.1821,1054.825
-304101.7143,-261212.2104,42889.5039,500.7627,1041.5931
-303677.0537,-261116.7764,42560.2773,502.5741,1032.4306
-303904.301,-261188.1409,42716.1602,509.8344,1117.4469
-303994.1192,-261187.2833,42806.8359,488.2034,1051.3824
-303811.8344,-261220.2836,42591.5508,493.1666,993.6071
-303935.358,-261120.0455,42815.3125,488.188,1031.7495
-304213.7359,-261304.4586,42909.2773,533.146,1066.8172
-303919.8278,-261178.945,42740.8828,499.5543,1059.7948
-303953.0285,-261243.7082,42709.3203,477.5133,1066.8638
-303826.927,-261226.0208,42600.9062,510.5684,1069.6473
-303980.323,-261251.0457,42729.2773,488.3244,1058.2402
-304062.0751,-261175.2352,42886.8398,501.2615,1054.2936
-303966.4444,-261148.4405,42818.0039,499.242,1045.9118
-303840.4274,-261093.9782,42746.4492,477.2227,1050.6672
-303777.155,-261183.7175,42593.4375,477.1033,1046.8423
-303632.8118,-261278.2102,42354.6016,542.8326,1020.1767
-304029.1755,-261101.6286,42927.5469,501.3944,1034.7006
-303661.1315,-261157.487,42503.6445,491.4974,1078.9173
-304017.9158,-261234.2674,42783.6484,489.4183,1051.7026
-303784.25,-261207.3164,42576.9336,526.0086,1031.1457
-303952.3482,-261144.7897,42807.5586,490.4474,1056.6957
-303725.367,-261169.4803,42555.8867,479.8474,1026.8788
-303666.6195,-261153.143,42513.4766,486.7006,1019.6838
-303863.0418,-261098.3114,42764.7305,562.299,1012.8625
-303778.2755,-261147.4239,42630.8516,490.9076,1068.8479
-303658.1101,-261245.8484,42412.2617,491.2382,1013.5943
-304051.6298,-261181.3954,42870.2344,510.238,1002.975
-303996.5345,-261198.2845,42798.25,491.4677,1034.7823
-303791.4551,-261235.666,42555.7891,501.0418,1054.6594
-303732.8581,-261173.3347,42559.5234,478.1531,1064.0493
-303881.9386,-261233.4307,42648.5078,500.4739,1008.9534
-304128.6031,-261213.8414,42914.7617,485.1708,1031.7786
-303752.8494,-261171.9744,42580.875,500.2784,1039.9356
-304106.3277,-261197.2417,42909.0859,490.2343,1068.2672
-303850.4563,-261191.3625,42659.0938,523.9457,1031.2003
-303859.5984,-261217.3992,42642.1992,493.64,1019.379
-303653.832,-261131.1327,42522.6992,506.186,1033.6437
-303918.2681,-261091.2173,42827.0508,518.8063,1033.4215
-303866.1558,-261216.2457,42649.9102,515.2949,1064.9851
-303985.9916,-261103.1557,42882.8359,494.2886,1039.9179
-303887.0336,-261067.2406,42819.793,496.2245,1029.5291
-303670.4393,-261245.7479,42424.6914,527.7868,1025.6424
-303714.8653,-261142.1622,42572.7031,465.65,1085.9846
-304003.4304,-261175.3015,42828.1289,474.5917,1066.1666
-303716.0811,-261152.5225,42563.5586,517.2608,1068.4342
-303717.053,-261172.8499,42544.2031,494.6673,1045.4474
-303693.9815,-261123.5596,42570.4219,471.9568,1041.9391
-303836.2285,-261112.1621,42724.0664,512.4724,1067.8643
-303916.738,-261152.2302,42764.5078,506.6454,1046.3712
-303889.9794,-261209.2451,42680.7344,499.2634,1061.2946
-303880.8488,-261209.2121,42671.6367,502.1645,1073.091
-303933.7735,-261223.7852,42709.9883,464.0814,1040.9825
-304021.9655,-261148.9655,42873.0,520.4955,1042.0403
-303623.6976,-261138.3187,42485.3789,507.7959,1054.0547
-304089.0074,-261114.0582,42974.9492,472.5347,1014.0266
-303928.497,-261196.0985,42732.3984,493.4842,1027.8459
-303976.9551,-261176.9825,42799.9727,468.3356,1080.9299
-303993.6165,-261184.4954,42809.1211,493.3796,1071.1491
-304085.9559,-261239.8114,42846.1445,507.5415,1038.5577
-303848.4993,-261218.0345,42630.4648,461.5345,1104.3973
-303802.7815,-261149.4885,42653.293,545.1915,1057.5039
-303812.9443,-261293.3076,42519.6367,498.0825,1089.1262
-303930.7304,-261292.8906,42637.8398,470.4725,1050.5137
-303842.4572,-261246.215,42596.2422,448.7172,1061.0403
-303848.7489,-261132.1903,42716.5586,526.6238,1056.1733
-304116.1537,-261155.2358,42960.918,496.476,1052.8492
-303929.2427,-261210.4458,42718.7969,497.2221,1086.1621
-303732.6292,-261229.2972,42503.332,477.686,1071.74
-303780.0653,-261145.9637,42634.1016,486.9269,981.5728
-303896.1336,-261202.7,42693.4336,476.5671,1070.0421
-303913.2273,-261239.278,42673.9492,493.431,1061.9788
-303921.7655,-261214.1523,42707.6133,496.9668,1073.3536
-303662.8409,-261081.9659,42580.875,521.779,998.6903
-303785.378,-261131.0421,42654.3359,495.1476,1071.7153
-304063.0453,-261230.6234,42832.4219,511.058,1013.255
-303910.9218,-261187.9686,42722.9531,512.9494,1023.0665
-303928.5475,-261100.2389,42828.3086,499.2518,1106.4903
-303759.5043,-261147.2504,42612.2539,508.5725,1017.9194
-303938.2814,-261206.129,42732.1523,497.073,1060.6147
-303930.7548,-261254.1572,42676.5977,506.2562,1046.9295
-303788.2859,-261187.7781,42600.5078,464.1605,1045.2204
-304013.5596,-261213.794,42799.7656,501.978,1077.0153
-303838.6585,-261130.4515,42708.207,537.5085,1080.072
-303911.7985,-261081.0914,42830.707,454.0476,996.5383
-303944.8924,-261142.3807,42802.5117,485.4345,1048.3782
-303893.1559,-261130.4801,42762.6758,484.2501,1003.0337
-303842.3871,-261211.6605,42630.7266,504.3648,1074.9883
-303819.3754,-261178.6058,42640.7695,520.7469,1038.0142
-303845.8265,-261130.2952,42715.5312,462.8504,1062.5011
-303773.2388,-261047.8287,42725.4102,520.4684,1023.5646
-303771.6099,-261259.5943,42512.0156,505.0023,1020.4186
-303982.9203,-261122.7328,42860.1875,504.8491,1043.4366
-303756.056,-261123.888,42632.168,496.3834,1014.6319
-303701.6694,-261156.478,42545.1914,517.915,1074.8049
-304070.7595,-261278.736,42792.0234,477.7208,1082.4442
-304164.4005,-261303.2716,42861.1289,485.6303,1068.5609
-303742.099,-261095.2747,42646.8242,507.5354,1040.5028
-303723.5112,-261191.7768,42531.7344,486.0181,1036.4046
-303639.8676,-261127.8051,42512.0625,497.0823,1031.9316
-303740.5038,-261154.5702,42585.9336,491.3051,1037.2048
-304040.4264,-261266.6374,42773.7891,490.76,1030.1766
-303887.02,-261140.809,42746.2109,521.8464,1051.3408
-303821.6075,-261242.6465,42578.9609,448.3837,1021.761
-303807.8079,-261168.554,42639.2539,489.1747,1043.9804
-303972.8376,-261156.0251,42816.8125,494.128,1064.0247
-303815.8466,-261167.6356,42648.2109,536.3733,1027.6612
-304124.1564,-261129.9182,42994.2383,499.8035,1053.3406
-303987.1371,-261136.9457,42850.1914,478.7045,1080.5005
-303769.9529,-261165.2186,42604.7344,511.5642,1048.1757
-303720.8846,-261214.0956,42506.7891,507.1238,1063.124
-303847.0983,-261274.2898,42572.8086,501.2707,1074.0219
-303983.5527,-261185.1035,42798.4492,511.6775,1043.5784
-303840.5847,-261104.3699,42736.2148,502.3692,1060.3363
-303714.6291,-261279.176,42435.4531,464.9604,1064.4174
-303993.1975,-261279.3576,42713.8398,496.0272,1052.5614
-303843.1834,-261185.7771,42657.4062,491.6672,1070.8628
-303698.3512,-261273.8825,42424.4688,495.9041,1084.1128
-303655.745,-261190.7763,42464.9688,506.343,1031.9073
-303782.1349,-261181.4708,42600.6641,500.853,1057.3048
-303944.2661,-261187.9888,42756.2773,509.5777,1039.0847
-303893.6252,-261224.4768,42669.1484,498.7529,1073.0237
-303706.858,-261177.3893,42529.4688,503.04,1113.7538
-303731.2644,-261195.4988,42535.7656,486.489,1030.6054
-303854.3968,-261146.5843,42707.8125,511.6536,1052.2862
-304179.9167,-261176.5066,43003.4102,464.454,1037.5005
-304060.134,-261207.5442,42852.5898,475.8029,1022.9737
-303823.5237,-261221.3713,42602.1523,482.0585,1028.2231
-303819.9499,-261295.3913,42524.5586,484.6597,1054.6036
-303933.2634,-261218.1266,42715.1367,467.1175,1058.8997
-303839.417,-261173.917,42665.5,484.3692,1035.3073
-303857.9174,-261163.5112,42694.4062,507.0889,1022.221
-303762.8908,-261259.1604,42503.7305,483.6963,1038.6161
-303827.0121,-261206.5082,42620.5039,491.779,1001.0198
-303504.9143,-261186.2151,42318.6992,484.4336,1087.9195
-303900.2545,-261170.0006,42730.2539,502.4761,1060.3829
-303720.616,-261056.4364,42664.1797,480.2106,1051.8373
-303980.282,-261266.6883,42713.5938,526.8107,1036.9823
-303708.061,-261151.5961,42556.4648,514.5247,1035.0267
-303958.0992,-261179.2124,42778.8867,483.2491,1047.7158
-304019.0756,-261253.1342,42765.9414,500.1051,1043.5687
-303758.3237,-261231.4799,42526.8438,486.7646,1054.1594
-303859.171,-261233.9289,42625.2422,482.4564,1089.8026
-303714.7591,-261195.8958,42518.8633,494.5097,1076.9941
-303827.3134,-261207.6024,42619.7109,507.4032,1046.683
-303648.5631,-261208.4654,42440.0977,501.5142,1038.5121
-304145.8048,-261206.1837,42939.6211,502.0012,1076.8999
-303959.5006,-261284.0396,42675.4609,518.6188,1036.8467
-303896.7839,-261195.5846,42701.1992,473.2918,1102.9796
-303855.1828,-261249.6828,42605.5,476.0694,1061.448
-303928.8049,-261244.5783,42684.2266,488.6743,1069.8762
-303861.7321,-261167.7673,42693.9648,468.1768,1095.7065
-303786.9616,-261150.4811,42636.4805,475.92,1067.6109
-303887.3672,-261152.7734,42734.5938,468.7398,1060.8715
-303751.1389,-261251.1779,42499.9609,488.6902,1070.3409
-303697.6001,-261153.0454,42544.5547,477.8292,1082.323
-303921.8984,-261153.5859,42768.3125,501.5322,1064.6838
-303645.9989,-261072.1005,42573.8984,475.8871,1063.5834
-303982.5469,-261165.4219,42817.125,460.3739,1029.953
-303938.6736,-261182.5486,42756.125,505.0907,1110.0751
-303949.2609,-261180.1476,42769.1133,505.0965,1037.532
-303943.8151,-261207.6784,42736.1367,483.5685,1043.7513
-303964.222,-261183.6009,42780.6211,492.5184,1066.1933
-303627.2893,-261234.7775,42392.5117,471.8655,1053.4791
-303828.6306,-261247.7282,42580.9023,471.5323,1044.7366
-303840.4409,-261153.1479,42687.293,493.1984,1049.0274
-303922.5991,-261302.9116,42619.6875,506.1418,1083.539
-303874.8427,-261143.788,42731.0547,493.5745,1011.8268
-303691.2574,-261137.3902,42553.8672,492.0828,1041.3042
-303682.9849,-261207.7896,42475.1953,493.57,1071.16
-303852.2882,-261150.3624,42701.9258,500.7278,1058.9288
-304000.3327,-261215.6374,42784.6953,488.4407,1065.6817
-303960.27,-261303.9067,42656.3633,484.5893,1081.1269
-303774.6386,-261187.1972,42587.4414,506.9874,1022.5289
-304116.0844,-261218.1078,42897.9766,492.2119,1082.072
-303861.9874,-261211.5616,42650.4258,477.3676,1068.8791
-303724.6251,-261115.1876,42609.4375,503.4493,1064.4086
-303754.0631,-261147.4967,42606.5664,515.4028,1043.0583
-304000.4685,-261151.7419,42848.7266,497.2206,1026.7382
-303975.6433,-261214.0495,42761.5938,495.6832,1100.4738
-303883.8791,-261198.1799,42685.6992,470.404,1028.6832
-303665.2433,-261098.5519,42566.6914,499.5509,1050.7072
-303920.4884,-261099.3712,42821.1172,471.894,1035.673
-303733.7008,-261097.0484,42636.6523,460.549,1075.3327
-303876.6788,-261162.9913,42713.6875,492.2135,1063.8483
-303870.9421,-261107.3991,42763.543,517.1731,1055.953
-303964.9023,-261124.6913,42840.2109,475.5292,1041.2103
-303944.7339,-261189.3745,42755.3594,489.0022,1025.1503
-303987.6727,-261257.4422,42730.2305,486.1487,1062.3614
-303707.7218,-261155.6085,42552.1133,475.7198,1098.1152
-303871.8917,-261130.6144,42741.2773,496.176,985.7052
-303816.433,-261119.5892,42696.8438,473.2615,1040.943
-303804.3214,-261195.4151,42608.9062,454.4051,1069.0028
-303882.9122,-261198.1662,42684.7461,525.1781,1053.0464
-304060.1718,-261078.8085,42981.3633,510.4265,1045.4403
-303998.1643,-261228.9143,42769.25,457.6014,1060.3073
-303716.7171,-261186.4593,42530.2578,490.4183,1018.0543
-303847.2144,-261164.8824,42682.332,524.4808,1044.6856
-304212.0136,-261275.7636,42936.25,480.8119,1061.8941
-304003.9052,-261144.3544,42859.5508,492.1682,1040.5941
-303913.7649,-261136.2649,42777.5,487.2549,1041.7333
-303995.4098,-261278.0387,42717.3711,510.9973,1043.603
-304030.489,-261271.5593,42758.9297,518.6719,1007.5753
-303943.2709,-261197.0599,42746.2109,508.4627,1076.4831
-303733.578,-261116.4569,42617.1211,499.0187,1065.2535
-303767.0887,-261075.995,42691.0938,496.1935,1071.3476
-303823.313,-261145.0044,42678.3086,494.8441,1046.8188
-304067.424,-261272.8419,42794.582,498.674,1033.6439
-303646.6172,-261188.5234,42458.0938,483.7576,1040.3774
-303821.5595,-261231.3954,42590.1641,530.676,1077.7322
-303832.0126,-261242.2314,42589.7812,471.4874,999.5478
-304031.3745,-261196.0933,42835.2812,477.1768,1045.2522
-303807.905,-261158.7214,42649.1836,516.1818,1025.2528
-304063.4685,-261208.1912,42855.2773,477.3028,1046.0488
-303879.0197,-261208.5549,42670.4648,503.4896,1061.7111
-303853.8355,-261189.5621,42664.2734,469.3315,1041.9507
-303835.8254,-261200.6926,42635.1328,480.375,1005.4135
-303731.1762,-261192.309,42538.8672,481.5833,1060.5
-303925.2317,-261180.966,42744.2656,517.6149,1048.296
-303872.3371,-261281.38,42590.957,501.2168,1034.5789
-303944.462,-261282.9347,42661.5273,468.4055,1100.8491
-304131.4459,-261324.4615,42806.9844,497.0951,1081.4085
-303828.5332,-261180.5137,42648.0195,518.6994,1030.2263
-303944.5474,-261156.4146,42788.1328,527.9034,1060.3178
-304046.5197,-261202.9299,42843.5898,501.0766,1085.0004
-303869.0925,-261203.3152,42665.7773,501.69,1037.638
-303763.0052,-261164.2864,42598.7188,504.4836,1052.0344
-303995.5674,-261170.2119,42825.3555,510.6719,1080.7365
-303878.8918,-261163.7707,42715.1211,501.5457,1060.9485
-303754.4923,-261210.5314,42543.9609,489.8828,1026.9223
-303929.3768,-261248.8651,42680.5117,496.998,1039.4887
-303963.3176,-261250.177,42713.1406,499.6683,1049.5923
-303955.4871,-261261.5145,42693.9727,506.6516,1045.7458
-303813.5886,-261233.9714,42579.6172,503.4182,1070.961
-304004.6604,-261238.7151,42765.9453,466.9549,1050.8324
-303884.0356,-261251.8403,42632.1953,514.5,1047.9749
-303785.3056,-261211.1611,42574.1445,528.9503,1092.3899
-303855.764,-261119.9672,42735.7969,478.4673,1061.183
-303914.5306,-261160.3977,42754.1328,474.0973,1061.1795
-303876.2432,-261115.2237,42761.0195,501.6398,1061.5992
-303995.5882,-261210.8069,42784.7812,491.3606,1008.5848
-303958.8275,-261133.4682,42825.3594,511.4232,1073.5777
-303669.434,-261113.3285,42556.1055,490.1825,1059.7037
-304196.1863,-261211.741,42984.4453,490.9886,985.2264
-304029.1695,-261184.0133,42845.1562,486.4279,1058.992
-303787.2419,-261124.9138,42662.3281,512.9738,1056.8174
-303777.9482,-261111.7021,42666.2461,502.0298,1028.2616
-303922.8665,-261109.3235,42813.543,504.6262,1084.7756
-303828.2126,-261163.6071,42664.6055,482.1664,1064.9699
-304043.6754,-261308.1715,42735.5039,518.8578,1075.1018
-303785.7585,-261245.2624,42540.4961,493.7388,1067.6325
-303804.619,-261164.2206,42640.3984,495.6429,1058.8884
-303883.8249,-261201.1178,42682.707,499.3248,1016.9474
-303971.842,-261195.9631,42775.8789,518.0738,1025.4261
-303860.3065,-261261.9628,42598.3438,520.3833,1059.7488
-304000.9289,-261131.1321,42869.7969,475.4527,1022.0206
-303884.959,-261212.8808,42672.0781,480.3051,1090.1048
-303965.7018,-261212.4869,42753.2148,497.2162,1052.6792
-303803.7382,-261134.3866,42669.3516,468.0968,1038.8121
-303867.7517,-261263.2635,42604.4883,475.5689,1072.2137
-304133.6106,-261159.6965,42973.9141,531.3507,1011.0934
-303895.3063,-261255.4703,42639.8359,498.0803,1097.7032
-303906.4268,-261116.9698,42789.457,465.4987,1014.8974
-303883.3664,-261180.4055,42702.9609,490.8251,1035.9541
-303704.9563,-261157.5422,42547.4141,483.1629,1070.537
-304029.3021,-261254.0599,42775.2422,497.7641,1070.1918
-304138.5444,-261228.5131,42910.0312,489.5955,1057.736
-303997.8927,-261279.0958,42718.7969,474.6561,1040.5102
-303929.4583,-261154.3997,42775.0586,502.9162,1072.5504
-303664.9222,-261183.6331,42481.2891,490.1198,1080.0484
-303874.8771,-261164.5451,42710.332,501.3812,1040.3
-303854.2651,-261164.5854,42689.6797,502.8574,1056.1285
-303811.2707,-261122.8332,42688.4375,500.1369,1071.7617
-303791.7231,-261167.6489,42624.0742,488.9446,1052.4852
-303882.6165,-261236.3938,42646.2227,475.5584,1075.8648
-303921.0879,-261219.7832,42701.3047,476.4885,1053.5344
-303911.6892,-261081.8454,42829.8438,482.5094,1071.8642
-303823.3882,-261164.0953,42659.293,509.9951,1040.0794
-303759.1487,-261239.5627,42519.5859,519.9256,1028.2644
-303740.8844,-261122.9157,42617.9688,496.8556,1018.068
-303729.2439,-261184.8962,42544.3477,529.2703,1017.2416
-303891.4049,-261219.4752,42671.9297,528.5798,985.3279
-304019.3757,-261206.1257,42813.25,484.0008,1043.672
-304040.018,-261172.9204,42867.0977,511.6165,1032.4918
-303710.5255,-261097.756,42612.7695,493.6853,1056.445
-303761.5406,-261197.9156,42563.625,484.5714,1021.3972
-303938.9329,-261224.5813,42714.3516,530.4819,1026.4026
-303997.9925,-261218.098,42779.8945,513.6929,1023.1065
-303604.8965,-261142.4278,42462.4688,517.8278,1042.6706
-303882.9709,-261237.1115,42645.8594,491.8558,1087.6258
-303802.3425,-261183.2449,42619.0977,495.0445,1042.5202
-303754.1834,-261261.2576,42492.9258,476.0401,1062.8429
-304031.6467,-261148.2405,42883.4062,522.076,1068.1018
-303855.5149,-261156.5852,42698.9297,505.3551,1042.124
-303814.4617,-261143.7117,42670.75,495.9452,1036.7379
-303752.1131,-261159.5076,42592.6055,482.2883,1052.2946
-304019.3844,-261195.5563,42823.8281,504.3701,1045.3627
-304013.8887,-261176.9551,42836.9336,501.6352,1048.0925
-303669.3126,-261054.9376,42614.375,520.3097,1056.3582
-304015.6833,-261161.9567,42853.7266,468.1286,1066.2601
-303872.7404,-261092.5216,42780.2188,510.0414,1066.9286
-303929.0098,-261185.8106,42743.1992,533.2104,1078.0936
-303932.3391,-261249.9797,42682.3594,493.1571,1076.7262
-303635.0739,-261068.1051,42566.9688,527.1914,1052.5657
-303814.8238,-261128.652,42686.1719,467.4342,1088.8439
-304024.407,-261222.8914,42801.5156,523.9575,1021.2886
-303984.9137,-261251.527,42733.3867,495.2414,1020.6967
-303656.9702,-261166.1343,42490.8359,504.8572,1031.4422
-303852.3883,-261202.2164,42650.1719,480.4969,1083.2306
-303732.857,-261214.2202,42518.6367,477.0104,1087.9088
-303879.2662,-261102.3326,42776.9336,490.1702,1041.6037
-303950.4986,-261188.7369,42761.7617,512.9911,1038.156
-303739.72,-261155.8841,42583.8359,498.3699,1017.7795
-304291.1733,-261219.2397,43071.9336,483.6315,1032.2862
-303967.9967,-261240.7974,42727.1992,489.8607,1059.2246
-303802.4607,-261088.8005,42713.6602,488.0563,1031.7704
-303744.9185,-261153.1607,42591.7578,477.0492,1109.3213
-304100.9102,-261206.2813,42894.6289,501.9824,1062.7632
-304059.0505,-261159.0193,42900.0312,464.3618,1049.576
-303998.7992,-261187.0414,42811.7578,501.2915,1007.257
-303955.8992,-261234.4578,42721.4414,501.4806,1059.1538
-303712.7583,-261101.145,42611.6133,494.6216,1059.7629
-303923.5586,-261181.043,42742.5156,511.5978,1070.4976
-303982.4682,-261252.8159,42729.6523,514.9593,1049.0595
-303985.7715,-261172.3457,42813.4258,502.8743,1078.3803
-303708.0493,-261167.7642,42540.2852,514.7234,1066.0266
-304026.4033,-261236.3095,42790.0938,511.024,1077.5317
-303606.1427,-261084.424,42521.7188,484.6126,1025.3118
-304000.3459,-261094.1232,42906.2227,472.7763,1049.2784
-303930.2212,-261142.4985,42787.7227,463.2339,1062.1445
-303769.8085,-261123.6015,42646.207,495.4408,1036.9145
-304034.0805,-261268.9008,42765.1797,504.6563,1053.6707
-303810.3036,-261160.7255,42649.5781,527.5019,1075.9612
-303839.8172,-261145.8055,42694.0117,470.7192,1021.8913
-303736.6405,-261157.4998,42579.1406,513.8237,1070.8618
-304014.0124,-261332.9577,42681.0547,485.7887,1039.6855
-303800.5318,-261223.0435,42577.4883,505.6089,1072.9121
-303896.6219,-261168.6844,42727.9375,502.518,1038.077
-303742.3027,-261205.9511,42536.3516,501.5919,1045.7044
-303890.6741,-261230.5217,42660.1523,506.4793,1020.837
-303838.08,-261150.0409,42688.0391,474.4004,1060.4601
-303813.4155,-261179.9467,42633.4688,507.8336,1078.6745
-303865.932,-261282.9827,42582.9492,505.9842,1072.046
-303886.6232,-261227.9045,42658.7188,490.7522,1082.7194
-303867.9468,-261147.1031,42720.8438,522.054,1010.481
-304075.2532,-261179.015,42896.2383,486.3577,1026.3844
-303942.2128,-261207.701,42734.5117,508.0889,1001.179
-303795.2585,-261220.1452,42575.1133,497.3497,1090.5555
-303717.7201,-261186.5639,42531.1562,520.2501,1062.6315
-303644.9715,-261161.7528,42483.2188,479.0871,1069.1151
-304105.5983,-261294.0358,42811.5625,489.7702,1049.0694
-304015.815,-261296.9361,42718.8789,482.4981,1069.9722
-303925.0622,-261259.8981,42665.1641,525.5403,1021.9426
-303891.7948,-261239.1972,42652.5977,515.0931,1048.0813
-303879.1996,-261101.3793,42777.8203,481.1464,1022.117
-303849.1364,-261193.1286,42656.0078,472.3971,1061.3431
-303940.9654,-261294.9537,42646.0117,498.6801,1100.088
-304184.3127,-261249.969,42934.3438,469.2523,1051.6262
-303872.3272,-261301.1046,42571.2227,501.0008,1030.9982
-303994.2745,-261250.6651,42743.6094,499.189,1059.1837
-303759.7667,-261111.6613,42648.1055,493.4318,1085.313
-303826.5732,-261254.206,42572.3672,503.2404,1056.6018
-303901.7964,-261110.5777,42791.2188,492.4714,1062.6493
-303814.1337,-261236.9032,42577.2305,486.8729,1042.7261
-303985.9344,-261291.4344,42694.5,507.7048,1066.1014
-303937.805,-261192.0745,42745.7305,509.2394,1047.1448
-304054.4685,-261177.5154,42876.9531,524.8357,1037.7225
-304228.6027,-261312.8176,42915.7852,504.3387,1047.6138
-303890.6223,-261206.2395,42684.3828,463.3942,1093.3875
-304065.5124,-261172.403,42893.1094,481.1415,1009.558
-304040.0825,-261195.0903,42844.9922,525.4348,1056.3344
-304048.5271,-261216.3591,42832.168,505.0525,1038.5497
-303925.6831,-261232.0112,42693.6719,496.0972,1058.1011
-303897.6175,-261141.2073,42756.4102,520.9841,1089.9964
-304121.1694,-261203.7905,42917.3789,480.2161,972.3942
-304030.8843,-261208.9663,42821.918,499.7396,1060.1143
-303740.3422,-261129.9594,42610.3828,489.2568,1007.958
-303704.8531,-261102.2672,42602.5859,511.9406,1017.9498
-303848.3529,-261079.388,42768.9648,490.3403,1066.051
-304009.2875,-261044.1391,42965.1484,471.6984,1062.6937
-303976.3717,-261229.6139,42746.7578,497.2268,996.8879
-303892.776,-261188.5924,42704.1836,504.7763,1022.6366
-304029.3292,-261246.837,42782.4922,457.3008,1091.1985
-303748.2486,-261193.0103,42555.2383,534.1127,989.5435
-303421.663,-261055.6005,42366.0625,521.5597,1033.9185
-303881.417,-261153.3545,42728.0625,470.854,1058.9546
-303859.1953,-261177.0586,42682.1367,529.245,1031.2031
-304024.3828,-261208.0078,42816.375,521.7464,1082.2374
-303769.1513,-261163.9911,42605.1602,488.0357,1098.0194
-303820.5092,-261242.7748,42577.7344,524.6807,993.4572
-303723.5219,-261196.2329,42527.2891,468.4937,1052.6379
-303847.8486,-261217.9267,42629.9219,502.997,1073.6562
-303821.0642,-261150.3962,42670.668,488.783,1033.0841
-303838.83,-261146.3847,42692.4453,463.6194,1057.5845
-304038.4008,-261167.8891,42870.5117,468.0106,1082.5605
-303822.4123,-261178.8185,42643.5938,527.205,1074.0561
-303854.306,-261221.3099,42632.9961,507.5545,1036.4844
-303935.6684,-261100.3637,42835.3047,510.8899,1020.0047
-304101.2208,-261229.9904,42871.2305,485.5922,1087.7843
-303854.2845,-261206.1088,42648.1758,492.3524,1020.8736
-303711.9533,-261185.9963,42525.957,478.99,1033.3046
-303806.8395,-261073.2106,42733.6289,475.1971,1045.0984
-303711.5645,-261098.7091,42612.8555,477.4214,1043.9311
-303846.6205,-261170.7806,42675.8398,472.1911,1022.4961
-303916.5219,-261171.6274,42744.8945,486.9388,1050.0026
-303877.1527,-261095.473,42781.6797,489.5275,1033.9611
-303992.3998,-261144.2827,42848.1172,485.1176,1036.9855
-303966.6422,-261204.611,42762.0312,472.4899,1034.4684
-303798.0358,-261287.7936,42510.2422,487.264,1033.0681
-303742.6573,-261156.4698,42586.1875,460.3483,1075.8079
-303899.0502,-261111.8705,42787.1797,493.3254,1030.1683
-303890.4437,-261182.0726,42708.3711,482.4067,1027.9445
-303875.304,-261173.2298,42702.0742,494.6921,1049.7361
-303944.8124,-261235.285,42709.5273,489.2391,1036.1365
-303962.9609,-261196.332,42766.6289,463.3679,1039.4113
-303993.9082,-261193.9238,42799.9844,448.0153,1031.7384
-303961.0293,-261227.9902,42733.0391,507.6084,1017.2175
-303904.5089,-261208.1066,42696.4023,502.1123,1006.1025
-304008.2676,-261203.209,42805.0586,451.092,1028.2507
-304052.0497,-261265.8778,42786.1719,495.0664,1034.2593
-303932.2229,-261169.6526,42762.5703,491.3307,1049.8097
-303916.8723,-261207.345,42709.5273,472.9538,1071.3509
-304084.8604,-261192.4893,42892.3711,460.501,1045.1153
-304020.2316,-261217.0441,42803.1875,497.4754,1051.3948
-303971.2945,-261148.3101,42822.9844,517.7408,1039.2996
-303904.8432,-261150.5072,42754.3359,516.4952,1028.364
-303938.1664,-261168.4516,42769.7148,501.4777,1075.6815
-303780.1663,-261251.182,42528.9844,488.8976,1049.0973
-303880.7652,-261202.0699,42678.6953,484.7738,1050.0443
-303980.0141,-261198.2133,42781.8008,501.0003,1032.9589
-303724.8501,-261186.5337,42538.3164,521.4361,1054.9936
-304059.423,-261259.9933,42799.4297,500.3937,1087.0759
-303884.8715,-261216.9184,42667.9531,492.3736,1041.1553
-303945.9946,-261220.9087,42725.0859,470.5969,1058.4213
-303939.6924,-261198.0283,42741.6641,483.3322,1074.4555
-303838.6384,-261256.029,42582.6094,507.0186,1000.1636
-303907.4369,-261168.269,42739.168,465.118,1041.9836
-303973.8933,-261191.9245,42781.9688,523.9514,1050.7799
-303973.9858,-261113.685,42860.3008,505.8875,1035.3288
-303927.0371,-261231.9433,42695.0938,516.78,1065.3526
-303817.4478,-261213.9985,42603.4492,477.2224,1031.6417
-303767.0141,-261175.3501,42591.6641,478.3657,1048.9971
-303947.9612,-261264.8049,42683.1562,494.4011,1080.0731
-303824.8753,-261182.1683,42642.707,487.996,1069.6581
-303924.6524,-261221.5313,42703.1211,512.0708,1066.8198
-304098.1282,-261276.843,42821.2852,470.5482,1080.3498
-303951.7521,-261149.0529,42802.6992,470.8251,1038.9811
-303831.2798,-261170.1548,42661.125,513.6395,1020.2112
-303761.6439,-261172.3509,42589.293,499.2266,1077.9887
-303994.7633,-261137.0484,42857.7148,492.3437,1024.7078
-303754.6424,-261131.4627,42623.1797,510.733,1029.8929
-303845.4111,-261164.8174,42680.5938,483.3366,1053.3255
-303911.983,-261287.4517,42624.5312,514.3526,1067.8982
-304011.6278,-261190.2254,42821.4023,495.3164,1061.3985
-303670.1208,-261161.445,42508.6758,502.4287,1029.901
-303810.7794,-261082.4747,42728.3047,504.0538,1053.2139
-304052.2321,-261151.6501,42900.582,493.0853,1074.0099
-304048.6702,-261276.7952,42771.875,520.4366,1064.2833
-304046.6208,-261258.488,42788.1328,499.1862,1073.9623
-303890.2578,-261107.6328,42782.625,530.5511,1027.5974
-303883.1201,-261188.2099,42694.9102,471.5009,999.4711
-303714.2003,-261045.0597,42669.1406,494.1611,1060.2697
-303897.9468,-261187.2398,42710.707,491.4598,1055.2038
-303729.2978,-261132.6298,42596.668,498.9697,1011.9737
-303899.7782,-261188.2665,42711.5117,468.3138,1014.3641
-304014.8224,-261136.6349,42878.1875,497.3132,1054.1015
-304219.9081,-261169.1347,43050.7734,503.5291,1043.1239
-304062.9863,-261134.0058,42928.9805,507.3399,1027.0849
-303735.781,-261120.9411,42614.8398,463.3078,1074.7898
-303894.8344,-261271.4789,42623.3555,491.1884,1062.0646
-303782.7928,-261210.4608,42572.332,496.8572,1027.6037
-303811.3258,-261166.2828,42645.043,501.7537,1065.7484
-303790.7062,-261241.339,42549.3672,471.0499,995.1697
-303719.1579,-261074.9665,42644.1914,495.0284,1071.893
-304166.2593,-261177.4117,42988.8477,504.176,1092.6185
-303854.348,-261173.0707,42681.2773,470.7981,1020.9605
-304013.5588,-261187.965,42825.5938,491.4481,1061.882
-303827.1441,-261160.3863,42666.7578,507.4,1058.471
-303793.4557,-261162.0065,42631.4492,457.7909,1091.5662
-303878.9612,-261298.5549,42580.4062,490.896,1063.4435
-303732.3341,-261164.2521,42568.082,517.1988,1073.0376
-303751.4874,-261159.1553,42592.332,507.8209,1026.5886
-303735.445,-261219.7966,42515.6484,469.9283,1068.2375
-303727.1655,-261124.5287,42602.6367,532.599,1101.8695
-303759.4496,-261078.9575,42680.4922,476.8671,1054.1478
-303942.1945,-261175.0226,42767.1719,487.1865,1040.8542
-303881.2382,-261197.9882,42683.25,486.882,1081.8926
-304122.4012,-261198.3192,42924.082,492.7049,1120.2953
-304043.3392,-261208.4564,42834.8828,564.2896,1020.1728
-303946.2409,-261150.2604,42795.9805,489.8974,1032.8292
-303605.7502,-261143.5198,42462.2305,519.0489,1026.464
-303785.0057,-261129.6385,42655.3672,496.1311,1043.8036
-303702.6148,-261105.0757,42597.5391,480.7552,1073.7485
-303944.5948,-261267.9307,42676.6641,489.1042,1025.4457
-304071.2586,-261213.1062,42858.1523,521.4728,1052.2969
-303642.7817,-261216.1059,42426.6758,497.2786,1045.1103
-303838.0206,-261206.7589,42631.2617,500.5113,1019.3951
-303716.2209,-261097.1741,42619.0469,505.2846,1053.7224
-303852.9666,-261190.5721,42662.3945,498.8249,1072.176
-304058.0919,-261177.1739,42880.918,465.4177,1075.2511
-304071.5197,-261229.5041,42842.0156,502.9147,1060.249
-303685.2045,-261134.5443,42550.6602,482.6494,1004.6468
-303953.3485,-261219.5047,42733.8438,483.6515,1081.2504
-303712.7469,-261198.6414,42514.1055,485.649,1059.8003
-303657.9012,-261203.5457,42454.3555,509.5118,1042.6429
-304066.8013,-261294.8677,42771.9336,485.5087,995.4563
-303996.1852,-261163.7633,42832.4219,503.4363,1033.1155
-303930.8305,-261216.6273,42714.2031,495.3692,1053.1354
-303985.7226,-261156.6015,42829.1211,495.6585,1044.9479
-303696.7189,-261209.7971,42486.9219,500.7299,1082.6139
-303950.2857,-261221.1724,42729.1133,499.7241,1068.5629
-303899.0612,-261226.6159,42672.4453,512.2698,1098.204
-303799.2198,-261248.0128,42551.207,530.9198,1077.9824
-303827.3718,-261154.8874,42672.4844,475.6951,1053.8542
-303922.2563,-261195.8305,42726.4258,492.9733,1057.7787
-303901.328,-261123.1757,42778.1523,516.7935,1087.1262
-303735.8449,-261142.4972,42593.3477,507.8806,1065.4386
-303842.6158,-261207.6353,42634.9805,492.1252,1025.7368
-304018.8951,-261225.2467,42793.6484,469.2545,1029.8886
-303853.8628,-261146.6441,42707.2188,494.236,1089.4048
-303902.4936,-261208.2865,42694.207,482.0997,1062.5921
-304021.4459,-261295.4498,42725.9961,456.8685,1046.6832
-303896.0077,-261235.6678,42660.3398,500.9184,1057.0524
-303986.3747,-261192.738,42793.6367,510.9932,986.9985
-304033.3932,-261224.7018,42808.6914,487.565,1040.2396
-303782.7346,-261196.2307,42586.5039,491.0084,1037.8542
-304002.3594,-261184.875,42817.4844,505.4069,1083.8506
-303862.3179,-261112.6382,42749.6797,477.7726,1063.5621
-303824.142,-261157.974,42666.168,500.9768,1019.1193
-303803.0751,-261118.2626,42684.8125,503.7046,1075.638
-303915.1352,-261190.6039,42724.5312,473.2745,1030.7541
-303644.2459,-261108.8396,42535.4062,505.3801,1052.8645
-303963.8593,-261194.3007,42769.5586,500.5171,1053.8507
-303770.9198,-261150.2792,42620.6406,494.2109,1047.0223
-304054.9897,-261195.8295,42859.1602,487.3257,1070.7392
-303959.5419,-261159.9091,42799.6328,487.852,1016.0014
-304007.2084,-261228.556,42778.6523,500.474,1047.9834
-303993.9955,-261229.0814,42764.9141,509.9353,1069.22
-303961.6561,-261175.3319,42786.3242,474.1187,1065.9498
-303840.8204,-261173.0118,42667.8086,498.6886,1065.4497
-304043.1455,-261249.04,42794.1055,539.1128,1043.7108
-303588.439,-261166.9117,42421.5273,506.3634,1036.203
-303960.2033,-261219.7658,42740.4375,489.0101,1074.3528
-304108.8393,-261254.0073,42854.832,486.5938,1007.2666
-303636.8857,-261174.8193,42462.0664,515.423,1115.3655
-303866.682,-261173.0023,42693.6797,505.7644,1061.8843
-303846.1635,-261216.2182,42629.9453,500.6942,1010.6732
-303864.7226,-261186.3398,42678.3828,498.8548,1058.615
-303928.7804,-261274.7569,42654.0234,506.0597,1119.9043
-303991.2275,-261250.3565,42740.8711,497.0102,1028.7137
-303593.5788,-261182.7936,42410.7852,491.3177,1055.2289
-303720.5552,-261219.9419,42500.6133,499.0651,1031.1478
-303749.6323,-261229.8979,42519.7344,495.2189,1033.7476
-303878.9303,-261158.61,42720.3203,469.9982,1035.0516
-303851.9156,-261245.0524,42606.8633,492.664,1066.3068
-304029.6403,-261174.2223,42855.418,517.0562,1011.8099
-303982.2073,-261224.0081,42758.1992,481.4256,1024.1033
-304164.4111,-261243.6962,42920.7148,464.7928,1071.6378
-303967.0319,-261261.9967,42705.0352,499.2033,1078.0831
-303871.0147,-261208.128,42662.8867,505.7152,1045.5767
-303663.2732,-261156.0311,42507.2422,526.9187,1000.5362
-303758.7138,-261179.8192,42578.8945,510.004,1058.7977
-304237.6689,-261317.9619,42919.707,516.3124,1034.3277
-303860.6593,-261211.9328,42648.7266,511.6526,1033.0715
-303881.6963,-261193.1768,42688.5195,474.8225,1050.2647
-303928.4327,-261279.1202,42649.3125,472.4758,1034.0851
-303898.4561,-261268.8467,42629.6094,521.6689,1024.6339
-304129.3259,-261223.822,42905.5039,478.7126,1073.557
-303826.11,-261144.1686,42681.9414,495.8412,1071.6667
-304156.0573,-261263.6784,42892.3789,489.2455,1069.1898
-303751.6177,-261093.7544,42657.8633,464.784,1045.5947
-303835.8406,-261184.5086,42651.332,497.816,1043.7193
-303676.0328,-261104.6148,42571.418,486.0027,1017.3393
-304077.5246,-261157.7004,42919.8242,508.5913,1044.3109
-303862.8944,-261234.5155,42628.3789,488.9567,995.008
-303952.4205,-261107.6432,42844.7773,504.1543,1019.6396
-304023.843,-261248.1281,42775.7148,470.6227,1048.1723
-304029.087,-261233.2784,42795.8086,460.692,1032.9875
-303991.7819,-261184.8015,42806.9805,498.1127,1064.3038
-303811.5619,-261160.7025,42650.8594,507.3097,1065.8623
-303961.8877,-261165.3955,42796.4922,526.0837,1033.9519
-303770.2488,-261198.7801,42571.4688,484.9795,1054.394
-303956.8777,-261174.2527,42782.625,491.2429,1064.3669
-303898.6067,-261166.216,42732.3906,496.4024,1020.3289
-303936.5408,-261256.2674,42680.2734,490.3253,1033.8039
-303585.6352,-261139.725,42445.9102,490.3595,1073.6282
-303643.6986,-261161.6204,42482.0781,481.8717,1030.6533
-303637.5106,-261239.3192,42398.1914,457.4931,1003.0859
-303994.5545,-261197.242,42797.3125,467.2149,1036.3723
-303705.8821,-261056.097,42649.7852,439.9441,1018.8227
-304012.6497,-261121.9817,42890.668,494.5522,1053.1383
-303761.6094,-261162.8359,42598.7734,507.2568,1093.1873
-303985.7987,-261177.994,42807.8047,467.7073,1090.0308
-303716.0449,-261146.9902,42569.0547,492.9724,1098.7027
-303899.7544,-261215.8911,42683.8633,469.7266,1050.4662
-303748.7841,-261141.6161,42607.168,508.7631,1061.9381
-304058.9256,-261281.2537,42777.6719,498.9955,1039.6298
-303781.7897,-261130.8483,42650.9414,490.8027,1056.0246
-303625.3189,-261137.7213,42487.5977,488.7693,1054.886
-303852.9179,-261148.1523,42704.7656,480.352,1058.9459
-303873.4097,-261127.4253,42745.9844,514.1853,1090.4782
-303905.3212,-261053.2744,42852.0469,500.0903,1010.8361
-303642.6962,-261125.0361,42517.6602,526.8553,1080.1076
-303673.0754,-261143.927,42529.1484,529.9009,1037.5767
-304196.7741,-261104.6764,43092.0977,491.9159,1027.23
-303967.6403,-261166.316,42801.3242,491.519,1013.3842
-304037.4209,-261228.4991,42808.9219,512.4026,999.0856
-304009.7055,-261296.143,42713.5625,500.6919,1044.9704
-303766.2379,-261262.0153,42504.2227,473.7644,1047.8194
-304133.1547,-261339.0063,42794.1484,504.8857,1090.362
-303896.8013,-261189.1256,42707.6758,482.0352,1031.3939
-303641.2544,-261219.0512,42422.2031,496.2781,1019.901
-303859.839,-261162.4366,42697.4023,471.2879,1041.8245
-303821.345,-261160.8762,42660.4688,481.4529,1029.0066
-303978.038,-261214.87,42763.168,521.097,1023.8331
-304113.5778,-261203.9879,42909.5898,517.0437,1027.3973
-304037.91,-261165.9881,42871.9219,475.2071,1058.9425
-303794.6372,-261208.0201,42586.6172,488.1878,1023.8395
-303576.9454,-261153.3868,42423.5586,489.2617,1055.7894
-303823.2981,-261131.3841,42691.9141,494.9246,1061.9881
-303964.0137,-261105.7168,42858.2969,506.5156,1105.0867
-303803.9076,-261164.3724,42639.5352,487.9046,1057.3334
-303949.5175,-261046.0136,42903.5039,499.4633,1057.5447
-303787.2906,-261173.9469,42613.3438,525.1312,1080.5803
-304011.2368,-261147.5571,42863.6797,486.3342,1043.9061
-303776.6715,-261128.9996,42647.6719,500.9705,1005.1914
-303837.0675,-261137.4073,42699.6602,493.9462,1042.6923
-303906.6631,-261220.3076,42686.3555,469.7113,1079.4912
-303882.1298,-261153.9657,42728.1641,473.9112,1031.3655
-303727.3605,-261064.7589,42662.6016,502.6036,1021.0137
-303933.7535,-261256.5191,42677.2344,492.4405,1039.2217
-303619.2631,-261114.0405,42505.2227,514.8439,1079.0996
-304010.7306,-261198.1525,42812.5781,485.5194,1059.6459
-303667.2062,-261123.8468,42543.3594,511.1263,1020.0506
-303924.1031,-261197.4781,42726.625,492.7514,1005.2241
-303826.8297,-261183.814,42643.0156,514.9086,1027.4896
-303829.184,-261052.684,42776.5,510.1876,1082.5954
-303612.9169,-261115.9598,42496.957,506.8794,1017.5582
-303614.0864,-261083.0317,42531.0547,503.0755,1046.2199
-303768.7089,-261040.8105,42727.8984,524.8263,1024.8938
-303711.0626,-261066.2228,42644.8398,510.634,1080.0028
-303676.4277,-261164.5058,42511.9219,490.4663,1058.8928
-303878.6628,-261169.2136,42709.4492,475.1416,1000.3371
-304071.2441,-261160.2909,42910.9531,507.6985,1064.619
-304100.3361,-261147.2385,42953.0977,493.2863,1045.8345
-303803.8983,-261158.9999,42644.8984,497.1155,1046.0797
-303851.128,-261252.8389,42598.2891,499.7005,1068.9458
-303764.2651,-261051.8901,42712.375,489.2117,1017.6913
-303632.5583,-261212.8161,42419.7422,479.5808,1049.3536
-303834.9225,-261267.7545,42567.168,488.3769,1047.9256
-303860.3625,-261144.0891,42716.2734,490.0917,1040.694
-303968.3531,-261172.3921,42795.9609,509.346,1017.9239
-303849.1667,-261087.7526,42761.4141,519.0188,1044.0334
-303649.9854,-261135.6378,42514.3477,506.2905,1029.3503
-303785.2183,-261163.7104,42621.5078,490.7656,1070.2338
-303889.4091,-261159.0028,42730.4062,502.1091,1008.6809
-303874.7687,-261184.296,42690.4727,491.0614,1069.5514
-304048.0935,-261240.2107,42807.8828,494.072,1090.5729
-304134.3531,-261264.6578,42869.6953,502.3387,1051.6734
-303782.105,-261167.4761,42614.6289,502.2976,1017.6694
-303733.9558,-261154.0886,42579.8672,481.6066,1062.2784
-303853.0284,-261094.3917,42758.6367,494.5935,1047.0811
-303675.8268,-261048.6432,42627.1836,493.175,1055.7522
-303887.6254,-261158.4144,42729.2109,497.0537,1017.1989
-303935.7954,-261056.7603,42879.0352,546.4177,1027.9982
-303997.1004,-261108.8309,42888.2695,492.1017,1036.0746
-303981.1752,-261184.7494,42796.4258,489.6294,1039.3172
-303545.1052,-261154.3122,42390.793,510.3561,1059.7057
-303812.1511,-261145.2722,42666.8789,507.5593,1034.1282
-303919.7387,-261288.4965,42631.2422,493.7712,1070.3831
-303857.9268,-261194.5167,42663.4102,510.8452,1090.5517
-303947.0792,-261194.5558,42752.5234,532.7569,967.7075
-303917.9296,-261147.7499,42770.1797,480.8096,1053.5163
-303968.062,-261187.3315,42780.7305,495.9541,1078.491
-304055.1318,-261198.3935,42856.7383,470.0353,1054.7213
-304225.6707,-261264.1394,42961.5312,535.9853,1040.3322
-303977.0225,-261209.0264,42767.9961,481.1272,1075.7401
-303991.0368,-261177.2243,42813.8125,527.0081,1040.7665
-303972.7895,-261186.813,42785.9766,495.7831,1032.545
-303810.8091,-261112.9184,42697.8906,497.3886,1000.8098
-303832.7115,-261031.0084,42801.7031,479.3283,1024.1946
-304019.7577,-261114.5741,42905.1836,509.9104,1084.9838
-303812.7498,-261126.7537,42685.9961,458.9908,1041.3827
-304019.1052,-261074.3122,42944.793,501.5018,1061.9847
-303915.6137,-261158.5864,42757.0273,487.4206,1058.7011
-303835.7916,-261165.7838,42670.0078,504.0593,1044.3857
-303942.0625,-261215.2422,42726.8203,499.6025,1038.6442
-303736.1337,-261175.3915,42560.7422,490.3778,1070.6047
-303705.2643,-261131.5378,42573.7266,465.8017,1046.521
-303823.5934,-261198.4332,42625.1602,483.2048,1035.1745
-303719.2212,-261142.4595,42576.7617,507.0355,1023.9957
-303779.4613,-261118.1253,42661.3359,459.4922,1001.8409
-303792.5314,-261118.5392,42673.9922,505.2162,1062.3862
-303786.6874,-261121.6366,42665.0508,488.5048,1084.8737
-303877.8414,-261194.4195,42683.4219,509.9708,1078.7374
-303669.3591,-261057.4606,42611.8984,510.3542,1053.7902
-303884.3632,-261169.9921,42714.3711,510.8585,1078.5454
-303688.6894,-261142.7754,42545.9141,481.8534,1048.3062
-303791.9029,-261085.8912,42706.0117,486.6429,1058.5806
-303952.5061,-261128.1194,42824.3867,482.2658,1033.2213
-303727.2649,-261141.1556,42586.1094,511.7233,1046.658
-303790.2043,-261234.259,42555.9453,493.8415,1047.1367
-304236.4497,-261315.0864,42921.3633,470.3961,1061.6659
-303796.5132,-261185.3882,42611.125,479.3012,1110.5338
-303744.0693,-261187.3076,42556.7617,487.1487,1035.3451
-303795.5787,-261134.9419,42660.6367,502.9783,1043.7243
-303892.0247,-261249.4739,42642.5508,487.1542,1081.2494
-303850.6532,-261183.2978,42667.3555,504.6096,1042.1793
-303847.8277,-261125.6441,42722.1836,497.6,1016.4362
-303670.1489,-261166.1294,42504.0195,509.9913,1109.5059
-303754.5916,-261174.1189,42580.4727,513.5141,1012.2219
-303756.2726,-261228.1554,42528.1172,519.267,1042.6317
-303718.8563,-261066.2392,42652.6172,509.6375,1028.047
-303767.6733,-261115.1499,42652.5234,488.1629,1036.1382
-303929.9117,-261150.357,42779.5547,483.3972,1000.1686
-303789.1986,-261137.304,42651.8945,477.3959,1083.5376
-304119.0011,-261239.2121,42879.7891,494.7857,1016.8686
-303782.4749,-261072.6819,42709.793,488.57,1041.2348
-303979.7994,-261158.944,42820.8555,520.5491,1060.8541
-303663.5413,-261075.3108,42588.2305,510.0285,1077.4993
-303623.7339,-261156.1596,42467.5742,473.4552,1079.6992
-303893.6239,-261178.7215,42714.9023,527.3725,1049.46
-304003.2409,-261177.2291,42826.0117,506.0956,1067.5504
-303937.7532,-261231.0188,42706.7344,479.8266,1077.6592
-304064.8761,-261247.1886,42817.6875,510.4325,1048.9505
-303961.8294,-261208.0364,42753.793,477.3702,1028.7572
-303791.871,-261192.664,42599.207,506.0392,1058.2555
-303862.3678,-261215.2741,42647.0938,503.07,1068.8376
-303857.6547,-261154.225,42703.4297,505.6206,1044.8472
-303746.3809,-261044.295,42702.0859,484.9091,1000.5513
-303752.6529,-261168.8599,42583.793,499.6496,1067.5034
-303857.7072,-261141.8596,42715.8477,491.6201,1006.4178
-304168.2833,-261128.7755,43039.5078,495.2643,1053.9216
-303762.7442,-261183.7286,42579.0156,476.1732,1082.716
-303887.8457,-261163.6387,42724.207,497.3128,1073.1267
-303872.5561,-261224.685,42647.8711,479.2962,1016.9761
-303683.1429,-261153.7991,42529.3438,498.4399,1051.8778
-303857.3536,-261220.4317,42636.9219,493.7408,1040.3733
-303941.0661,-261196.9919,42744.0742,486.9382,1034.868
-303735.2021,-261104.167,42631.0352,492.0617,1032.9131
-303771.8053,-261208.571,42563.2344,478.1156,1098.6282
-303984.5079,-261195.6173,42788.8906,506.4938,1034.8053
-303716.3018,-261133.5362,42582.7656,503.6476,998.4758
-304054.0559,-261244.0677,42809.9883,465.8923,1091.6094
-303858.2995,-261117.4792,42740.8203,497.1967,1010.2763
-303920.0521,-261159.1576,42760.8945,511.2075,1065.6952
-303776.5179,-261123.0647,42653.4531,476.9759,1070.0814
-304059.4123,-261110.9943,42948.418,486.2246,1070.6087
-304034.3471,-261156.5463,42877.8008,471.7197,1003.8082
-303820.2005,-261162.9076,42657.293,492.034,1103.1278
-303882.5099,-261217.7872,42664.7227,507.0584,1080.3307
-304020.6011,-261198.2378,42822.3633,488.5016,1049.1944
-303790.6763,-261176.4458,42614.2305,472.6675,1061.0553
-303877.365,-261243.5173,42633.8477,518.796,1132.1082
-303581.7137,-261127.9754,42453.7383,517.2911,1040.9396
-303776.3938,-261187.4289,42588.9648,492.2612,1067.4682
-303923.1623,-261259.7795,42663.3828,530.7948,1102.8925
-303709.0035,-261216.8355,42492.168,518.4398,1056.6819
-303969.6021,-261158.6997,42810.9023,508.8404,1021.1038
-304010.654,-261199.0446,42811.6094,474.1831,1045.2756
-303770.734,-261240.5192,42530.2148,495.2736,1090.9688
-303794.4478,-261161.1861,42633.2617,495.6865,1004.5396
-303648.1842,-261025.5006,42622.6836,479.2431,1049.6493
-303891.9877,-261229.5853,42662.4023,519.1365,1006.1069
-303904.836,-261055.3634,42849.4727,504.0134,1034.014
-303692.8811,-261151.4826,42541.3984,498.12,1039.8965
-303935.3954,-261153.7704,42781.625,495.0419,1037.1786
-303936.6429,-261201.8734,42734.7695,514.3018,1100.8807
-304198.3224,-261277.4513,42920.8711,507.2855,1039.7066
-304239.5207,-261273.9582,42965.5625,495.2639,1112.0776
-303752.211,-261236.0352,42516.1758,471.8626,1099.1208
-303754.3215,-261174.6614,42579.6602,477.3473,1026.0467
-303761.9853,-261136.3017,42625.6836,478.321,1021.7216
-303894.8372,-261214.4895,42680.3477,496.5031,1040.595
-303830.665,-261111.1846,42719.4805,520.3259,1051.379
-303780.6845,-261151.2665,42629.418,501.1937,1028.2959
-303856.2337,-261116.2337,42740.0,490.2851,993.232
-303974.4927,-261169.6294,42804.8633,518.1444,1047.6018
-303687.5091,-261156.3607,42531.1484,527.0447,1054.2227
-303755.8183,-261154.3691,42601.4492,508.654,1033.7868
-303903.0985,-261108.243,42794.8555,491.6484,1028.8353
-303880.8892,-261116.3892,42764.5,491.829,1083.9423
-303758.8409,-261143.9932,42614.8477,522.2813,1047.494
-303899.1606,-261097.4263,42801.7344,494.5451,1079.8642
-303941.2972,-261180.1918,42761.1055,506.2446,1065.3837
-303860.5297,-261243.807,42616.7227,486.3827,1087.566
-303542.7467,-261208.9538,42333.793,533.4304,1088.2705
-303864.9762,-261135.9801,42728.9961,486.9379,1076.4139
-303851.1588,-261175.3893,42675.7695,502.6271,1058.3371
-303957.7756,-261143.6935,42814.082,496.9692,1023.3444
-303889.9248,-261273.0263,42616.8984,523.2557,1056.5034
-304056.8299,-261216.8299,42840.0,522.1919,1046.8998
-303950.7044,-261204.8646,42745.8398,511.9445,1044.6275
-303851.4087,-261138.2681,42713.1406,497.3823,1038.8865
-303878.5933,-261174.0542,42704.5391,461.8556,1036.2233
-303696.439,-261148.5406,42547.8984,511.6014,1016.8751
-303870.4529,-261150.781,42719.6719,496.9494,1059.1493
-303898.4285,-261194.9012,42703.5273,500.3534,1090.5894
-304039.1972,-261131.8183,42907.3789,457.7918,1045.3545
-303948.0762,-261222.8848,42725.1914,488.2472,1059.2972
-304051.4776,-261231.6534,42819.8242,509.7196,1029.9192
-303767.985,-261116.8639,42651.1211,497.6748,1050.2943
-303669.0967,-261198.1435,42470.9531,463.54,1097.1498
-303715.5153,-261127.7653,42587.75,494.2933,1033.5057
-303968.3352,-261132.4328,42835.9023,481.1653,1074.7889
-303840.7351,-261276.9343,42563.8008,492.0919,1034.2971
-303830.0955,-261181.7401,42648.3555,489.1448,1094.3556
-304090.9867,-261175.5101,42915.4766,478.9815,1012.8574
-303802.1939,-261208.7994,42593.3945,507.5151,1079.6743
-303877.0607,-261158.6662,42718.3945,497.8994,1078.7781
-303962.4334,-261184.7029,42777.7305,490.6125,1030.6696
-303860.8478,-261145.0744,42715.7734,470.8142,1041.9968
-303827.8455,-261244.8689,42582.9766,496.8705,1056.1226
-303978.6727,-261063.0243,42915.6484,478.0974,1043.6439
-304022.0716,-261142.8958,42879.1758,509.2884,1086.6563
-303771.0997,-261176.4201,42594.6797,472.9907,1074.5704
-303921.6262,-261270.4621,42651.1641,509.2087,1071.0273
-303780.0826,-261124.5748,42655.5078,501.325,1034.7141
-303908.3897,-261125.7178,42782.6719,501.4903,1069.9602
-303756.5041,-261180.9299,42575.5742,495.8441,1045.783
-304019.8358,-261105.6053,42914.2305,479.6272,1087.9656
-303885.584,-261254.6816,42630.9023,503.0505,1068.4346
-304006.7104,-261245.3588,42761.3516,496.0117,1038.2283
-303761.8735,-261149.2055,42612.668,499.5535,1076.1017
-303886.0077,-261173.2304,42712.7773,507.4171,1029.9048
-303688.8147,-261206.9045,42481.9102,466.1335,1036.8893
-303862.9678,-261213.1944,42649.7734,496.9858,1045.4096
-303958.3056,-261209.583,42748.7227,496.731,1069.6108
-303841.0068,-261206.4638,42634.543,527.025,1081.8836
-303912.9329,-261220.1868,42692.7461,464.2025,1031.9534
-303837.2763,-261153.1161,42684.1602,486.0142,1055.3883
-303941.04,-261192.7275,42748.3125,499.7022,1017.0963
-303808.0382,-261145.5187,42662.5195,485.932,1061.7247
-303814.7274,-261245.2821,42569.4453,511.1288,1051.7476
-303752.3262,-261214.0333,42538.293,473.7042,1085.7938
-303577.8979,-261122.1089,42455.7891,504.5198,1051.1557
-304046.5625,-261200.0195,42846.543,491.4512,1057.6206
-303796.7961,-261239.4055,42557.3906,497.3672,1117.4738
-303746.0725,-261219.2366,42526.8359,519.848,1072.1565
-303870.4903,-261183.3496,42687.1406,501.1468,1062.1449
-303909.3941,-261244.6831,42664.7109,479.2438,1040.4467
-304038.6352,-261217.6781,42820.957,490.2171,1040.3977
-303916.1437,-261135.843,42780.3008,512.586,1081.7412
-303768.9257,-261198.4803,42570.4453,486.7773,1073.1261
-304179.5366,-261256.7202,42922.8164,520.9262,1022.1074
-303925.2688,-261226.8703,42698.3984,501.5456,1031.3357
-303668.7372,-261196.9716,42471.7656,497.3083,1001.0136
-303764.8636,-261177.6995,42587.1641,490.4511,1095.303
-303561.0857,-261143.613,42417.4727,488.2523,1079.2462
-303851.1848,-261290.8684,42560.3164,503.9042,1055.3014
-303774.4174,-261135.3783,42639.0391,492.4757,1054.6709
-303866.6719,-261225.5,42641.1719,514.6059,1047.8177
-303741.5602,-261209.3336,42532.2266,489.2242,1042.7272
-303854.0767,-261188.4947,42665.582,475.302,1029.4676
-303963.0985,-261163.661,42799.4375,474.9364,1050.9254
-304049.3917,-261111.4581,42937.9336,517.6984,1060.8175
-303766.9048,-261083.7212,42683.1836,527.1429,1064.7378
-303814.6709,-261246.3701,42568.3008,527.2403,1062.3284
-303814.6204,-261167.7493,42646.8711,504.613,1088.4742
-303914.4085,-261137.8343,42776.5742,511.0133,1047.3866
-303785.9366,-261096.921,42689.0156,482.4951,1050.6802
-303993.6026,-261221.294,42772.3086,484.6875,1000.6467
-303805.9123,-261135.1662,42670.7461,506.5785,1022.4541
-304180.0559,-261196.591,42983.4648,498.2669,1049.2055
-303813.2887,-261120.1363,42693.1523,499.0457,1051.3634
-303882.9251,-261143.5579,42739.3672,531.3146,1063.5697
-303676.9804,-261132.6913,42544.2891,511.5031,1080.483
-303997.5244,-261197.4306,42800.0938,495.6575,1091.774
-304099.6904,-261231.6982,42867.9922,510.2044,1063.133
-303779.1062,-261070.2039,42708.9023,493.6247,1041.105
-303681.3566,-261116.5323,42564.8242,450.7344,1029.5343
-303879.6599,-261217.9997,42661.6602,496.6287,1081.1544
-303354.1449,-261083.0784,42271.0664,482.6656,1080.547
-303961.4056,-261208.8275,42752.5781,545.0192,1024.2239
-303937.0576,-261172.0225,42765.0352,487.5242,1052.8147
-303822.2136,-261253.9363,42568.2773,451.908,1047.0005
-303758.4081,-261081.7128,42676.6953,514.0403,1061.1059
-304211.141,-261298.8754,42912.2656,508.8955,1063.8998
-303921.4551,-261234.0332,42687.4219,514.2788,1063.004
-303937.2313,-261232.6727,42704.5586,492.5931,1046.5732
-304042.4748,-261136.1505,42906.3242,500.464,1027.0473
-303957.0005,-261111.3872,42845.6133,473.9881,1048.5647
-303886.1977,-261206.2758,42679.9219,507.6581,1049.8072
-303786.4145,-261129.0317,42657.3828,511.9807,1064.0419
-303940.7154,-261154.3678,42786.3477,529.5163,1048.0842
-303747.9106,-261300.2583,42447.6523,487.5555,1045.2464
-303872.1634,-261167.347,42704.8164,528.0247,1025.1926
-303671.4812,-261140.4265,42531.0547,538.9172,1023.3709
-304064.1414,-261250.0438,42814.0977,504.846,1014.9921
-303684.7065,-261067.5697,42617.1367,480.077,1057.4514
-303836.6064,-261121.2392,42715.3672,480.4703,1028.5058
-303844.9126,-261116.4204,42728.4922,507.8651,1051.8765
-303809.719,-261217.1604,42592.5586,505.7163,1045.6344
-304095.3367,-261325.3875,42769.9492,472.3393,1038.2702
-303624.3714,-261206.9612,42417.4102,521.5966,1068.8989
-303923.5214,-261246.494,42677.0273,527.3236,1022.966
-304215.7977,-261239.1336,42976.6641,490.7246,1058.5426
-303852.7708,-261191.2239,42661.5469,472.886,1050.2131
-303834.5566,-261164.3847,42670.1719,482.3203,1046.7011
-304006.6976,-261124.7093,42881.9883,484.399,1073.9127
-303777.8259,-261037.5876,42740.2383,515.3752,1047.2638
-303849.4546,-261146.0718,42703.3828,478.8939,1042.3923
-303967.2878,-261208.1394,42759.1484,455.0775,1065.3447
-303924.0029,-261124.2607,42799.7422,501.9337,1010.4179
-303931.6149,-261189.6149,42742.0,449.7627,1053.0136
-303829.7562,-261196.3148,42633.4414,525.0209,1068.7363
-303975.8045,-261177.3943,42798.4102,512.451,1026.3833
-303757.2624,-261111.4929,42645.7695,508.549,1030.7133
-303742.8,-261183.132,42559.668,510.0772,1083.0622
-304175.8391,-261221.9914,42953.8477,508.186,1049.9167
-304065.9719,-261302.6164,42763.3555,502.5535,1029.4011
-303782.1431,-261183.4595,42598.6836,491.1836,1059.7381
-303814.7126,-261241.0915,42573.6211,487.8122,1067.3752
-303924.0177,-261144.1701,42779.8477,488.067,1021.5236
-303689.3896,-261045.5693,42643.8203,509.9129,1063.8616
-303910.9699,-261183.9894,42726.9805,477.5236,1048.7789
-304121.6527,-261261.1254,42860.5273,498.8629,1043.4624
-303971.7364,-261192.1466,42779.5898,511.1633,1080.0783
-303734.6359,-261266.6633,42467.9727,535.8123,1101.7157
-304136.763,-261133.4623,43003.3008,498.0003,1059.3385
-303940.6459,-261158.935,42781.7109,479.0309,1033.4794
-303879.5028,-261138.9833,42740.5195,505.7109,1042.0572
-303781.9286,-261176.8387,42605.0898,512.4264,1030.5339
-303919.124,-261206.0381,42713.0859,515.0528,1082.2917
-304077.5968,-261092.6905,42984.9062,524.8043,1054.1918
-304066.9828,-261331.5571,42735.4258,500.9241,1027.3527
-304128.8595,-261259.9142,42868.9453,483.8673,1020.994
-303869.6434,-261206.909,42662.7344,501.0992,1045.022
-303984.3976,-261266.9953,42717.4023,500.9336,1054.9152
-303687.0144,-261118.8074,42568.207,498.807,1035.8429
-303967.7816,-261220.5433,42747.2383,512.703,1060.1087
-303942.3071,-261255.9556,42686.3516,491.1019,1045.1886
-303827.154,-261131.3375,42695.8164,530.0791,1055.4373
-304082.2401,-261087.7401,42994.5,481.1183,1016.5919
-303693.1869,-261128.1713,42565.0156,517.8494,1077.4771
-304198.7336,-261369.9563,42828.7773,488.1936,1044.6322
-303893.4072,-261270.6415,42622.7656,464.3185,1035.9818
-303646.4077,-261190.7241,42455.6836,493.8229,1020.4811
-303768.8271,-261139.7412,42629.0859,481.4074,1042.4678
-303981.8054,-261172.3797,42809.4258,516.2677,1062.1976
-303805.4723,-261131.3707,42674.1016,477.0051,1020.9346
-303858.5696,-261157.9251,42700.6445,474.7361,1046.8847
-303789.5554,-261217.6609,42571.8945,490.3696,1044.0602
-303962.0294,-261112.9786,42849.0508,450.7645,1038.4209
-303952.8629,-261181.8981,42770.9648,484.8718,1072.7839
-303823.2778,-261116.1332,42707.1445,516.9234,1087.2062
-303590.5237,-261094.8597,42495.6641,487.8431,1052.1874
-303667.7515,-261226.646,42441.1055,496.0182,1034.4103
-303981.1317,-261185.6121,42795.5195,512.6866,1052.104
-303942.9304,-261256.6999,42686.2305,498.0907,1053.0836
-304004.5464,-261173.4487,42831.0977,485.0851,1007.2673
-303752.9545,-261149.3608,42603.5938,522.5656,1087.6229
-303879.9408,-261214.8939,42665.0469,525.8221,1015.7009
-303846.7394,-261260.6378,42586.1016,520.9987,1034.6444
-303854.0165,-261041.1884,42812.8281,494.4288,1023.5317
-304303.6132,-261146.4804,43157.1328,515.6791,1033.2877
-304050.5709,-261260.2506,42790.3203,501.5208,1084.1929
-303880.0045,-261209.9381,42670.0664,477.8342,1086.0791
-303481.2703,-261051.9461,42429.3242,486.5442,1027.4738
-304132.1308,-261192.9823,42939.1484,505.1004,1066.5094
-303777.6136,-261166.9379,42610.6758,495.1339,1027.6828
-303639.011,-261067.2688,42571.7422,480.2246,1060.0911
-303995.6542,-261161.2519,42834.4023,456.3477,1058.0466
-303782.3929,-261108.9945,42673.3984,510.65,1011.1404
-303912.2235,-261171.4384,42740.7852,521.2881,1000.747
-303851.1877,-261175.7424,42675.4453,522.2763,1112.3497
-303586.6524,-261125.7501,42460.9023,479.8801,982.0805
-303614.4013,-261106.9247,42507.4766,500.2908,1042.4577
-303764.9961,-261194.5899,42570.4062,514.5968,1063.9969
-303875.7557,-261112.4744,42763.2812,482.2965,1057.1789
-303581.5108,-261147.9561,42433.5547,485.7545,1048.5888
-303838.6668,-261113.5418,42725.125,454.6078,1070.3548
-304004.9083,-261201.0841,42803.8242,482.8223,1041.6352
-303841.4627,-261160.5018,42680.9609,480.2152,1020.6386
-303814.178,-261115.635,42698.543,493.5337,1064.7803
-304191.1275,-261192.1002,42999.0273,472.6053,1047.7836
-304052.7026,-261205.3003,42847.4023,511.3067,1034.2216
-303770.6583,-261195.0723,42575.5859,526.6532,1043.4239
-303979.3886,-261232.4667,42746.9219,508.636,1012.8483
-303824.2057,-261141.8581,42682.3477,513.6413,1070.38
-303819.0935,-261190.8748,42628.2188,492.1526,1053.7892
-303955.7307,-261180.1526,42775.5781,497.5881,1022.354
-303777.055,-261090.9339,42686.1211,467.3596,1036.3782
-303762.0995,-261120.8691,42641.2305,469.6553,1019.3617
-303628.1861,-261036.9986,42591.1875,495.864,1063.075
-304032.1191,-261230.9199,42801.1992,498.126,1104.7103
-304074.9605,-261318.898,42756.0625,495.2871,1062.1377
-303843.7768,-261161.5775,42682.1992,474.9411,1068.67
-303945.4703,-261157.6656,42787.8047,517.5814,1071.4734
-304048.1986,-261195.1869,42853.0117,500.4118,1054.772
-303910.6271,-261131.7209,42778.9062,496.1374,1016.0499
-303847.8563,-261107.9032,42739.9531,512.2569,1024.8293
-303898.6958,-261172.8481,42725.8477,513.3901,1042.2511
-303921.4706,-261156.2128,42765.2578,469.1818,1054.0998
-303825.9672,-261160.393,42665.5742,511.0111,1055.4155
-303846.2219,-261228.2532,42617.9688,503.6854,1070.6379
-304005.5993,-261211.3844,42794.2148,494.0205,1048.5546
-304058.262,-261231.0628,42827.1992,496.8807,1050.9512
-304221.6509,-261360.9517,42860.6992,523.8781,1059.7447
-303922.7514,-261226.6147,42696.1367,474.742,1066.3708
-303765.9408,-261194.1361,42571.8047,522.9775,1113.0767
-303678.6628,-261183.3229,42495.3398,512.6119,1055.229
-304057.4888,-261190.649,42866.8398,434.254,1046.8833
-304184.941,-261178.1676,43006.7734,485.7185,1050.0645
-303953.5087,-261144.868,42808.6406,534.4057,1092.56
-303967.2103,-261175.3353,42791.875,473.4226,1051.5769
-303916.0923,-261190.7955,42725.2969,523.8391,1085.1936
-303710.3345,-261140.3852,42569.9492,497.3458,1031.8388
-303702.3096,-261152.7549,42549.5547,493.8776,1043.965
-303692.8498,-261074.8811,42617.9688,477.9377,1075.5305
-303813.2381,-261214.0624,42599.1758,490.2196,1038.5067
-303869.0601,-261205.9507,42663.1094,484.1363,1055.8432
-303869.2302,-261133.0349,42736.1953,522.4446,1071.8451
-303804.4126,-261117.8813,42686.5312,498.3006,1066.2009
-303887.2216,-261136.5927,42750.6289,485.9395,1062.2673
-303781.9377,-261286.7189,42495.2188,497.2079,1048.5423
-303955.0459,-261197.3467,42757.6992,483.9329,1019.134
-303998.9555,-261180.7641,42818.1914,495.6284,1031.7274
-303912.812,-261082.3862,42830.4258,481.0723,1046.7406
-303882.2921,-261135.7296,42746.5625,488.8616,1038.7631
-303953.3075,-261163.8036,42789.5039,486.4761,1070.3474
-303935.8472,-261191.9488,42743.8984,508.5332,1016.9075
-304097.073,-261197.8776,42899.1953,495.3935,1023.8763
-303847.9796,-261176.6241,42671.3555,480.6107,1047.5599
-303973.7812,-261167.6836,42806.0977,501.1317,1035.4781
-303646.7404,-261216.7364,42430.0039,526.1182,1020.4881
-303862.1196,-261180.1391,42681.9805,489.133,1077.7547
-303699.7851,-261149.8828,42549.9023,500.9566,1062.3039
-303852.7617,-261156.0234,42696.7383,482.1491,1017.7217
-303691.5501,-261224.9525,42466.5977,506.6169,1093.008
-303850.1984,-261288.7297,42561.4688,527.3099,1065.9545
-303839.3192,-261136.1551,42703.1641,511.3046,1031.4846
-303970.3015,-261228.9577,42741.3438,486.5803,1046.9363
-303976.1466,-261075.7091,42900.4375,498.5715,1040.5102
-303837.7374,-261173.2179,42664.5195,514.7884,1032.5017
-303782.2442,-261184.4005,42597.8438,496.0636,1091.4562
-304097.0907,-261136.6181,42960.4727,515.527,1044.5279
-303829.3476,-261153.9297,42675.418,488.756,987.9089
