EPtot,Etot,EKtot,Bond,Angle
-303537.7119,-260967.3291,42570.3828,470.9477,1048.3722
-303821.7485,-261119.3657,42702.3828,504.6812,1057.5447
-303869.9638,-261188.7411,42681.2227,511.0202,1028.7074
-303731.2516,-261073.9548,42657.2969,477.8285,1053.3785
-303985.8913,-261201.8678,42784.0234,525.9084,1004.8795
-303992.3449,-261076.7394,42915.6055,508.1936,1033.7675
-303792.6055,-261137.9727,42654.6328,514.4584,1049.1859
-303969.8245,-261166.1644,42803.6602,480.4173,995.8891
-303741.5786,-261140.5512,42601.0273,479.7922,1061.1941
-303929.4203,-261157.557,42771.8633,510.2688,1018.8261
-303774.7701,-261049.0006,42725.7695,490.3253,1048.232
-303718.8787,-261017.1404,42701.7383,499.2712,1032.0855
-303899.8295,-261129.2748,42770.5547,504.8546,1094.9139
-303952.3569,-261147.8608,42804.4961,458.706,1008.7743
-303952.8331,-261152.544,42800.2891,491.5214,1029.0997
-303718.531,-261054.2224,42664.3086,465.202,1013.2094
-303830.1667,-261014.7643,42815.4023,483.1049,1058.5933
-303694.5943,-261126.1764,42568.418,487.0879,1033.3959
-303988.3104,-261048.0292,42940.2812,492.6757,1033.5173
-303642.5065,-261091.655,42550.8516,448.7153,1051.3795
-303768.8706,-261039.3706,42729.5,509.4472,1057.8475
-303693.9323,-261014.1198,42679.8125,478.9159,1004.425
-303872.5011,-261131.5714,42740.9297,497.0345,1113.0707
-303730.5562,-261077.6578,42652.8984,475.8104,1059.3833
-303685.682,-261119.3929,42566.2891,489.5865,1047.7361
-303953.697,-261043.8298,42909.8672,485.6083,1031.7916
-303838.9476,-261124.1117,42714.8359,496.8026,1003.9952
-303970.471,-261113.3499,42857.1211,480.3238,1024.6577
-303930.6267,-261120.5017,42810.125,478.5921,1010.807
-303683.6544,-261022.5294,42661.125,472.3811,1031.433
-303853.7339,-261177.9526,42675.7812,468.3439,1055.0613
-303637.3469,-261045.7101,42591.6367,515.4505,1020.887
-303888.1328,-261159.2031,42728.9297,498.945,984.3058
-303652.6347,-261075.4706,42577.1641,517.4962,1025.7124
-303682.5715,-261067.5168,42615.0547,468.5265,1053.9366
-303668.1354,-261005.6042,42662.5312,501.1021,1009.6046
-303541.9913,-261040.9093,42501.082,514.941,1028.3003
-303832.2149,-261017.6055,42814.6094,473.2777,1015.4423
-303917.1894,-261045.0566,42872.1328,480.8426,983.6878
-303779.0435,-261119.6177,42659.4258,512.4874,1026.8006
-303841.1083,-261128.0927,42713.0156,461.4308,1077.692
-303530.6832,-261117.5856,42413.0977,501.4376,1038.7725
-303659.2582,-261141.7153,42517.543,508.3187,990.7048
-303800.9103,-261123.6525,42677.2578,468.8204,1065.8348
-303500.9303,-260990.6061,42510.3242,539.9182,1035.0246
-303697.2928,-261189.5116,42507.7812,508.172,1020.6955
-303751.0329,-261168.2478,42582.7852,494.3454,1041.5248
-304096.8416,-261214.6502,42882.1914,497.6847,1003.8088
-303897.045,-261064.8731,42832.1719,474.7589,1033.5592
-303946.4126,-261257.4283,42688.9844,465.1014,1083.1566
-303708.1642,-261153.9728,42554.1914,473.5705,1039.9265
-303966.9963,-261088.7658,42878.2305,494.4198,1023.9999
-304016.1412,-261108.735,42907.4062,459.978,1012.8336
-303700.0571,-261099.4087,42600.6484,459.8925,1088.9359
-303726.2259,-261126.7572,42599.4688,521.4653,1047.9175
-303728.7544,-261070.1294,42658.625,504.7848,1005.0841
-303764.0957,-261049.2872,42714.8086,489.0854,1017.543
-303711.9783,-261114.2517,42597.7266,461.381,992.7259
-303823.9194,-261034.2241,42789.6953,491.4205,1010.559
-303891.139,-261132.8031,42758.3359,494.9399,1027.085
-303927.6961,-261146.5907,42781.1055,492.8988,1048.2816
-303879.0299,-261144.9556,42734.0742,503.006,1003.6296
-303625.4585,-261156.732,42468.7266,447.4632,1040.9072
-303726.3315,-261136.8705,42589.4609,463.9765,1045.4663
-303813.9386,-261054.9113,42759.0273,492.9917,980.7603
-303827.2031,-261065.0156,42762.1875,484.5482,1071.1238
-303869.4253,-261140.8198,42728.6055,512.728,1030.3293
-303889.6543,-261178.8027,42710.8516,485.7278,1004.2554
-303704.5279,-261168.2701,42536.2578,493.6378,1044.5416
-303626.626,-261164.5987,42462.0273,509.4574,1090.1182
-303981.9699,-261148.5636,42833.4062,474.3921,1072.1268
-303845.0831,-261148.5831,42696.5,486.7485,1020.611
-303866.4,-261125.8765,42740.5234,499.5057,1056.2594
-303688.4162,-261180.3694,42508.0469,489.2392,1027.639
-303795.4769,-261136.4457,42659.0312,494.9179,1101.5198
-303967.2386,-261132.4925,42834.7461,493.303,1040.5677
-303801.2176,-261161.6825,42639.5352,501.1435,1079.9234
-303814.6619,-261178.3299,42636.332,516.6214,1069.6466
-303762.6447,-261067.9767,42694.668,451.4201,1027.7048
-303781.6651,-261063.5674,42718.0977,465.8878,1030.7695
-303776.5592,-261076.5748,42699.9844,483.1212,1016.7869
-303686.8807,-261024.5761,42662.3047,491.3262,1000.2495
-303922.7741,-261166.0592,42756.7148,530.884,1023.7669
-303893.9877,-261109.3861,42784.6016,526.7063,1064.1893
-303928.6601,-261134.1719,42794.4883,534.3586,1050.3147
-303705.1405,-261050.9296,42654.2109,473.362,1017.5981
-303677.153,-260997.5007,42679.6523,476.8755,1046.1409
-303574.041,-261112.7012,42461.3398,516.8533,1079.8716
-303898.7171,-261101.7053,42797.0117,507.6233,1070.596
-303905.4448,-261165.8393,42739.6055,501.5064,1059.5386
-303781.2757,-261064.7289,42716.5469,488.4977,1006.0564
-303957.8686,-261015.892,42941.9766,467.5979,1038.316
-303572.7263,-261023.9099,42548.8164,545.3126,1023.3397
-303875.5211,-261083.818,42791.7031,472.3081,1047.9328
-303782.6484,-261103.0234,42679.625,472.5674,1018.2231
-303739.4941,-261130.5215,42608.9727,476.2006,1041.9121
-304002.3184,-261173.7247,42828.5938,489.3416,1076.004
-304046.9154,-261130.2514,42916.6641,522.027,1048.8625
-303824.2172,-261031.5336,42792.6836,498.4612,1026.1018
-303844.6314,-261133.6939,42710.9375,498.1839,1008.1412
-303761.1764,-261091.7896,42669.3867,467.1681,1027.7998
-303776.5696,-261059.1438,42717.4258,453.0809,1022.9926
-303630.6866,-261209.4717,42421.2148,484.1793,1032.1059
-303904.5417,-261130.2409,42774.3008,509.3851,1049.5029
-303874.9687,-261114.6132,42760.3555,453.7122,1043.3495
-303685.3891,-261126.5141,42558.875,500.2655,1013.7075
-303523.7812,-261096.4023,42427.3789,489.6493,1014.2627
-303601.7913,-260995.7171,42606.0742,506.9765,1058.3446
-303873.9519,-261218.2214,42655.7305,511.3747,1045.9962
-303729.547,-261105.9181,42623.6289,482.3413,1027.169
-303799.6621,-261114.5957,42685.0664,497.5767,1085.2181
-303691.0358,-261069.696,42621.3398,493.8491,1033.6747
-303753.6457,-261120.2356,42633.4102,472.3438,1003.7474
-303928.3888,-261079.5294,42848.8594,503.5409,1051.9988
-303831.5339,-261154.8152,42676.7188,469.9091,1069.7263
-303532.7589,-261097.712,42435.0469,493.855,1037.7273
-304061.604,-261162.1822,42899.4219,466.2633,1064.0369
-303797.0785,-261202.266,42594.8125,490.2134,1023.6313
-303946.3101,-261102.3413,42843.9688,463.9856,1088.0086
-303779.1929,-261156.6265,42622.5664,500.8536,1044.3827
-303733.8194,-261094.6787,42639.1406,501.443,1079.9607
-303938.5079,-261059.5899,42878.918,442.5948,1040.5287
-303864.8368,-261135.6454,42729.1914,485.5923,1021.2154
-303851.4531,-261103.8632,42747.5898,522.249,1043.0617
-303913.8887,-261133.5098,42780.3789,463.1749,999.0868
-303734.3148,-261086.514,42647.8008,475.2958,1047.7662
-303824.824,-261150.156,42674.668,469.7509,1043.2837
-303367.7661,-261129.7232,42238.043,513.9279,1049.0096
-303756.5844,-261037.2016,42719.3828,483.943,1053.1431
-303733.6386,-261106.5956,42627.043,473.1661,1033.1228
-303772.1002,-261109.8619,42662.2383,507.0475,1041.345
-303978.2681,-261149.9985,42828.2695,490.7853,1032.6066
-303941.8999,-261176.2827,42765.6172,466.9368,1042.5637
-303740.3173,-261210.9696,42529.3477,473.5379,1016.7684
-303807.403,-261037.028,42770.375,503.729,1042.8568
-303725.4412,-261065.3084,42660.1328,502.4487,1072.7173
-303576.7626,-261125.122,42451.6406,536.5879,1015.2795
-303804.3589,-261124.5464,42679.8125,481.0008,1015.5661
-303785.0441,-261062.9309,42722.1133,476.7177,1065.236
-303841.4528,-261140.07,42701.3828,518.5303,1038.7981
-303636.0817,-261087.2301,42548.8516,499.6506,1075.453
-303709.7793,-261139.3613,42570.418,495.96,1036.9415
-303667.5731,-261049.4286,42618.1445,490.3205,1015.4693
-304006.6499,-261182.9585,42823.6914,511.8266,951.2945
-303588.3759,-261113.7431,42474.6328,502.5848,1050.2244
-303792.33,-261077.5917,42714.7383,484.5875,1055.6158
-304009.9958,-261158.3786,42851.6172,487.4651,1007.2192
-303892.5661,-261171.7653,42720.8008,495.4091,1093.8703
-303840.1991,-261206.8007,42633.3984,528.0934,1058.625
-304043.1342,-261141.4623,42901.6719,475.6809,1067.0295
-303813.0352,-261153.9922,42659.043,511.8815,1017.1338
-303481.6372,-260991.9457,42489.6914,498.488,1055.8064
-303864.7943,-261128.2787,42736.5156,476.5566,1002.3053
-303804.5548,-261120.2267,42684.3281,512.8896,1067.0054
-303813.8788,-261087.0859,42726.793,500.2312,1056.6606
-303832.1808,-261197.5636,42634.6172,503.7787,1096.0658
-303816.4209,-261185.0381,42631.3828,528.3155,1023.0519
-303780.4824,-261093.205,42687.2773,486.248,996.0811
-303849.3266,-261187.8656,42661.4609,486.9309,1037.2901
-303929.4853,-261107.2704,42822.2148,478.2072,1040.6919
-304097.0644,-261136.5878,42960.4766,466.5954,1062.1196
-303939.499,-261220.5928,42718.9062,499.4085,1031.46
-304133.2028,-261191.8669,42941.3359,492.8561,1041.6261
-303896.0394,-261100.1175,42795.9219,451.1176,1015.0755
-304155.4665,-261096.5525,43058.9141,470.5508,1015.4559
-303903.2093,-261140.389,42762.8203,473.9544,1065.606
-303851.0854,-261196.0268,42655.0586,516.5485,1071.6159
-303987.4441,-261211.7566,42775.6875,513.6158,1062.2044
-303873.62,-261066.8231,42806.7969,480.6946,1067.0596
-303877.6893,-261091.158,42786.5312,488.4676,1065.9535
-303927.5471,-261181.3791,42746.168,496.0775,1022.6687
-303714.3491,-261155.4194,42558.9297,492.7647,1087.0517
-303721.5882,-261047.9554,42673.6328,482.2882,1018.4774
-303965.4748,-261168.6584,42796.8164,500.4978,1020.7594
-303810.0067,-261078.9794,42731.0273,494.573,1078.2654
-303661.664,-261023.0312,42638.6328,473.4011,1088.0748
-303815.8954,-261007.8954,42808.0,480.2876,1008.3204
-303754.601,-261152.2338,42602.3672,449.6139,1064.9634
-303733.1287,-261105.4724,42627.6562,512.1229,1068.4326
-303625.7027,-261088.691,42537.0117,508.6623,1063.1325
-303991.611,-261127.74,42863.8711,517.2414,1000.8387
-303645.2196,-261065.9423,42579.2773,499.9518,1040.0188
-303637.0977,-261196.9102,42440.1875,517.1968,1073.6396
-303929.8896,-261102.8857,42827.0039,495.1638,1063.319
-303782.037,-261076.8339,42705.2031,488.1077,1022.7946
-304155.2628,-261144.3527,43010.9102,504.9295,1092.7354
-303870.9535,-261197.9652,42672.9883,468.0815,1082.2246
-303650.2848,-261158.7105,42491.5742,461.3738,1056.1331
-303697.6628,-261065.3776,42632.2852,497.5063,1015.4492
-303860.6018,-261094.2228,42766.3789,491.6732,1052.4093
-303828.774,-261132.3404,42696.4336,471.3641,1058.9861
-303838.2747,-261141.7552,42696.5195,489.6233,1083.9813
-303491.8801,-261090.2825,42401.5977,494.3108,1052.3334
-303734.6178,-261125.9303,42608.6875,477.0452,1027.8693
-303932.3916,-261132.4619,42799.9297,473.7491,1091.8969
-303919.3137,-261282.5129,42636.8008,500.7697,1047.9524
-303757.9984,-261124.2406,42633.7578,532.6315,1030.7019
-303709.1778,-261084.7403,42624.4375,502.3256,998.228
-303864.2144,-261058.3551,42805.8594,482.369,1021.5878
-303707.0529,-261103.7365,42603.3164,513.6636,1033.1904
-303723.0815,-261166.894,42556.1875,525.0822,1044.2556
-303957.2001,-261192.0712,42765.1289,474.1977,1065.2177
-303785.5103,-261111.5532,42673.957,509.3819,1033.2881
-303917.8198,-261084.6987,42833.1211,523.5197,1071.8594
-303853.6466,-261136.6505,42716.9961,522.2986,1038.7142
-303712.5926,-261156.8583,42555.7344,447.049,1016.8999
-303779.3779,-261093.5185,42685.8594,464.8593,1012.1993
-303735.8146,-261120.1154,42615.6992,493.341,1039.9937
-303863.5139,-261162.2287,42701.2852,477.9598,1069.7869
-303659.4532,-261130.4298,42529.0234,509.2399,1046.8905
-303948.9016,-261218.5305,42730.3711,498.6485,1083.5036
-303779.208,-261036.5478,42742.6602,493.1615,1080.6604
-303766.1128,-261202.8863,42563.2266,483.7668,1085.7461
-303948.0115,-261104.9139,42843.0977,529.7987,1061.062
-303727.7483,-261043.1819,42684.5664,510.6273,1010.7346
-303727.4574,-260982.8168,42744.6406,472.1664,1062.5329
-303738.742,-261062.8904,42675.8516,482.778,1088.9813
-303859.6452,-261090.7624,42768.8828,466.2634,1044.4418
-303728.4349,-261113.2318,42615.2031,509.4973,1027.0231
-303678.2162,-261084.4584,42593.7578,513.1337,1036.7873
-303965.0332,-261147.5527,42817.4805,519.5309,997.668
-303692.748,-261134.1151,42558.6328,521.2619,1075.8668
-303793.4777,-261088.9894,42704.4883,508.4234,1036.2933
-303866.5224,-261136.8661,42729.6562,526.0684,1057.4563
-303807.4506,-261092.396,42715.0547,487.8615,1043.7121
-303630.7013,-261006.3967,42624.3047,495.8598,1061.388
-303953.2411,-261109.4716,42843.7695,508.606,1021.3899
-303512.8513,-261030.9607,42481.8906,495.2899,1061.0948
-303782.3987,-261070.0354,42712.3633,471.2553,1079.7191
-303722.4317,-261150.4786,42571.9531,507.8066,1100.8219
-303494.8098,-261102.9895,42391.8203,504.8054,1030.8664
-303571.115,-260970.7752,42600.3398,503.3623,1040.645
-303766.1193,-261075.9552,42690.1641,475.4585,1034.8258
-303714.6131,-261043.1092,42671.5039,484.409,1033.9709
-303860.0058,-261133.1542,42726.8516,509.526,1087.6432
-303859.261,-261109.804,42749.457,503.511,1057.4251
-303835.485,-261068.1218,42767.3633,499.2345,1026.9438
-303782.6184,-261099.9817,42682.6367,506.2472,1042.243
-303778.291,-261181.6191,42596.6719,485.995,1087.4575
-303871.3887,-261124.3887,42747.0,503.4678,1038.7079
-304108.296,-261117.8155,42990.4805,489.5654,1041.0548
-304040.2062,-261188.1241,42852.082,478.2625,1034.0763
-303772.7978,-261075.497,42697.3008,497.4769,1040.4563
-304037.7333,-261232.3973,42805.3359,507.5107,1022.8491
-303887.2587,-261107.1103,42780.1484,532.9641,1038.5994
-303771.6836,-261064.9844,42706.6992,508.9178,1104.7686
-303814.3702,-261109.1984,42705.1719,491.1966,1040.313
-303762.3503,-261079.1589,42683.1914,535.0841,1045.6481
-303832.2948,-261137.9002,42694.3945,475.8403,1078.4789
-303942.2237,-261187.4698,42754.7539,501.3356,1066.4344
-303827.7664,-261057.0828,42770.6836,493.4333,1072.5805
-304002.2216,-261166.9638,42835.2578,505.9129,1039.7396
-303857.8756,-261070.5748,42787.3008,507.6198,1054.2924
-303742.2755,-261103.5489,42638.7266,506.4594,1037.8385
-303774.1253,-261142.2971,42631.8281,449.5192,1060.5745
-303710.433,-261121.4682,42588.9648,477.1627,1068.4108
-303970.471,-261155.3772,42815.0938,488.5123,1055.7934
-303910.4339,-261154.0316,42756.4023,543.9952,1046.716
-303910.305,-261151.1409,42759.1641,522.4803,1046.918
-303678.9043,-261240.5175,42438.3867,518.4716,1070.3097
-303889.6083,-261158.7606,42730.8477,468.1585,1037.2124
-303798.468,-261097.8196,42700.6484,503.3997,1044.5082
-304092.9101,-261087.2226,43005.6875,492.6668,1045.0152
-303662.5057,-261162.8728,42499.6328,476.7361,1038.3278
-303722.2319,-261164.853,42557.3789,492.5973,1119.4355
-303703.6362,-261016.8159,42686.8203,504.9579,1061.5696
-303555.0978,-260970.4142,42584.6836,523.9457,1038.6968
-303583.9,-261110.3609,42473.5391,488.1002,1050.7047
-303660.116,-261205.8582,42454.2578,508.6595,1100.2426
-303672.0209,-261035.4076,42636.6133,488.9074,1013.5851
-303588.2042,-261101.0675,42487.1367,491.2552,1042.1712
-303584.007,-261102.1164,42481.8906,514.1412,1060.1212
-303646.841,-261094.2628,42552.5781,526.3727,1027.1634
-303801.7478,-261146.576,42655.1719,490.4543,1048.8874
-303777.4154,-261098.2435,42679.1719,477.1362,1025.1258
-303695.7747,-261072.1888,42623.5859,506.059,1006.8454
-303734.9545,-261184.599,42550.3555,495.6912,1088.751
-303879.6015,-261035.0585,42844.543,469.165,1057.6618
-303841.2683,-261167.3465,42673.9219,515.7959,1047.5958
-303764.1963,-261159.9424,42604.2539,516.3734,1033.1134
-303724.7768,-261091.1284,42633.6484,509.1334,1077.0313
-303968.8364,-261060.4653,42908.3711,483.0966,1004.2147
-303910.6693,-261107.8842,42802.7852,502.0057,1069.5894
-303813.6942,-261187.7176,42625.9766,504.6101,1068.0138
-304056.9888,-261140.5435,42916.4453,519.1432,1019.8227
-303846.2631,-261039.646,42806.6172,507.9539,1060.5049
-304133.3952,-261136.9851,42996.4102,506.9468,1019.523
-303828.7348,-261059.9769,42768.7578,470.1878,1025.4261
-303683.8719,-261118.7742,42565.0977,495.1738,1077.6632
-303831.0176,-261130.0488,42700.9688,506.7449,1043.2967
-303825.0391,-261128.2422,42696.7969,484.5526,1037.2063
-303770.0213,-261206.3494,42563.6719,491.1127,1093.9783
-303884.2658,-261209.7111,42674.5547,487.1339,1028.5911
-303869.5264,-261178.7257,42690.8008,469.7594,1104.0768
-303996.0942,-261166.5942,42829.5,480.3225,1086.1137
-303612.1222,-260994.0948,42618.0273,508.2948,1052.4664
-303706.0244,-261128.5478,42577.4766,531.2241,1079.6192
-304039.1541,-261139.5057,42899.6484,469.6894,1066.8418
-303858.9121,-261183.8965,42675.0156,495.0424,1041.7434
-303941.3888,-261154.0528,42787.3359,498.6937,1043.8956
-303866.2546,-261154.3523,42711.9023,513.9874,1034.5149
-303947.743,-261162.4344,42785.3086,505.4713,1050.4803
-303828.5547,-261131.4101,42697.1445,531.2862,1041.6084
-303853.8699,-261073.4441,42780.4258,529.837,1044.3052
-303755.6346,-260992.1346,42763.5,500.6539,1042.0719
-303734.1705,-261108.0728,42626.0977,490.5654,1047.1314
-303675.3648,-261141.0094,42534.3555,466.7944,1066.1883
-303973.9117,-261094.8687,42879.043,497.2813,1064.0309
-303740.2295,-261162.5459,42577.6836,491.8168,1045.6937
-303712.373,-261123.2714,42589.1016,493.7765,1028.5161
-303874.3049,-261154.3713,42719.9336,512.4403,1026.1662
-304007.0589,-261102.473,42904.5859,498.8161,1053.3127
-304059.5766,-261162.7133,42896.8633,512.4477,1043.4938
-303585.0419,-261042.1474,42542.8945,496.6522,1050.8164
-303870.5389,-261134.3085,42736.2305,514.912,1057.3285
-303856.8554,-261122.7773,42734.0781,483.5239,1084.253
-303881.4949,-261111.8895,42769.6055,474.7193,1085.1429
-303995.2748,-261117.4741,42877.8008,467.1113,984.9909
-304063.9167,-261175.194,42888.7227,465.0939,1031.9367
-303768.2533,-261060.6087,42707.6445,496.7423,1060.2909
-303864.4097,-261063.8589,42800.5508,473.7093,1065.0819
-303626.5697,-261023.2064,42603.3633,495.0981,1031.9662
-303873.9841,-261107.9372,42766.0469,491.4139,1061.1442
-303715.3215,-261024.9582,42690.3633,486.9282,1049.0095
-303890.0624,-261177.6796,42712.3828,480.2047,1031.7569
-303785.7145,-261098.8004,42686.9141,487.2288,1043.4724
-303553.5144,-261108.4753,42445.0391,502.7066,1021.2592
-303747.4822,-261046.5408,42700.9414,524.2287,1035.7479
-303748.5359,-261102.2351,42646.3008,495.5002,1045.5555
-303846.5992,-261115.3492,42731.25,501.0483,1062.8502
-303748.0226,-261100.4836,42647.5391,517.8203,1045.9698
-303772.5404,-261235.599,42536.9414,479.1175,1053.7175
-303582.4778,-261028.3528,42554.125,526.2434,1080.4371
-303686.0574,-261070.0769,42615.9805,491.2919,1008.7717
-303992.1946,-261186.5423,42805.6523,488.8807,1089.6161
-303774.9906,-261146.0727,42628.918,501.1278,1052.0749
-303746.2801,-261120.3309,42625.9492,516.2626,1012.9887
-303857.2186,-261065.9647,42791.2539,505.6924,1040.3333
-303894.8054,-261134.0476,42760.7578,488.6766,1047.1936
-303651.8568,-261170.8529,42481.0039,550.0042,1062.7173
-303747.8329,-261151.8914,42595.9414,471.3112,1058.8232
-303925.4201,-261128.5881,42796.832,525.9162,1014.8148
-303817.9166,-261199.2018,42618.7148,505.5837,1034.2774
-303895.334,-261121.7363,42773.5977,491.3976,1056.643
-303763.4279,-261144.1662,42619.2617,519.2352,1043.376
-304103.1581,-261162.0643,42941.0938,506.3066,1029.9612
-303879.3151,-261190.8151,42688.5,515.2861,1027.3462
-303973.3198,-261172.2026,42801.1172,486.8265,1011.0454
-303566.5135,-261095.2362,42471.2773,500.006,1041.673
-303634.1514,-261099.5303,42534.6211,518.9058,1033.9238
-303660.6342,-261095.2475,42565.3867,506.4527,1046.6626
-303654.6609,-261077.993,42576.668,503.1143,1044.7223
-303629.8579,-261050.1899,42579.668,494.652,1051.1066
-303789.8915,-261162.7821,42627.1094,520.4989,1030.8709
-303771.5888,-261066.5068,42705.082,476.0224,1052.1414
-303988.3081,-261176.6089,42811.6992,481.8569,1016.6871
-303711.1465,-261160.0801,42551.0664,490.7175,1025.6836
-304017.0768,-261119.4713,42897.6055,517.7045,1063.242
-303686.7452,-261056.5928,42630.1523,484.9605,1004.43
-303679.6855,-261193.3574,42486.3281,536.1257,1057.8046
-303805.8408,-261083.5088,42722.332,467.9626,1067.9975
-303956.4681,-261108.7338,42847.7344,476.3924,1027.4312
-303657.7185,-261020.0779,42637.6406,456.7177,1028.9675
-303993.4637,-261117.4872,42875.9766,501.3239,1048.7506
-303867.0293,-261134.252,42732.7773,489.7033,1030.6268
-303853.7986,-261167.9158,42685.8828,496.3029,1008.0835
-303795.7151,-261192.8479,42602.8672,473.7208,1040.4414
-304025.5281,-261178.8211,42846.707,539.2898,1076.0902
-303808.052,-261175.3333,42632.7188,535.1358,1053.6534
-303953.5543,-261109.6402,42843.9141,521.4852,1006.6879
-303828.1828,-261086.1632,42742.0195,496.7857,1055.1721
-303671.3855,-261061.78,42609.6055,499.2254,1043.4116
-303764.0917,-261151.7831,42612.3086,500.1752,1034.3151
-303802.392,-261162.3998,42639.9922,485.409,1045.4719
-303718.026,-261172.5299,42545.4961,526.8419,1028.0261
-303563.4402,-261072.2995,42491.1406,491.2688,1028.684
-303773.1143,-261206.6534,42566.4609,502.3259,1033.6661
-303632.666,-261170.8418,42461.8242,495.9131,1074.2139
-303943.4543,-261122.6262,42820.8281,479.6434,1039.9118
-303899.8162,-261149.8045,42750.0117,514.2746,1007.2619
-303783.8794,-261140.0201,42643.8594,489.8705,1026.721
-303502.8284,-261014.7737,42488.0547,511.4353,1007.0763
-304035.1961,-261171.8563,42863.3398,488.9639,1015.8728
-303954.8613,-261138.2285,42816.6328,482.6807,1043.4934
-303651.4103,-261111.3049,42540.1055,539.1738,1027.9383
-303930.9548,-261160.8415,42770.1133,455.7847,1045.6063
-303656.7289,-261146.7914,42509.9375,485.9195,1036.5136
-303812.7078,-261151.2664,42661.4414,491.6399,1047.8404
-303746.0554,-261068.5788,42677.4766,511.0881,1059.1483
-304104.2608,-261218.546,42885.7148,481.5896,1032.9662
-303721.9993,-261087.429,42634.5703,518.9312,1063.4939
-303910.0532,-261088.4595,42821.5938,486.5249,1048.7931
-303630.2862,-261020.5245,42609.7617,497.5193,1044.3184
-303423.7436,-261120.7163,42303.0273,490.4463,1020.1278
-304126.0547,-261146.6289,42979.4258,500.1515,1057.6141
-304036.4436,-261146.428,42890.0156,495.1075,1021.3666
-303928.4348,-261150.8372,42777.5977,531.0517,1051.1666
-304199.5084,-261122.8794,43076.6289,505.8392,1007.685
-303589.2742,-261100.1062,42489.168,508.0756,1018.9159
-303952.9981,-261187.2989,42765.6992,474.2858,1067.937
-303639.1464,-261062.1933,42576.9531,489.5044,1061.4437
-303751.0806,-261108.4869,42642.5938,473.9531,1002.2646
-303709.5628,-261077.219,42632.3438,513.5231,1049.9166
-304097.6466,-261196.8145,42900.832,511.5988,1084.4641
-303807.9983,-261109.4866,42698.5117,504.9034,1012.2806
-304004.4695,-261085.6766,42918.793,483.2247,1095.8778
-303790.5406,-261051.0914,42739.4492,501.5555,1044.453
-303596.0936,-261063.1874,42532.9062,512.1906,1039.7486
-303731.3535,-261037.6582,42693.6953,529.4455,1051.5176
-303793.4082,-261086.6191,42706.7891,516.1532,1058.4964
-303995.895,-261181.6333,42814.2617,502.1628,1041.2582
-303756.1711,-261085.804,42670.3672,495.365,1070.8125
-303720.7238,-261101.4191,42619.3047,492.0433,1088.5127
-304097.3209,-261148.6646,42948.6562,469.9275,1068.5772
-303970.4085,-261069.7249,42900.6836,468.626,1049.8843
-303876.0255,-261187.0919,42688.9336,485.4977,1041.2686
-303968.5419,-261124.7451,42843.7969,467.2089,1059.6967
-303856.4923,-261099.0939,42757.3984,498.7235,1074.5454
-303714.6359,-261237.8937,42476.7422,456.0685,1072.4136
-304011.899,-261167.4107,42844.4883,505.4841,1041.3257
-303763.4309,-261180.9543,42582.4766,481.7752,1048.8148
-303711.0114,-261066.6794,42644.332,504.2388,1045.7338
-303945.1151,-261152.4081,42792.707,524.7364,1096.4527
-303977.7544,-261188.563,42789.1914,476.0116,1063.1259
-303792.9164,-261092.432,42700.4844,519.284,1014.4563
-303881.1313,-261088.1118,42793.0195,499.0759,1046.0994
-303866.0986,-261101.8369,42764.2617,478.101,1069.9367
-303850.5897,-261095.8514,42754.7383,466.1025,1073.0614
-304071.2922,-261187.4914,42883.8008,480.1102,1078.6094
-303811.2332,-261144.327,42666.9062,494.8001,1035.0011
-303643.7782,-261070.2978,42573.4805,509.7909,1030.7401
-303796.442,-261185.5162,42610.9258,520.1623,1071.9335
-303710.6878,-261197.4183,42513.2695,481.8079,1078.3034
-303807.5999,-261043.6819,42763.918,515.2008,1037.9819
-303692.9611,-260946.6916,42746.2695,497.1179,1051.9565
-303651.6264,-261045.3021,42606.3242,512.3955,1025.045
-303521.3315,-261007.0932,42514.2383,482.1767,1000.9168
-303985.7624,-261148.2624,42837.5,504.9785,1075.2129
-303670.847,-261166.9173,42503.9297,531.7605,1064.4517
-303677.4805,-261146.3907,42531.0898,511.3258,1030.7113
-303777.632,-260993.1945,42784.4375,489.2729,1016.7218
-303819.1666,-261073.8384,42745.3281,474.9816,1075.9129
-303765.3131,-261066.5513,42698.7617,504.549,1048.4526
-304177.611,-261158.0915,43019.5195,496.0923,1036.4322
-303895.3744,-261154.9291,42740.4453,481.6356,1048.0062
-303488.2944,-261015.3257,42472.9688,505.6138,1070.1064
-304015.4081,-261121.3768,42894.0312,511.5438,1015.4482
-303767.319,-261116.9596,42650.3594,499.5821,1033.0475
-304163.8961,-261108.9899,43054.9062,470.6942,1061.7073
-303925.6871,-261156.7418,42768.9453,492.5823,1064.6481
-303680.4785,-261085.7285,42594.75,497.9162,1086.3556
-304040.4245,-261188.9089,42851.5156,495.1677,1057.4784
-303719.5799,-261063.2166,42656.3633,467.504,1069.5239
-303734.9421,-261139.3874,42595.5547,497.0905,1076.5047
-303793.1679,-261038.1718,42754.9961,482.3425,1012.3563
-303668.1117,-261125.6742,42542.4375,484.9893,1068.353
-303820.7842,-261184.6084,42636.1758,473.2579,1031.7378
-303833.2471,-261115.1143,42718.1328,478.1983,996.5666
-303887.3377,-261157.8884,42729.4492,499.2955,1006.6472
-303580.2074,-261095.2699,42484.9375,479.7702,1089.1715
-303605.1055,-261019.8789,42585.2266,462.1823,993.7861
-303740.1346,-261111.2987,42628.8359,486.8628,1070.5786
-303906.6039,-261156.7054,42749.8984,493.0061,1046.3876
-303604.0879,-261099.291,42504.7969,498.5071,1046.6893
-303676.4063,-261035.1446,42641.2617,487.4361,1040.8009
-303549.3867,-261032.918,42516.4688,489.5252,1064.872
-303869.202,-261115.8387,42753.3633,513.8263,1034.4782
-303805.2628,-261106.3449,42698.918,481.056,1055.8445
-303692.3632,-261056.8515,42635.5117,452.7316,1042.3723
-303843.5205,-261175.8682,42667.6523,474.2414,1012.294
-303782.3786,-261087.7927,42694.5859,475.6238,1037.6781
-303957.8158,-261165.7142,42792.1016,479.8773,1048.3734
-303545.3308,-261051.9753,42493.3555,485.4024,1034.8378
-303941.4489,-261169.402,42772.0469,465.3356,1046.2552
-303683.6423,-261167.8454,42515.7969,488.7699,1055.2382
-304071.4778,-261165.2122,42906.2656,512.0632,1054.0308
-303874.3494,-261220.8494,42653.5,488.421,1021.9729
-303446.2432,-261058.3097,42387.9336,493.0447,1083.2272
-303891.5314,-261148.9884,42742.543,445.5071,1077.5956
-304035.5443,-261144.6341,42890.9102,512.4987,1037.7148
-303858.9427,-261155.2161,42703.7266,510.4248,1053.0691
-303668.9354,-261037.9901,42630.9453,472.7986,1062.2517
-303643.9347,-261179.9737,42463.9609,475.6842,1039.9215
-304071.9256,-261125.1404,42946.7852,491.332,1070.7587
-303634.4249,-261142.3272,42492.0977,522.8272,1050.5988
-304036.3857,-261192.0381,42844.3477,531.473,1047.7206
-303753.2414,-260947.1828,42806.0586,472.6127,1029.1574
-303941.9247,-261180.2568,42761.668,490.602,993.3793
-303921.0424,-261139.1674,42781.875,456.6824,1036.453
-303533.3024,-261034.9,42498.4023,506.8776,1055.5312
-303986.6781,-261138.3266,42848.3516,499.4564,1089.0837
-303640.8439,-261102.2697,42538.5742,495.8856,1007.4121
-303504.7793,-261098.2324,42406.5469,521.3279,1067.8439
-303708.4084,-261081.5099,42626.8984,508.4848,1043.7654
-303890.9062,-261089.453,42801.4531,526.2852,1042.1202
-303796.4141,-261219.9883,42576.4258,502.6804,1052.3009
-303843.5985,-260982.2782,42861.3203,479.9509,1054.677
-303849.598,-261210.2465,42639.3516,527.2529,1064.3285
-303900.3346,-261113.0221,42787.3125,488.9664,1003.9814
-303664.8875,-260991.075,42673.8125,482.7378,1030.011
-303784.8153,-261130.5458,42654.2695,491.7493,1022.6717
-303759.424,-261132.1076,42627.3164,503.5811,1032.5943
-303699.5479,-261004.6729,42694.875,475.8129,1039.2039
-303779.8444,-261138.4499,42641.3945,495.7417,1066.3845
-303779.0215,-261079.9121,42699.1094,490.0695,1015.5178
-303940.9016,-261123.8625,42817.0391,493.5467,1004.793
-303716.9436,-261084.8343,42632.1094,478.4608,1043.0746
-303819.1866,-261167.3819,42651.8047,487.7208,1070.4883
-303872.094,-261165.4963,42706.5977,489.216,1072.0608
-303885.7295,-261171.1748,42714.5547,488.1508,1059.9833
-303602.8322,-261075.9728,42526.8594,485.3222,1047.3041
-303626.281,-260975.9256,42650.3555,479.0524,1034.1244
-303648.9533,-261106.7307,42542.2227,496.8184,1040.9469
-303877.2291,-261083.7916,42793.4375,475.3635,1074.9989
-303723.3544,-261063.0106,42660.3438,526.0748,1016.213
-303821.6185,-261094.3099,42727.3086,508.8184,1062.9481
-303615.1029,-261014.0443,42601.0586,480.1722,1022.8298
-303669.1798,-261074.0782,42595.1016,497.4419,1035.3812
-304006.5998,-261094.9592,42911.6406,521.3056,1019.891
-303805.2485,-261157.3618,42647.8867,521.0175,1070.5823
-303758.0599,-261101.3958,42656.6641,495.6817,1071.3222
-303812.0514,-261029.1139,42782.9375,522.5545,1071.3837
-303623.5513,-261010.4849,42613.0664,508.0118,1011.7744
-303859.3277,-261140.2886,42719.0391,514.5861,1038.0834
-303910.9219,-261061.6055,42849.3164,505.0249,1022.8473
-303751.4508,-261113.4547,42637.9961,497.0155,1080.2325
-303811.3787,-261126.9724,42684.4062,517.1266,1039.0029
-303822.0051,-261020.2941,42801.7109,497.2519,1021.3633
-303834.6334,-261078.7896,42755.8438,488.5851,1043.5748
-303780.2221,-261128.8822,42651.3398,483.3289,1052.1912
-303719.9636,-261025.8582,42694.1055,495.8777,987.6626
-303844.0735,-261093.5813,42750.4922,488.9412,1035.3232
-303749.7207,-261093.5019,42656.2188,487.0567,1086.0704
-303765.7581,-261055.9729,42709.7852,494.8357,1057.5436
-303881.9064,-261116.3517,42765.5547,506.069,1098.7265
-303841.6377,-261185.9072,42655.7305,525.8153,1087.4571
-303946.4433,-261093.3886,42853.0547,485.7512,1091.0895
-303698.25,-261116.832,42581.418,490.5809,1022.1154
-303724.0677,-261077.0169,42647.0508,503.0399,1034.0322
-303811.6946,-261030.1438,42781.5508,491.0372,1012.1552
-303826.2795,-261146.842,42679.4375,473.7744,1063.5738
-303733.8829,-261053.6642,42680.2188,531.1852,1018.3253
-303491.4221,-261071.8284,42419.5938,520.6859,1036.2814
-303743.0039,-261114.9375,42628.0664,500.443,1026.8032
-303777.9354,-261173.0487,42604.8867,482.0861,1068.6702
-303884.3175,-261089.6886,42794.6289,491.8863,994.9323
-304060.9001,-261133.6774,42927.2227,514.7145,1056.5148
-303586.4649,-261117.461,42469.0039,503.6432,1050.9148
-304077.6239,-261115.7723,42961.8516,492.8596,1023.1602
-303994.86,-261136.2272,42858.6328,429.227,1031.7811
-303859.0,-261081.9179,42777.082,477.5963,1047.3078
-303890.6654,-261043.1771,42847.4883,513.4693,1052.8895
-303721.4909,-261168.8542,42552.6367,494.3103,1025.2867
-303905.1285,-261262.5738,42642.5547,504.2838,1038.1293
-303855.4112,-261153.2432,42702.168,476.8589,1059.3775
-304009.2141,-261126.3938,42882.8203,487.0629,1041.5874
-303954.3361,-261177.1721,42777.1641,508.7981,1013.6103
-303678.5232,-261145.4646,42533.0586,488.9013,1049.0328
-303785.8499,-261081.4398,42704.4102,488.4069,1052.2487
-303763.0841,-261107.6466,42655.4375,493.9643,1055.5804
-304004.6175,-261198.4065,42806.2109,474.6923,1040.8994
-303784.1615,-261067.267,42716.8945,484.649,1071.0244
-303846.3636,-261106.4535,42739.9102,490.0719,1049.9252
-303787.1736,-261177.3337,42609.8398,502.6411,1040.0979
-303849.2411,-261131.5458,42717.6953,463.3104,1044.5845
-303831.3138,-261122.8646,42708.4492,505.1834,1041.341
-303702.0051,-261097.5207,42604.4844,516.0177,1061.2773
-303806.8298,-261073.0369,42733.793,508.3687,1070.6996
-303775.0325,-261033.9349,42741.0977,495.8498,1029.4198
-303711.2803,-261157.2569,42554.0234,483.8719,1036.0669
-303824.1274,-261164.1742,42659.9531,491.8731,1060.0013
-303618.9319,-261145.8498,42473.082,495.8286,1052.4007
-303973.6518,-261112.7495,42860.9023,487.2429,1041.4138
-303969.5434,-261127.4223,42842.1211,492.7112,1044.1836
-304035.2183,-261097.4683,42937.75,488.718,1026.8298
-303786.1142,-261070.2353,42715.8789,505.4703,1018.2385
-303599.8102,-260984.818,42614.9922,506.1301,1052.5553
-303736.6906,-261110.2375,42626.4531,471.6811,1006.1085
-303683.307,-261049.1585,42634.1484,487.424,1045.2055
-303949.8225,-261175.6897,42774.1328,498.8403,1032.2895
-303889.8526,-261165.9463,42723.9062,517.3476,1055.5866
-303994.6808,-261166.8683,42827.8125,462.7973,1083.4941
-303830.9063,-261127.6016,42703.3047,509.3537,1078.8658
-303591.4297,-261084.7695,42506.6602,494.7433,1064.6597
-303731.4686,-261070.242,42661.2266,502.4958,1037.605
-303820.9657,-261149.1454,42671.8203,499.8649,1024.5143
-303918.1979,-261192.1158,42726.082,494.9142,1047.5579
-303863.6407,-261116.5938,42747.0469,488.1205,1028.4899
-303895.0485,-261210.9391,42684.1094,482.6964,1009.959
-303848.1708,-261158.288,42689.8828,526.576,1080.8399
-303854.6907,-261072.7219,42781.9688,514.7464,1060.0585
-303964.4075,-261142.1887,42822.2188,492.2696,1008.5566
-303636.024,-261117.1881,42518.8359,493.9276,1077.733
-303960.0618,-261154.011,42806.0508,486.0751,1093.5481
-303908.8201,-261132.367,42776.4531,499.4963,1010.6723
-303703.4026,-261082.512,42620.8906,479.3955,1021.6657
-303637.4566,-261010.8511,42626.6055,502.4878,1024.1651
-303929.0202,-261142.0046,42787.0156,494.6287,1036.9151
-303630.2858,-261186.2624,42444.0234,524.1815,1068.7814
-303991.3545,-261143.9561,42847.3984,498.7218,1041.6913
-303676.1546,-261163.9397,42512.2148,514.481,1005.5269
-303833.8112,-261130.53,42703.2812,521.8366,1030.1947
-303594.365,-261101.197,42493.168,505.3377,1042.9833
-303751.8335,-261089.4273,42662.4062,481.8939,1007.1198
-303471.0596,-261079.7744,42391.2852,492.2046,1073.6866
-303675.2772,-261080.9764,42594.3008,487.8759,1015.2782
-303863.2562,-261133.3695,42729.8867,493.1363,1020.3545
-303893.1035,-261166.0996,42727.0039,487.3399,1039.2275
-304023.7134,-261140.8502,42882.8633,528.7145,1031.8363
-303945.1766,-261153.5555,42791.6211,532.0608,1028.5393
-303946.4288,-261157.3116,42789.1172,502.0493,1060.825
-303935.4252,-261174.6596,42760.7656,504.7947,1042.9197
-303918.3375,-261123.7476,42794.5898,495.1349,1091.291
-303841.1386,-261069.4354,42771.7031,451.3561,1035.5345
-303709.7316,-260998.4113,42711.3203,513.4132,1009.0895
-303929.1473,-261125.2019,42803.9453,495.6235,1056.0464
-303711.3551,-261062.9254,42648.4297,487.5712,1016.7519
-303882.7596,-261209.9002,42672.8594,468.5264,1018.4288
-304030.3797,-261181.6766,42848.7031,492.845,1027.0287
-303737.1611,-260999.497,42737.6641,487.0267,1063.1826
-303787.5034,-261125.3081,42662.1953,487.5736,1014.3139
-303788.4517,-261033.1118,42755.3398,481.9023,1041.2392
-303741.9343,-261029.6335,42712.3008,519.0778,1033.7395
-303909.085,-261044.5186,42864.5664,483.389,1059.9966
-303837.2504,-261111.7465,42725.5039,512.9174,1017.7613
-303822.3801,-261086.9191,42735.4609,512.3038,1028.8858
-303723.3253,-261027.6534,42695.6719,505.9678,1021.4062
-303847.5608,-261129.5023,42718.0586,474.4311,1085.0995
-303898.0847,-261096.4324,42801.6523,495.8197,1052.315
-303848.4922,-261049.1055,42799.3867,477.162,1008.865
-303840.6336,-261214.7625,42625.8711,463.8581,1005.4094
-303628.917,-261072.6631,42556.2539,485.4393,1050.7298
-303776.3943,-261108.8865,42667.5078,516.2618,1019.332
-303745.5018,-261129.3182,42616.1836,491.387,1068.2521
-303815.5406,-261077.8336,42737.707,490.7478,1079.5211
-303942.6265,-261059.4038,42883.2227,503.6203,1035.8318
-303851.5008,-261103.368,42748.1328,519.4527,1038.3516
-303805.1137,-261104.4887,42700.625,488.7222,1052.8824
-303941.1239,-261129.8661,42811.2578,487.8776,1038.1342
-303674.1962,-261071.4618,42602.7344,492.1019,1024.1588
-303527.1377,-261101.6885,42425.4492,487.8863,1066.3226
-303786.8205,-261158.8361,42627.9844,508.0495,1010.2425
-303822.05,-261093.9836,42728.0664,483.5101,1028.1385
-303542.3071,-261108.3969,42433.9102,485.8828,1034.6707
-303547.5313,-261087.1016,42460.4297,490.2045,1051.6624
-303805.3438,-261145.9258,42659.418,467.9626,1086.2951
-303816.1551,-261055.9559,42760.1992,461.1611,1081.3563
-303640.1181,-261023.661,42616.457,489.3352,1032.9918
-303458.279,-261101.9704,42356.3086,487.3675,1047.0259
-303969.7239,-261111.1458,42858.5781,501.9785,1051.6745
-303802.5918,-261143.7129,42658.8789,486.2738,1061.7267
-303801.291,-261150.6114,42650.6797,495.7743,1029.9595
-303734.3249,-260999.4225,42734.9023,451.5342,1007.1136
-303741.7772,-261082.8514,42658.9258,485.8093,1048.2218
-303755.4838,-261139.7065,42615.7773,497.5801,1033.6823
-303525.8772,-261086.5764,42439.3008,484.8291,1031.6624
-303914.0961,-261147.2602,42766.8359,482.6781,1042.3775
-303754.9472,-261176.4315,42578.5156,484.0947,1073.6446
-303945.8094,-261191.786,42754.0234,504.2281,1079.4975
-303963.0076,-261068.1873,42894.8203,492.4766,1033.9272
-303922.1608,-261133.0827,42789.0781,489.9942,1018.6241
-303773.7846,-261074.1166,42699.668,491.9727,1043.5369
-303824.1579,-261141.5836,42682.5742,470.8352,997.7113
-303789.9432,-261181.3065,42608.6367,494.4216,1015.8884
-303822.0512,-261063.309,42758.7422,510.9412,1051.9848
-303846.83,-261110.0449,42736.7852,479.535,1077.2778
-303850.6736,-261183.783,42666.8906,499.0106,1026.9324
-303964.5757,-261196.6733,42767.9023,527.2574,1062.5588
-303891.7358,-261126.2748,42765.4609,478.5185,1028.598
-303611.6454,-261105.7782,42505.8672,493.2502,1034.8323
-303929.1212,-261119.8556,42809.2656,502.801,1051.9746
-303912.4625,-261093.9664,42818.4961,491.5911,1076.8804
-303955.3901,-261129.4917,42825.8984,477.575,1058.3549
-303669.127,-261143.7598,42525.3672,530.889,1063.9557
-303593.55,-261048.6476,42544.9023,482.1021,1018.7476
-303772.3959,-261069.2123,42703.1836,495.9452,1047.1127
-303960.6975,-261255.2795,42705.418,498.2829,1070.0169
-303589.1937,-260951.8812,42637.3125,493.1291,1059.6458
-303797.0274,-261180.7578,42616.2695,500.1794,1068.295
-303874.1739,-261087.3692,42786.8047,485.0084,1062.4842
-303655.3714,-261178.7777,42476.5938,501.7492,1059.3631
-303701.3888,-261112.0568,42589.332,492.745,1060.0089
-303609.6933,-261052.9668,42556.7266,483.9573,1013.9871
-303693.5398,-261086.2468,42607.293,523.7888,994.9395
-303770.119,-261142.3768,42627.7422,486.9961,996.4089
-303687.017,-261030.8803,42656.1367,486.4463,1031.9308
-303996.0051,-261086.5559,42909.4492,498.6119,1040.2441
-303993.2836,-261130.2953,42862.9883,492.725,1038.1236
-303606.4135,-261047.4291,42558.9844,484.4089,1067.6098
-303757.0178,-260980.9084,42776.1094,504.0216,1035.5543
-303824.3801,-261113.3449,42711.0352,502.4878,1002.2066
-303876.4281,-261148.1664,42728.2617,501.5928,1066.5649
-304048.0612,-261181.2252,42866.8359,487.8329,1072.5931
-303853.1813,-261147.1891,42705.9922,485.2189,1016.6015
-303916.4464,-261275.9346,42640.5117,500.3914,1075.1949
-303561.759,-261184.0676,42377.6914,480.1201,1083.9611
-303743.9514,-261110.76,42633.1914,512.7926,1014.7915
-303500.2822,-261004.4111,42495.8711,525.4161,1025.789
-303764.9134,-261081.2806,42683.6328,487.7377,1022.2997
-303717.7789,-261010.7906,42706.9883,500.9492,1029.3781
-303582.2266,-261017.4415,42564.7852,486.8639,1003.9072
-303852.469,-261100.4729,42751.9961,474.7674,1064.104
-303854.1084,-261139.2373,42714.8711,478.8346,1015.3605
-303860.1552,-261078.6981,42781.457,487.7012,985.6745
-303640.8188,-261109.2016,42531.6172,493.1499,1066.9873
-303430.3636,-261010.6332,42419.7305,506.4971,1009.0979
-303681.6127,-261088.1595,42593.4531,479.3371,1054.0599
-303718.5323,-261056.7862,42661.7461,491.6444,1029.7476
-303908.914,-261130.8007,42778.1133,511.9773,1015.2316
-303931.4208,-261097.788,42833.6328,490.0635,1037.12
-303914.7085,-261131.4077,42783.3008,466.0111,1033.5892
-303696.91,-261146.8358,42550.0742,514.6739,1081.3971
-303601.865,-261110.4353,42491.4297,497.0616,1030.9065
-303579.6124,-260998.7842,42580.8281,480.1747,1051.1089
-303945.3342,-261206.631,42738.7031,496.059,1041.9279
-303893.8513,-261085.2224,42808.6289,497.2764,1023.0395
-303941.8301,-261091.4746,42850.3555,495.8972,1051.9964
-303534.7356,-260968.927,42565.8086,507.9941,1047.9486
-303708.1466,-261102.6192,42605.5273,490.0344,1008.6199
-303827.1997,-261091.145,42736.0547,489.8298,1042.8503
-303630.1004,-261062.6356,42567.4648,494.3977,1020.4865
-303567.8092,-261006.0865,42561.7227,481.1415,1098.8349
-303710.2352,-261065.7547,42644.4805,491.6665,1075.6636
-304012.4921,-261145.4413,42867.0508,490.3443,1028.091
-303677.1312,-261024.0805,42653.0508,473.2002,1055.887
-303888.0416,-261065.4908,42822.5508,480.9455,1025.1078
-303700.4725,-261121.7342,42578.7383,487.9048,1027.8347
-303505.2513,-261065.2943,42439.957,489.5864,1054.4378
-303703.362,-260998.8425,42704.5195,502.4333,1039.9439
-303985.012,-261103.8362,42881.1758,500.5345,1066.84
-303793.9686,-261100.1717,42693.7969,485.7595,1050.9408
-303771.7746,-261072.1613,42699.6133,458.5802,1090.8489
-303807.9913,-261109.8077,42698.1836,499.3732,1058.8838
-303710.0323,-261054.7041,42655.3281,491.7022,1018.1674
-303574.2862,-261103.0792,42471.207,493.4648,1051.4511
-303732.085,-261153.2217,42578.8633,507.1124,1021.4678
-303720.8584,-261117.835,42603.0234,488.0354,1035.0887
-304037.6135,-261084.2854,42953.3281,508.5636,1035.8037
-303799.3971,-261157.2369,42642.1602,489.7777,1069.4817
-303884.5836,-261038.9117,42845.6719,471.9879,1035.8049
-303786.3659,-261094.5182,42691.8477,499.6086,1079.2676
-303796.0517,-261135.3056,42660.7461,493.8758,1059.8801
-303806.8772,-261065.2248,42741.6523,528.731,1052.333
-303723.6341,-261053.4192,42670.2148,475.4057,1039.1317
-303664.4715,-261125.7644,42538.707,519.5814,1049.6373
-303583.3081,-261073.1519,42510.1562,497.4584,1035.7121
-303634.671,-261017.1671,42617.5039,507.1439,1006.8304
-303876.2471,-261088.4268,42787.8203,496.235,1047.3495
-303628.7879,-261079.827,42548.9609,484.337,1059.0615
-303716.5124,-261074.2116,42642.3008,503.4153,1029.1689
-303774.6233,-261080.0022,42694.6211,468.7804,1035.9535
-303653.8196,-261052.3196,42601.5,493.376,1020.5518
-303623.0267,-261172.3392,42450.6875,536.0062,1071.5613
-303890.3988,-261123.1917,42767.207,505.8615,1035.2451
-303807.8823,-261114.1596,42693.7227,499.4591,1065.9357
-303718.891,-261106.0121,42612.8789,491.8581,1053.0672
-303615.1503,-261165.1542,42449.9961,492.8403,1047.2808
-303844.8553,-261035.5115,42809.3438,483.953,1013.7698
-303653.2624,-261060.3367,42592.9258,508.6261,1069.2982
-303850.3409,-261055.4816,42794.8594,515.0475,1056.3284
-303904.2156,-260991.4461,42912.7695,477.461,1057.3388
-303836.0365,-261023.1849,42812.8516,521.6278,1002.7712
-304043.4032,-261200.1259,42843.2773,493.1534,1029.3094
-303705.2493,-261091.847,42613.4023,477.4261,1060.4858
-303714.7991,-261072.9984,42641.8008,481.9051,1032.096
-303913.2703,-261145.2976,42767.9727,457.0055,1087.1218
-303815.2924,-261153.2807,42662.0117,498.4215,1018.1419
-303754.0421,-261143.4523,42610.5898,509.8922,1054.0771
-303551.5091,-261073.6809,42477.8281,505.465,1039.6159
-303769.1816,-261122.3965,42646.7852,505.5873,1051.8488
-303594.912,-260970.3144,42624.5977,505.3602,1074.2926
-303367.1783,-261047.9283,42319.25,491.3307,1024.2231
-303611.7768,-261090.8549,42520.9219,481.9888,1084.159
-303980.0988,-261170.2121,42809.8867,479.6535,1010.089
-303679.2417,-261071.9175,42607.3242,500.5394,1047.4372
-303824.1276,-261033.8659,42790.2617,458.0722,1031.5381
-303936.2138,-260999.5146,42936.6992,536.8693,1022.4856
-303743.4625,-261172.0953,42571.3672,468.7715,1086.4169
-303776.3099,-261045.7943,42730.5156,509.6499,1075.6114
-303684.627,-261075.8575,42608.7695,501.7255,1066.4847
-303456.6495,-261068.7472,42387.9023,539.8679,1061.072
-303656.6837,-261132.9806,42523.7031,494.7389,1079.8841
-303706.9443,-261122.9599,42583.9844,522.6131,1025.1275
-303526.9129,-261090.8777,42436.0352,517.9612,1109.1981
-303874.4382,-261119.821,42754.6172,514.9525,1028.2965
-303750.9951,-261121.0302,42629.9648,499.4866,1017.0888
-303975.4661,-261152.263,42823.2031,489.057,1065.7816
-303472.7778,-261150.438,42322.3398,501.3011,1049.1485
-303689.0886,-261202.1862,42486.9023,508.368,1071.1737
-303680.7259,-261067.0071,42613.7188,501.8764,1009.6096
-303659.1736,-261074.0876,42585.0859,483.5231,1031.2342
-303922.1716,-261165.2497,42756.9219,503.3323,1073.1826
-303759.0855,-261173.4215,42585.6641,467.0684,1066.4598
-303960.8336,-261112.9664,42847.8672,485.1534,1049.5116
-303913.3599,-261073.9653,42839.3945,483.0017,1076.812
-303839.7131,-261180.9748,42658.7383,498.0109,1049.354
-303906.6058,-261209.8128,42696.793,502.6054,1056.99
-303652.0427,-261067.4567,42584.5859,522.1371,1096.344
-303831.5857,-261148.9138,42682.6719,520.6343,1038.6041
-303843.4164,-261134.0414,42709.375,484.6348,1052.2397
-303715.8446,-261052.411,42663.4336,491.3795,1102.0193
-303576.4629,-261085.1738,42491.2891,521.2998,1037.4399
-303879.1759,-261119.0626,42760.1133,485.1266,1014.8397
-303727.2502,-261104.008,42623.2422,475.792,1055.8795
-303952.9091,-261136.5068,42816.4023,465.2895,1066.6044
-303768.2925,-261165.8785,42602.4141,518.6811,1056.1262
-303803.9963,-261170.4065,42633.5898,512.7769,1120.8883
-303616.3721,-261077.4619,42538.9102,524.4201,1006.9004
-303919.5778,-261116.7809,42802.7969,526.9495,1049.4886
-303767.6347,-261009.3847,42758.25,525.6651,1000.8168
-303680.777,-261137.7692,42543.0078,522.1197,1030.8018
-303544.4519,-261055.0262,42489.4258,472.0358,1031.388
-303653.5635,-261039.9385,42613.625,509.1587,1061.8197
-303827.2273,-261066.614,42760.6133,490.264,1059.2262
-303851.9927,-261197.7231,42654.2695,513.4723,1082.8146
-303783.6995,-261102.5472,42681.1523,465.6078,1073.1338
-303846.6261,-261182.259,42664.3672,515.0536,1036.7216
-303719.6671,-261126.5968,42593.0703,489.2619,1029.9121
-303769.9332,-261025.6285,42744.3047,492.4443,1052.073
-303814.4962,-261112.5743,42701.9219,513.059,1086.7992
-303904.3768,-261123.7284,42780.6484,505.5766,1075.3303
-303958.3336,-261128.2828,42830.0508,490.9081,1062.3228
-303766.1346,-261172.201,42593.9336,523.0469,1041.4009
-304065.9061,-261192.7694,42873.1367,505.546,1068.5643
-304144.9545,-261233.142,42911.8125,474.1398,1061.1475
-304030.4757,-261147.8663,42882.6094,479.9193,1038.1826
-303753.3059,-261130.7785,42622.5273,494.3603,1027.0138
-303728.3014,-261071.028,42657.2734,516.5365,1049.2056
-303787.0231,-261153.1949,42633.8281,517.9646,1038.8272
-303771.2819,-261074.7467,42696.5352,526.3578,1106.1893
-303842.5967,-261095.0459,42747.5508,498.3655,1049.7163
-303744.7764,-261121.5655,42623.2109,468.8723,1048.1676
-303684.8319,-261227.4882,42457.3438,484.0284,1052.506
-303780.7034,-261220.6643,42560.0391,497.4342,1020.2282
-304046.3623,-261275.5927,42770.7695,499.2026,1061.1488
-303896.02,-261153.0278,42742.9922,520.0758,1013.3037
-303606.3976,-261019.675,42586.7227,521.7037,993.8147
-303747.773,-261127.1207,42620.6523,487.4585,1070.4232
-303936.4162,-261144.8263,42791.5898,500.1787,1052.3782
-303842.6368,-261154.2149,42688.4219,512.2031,999.1505
-304063.9449,-261193.1988,42870.7461,475.2543,1044.933
-303804.6405,-261121.3788,42683.2617,466.6152,1046.7837
-303735.4855,-261104.3136,42631.1719,477.1968,1039.3878
-303544.0519,-261086.6613,42457.3906,490.1602,1059.5132
-303674.5551,-261087.7348,42586.8203,462.1957,1020.4481
-303759.4055,-261026.718,42732.6875,494.6488,1052.1628
-303846.6488,-261128.4027,42718.2461,516.0331,1042.5041
-303917.7603,-261116.4908,42801.2695,495.644,1043.5854
-303824.4596,-261168.0612,42656.3984,489.5979,1008.0742
-303763.5626,-261042.3322,42721.2305,484.6905,1085.3701
-303760.2338,-260989.9603,42770.2734,450.7302,1017.8539
-303648.9661,-261060.2825,42588.6836,493.8322,1020.6001
-303843.4135,-261110.0033,42733.4102,505.6825,1037.4802
-303792.8619,-261111.9439,42680.918,460.4713,990.7904
-303561.6189,-261024.072,42537.5469,498.814,1047.272
-303822.9071,-261152.1688,42670.7383,508.0747,1048.5651
-303727.2636,-261088.9355,42638.3281,496.8147,1054.2899
-304058.72,-261230.7708,42827.9492,482.6938,1015.7108
-303709.5874,-261149.1694,42560.418,518.5577,1023.3886
-303763.798,-261106.2628,42657.5352,504.2928,1063.851
-303824.2335,-261192.5929,42631.6406,505.0632,1008.5449
-303833.6492,-261078.3328,42755.3164,486.8199,1046.6808
-303755.4954,-261106.6868,42648.8086,495.5425,1058.5368
-303878.5003,-261088.7542,42789.7461,442.5936,1019.5416
-303887.055,-260979.4925,42907.5625,479.2217,1006.9234
-303766.9972,-261114.4503,42652.5469,467.2113,1042.2793
-303639.7094,-261046.6547,42593.0547,508.6583,1052.3594
-303709.0156,-261118.9726,42590.043,514.1552,1034.9741
-303774.1158,-261164.0181,42610.0977,503.3375,1007.9347
-303666.5648,-261012.557,42654.0078,482.0221,1031.6123
-303732.4987,-261076.2409,42656.2578,472.3407,993.9815
-304081.1844,-261230.7665,42850.418,473.7051,1059.9481
-303768.4584,-261094.0014,42674.457,491.5699,1051.8763
-303629.9924,-261091.5041,42538.4883,496.1311,1047.2879
-303652.0137,-260998.1114,42653.9023,486.0203,1012.7647
-303562.6802,-261043.9263,42518.7539,507.0784,1025.6386
-303869.3892,-261220.1509,42649.2383,481.9023,1063.4428
-303791.475,-261116.8227,42674.6523,498.8438,1053.7918
-304079.0666,-261117.3283,42961.7383,501.2757,1071.1919
-303800.5606,-261155.9473,42644.6133,502.5677,1043.0561
-303975.9071,-261144.954,42830.9531,441.5025,1022.0333
-304157.4975,-261084.4623,43073.0352,494.2527,1050.4661
-303748.6478,-261164.9135,42583.7344,495.9694,1038.6466
-303906.0644,-261067.4003,42838.6641,497.383,1072.3761
-303763.8329,-261145.7586,42618.0742,468.7217,1058.453
-303797.7031,-261200.5468,42597.1562,506.8285,1035.6167
-303831.6473,-261089.495,42742.1523,488.2654,1005.4574
-303923.0854,-261084.7651,42838.3203,499.6774,1065.5738
-303694.9296,-261091.0507,42603.8789,483.7737,1044.9151
-303838.114,-261163.0867,42675.0273,461.4079,1027.2156
-303791.701,-261013.8221,42777.8789,490.0778,1046.7067
-303691.061,-261059.143,42631.918,476.1008,1035.7502
-303726.4328,-261094.2805,42632.1523,491.6587,1021.0309
-303887.1727,-261160.0243,42727.1484,519.5465,1052.8879
-304025.1877,-261166.9612,42858.2266,523.4659,1017.7783
-303766.9904,-261148.9435,42618.0469,518.0811,1008.2402
-303620.8534,-261127.0253,42493.8281,509.3208,1079.5588
-303624.1012,-261090.5934,42533.5078,493.9697,1018.1859
-303862.8201,-261105.574,42757.2461,526.649,998.7608
-303904.8491,-261192.4584,42712.3906,517.5709,1031.46
-303656.84,-261074.8009,42582.0391,520.0746,1040.9242
-303967.7844,-261138.3196,42829.4648,487.726,1091.9476
-303794.336,-261136.0899,42658.2461,501.6677,1012.8866
-303884.9245,-261198.4909,42686.4336,514.069,1045.1109
-303838.9482,-261024.874,42814.0742,500.5285,1036.3831
-303925.4179,-261083.5625,42841.8555,468.0759,1042.8031
-303779.1988,-261119.148,42660.0508,489.3463,1032.863
-303870.7453,-261157.4015,42713.3438,518.918,1055.5967
-303664.85,-261034.4632,42630.3867,509.2009,1082.5875
-303657.4564,-261116.7025,42540.7539,493.8965,1055.1737
-303755.3614,-261084.8418,42670.5195,513.4687,1071.2637
-303801.5624,-261124.828,42676.7344,510.0495,1052.218
-303833.0472,-261049.6605,42783.3867,485.582,1045.0855
-303898.2112,-261154.8831,42743.3281,463.1943,989.835
-303866.4179,-261214.1288,42652.2891,472.4888,1058.5175
-303903.5646,-261158.0841,42745.4805,517.127,1035.8802
-303921.1874,-261175.3553,42745.832,537.212,1037.2558
-303991.7316,-261177.4503,42814.2812,487.1801,1022.3352
-304065.9857,-261219.7239,42846.2617,520.692,1068.6104
-303893.2549,-261178.9932,42714.2617,509.299,1090.7207
-303876.3149,-261142.436,42733.8789,476.2639,1000.269
-303873.5674,-261133.8408,42739.7266,459.9533,1042.4979
-303585.4322,-261080.6901,42504.7422,511.8898,994.4308
-303757.4165,-261120.6782,42636.7383,521.4174,1057.7871
-303679.4644,-261032.7534,42646.7109,501.0273,1038.8888
-303880.1704,-261123.7017,42756.4688,497.7381,1067.3981
-303388.1939,-261123.9751,42264.2188,475.8255,1064.5464
-303970.7621,-261127.9261,42842.8359,474.099,1048.5266
-303688.9232,-261083.8919,42605.0312,466.1269,1042.1463
-303775.3174,-261051.0674,42724.25,463.3955,1039.454
-303891.4596,-261102.901,42788.5586,520.2883,990.3333
-303999.9736,-261179.122,42820.8516,509.4508,1055.7599
-303738.2182,-261042.9682,42695.25,522.7695,1022.6825
-303775.6965,-261044.2004,42731.4961,512.9815,1035.5472
-303996.2119,-261087.3603,42908.8516,503.0431,1038.0959
-303920.818,-261191.4235,42729.3945,492.2751,1045.019
-303826.1212,-261226.1368,42599.9844,508.9107,1051.1777
-303799.0663,-261107.0742,42691.9922,496.3958,1045.1515
-303671.4762,-261158.941,42512.5352,540.2557,1061.8823
-303743.7924,-261127.4135,42616.3789,483.447,1001.5555
-303645.8347,-261074.6472,42571.1875,497.3003,1052.206
-303804.6461,-261125.4,42679.2461,497.2584,1023.0687
-303862.949,-261115.1091,42747.8398,486.5126,1023.6913
-303744.6136,-261148.0004,42596.6133,495.4638,1022.7236
-303762.7325,-261007.2833,42755.4492,467.5923,1032.629
-303881.9006,-261158.424,42723.4766,490.8764,1052.9876
-303735.8355,-261057.0035,42678.832,479.0577,1061.9859
-303970.825,-261093.8758,42876.9492,483.4158,1033.1622
-304066.4429,-261137.8648,42928.5781,504.697,1013.5062
-303623.3033,-261079.4596,42543.8438,516.7803,1024.5532
-303739.0591,-261085.9576,42653.1016,497.2273,1073.4391
-303869.0122,-261089.7739,42779.2383,494.2038,1048.6406
-303745.0221,-261165.9557,42579.0664,529.2272,1049.331
-303894.0799,-261181.283,42712.7969,507.0677,1015.8378
-303664.2988,-261111.4785,42552.8203,487.5918,1078.4861
-303650.7019,-261029.4285,42621.2734,524.6664,1045.3771
-304017.218,-261128.3587,42888.8594,544.9627,1061.465
-303855.0271,-261174.2497,42680.7773,508.5434,1063.9475
-303759.026,-261105.8502,42653.1758,481.6914,1022.479
-303979.7435,-261103.4662,42876.2773,497.9338,1074.5652
-303998.3796,-261096.6647,42901.7148,495.7489,1009.3018
-303599.4605,-261033.1285,42566.332,533.149,1028.1436
-303965.9193,-260994.013,42971.9062,524.1908,1030.3904
-303666.4387,-261158.1301,42508.3086,484.626,1024.4853
-303870.7409,-261047.487,42823.2539,496.4553,1067.3786
-303875.181,-261230.8802,42644.3008,516.9381,1075.0963
-303721.8995,-261120.2042,42601.6953,485.1701,1033.7798
-303882.8929,-261096.1703,42786.7227,494.9201,1042.1455
-303709.57,-261084.1013,42625.4688,471.527,1037.2293
-303633.1346,-261134.2401,42498.8945,481.5406,1014.8242
-303746.045,-261048.3809,42697.6641,505.1247,1035.1576
-303499.6305,-260940.2125,42559.418,492.2443,1074.9763
-304066.971,-261085.2328,42981.7383,495.2167,1048.315
-303776.9117,-261140.8844,42636.0273,491.7328,1016.6786
-304087.7348,-261141.9418,42945.793,497.3998,1026.8243
-303874.303,-261169.346,42704.957,496.9436,1065.7985
-303893.8,-261195.4054,42698.3945,503.6003,1069.2107
-303922.5945,-261164.6843,42757.9102,511.9205,1079.4193
-303722.7695,-261108.8125,42613.957,498.0122,1044.8666
-303760.1398,-261148.0266,42612.1133,523.6908,1053.8199
-303762.6501,-260961.5251,42801.125,513.8653,1070.4826
-303912.3165,-261035.5352,42876.7812,508.6676,1041.3608
-303983.7123,-261074.1225,42909.5898,485.0215,1067.669
-303850.9951,-261091.0303,42759.9648,462.4911,1011.6377
-304177.7381,-261115.3124,43062.4258,520.5368,969.101
-303777.0954,-261087.861,42689.2344,466.3028,1035.7348
-303592.8209,-261041.4772,42551.3438,494.8175,1063.4197
-303868.2471,-261109.5205,42758.7266,499.7028,1010.3666
-303808.371,-261042.9491,42765.4219,479.3178,1030.9372
-303697.6558,-261125.0035,42572.6523,523.7953,1061.4478
-303649.4107,-261147.2466,42502.1641,503.1306,1070.0955
-303940.8619,-261157.4752,42783.3867,478.6365,1027.1648
-303625.487,-261115.6901,42509.7969,485.6217,1018.6856
-303802.1148,-261104.4038,42697.7109,516.4029,1060.4135
-303792.8853,-261155.0923,42637.793,476.372,1078.6056
-303851.9814,-261152.958,42699.0234,495.7565,1055.5793
-303715.5854,-261046.8745,42668.7109,499.5098,1027.6207
-303704.0221,-261198.8112,42505.2109,508.1463,1040.9861
-303729.5016,-261088.5212,42640.9805,542.7202,1068.613
-303841.697,-261171.3689,42670.3281,514.1123,1064.6377
-303678.7104,-261101.3627,42577.3477,514.2329,1017.1485
-303796.9721,-261101.5424,42695.4297,525.2402,1057.5094
-303820.9562,-261124.2647,42696.6914,527.5225,1087.3579
-303857.8645,-261230.3996,42627.4648,504.0902,1072.1473
-303710.0706,-261070.6917,42639.3789,484.1778,1051.5679
-303664.5732,-261144.1904,42520.3828,491.6737,1057.8564
-303688.5802,-261139.9552,42548.625,507.9887,1041.1925
-303918.3978,-261112.7611,42805.6367,489.3792,1047.0997
-304002.787,-261226.6737,42776.1133,496.0522,1033.6276
-304002.3782,-261099.2376,42903.1406,469.0285,1064.6621
-303553.4353,-261113.865,42439.5703,513.4524,1047.9481
-303625.6099,-261097.3443,42528.2656,465.978,1055.8247
-303691.1452,-261062.8679,42628.2773,466.3942,1034.6055
-303718.6264,-261149.4115,42569.2148,493.4099,1057.1564
-303500.8538,-261066.3928,42434.4609,469.7316,1037.8944
-303819.4846,-261155.1174,42664.3672,485.8625,1033.7105
-303765.4125,-261052.3773,42713.0352,501.3504,1060.8101
-303491.58,-261008.3456,42483.2344,514.8637,1057.132
-303662.8959,-261144.392,42518.5039,510.4613,1059.1434
-303772.1972,-261049.0175,42723.1797,508.3372,1038.7818
-303973.146,-261040.0445,42933.1016,500.5395,1063.0526
-303900.2888,-261099.2693,42801.0195,467.3083,1064.0385
-303734.4676,-261098.3582,42636.1094,523.4329,1083.0335
-303920.2675,-261204.4237,42715.8438,482.9,1074.527
-303795.2313,-261157.1688,42638.0625,495.0305,1035.5456
-303665.0327,-261041.5054,42623.5273,484.5028,1014.2604
-303576.7799,-261000.3151,42576.4648,464.7779,1010.0689
-303901.9706,-261043.6268,42858.3438,459.9787,1049.2135
-303940.9874,-261183.4483,42757.5391,490.031,1024.5813
-303547.6623,-261009.0529,42538.6094,511.1649,1040.7142
-303631.9721,-261082.7299,42549.2422,494.827,1052.2071
-303655.6513,-260995.2802,42660.3711,487.7245,995.3378
-303871.2796,-261233.2601,42638.0195,500.6243,1033.099
-303884.2108,-261077.4178,42806.793,482.1527,1056.0979
-304002.0212,-261062.0642,42939.957,475.621,1051.3908
-303859.0499,-261168.4132,42690.6367,491.078,1040.9951
-303887.266,-261128.9848,42758.2812,489.854,1015.4616
-303874.8538,-261156.7601,42718.0938,489.2065,1068.4665
-303723.1414,-261127.5125,42595.6289,483.8432,1001.3963
-303874.3191,-261164.8347,42709.4844,470.0156,1038.9782
-303977.8197,-261120.601,42857.2188,490.477,988.9644
-303682.834,-261087.2793,42595.5547,519.3192,1052.9308
-303560.7266,-261027.6719,42533.0547,494.9536,1049.5368
-303853.2582,-261100.9144,42752.3438,479.8723,1024.7064
-303879.9148,-261114.4226,42765.4922,481.4814,1062.9624
-303665.2681,-261068.1588,42597.1094,497.2854,1067.7478
-303941.3793,-261188.598,42752.7812,513.1122,1049.4247
-303598.9002,-260996.4705,42602.4297,504.4818,1026.0068
-303870.5678,-261102.5443,42768.0234,488.4439,1047.3647
-303742.3311,-261057.0615,42685.2695,513.9868,1048.7492
-303740.4841,-261120.363,42620.1211,484.5836,1039.8346
-303576.4867,-261066.8695,42509.6172,499.5257,1067.5807
-303864.5858,-261094.8397,42769.7461,495.7683,1025.1608
-303801.9077,-261151.1577,42650.75,484.4159,1064.3914
-303511.3038,-261012.7413,42498.5625,508.6003,1024.6083
-303475.4859,-261068.4468,42407.0391,499.8849,1032.9769
-304019.4366,-261123.0538,42896.3828,548.8109,1023.918
-303795.7275,-261158.1923,42637.5352,497.9316,1031.8059
-303698.8496,-261143.5918,42555.2578,506.3374,1055.2912
-303773.5463,-261111.6322,42661.9141,502.7445,1064.1136
-303778.0308,-261097.6245,42680.4062,503.0166,1028.2021
-303909.5174,-261093.0721,42816.4453,513.6124,1021.0481
-303685.8223,-261055.7559,42630.0664,494.7547,1047.2662
-303795.1928,-261133.1693,42662.0234,472.3895,1081.597
-303741.0221,-261074.0456,42666.9766,502.443,1044.6454
-303798.0119,-261096.8869,42701.125,485.0281,1077.535
-303754.3273,-261127.9913,42626.3359,451.017,1052.2011
-303746.8135,-261134.8252,42611.9883,504.6874,1090.3122
-304087.0813,-261180.3079,42906.7734,493.8999,1058.2926
-303654.1998,-261017.9576,42636.2422,505.8824,990.0201
-303813.6478,-261044.9174,42768.7305,483.2815,1008.3517
-303820.2023,-261078.2101,42741.9922,485.821,1043.7893
-303612.2923,-261012.0344,42600.2578,468.8017,1050.7472
-303644.7419,-261161.6833,42483.0586,539.1674,1044.0368
-303837.4177,-261186.4411,42650.9766,499.8206,1098.6622
-303782.1581,-261117.119,42665.0391,525.0092,1045.3566
-303897.8687,-261117.6421,42780.2266,516.6414,1069.6582
-303890.2585,-261050.6178,42839.6406,492.5609,1035.0581
-303983.4853,-261157.4541,42826.0312,500.0124,1037.3548
-303881.5713,-261101.0323,42780.5391,506.0508,1037.7327
-303549.0363,-261020.2551,42528.7812,475.8876,1038.9686
-303673.0081,-261076.5276,42596.4805,497.9095,1038.6368
-303579.9308,-261030.3995,42549.5312,485.3942,1059.1713
-303605.7188,-261203.8711,42401.8477,494.8387,1087.2401
-303813.8391,-261069.8977,42743.9414,532.5089,1046.4538
-303988.864,-261132.6022,42856.2617,520.8413,1060.3991
-303801.628,-261068.796,42732.832,483.1508,1052.9383
-304010.6283,-261205.8353,42804.793,483.2394,1042.1958
-303910.9718,-261169.464,42741.5078,528.7337,1058.651
-303779.7275,-261126.2431,42653.4844,493.7267,1019.049
-303810.6459,-261142.3139,42668.332,487.0361,1086.1584
-303959.4583,-261206.1848,42753.2734,495.2115,1053.4296
-303816.7708,-261182.8645,42633.9062,520.0218,1068.7317
-303758.8467,-261164.2803,42594.5664,538.2201,1097.7955
-304005.4506,-261198.2318,42807.2188,484.1887,1070.632
-303789.2452,-261134.5812,42654.6641,507.0974,1056.5179
-303754.3356,-261106.0934,42648.2422,487.8455,1048.8756
-303899.2563,-261155.8071,42743.4492,482.6522,1042.8818
-303973.3322,-261091.1408,42882.1914,503.0723,1056.9927
-304069.1099,-261129.9693,42939.1406,488.3248,1039.879
-304058.7631,-261154.7319,42904.0312,492.3713,1033.6003
-303890.6811,-261120.7318,42769.9492,481.6684,1010.3795
-303799.4135,-261136.812,42662.6016,519.849,1042.9075
-303909.3053,-261042.5474,42866.7578,479.5747,1053.59
-303703.8837,-261077.1962,42626.6875,513.1108,1034.6835
-303569.5597,-261013.5871,42555.9727,481.9277,1045.7124
-304031.4758,-261164.3625,42867.1133,510.2454,1031.9208
-304179.6288,-261085.2773,43094.3516,484.8324,1007.1646
-303830.4906,-261054.4203,42776.0703,487.1071,1004.2646
-304065.4334,-261109.035,42956.3984,476.2189,1046.9079
-303910.6051,-261108.5856,42802.0195,486.0528,1044.1973
-303698.3745,-261051.8394,42646.5352,497.1548,1075.8973
-303697.3157,-261116.2142,42581.1016,482.379,1038.9164
-303854.3123,-261135.4294,42718.8828,494.6105,1055.8731
-303859.4069,-261163.8483,42695.5586,466.6403,1014.7861
-303619.5885,-261077.1002,42542.4883,496.199,1095.6029
-303708.909,-261134.3192,42574.5898,483.39,1062.2985
-303607.3599,-261156.1138,42451.2461,482.5564,1113.9536
-303871.3093,-261199.4108,42671.8984,490.8481,1050.211
-303902.5189,-261213.1751,42689.3438,521.2249,1075.8256
-303832.0807,-261188.608,42643.4727,483.4949,1034.1215
-303882.7361,-261129.2244,42753.5117,462.4938,1043.4829
-303983.4704,-261032.0446,42951.4258,507.6478,1030.5794
-303803.4799,-260991.9486,42811.5312,499.6792,1043.1918
-303856.8772,-261150.971,42705.9062,506.3783,1052.8579
-303654.9866,-261000.3186,42654.668,471.1265,1048.0879
-303506.8709,-261010.9881,42495.8828,491.9702,1055.0864
-303748.9481,-261124.2723,42624.6758,490.852,1036.7597
-303563.1276,-261069.6081,42493.5195,481.9376,1067.1049
-303746.2239,-261068.3255,42677.8984,488.4921,1009.3528
-303892.1358,-261006.9522,42885.1836,498.5908,1041.9681
-303744.6489,-261087.8286,42656.8203,517.9354,1015.0355
-303822.773,-260989.7066,42833.0664,483.1844,1048.7149
-304018.4765,-261186.5116,42831.9648,538.9041,1043.8509
-303587.8311,-261000.4092,42587.4219,468.6106,1034.9385
-303711.6714,-260968.2457,42743.4258,514.1772,1056.9421
-303910.1801,-261051.0317,42859.1484,468.5888,1021.3754
-303588.0741,-261084.6287,42503.4453,461.6257,1046.2795
-303651.7785,-261061.134,42590.6445,493.3063,1042.4716
-303603.6211,-261054.8125,42548.8086,485.5702,1042.4096
-303886.7994,-261179.8697,42706.9297,514.6978,1052.5111
-303807.0249,-261068.5874,42738.4375,502.3503,1053.4534
-303973.6125,-261130.3079,42843.3047,469.5942,1027.9587
-304018.485,-261228.1373,42790.3477,508.1683,1037.7073
-303766.0436,-261155.2858,42610.7578,478.4425,1053.4814
-303787.9372,-261124.3161,42663.6211,464.3189,1038.5614
-303895.6396,-261144.0342,42751.6055,485.7732,1044.7239
-303747.4796,-261094.8194,42652.6602,499.019,1066.4477
-303875.8084,-261195.9647,42679.8438,491.6777,1060.6717
-303645.4753,-261119.7995,42525.6758,490.9368,1046.1488
-303855.8363,-261080.4808,42775.3555,465.9362,1069.0083
-303906.5407,-261172.7868,42733.7539,497.6468,1058.0228
-303861.4921,-261152.9921,42708.5,513.1511,1029.4475
-303902.7026,-261153.0659,42749.6367,497.5077,1034.8825
-303979.6758,-261177.0352,42802.6406,478.8722,1023.2318
-303562.0662,-261077.5272,42484.5391,485.4053,1017.3935
-303645.6336,-261100.6883,42544.9453,495.6742,1013.7439
-303734.4979,-261110.3846,42624.1133,445.2316,1030.4613
-303917.966,-261129.4386,42788.5273,512.5383,1029.0437
-303692.6604,-261113.6253,42579.0352,494.1473,1074.3732
-303801.3598,-261117.2856,42684.0742,473.1743,1061.3999
-303994.8559,-261199.6762,42795.1797,505.6815,1125.5437
-303789.007,-261100.257,42688.75,472.8495,1065.0357
-303674.4127,-261076.8619,42597.5508,469.9067,1046.7049
-303219.2757,-260965.5843,42253.6914,496.6783,1018.5589
-303789.3817,-261071.3544,42718.0273,503.979,1051.49
-303923.0829,-261128.2001,42794.8828,542.8734,1056.6353
-303940.6275,-261140.2603,42800.3672,486.9944,1010.573
-304094.6856,-261161.4552,42933.2305,507.8026,1046.2309
-303726.6956,-261117.7112,42608.9844,492.9423,1066.976
-303841.7342,-261138.91,42702.8242,498.0203,1033.6189
-303648.7591,-261077.2434,42571.5156,510.2429,1022.4288
-303728.3117,-261057.1789,42671.1328,490.3056,1049.3376
-303727.901,-261081.026,42646.875,473.5654,1094.1047
-303723.4994,-261053.2338,42670.2656,497.6831,1041.0617
-303765.7567,-261083.9403,42681.8164,507.2186,1052.8784
-304015.0536,-261079.9911,42935.0625,465.3251,1038.9166
-303930.5876,-261098.9938,42831.5938,509.4837,1059.121
-303708.8461,-261119.1313,42589.7148,517.214,1043.3317
-303836.9762,-261133.2418,42703.7344,503.3799,1071.7842
-304050.8855,-261205.9129,42844.9727,466.4062,1096.3862
-303807.6541,-261117.283,42690.3711,477.8009,1060.6926
-304091.6839,-261096.1253,42995.5586,484.8604,1023.6487
-303713.6346,-261125.0096,42588.625,479.0409,1078.2169
-303695.6071,-261095.6345,42599.9727,485.9911,1060.0732
-303775.4962,-261166.9962,42608.5,481.911,1013.8814
-303877.5978,-261042.7267,42834.8711,481.8317,1038.7632
-303720.5538,-261033.5616,42686.9922,535.9413,1075.5474
-303747.2393,-261112.3408,42634.8984,497.2641,1066.4056
-303832.612,-261117.6238,42714.9883,489.2059,1063.2149
-303862.6045,-261080.0888,42782.5156,507.4305,1010.2485
-303747.8469,-261053.4251,42694.4219,510.1928,1020.6144
-303703.4887,-261142.9809,42560.5078,485.6965,1059.5562
-303862.0037,-261065.5623,42796.4414,496.5501,1041.9042
-303938.5904,-261162.8755,42775.7148,508.1945,1030.3075
-303920.6561,-261055.2576,42865.3984,491.6942,1041.5007
-303698.4179,-261049.9843,42648.4336,476.185,1037.547
-304082.4553,-261223.4279,42859.0273,504.9037,1027.5522
-303789.4868,-261010.1,42779.3867,475.9403,1004.2146
-304106.2141,-261108.5344,42997.6797,485.4882,1037.1604
-304004.5231,-261083.2731,42921.25,486.747,1059.3132
-303808.7704,-261121.4462,42687.3242,483.2269,1060.3432
-303975.5667,-261130.6449,42844.9219,449.1285,1056.2706
-303740.5223,-261121.6629,42618.8594,472.7785,1058.4921
-303661.9316,-261036.4472,42625.4844,473.5927,1072.3493
-303757.6186,-261086.3842,42671.2344,496.2493,1042.4204
-303973.3937,-261032.4835,42940.9102,492.9502,1080.6891
-303759.2224,-261070.5466,42688.6758,494.2663,1047.6161
-303913.1219,-261127.2937,42785.8281,495.2184,1066.5476
-303754.5941,-261118.7465,42635.8477,488.4086,1052.4306
-303771.7804,-261077.5539,42694.2266,524.564,1066.0145
-303628.3213,-261149.3135,42479.0078,439.5717,1077.6902
-303777.939,-261086.0015,42691.9375,524.4126,1092.8714
-303974.7224,-261098.281,42876.4414,511.8715,1036.0931
-303839.4887,-261152.5239,42686.9648,514.5087,1036.4549
-304004.9042,-261185.6777,42819.2266,486.0279,1009.9024
-303797.9069,-261053.3522,42744.5547,471.715,1031.2671
-303792.4143,-261034.7425,42757.6719,479.4239,1017.8212
-303785.929,-261110.5774,42675.3516,520.1714,1050.3366
-303959.8724,-261107.6341,42852.2383,507.8211,1041.3855
-303735.4461,-261034.7352,42700.7109,522.7567,1011.851
-303658.208,-261169.2432,42488.9648,520.0808,1065.6525
-303580.9681,-261081.5852,42499.3828,496.2685,1029.246
-303751.6868,-261035.5891,42716.0977,480.0092,1049.9921
-303892.3573,-261116.2167,42776.1406,470.6972,1069.0315
-303997.0374,-261119.8381,42877.1992,465.8042,1004.9749
-303643.4446,-261130.9446,42512.5,480.0423,1040.7108
-303927.5591,-261092.5787,42834.9805,514.4012,1019.2922
-303619.5572,-261045.1509,42574.4062,504.0462,1098.5771
-303739.9436,-261149.1194,42590.8242,463.7578,1028.667
-303828.1667,-261208.862,42619.3047,509.673,1043.2179
-303708.5317,-261113.1841,42595.3477,505.5266,1012.6719
-303807.6461,-261026.7359,42780.9102,494.392,1000.0133
-303765.4535,-261120.0082,42645.4453,491.5445,1029.1145
-304142.1279,-261166.2021,42975.9258,502.5242,1036.9168
-303923.5302,-261111.2998,42812.2305,470.9021,1001.3752
-303980.8259,-261189.447,42791.3789,511.9079,1029.9803
-303750.6256,-260986.9147,42763.7109,485.6585,1045.4893
-303630.7254,-261147.4051,42483.3203,500.9199,1087.9299
-303582.8001,-261109.3157,42473.4844,441.5998,1017.9749
-303560.7689,-261046.3587,42514.4102,465.8407,1029.0804
-303750.5098,-261077.7363,42672.7734,505.7267,1076.6899
-303991.7102,-261170.6633,42821.0469,485.8961,1076.4979
-303532.8063,-261054.0211,42478.7852,511.8767,1089.7611
-303900.4627,-261202.3338,42698.1289,507.0847,1028.8451
-303867.177,-261104.5637,42762.6133,487.1758,993.422
-303798.9979,-261049.9276,42749.0703,503.4075,1036.6078
-303870.3539,-261105.9671,42764.3867,490.9456,1010.7073
-303968.6989,-261189.109,42779.5898,487.4022,1039.6508
-303825.3145,-261090.7754,42734.5391,493.6216,1025.8574
-303827.1546,-261156.7015,42670.4531,515.8788,1067.6387
-303692.4528,-261098.6285,42593.8242,533.3218,1069.835
-303989.0476,-261201.1023,42787.9453,505.785,1027.4748
-303812.1761,-261163.2933,42648.8828,516.5741,1084.9276
-303807.0797,-261159.7321,42647.3477,501.7007,1032.6277
-303654.0936,-261163.742,42490.3516,530.8208,1024.4459
-304040.1361,-261119.4447,42920.6914,502.0436,1053.8498
-303911.3086,-261128.4453,42782.8633,485.6762,1035.0935
-303864.5883,-261098.0336,42766.5547,519.8253,1060.6026
-303562.5237,-261104.0745,42458.4492,486.5308,1040.0131
-303821.9466,-261062.5169,42759.4297,486.9259,1056.1525
-303799.9097,-261163.6324,42636.2773,499.6928,1046.6453
-303722.5041,-261139.426,42583.0781,516.5005,1053.5042
-303855.1245,-261161.2378,42693.8867,498.7244,1052.9194
-303903.8956,-261052.6612,42851.2344,459.3339,1006.2078
-303788.1129,-261187.6676,42600.4453,487.2688,1025.9081
-303774.8091,-261127.2739,42647.5352,477.3394,1057.5271
-303858.5941,-261022.68,42835.9141,487.2481,1037.7272
-303796.3178,-261147.4311,42648.8867,525.5422,1026.1566
-303737.8614,-261048.381,42689.4805,524.2549,1056.5862
-303557.4063,-261074.9922,42482.4141,505.4233,1014.9086
-303704.8974,-261134.12,42570.7773,487.5935,1077.6282
-303968.9552,-261181.131,42787.8242,509.6087,1011.8397
-303854.8578,-261156.557,42698.3008,482.5097,1016.7686
-303597.4146,-261004.27,42593.1445,494.5718,1056.1836
-303745.5937,-261051.5,42694.0938,437.6668,1007.3924
-303716.6101,-261004.3601,42712.25,484.5238,1054.4914
-303907.0036,-261098.4372,42808.5664,482.7638,1049.7156
-303668.3788,-261076.8476,42591.5312,512.1236,1087.7862
-303756.1003,-261111.8113,42644.2891,501.8304,1068.2138
-303893.1484,-261085.4062,42807.7422,492.7217,1033.8194
-303758.5753,-261034.8917,42723.6836,509.005,1035.354
-303650.9314,-261098.1696,42552.7617,518.7474,1041.5519
-303971.9575,-261120.6372,42851.3203,429.5249,1022.4375
-303995.4542,-261140.2588,42855.1953,482.8424,1080.0466
-303772.5381,-261006.4796,42766.0586,480.3668,1035.5875
-303685.8187,-261059.2523,42626.5664,500.8108,1026.8993
-303921.0449,-261121.1972,42799.8477,468.3111,1094.04
-303830.5828,-261168.5124,42662.0703,498.3998,1089.6959
-304041.0239,-261154.3364,42886.6875,497.9057,1020.0769
-303868.4839,-261063.6558,42804.8281,538.6866,1069.7417
-303810.9764,-261107.0858,42703.8906,527.3115,1039.2022
-303668.6901,-261099.9596,42568.7305,474.191,1056.788
-303753.7077,-261120.2741,42633.4336,525.3494,1085.8729
-304087.2082,-261174.3332,42912.875,488.0382,1035.9236
-304048.2569,-261155.7217,42892.5352,503.7513,1041.9009
-303551.4477,-261095.6742,42455.7734,507.1997,1063.1339
-303860.2091,-261122.0099,42738.1992,484.3705,1104.6089
-303953.6741,-261127.5062,42826.168,497.6421,1037.1305
-304074.2146,-261150.9295,42923.2852,496.6713,1058.6629
-303661.9525,-261111.5775,42550.375,517.9261,1081.4751
-303774.5981,-261105.645,42668.9531,514.9082,1018.3732
-303736.812,-261048.7027,42688.1094,482.6085,1032.1474
-304170.1244,-261127.5775,43042.5469,500.6432,1050.5673
-303716.0055,-261012.2086,42703.7969,481.9438,1072.3074
-303867.2943,-261062.0443,42805.25,493.9167,1092.5269
-303782.5902,-261228.8988,42553.6914,501.1401,1090.9223
-303703.941,-261104.6636,42599.2773,477.0551,1011.8929
-303624.2082,-260988.2746,42635.9336,491.4783,1035.4775
-303814.3004,-261115.5152,42698.7852,472.4943,1025.616
-303748.5863,-261005.0238,42743.5625,486.5187,1035.2121
-303899.176,-261091.5471,42807.6289,500.43,1029.7643
-303562.8101,-261001.5093,42561.3008,469.2801,1073.5097
-303805.8106,-261097.8652,42707.9453,472.1469,1027.0555
-303759.589,-261102.0812,42657.5078,532.6557,1043.7243
-303794.1485,-261074.5313,42719.6172,489.9336,1067.0411
-303627.3868,-261067.4454,42559.9414,486.2779,1068.6514
-303930.0757,-261092.4194,42837.6562,488.1626,1030.6364
-303758.6924,-261133.5753,42625.1172,492.9616,1024.1692
-303752.8983,-261090.5116,42662.3867,471.1655,1044.9014
-303743.6223,-261070.5794,42673.043,490.3978,1039.2528
-303704.0919,-261097.3576,42606.7344,488.9757,1053.3251
-303627.8951,-261076.4928,42551.4023,521.1901,1027.0129
-303927.0744,-260986.2033,42940.8711,464.4266,1037.5955
-303788.5659,-261098.6479,42689.918,486.2072,1054.0459
-303724.2043,-261033.4543,42690.75,501.1234,1054.3735
-303766.4596,-261130.1705,42636.2891,495.7216,1042.0601
-304135.3743,-261190.0071,42945.3672,490.0386,1036.8417
-304002.2644,-261133.6004,42868.6641,504.7459,1046.6618
-303944.7519,-261088.7988,42855.9531,506.4241,1015.1053
-303757.4785,-261048.5996,42708.8789,501.3443,1052.0316
-303607.4853,-261092.5634,42514.9219,482.5231,1040.5792
-303804.6928,-261005.8529,42798.8398,485.9206,1049.9011
-303619.8044,-261012.0232,42607.7812,463.9194,1026.905
-303773.0353,-261042.1564,42730.8789,500.457,1030.2023
-303698.031,-261041.3513,42656.6797,489.1006,1046.16
-303939.4736,-261032.9775,42906.4961,478.0903,1050.0852
-303673.1676,-261008.6403,42664.5273,494.2325,1032.4336
-303993.7694,-261127.121,42866.6484,474.3612,1050.3385
-303934.726,-261038.2064,42896.5195,525.8304,1046.8037
-303923.106,-261058.6372,42864.4688,468.8959,1012.2443
-303939.6367,-261034.4062,42905.2305,509.9314,1085.1879
-303628.5145,-261032.9832,42595.5312,474.7394,1053.4577
-303783.8959,-261154.7123,42629.1836,520.176,1082.5407
-303765.6508,-261023.311,42742.3398,498.3874,1042.3252
-304045.5597,-261166.0519,42879.5078,493.7234,1097.6708
-303999.7047,-261151.6774,42848.0273,479.7518,1073.2241
-303746.8911,-261074.5865,42672.3047,507.1084,1029.8179
-303936.7971,-261044.4651,42892.332,482.1148,1066.7107
-303991.6665,-261092.6079,42899.0586,509.5528,1053.2635
-303893.6597,-261074.4878,42819.1719,559.2437,1027.2157
-303595.4515,-261122.4242,42473.0273,501.9536,1099.0536
-303598.3439,-261010.7736,42587.5703,488.2987,1061.2075
-303725.6981,-261102.6395,42623.0586,516.5395,1045.0745
-303745.0859,-260981.5078,42763.5781,488.5353,1045.4544
-303742.9525,-261086.9876,42655.9648,498.8059,1042.6836
-303942.4032,-261114.5282,42827.875,488.6296,1023.6883
-303578.4899,-261164.9196,42413.5703,514.3739,1032.8927
-303645.2784,-261078.2315,42567.0469,522.7335,1084.8822
-303739.8032,-261058.7094,42681.0938,499.5696,1038.7129
-303775.1346,-261098.9276,42676.207,467.0001,1041.9474
-303775.01,-261099.1116,42675.8984,500.3189,1053.3828
-303867.4956,-261083.3863,42784.1094,494.8603,1084.2581
-303741.7996,-261137.4167,42604.3828,503.3282,1038.6481
-303724.9735,-261055.6884,42669.2852,472.1497,1002.9515
-303850.7222,-261064.648,42786.0742,514.9719,1027.7007
-303444.2764,-261087.2959,42356.9805,496.9012,1065.0588
-304044.6712,-261143.9095,42900.7617,475.7852,992.4809
-303768.7698,-261105.2151,42663.5547,467.617,987.7963
-303681.2809,-261126.8083,42554.4727,494.3469,1052.8421
-303991.9825,-261186.127,42805.8555,470.3347,1000.082
-303716.8181,-261064.8493,42651.9688,477.3411,1082.3286
-303903.2295,-261151.3623,42751.8672,481.798,1080.712
-303770.8848,-261068.1192,42702.7656,478.694,1058.5484
-303825.8669,-261076.0193,42749.8477,474.781,1044.3103
-303725.4323,-261078.9206,42646.5117,525.051,1046.9691
-303915.7401,-261148.7283,42767.0117,471.5788,1037.5029
-303921.3232,-261169.2373,42752.0859,526.5868,1048.5413
-303955.6445,-261162.664,42792.9805,484.2917,1079.4129
-303872.5442,-261148.5481,42723.9961,461.0394,1070.8969
-303751.7967,-261098.2537,42653.543,550.7042,1033.1344
-303721.7967,-261074.5779,42647.2188,446.9284,1061.0491
-303800.5778,-261121.4802,42679.0977,547.4674,1009.6016
-303903.7044,-261163.4036,42740.3008,506.0817,1033.2187
-303837.3929,-261035.4319,42801.9609,461.2311,1059.2988
-303879.271,-261164.6851,42714.5859,510.6812,1002.8312
-303849.6836,-261020.418,42829.2656,490.7721,1033.7995
-303644.6761,-261050.0315,42594.6445,475.4757,1064.1726
-303881.7627,-261123.8642,42757.8984,502.9342,1041.4416
-303787.528,-261053.4147,42734.1133,486.1175,1051.3511
-303523.0354,-261099.5862,42423.4492,522.6292,1051.143
-303865.679,-261064.4134,42801.2656,478.2878,1040.7637
-303838.6902,-261098.1707,42740.5195,500.0386,975.2173
-303751.979,-261132.9907,42618.9883,501.3456,1033.7181
-303647.281,-261064.9256,42582.3555,493.3948,1058.0869
-303375.8042,-260970.0425,42405.7617,493.6612,1068.8867
-303828.5563,-261046.4157,42782.1406,501.2477,1053.1316
-303612.0718,-261028.4585,42583.6133,507.9205,1047.8069
-303904.7301,-261136.1676,42768.5625,464.8714,1053.1867
-303687.9676,-261098.073,42589.8945,442.6031,1081.7172
-303724.9378,-261064.2893,42660.6484,508.8839,1044.3547
-304041.4178,-261157.9803,42883.4375,522.9774,1058.0334
-303965.4323,-261092.2448,42873.1875,486.6536,1098.3622
-303747.3086,-261120.7422,42626.5664,516.2335,1035.6894
-304076.239,-261120.6453,42955.5938,496.1216,1032.3648
-303850.6269,-261146.8378,42703.7891,553.3151,1039.9599
-303918.5129,-261179.0519,42739.4609,496.7373,1062.0805
-303929.386,-261124.1634,42805.2227,459.1902,1049.9522
-303790.6036,-261121.6856,42668.918,506.2011,1028.1282
-303871.3928,-261085.4944,42785.8984,492.9646,1050.8363
-303695.1974,-261106.7287,42588.4688,475.3264,1055.0397
-303870.4358,-261070.1389,42800.2969,495.1704,1045.789
-303848.446,-261154.5085,42693.9375,484.8465,1031.4142
-303470.6919,-261095.5513,42375.1406,493.867,1041.002
-303714.4697,-261143.0087,42571.4609,490.099,1017.7283
-303817.2192,-261157.7426,42659.4766,499.3887,1047.2527
-303678.1174,-261067.9924,42610.125,475.4595,1027.7736
-303848.9444,-261145.1553,42703.7891,516.1124,1051.6489
-304032.0341,-261142.1591,42889.875,536.2685,1063.0799
-303746.213,-261084.2052,42662.0078,512.9109,1028.5051
-303956.6356,-261121.2685,42835.3672,517.7483,1044.7829
-303799.8867,-261116.5821,42683.3047,500.8972,1093.4979
-303873.056,-261072.3568,42800.6992,494.0816,1030.9234
-303967.5647,-261025.8147,42941.75,506.3842,1019.1834
-303708.4495,-261060.137,42648.3125,490.6562,1047.2876
-303842.7648,-261123.9406,42718.8242,497.9242,1028.0333
-303635.5556,-260968.8524,42666.7031,500.7043,1057.4216
-303689.2751,-261205.0133,42484.2617,469.3217,1064.0627
-303733.898,-261050.9683,42682.9297,527.9888,1049.0188
-303919.6027,-261031.7785,42887.8242,498.1344,1028.7756
-303857.108,-261134.3932,42722.7148,513.6419,1051.0606
-303900.6052,-261134.1559,42766.4492,457.5802,1038.1242
-303720.3181,-261122.1149,42598.2031,506.1769,1008.6634
-303717.8508,-261102.9133,42614.9375,502.3349,1052.8093
-304049.7979,-261191.2198,42858.5781,494.5959,1024.1902
-303716.8696,-261062.6743,42654.1953,500.8178,1066.2718
-303558.2658,-261088.5744,42469.6914,503.6343,1046.0827
-303730.351,-261091.1947,42639.1562,503.6869,1039.733
-303637.3401,-261047.7073,42589.6328,499.5453,1023.1564
-303718.4333,-261081.7731,42636.6602,477.8646,1020.5159
-303645.8594,-261092.0118,42553.8477,527.0295,1034.9877
-303832.8506,-261146.0342,42686.8164,460.4714,1041.4207
-303802.2094,-261165.8462,42636.3633,507.9092,1052.0009
-303933.9526,-261178.9096,42755.043,497.7316,1022.0435
-303870.8699,-261063.0223,42807.8477,483.788,1048.8122
-303713.8623,-261020.7685,42693.0938,512.2159,1022.1606
-303755.5354,-261029.4494,42726.0859,527.7009,1045.0434
-303813.9429,-261036.9624,42776.9805,478.8798,1055.4617
-303839.6544,-261107.5373,42732.1172,489.1905,1037.2977
-303531.4671,-261065.7679,42465.6992,475.7589,1032.7205
-303692.6554,-261107.9171,42584.7383,472.2292,1065.486
-303576.5512,-261013.5005,42563.0508,465.579,1056.9333
-303559.346,-260977.4319,42581.9141,467.4019,1078.2195
-303802.4313,-261040.8571,42761.5742,491.054,1050.5922
-303750.1576,-261083.7318,42666.4258,536.2091,1074.0937
-303475.6982,-261060.3076,42415.3906,505.699,1043.9535
-303598.1751,-261012.8196,42585.3555,496.8378,1036.5529
-303703.3384,-261075.6821,42627.6562,478.7549,1057.3546
-303775.0737,-261072.6401,42702.4336,506.1217,1020.385
-303716.989,-261040.8992,42676.0898,505.0402,1034.0252
-303958.8821,-261188.8587,42770.0234,494.4385,1045.094
-303869.7171,-260966.9671,42902.75,478.3461,1074.8118
-303804.0779,-261124.824,42679.2539,482.0126,1061.97
-303694.344,-261137.1409,42557.2031,505.6732,1068.1857
-303619.4933,-261093.4542,42526.0391,502.0099,1054.349
-303687.3871,-261085.9261,42601.4609,484.5177,1021.3842
-303628.3249,-261103.3561,42524.9688,494.7625,1091.4481
-303664.1579,-261038.3961,42625.7617,491.2529,1010.9933
-303781.8684,-261027.5677,42754.3008,479.2476,1054.1401
-303852.5654,-261016.874,42835.6914,509.4518,1009.3483
-303768.2696,-261053.6915,42714.5781,493.727,1009.2257
-303781.3625,-261145.7023,42635.6602,498.7343,1030.2939
-304075.3815,-261184.4752,42890.9062,497.5984,1021.3347
-303917.8586,-261121.0461,42796.8125,492.73,1025.8424
-303834.712,-261127.2549,42707.457,476.1429,1059.8329
-303989.4558,-261163.0144,42826.4414,515.7077,1034.4531
-303545.6653,-261082.3215,42463.3438,515.4799,1038.0356
-303871.1382,-261135.9507,42735.1875,518.7846,1037.834
-303855.0114,-261125.8278,42729.1836,498.1066,1072.3856
-303833.5497,-261167.9012,42665.6484,504.009,1044.096
-303576.652,-261035.5504,42541.1016,509.0508,1047.3815
-303643.7991,-261125.3851,42518.4141,506.3957,1049.9371
-303901.3751,-261090.8907,42810.4844,479.9858,1058.9475
-303702.2758,-261015.6665,42686.6094,496.9152,1011.1808
-303928.0496,-261033.7293,42894.3203,489.1151,1034.3929
-303827.9252,-261029.3862,42798.5391,487.3819,1031.6884
-303969.1477,-261077.4993,42891.6484,481.6563,1038.7218
-303964.1469,-261110.8071,42853.3398,475.7566,1075.5896
-303761.2402,-261046.8301,42714.4102,490.2858,1070.8458
-303599.8868,-260937.0313,42662.8555,486.7963,1114.8796
-303666.97,-260929.8489,42737.1211,528.942,1051.7435
-303480.2586,-260937.7274,42542.5312,495.8776,1040.4064
-303787.5109,-261065.4406,42722.0703,461.7212,1010.1477
-303955.3139,-261040.6029,42914.7109,505.3865,1053.4979
-303836.3683,-261090.4621,42745.9062,488.8154,1007.839
-303739.2114,-261168.4457,42570.7656,511.7762,1043.7528
-303700.2173,-261042.5883,42657.6289,470.299,1094.158
-303709.0793,-261153.0051,42556.0742,470.798,1033.4369
-304031.5199,-261112.0238,42919.4961,506.2479,1006.3135
-303794.1944,-261063.9209,42730.2734,489.9442,1068.674
-303731.543,-261188.3945,42543.1484,505.0217,1058.3473
-303924.792,-261135.503,42789.2891,490.7621,1032.2915
-303665.8316,-261114.7183,42551.1133,516.2843,1101.5263
-303733.9344,-261073.2079,42660.7266,522.5732,1054.5806
-303752.7433,-261060.0831,42692.6602,493.9106,1046.3356
-303667.2308,-261058.9612,42608.2695,508.1685,1047.1748
-303584.0163,-261015.7545,42568.2617,514.5479,1023.3486
-303761.1746,-261142.7527,42618.4219,483.7897,1099.4773
-303861.1934,-261095.4746,42765.7188,530.4707,1022.9744
-303858.3102,-261164.4782,42693.832,533.9652,1032.6442
-303889.6758,-261176.9297,42712.7461,450.1975,1051.4977
-303568.1073,-260975.6307,42592.4766,526.9388,1047.2268
-303586.7378,-260968.7143,42618.0234,485.7431,1015.377
-303634.8513,-260988.8005,42646.0508,477.2609,1018.3081
-303834.0247,-261189.7435,42644.2812,515.5488,1029.327
-303456.5695,-260955.339,42501.2305,482.8104,1052.5898
-303878.3376,-261022.8572,42855.4805,477.4846,1034.5404
-303746.6115,-261112.7404,42633.8711,513.2621,1062.7753
-303713.4212,-261047.0696,42666.3516,471.4405,1047.9875
-303796.1878,-261152.5784,42643.6094,508.0283,1055.9153
-303997.3093,-261166.8366,42830.4727,506.2736,1040.7381
-303496.8104,-260988.5604,42508.25,493.1662,1026.6787
-303897.751,-261151.833,42745.918,490.6293,1060.0355
-303863.0481,-261093.0989,42769.9492,506.5453,1037.5651
-303757.2167,-261145.4784,42611.7383,518.5058,1037.5463
-303864.5213,-261162.6424,42701.8789,525.4802,1020.6909
-303869.3453,-261148.5758,42720.7695,478.8857,1070.1091
-303999.8004,-261122.9528,42876.8477,472.4123,1032.2811
-303728.3275,-261098.8197,42629.5078,508.9724,1010.3063
-303529.3392,-261030.9095,42498.4297,475.4359,1004.313
-303832.6955,-260965.7814,42866.9141,480.6472,1021.8197
-303814.1936,-261058.6272,42755.5664,473.8957,1046.7657
-303733.1239,-261065.9559,42667.168,457.0283,1007.7343
-303631.8949,-261107.2894,42524.6055,482.2198,970.3296
-303661.4259,-261078.1447,42583.2812,490.741,1083.3371
-303675.6818,-261019.2639,42656.418,507.584,1043.2452
-303693.6112,-261055.9042,42637.707,500.505,1035.8355
-304055.3365,-261143.5435,42911.793,464.7243,1023.7303
-303835.1589,-261198.2566,42636.9023,494.6276,1031.5002
-303855.2379,-261044.4215,42810.8164,486.5158,1049.6799
-303878.057,-261172.4515,42705.6055,513.2983,1031.5656
-303967.3889,-261099.3576,42868.0312,520.554,996.2198
-303854.3268,-261157.901,42696.4258,474.9765,1024.0937
-303818.9463,-261036.9463,42782.0,466.9059,1013.4994
-303887.9622,-261195.8646,42692.0977,531.8838,1061.7288
-303746.4501,-261179.6493,42566.8008,494.3519,1079.8618
-303907.0877,-261111.9862,42795.1016,468.2684,1033.9844
-303837.8374,-261026.6147,42811.2227,490.6002,1058.0547
-303619.2172,-261081.2367,42537.9805,495.8189,1049.7925
-303952.6899,-261116.6391,42836.0508,492.137,1069.6856
-303688.7945,-261056.6656,42632.1289,507.1802,1053.7625
-303862.6072,-261088.1267,42774.4805,498.5788,1075.8326
-303584.7965,-261065.5621,42519.2344,499.1852,1061.2026
-303928.9566,-261138.5269,42790.4297,525.5854,1101.1851
-303612.8177,-261116.8958,42495.9219,503.1567,1112.2847
-303781.1791,-261106.3822,42674.7969,492.5563,1023.5949
-303802.371,-261102.6327,42699.7383,481.9736,1071.3708
-303820.2749,-261045.0093,42775.2656,494.5372,1019.0873
-303779.8322,-261147.9963,42631.8359,513.943,1036.7797
-303781.6157,-261097.5142,42684.1016,496.9302,1087.0483
-303656.9762,-261013.4215,42643.5547,494.1214,1047.1323
-304008.7331,-261065.3971,42943.3359,490.0158,1004.6425
-303724.4749,-261070.057,42654.418,484.1442,1045.436
-303576.9771,-261080.1802,42496.7969,500.154,1061.5714
-303733.3748,-261079.5623,42653.8125,465.414,1068.2096
-303809.6472,-261048.2136,42761.4336,483.3174,1036.032
-303907.2477,-261100.3531,42806.8945,462.4035,1051.5804
-303782.4428,-261141.4975,42640.9453,496.1622,1027.4797
-303762.2367,-261044.3578,42717.8789,522.352,1048.5134
-303588.0152,-261048.8394,42539.1758,476.4693,1076.2831
-303851.1572,-261090.2432,42760.9141,499.4415,1093.5051
-303677.5856,-261037.8161,42639.7695,470.8627,1077.9194
-303927.6571,-261213.9618,42713.6953,485.1489,1036.2763
-303919.607,-261165.275,42754.332,477.6446,1065.7949
-303749.2064,-261110.0619,42639.1445,494.454,1087.0494
-303615.3224,-261053.0528,42562.2695,498.3981,1022.3316
-303861.648,-261072.066,42789.582,495.0203,1100.5773
-303820.3738,-261103.9598,42716.4141,480.5388,1053.4734
-303802.4059,-261071.1051,42731.3008,499.3941,1007.0006
-303427.8839,-260928.4151,42499.4688,473.5092,1018.1063
-303653.3779,-261057.1318,42596.2461,473.6551,1009.105
-303588.8218,-261009.6968,42579.125,464.0322,1039.7319
-303719.9208,-261042.6122,42677.3086,493.9362,1067.4054
-303789.5942,-261027.8599,42761.7344,473.8916,1045.6367
-303999.4579,-261131.497,42867.9609,525.622,1031.4086
-303858.4089,-261128.6824,42729.7266,471.9096,1020.319
-303515.1283,-260979.2376,42535.8906,506.3031,1023.3044
-303934.7758,-261046.9672,42887.8086,502.682,981.3635
-303871.156,-261042.4919,42828.6641,487.0054,1031.9952
-304036.3628,-261090.4019,42945.9609,495.7669,999.7724
-303736.2944,-261170.6421,42565.6523,513.6048,1028.8272
-303864.6301,-261103.9387,42760.6914,486.0632,1068.403
-303915.0298,-261180.608,42734.4219,501.9155,1086.7297
-303578.7932,-261031.2463,42547.5469,485.9127,1018.8432
-303813.2966,-261129.9841,42683.3125,480.7825,1036.7751
-303563.6659,-261141.2597,42422.4062,502.5625,1042.8392
-303554.0088,-260982.7393,42571.2695,511.5255,1016.1586
-303555.6367,-261041.7109,42513.9258,490.4761,1036.281
-303748.6947,-261183.6244,42565.0703,456.2755,1087.6558
-304029.0423,-261189.636,42839.4062,502.4012,1047.1237
-303768.7968,-261163.3476,42605.4492,499.3691,1038.6234
-303817.1563,-261005.3165,42811.8398,502.8924,1017.3597
-303795.6622,-261077.2325,42718.4297,489.8332,1082.6956
-303591.8813,-261056.2407,42535.6406,513.0142,1054.9435
-303912.6938,-261082.6938,42830.0,517.0075,1012.2563
-303794.1496,-261049.0246,42745.125,491.8464,1009.3608
-303603.59,-261065.8322,42537.7578,499.9279,1022.8481
-303605.4199,-261114.7792,42490.6406,520.9724,1035.9533
-303700.1897,-261031.7561,42668.4336,516.8234,1062.3629
-303632.6887,-261018.6301,42614.0586,509.0303,1085.4684
-304013.1161,-261240.3778,42772.7383,502.4959,1046.7483
-303723.2067,-261132.2966,42590.9102,504.4656,1084.0643
-303593.0419,-261084.5927,42508.4492,498.1788,1040.3125
-303550.7725,-261093.9248,42456.8477,520.0947,1039.547
-303744.3043,-260990.1911,42754.1133,508.9455,1102.0164
-303732.1487,-261162.4456,42569.7031,501.0888,1048.7096
-303824.9506,-261149.271,42675.6797,478.0766,1004.2902
-303552.8514,-260976.2225,42576.6289,493.5312,1008.6311
-303740.9872,-261090.7606,42650.2266,517.3355,1006.7838
-303931.5301,-261058.3114,42873.2188,467.4581,1018.941
-303807.6537,-261115.2708,42692.3828,521.6307,1045.1495
-303734.3765,-261115.7827,42618.5938,467.6742,1052.599
-303794.957,-261110.3945,42684.5625,532.4164,1078.2046
-303773.5491,-261128.6507,42644.8984,462.677,1055.7561
-303730.8647,-261126.6108,42604.2539,484.5914,1078.6057
-303543.4141,-261104.9766,42438.4375,496.6588,1097.1164
-303774.8833,-261089.1958,42685.6875,480.6861,1060.2314
-303647.0577,-261079.3234,42567.7344,477.9461,1060.5306
-303667.9837,-261119.4447,42548.5391,507.0976,1052.9563
-303922.3028,-261204.1661,42718.1367,510.5701,1014.1588
-303705.7502,-261020.2541,42685.4961,491.7423,1074.7
-303714.2834,-261059.7795,42654.5039,499.6487,1049.6263
-303868.6614,-261183.2824,42685.3789,472.4302,1032.2525
-303982.8157,-261062.8899,42919.9258,512.9454,1041.0287
-303693.4765,-261086.2069,42607.2695,477.4732,1049.0975
-303854.8971,-261103.3463,42751.5508,494.5056,1113.2248
-303832.02,-261118.9028,42713.1172,489.4247,1054.2233
-303810.133,-261050.8674,42759.2656,488.4065,1024.2591
-303750.8637,-261111.0981,42639.7656,478.587,1003.7615
-303740.4824,-261078.1347,42662.3477,496.1266,1045.3626
-303769.604,-261082.0103,42687.5938,517.3065,1026.345
-303621.6931,-261012.7322,42608.9609,471.4596,1046.6942
-303736.0657,-261036.4797,42699.5859,506.9536,1045.5618
-303582.4646,-261081.3357,42501.1289,492.1499,1006.5465
-303738.5549,-261038.2736,42700.2812,539.4721,1012.9803
-303648.9815,-260986.4425,42662.5391,493.3831,1057.9226
-303889.2345,-261122.8127,42766.4219,520.6133,1024.0416
-303618.9466,-261056.9115,42562.0352,526.3924,1032.3231
-303821.2647,-261070.0265,42751.2383,496.7435,1024.2263
-303742.9678,-261035.7334,42707.2344,476.736,983.9258
-303722.9833,-261077.1279,42645.8555,533.0554,1030.8858
-303946.7859,-261148.1296,42798.6562,468.1076,1101.4275
-303630.9149,-261012.6024,42618.3125,506.7809,1055.4278
-303847.8408,-261068.0791,42779.7617,523.8021,1038.6406
-303684.362,-261083.905,42600.457,524.3913,1016.3236
-303622.6883,-261136.3992,42486.2891,483.6578,1041.9996
-303648.1546,-261088.2601,42559.8945,515.3514,1018.9321
-303622.3018,-261074.8487,42547.4531,476.5311,1044.5619
-304041.1656,-261117.1929,42923.9727,486.3862,1057.6637
-303686.4786,-261079.1075,42607.3711,444.0477,1049.1581
-303731.41,-261068.6561,42662.7539,474.5169,1104.0577
-303803.4784,-261118.9979,42684.4805,525.7329,1025.4878
-303727.8507,-261047.3233,42680.5273,481.2449,1022.4626
-303765.5181,-261093.5962,42671.9219,506.5605,1039.4715
-304035.0298,-261035.5728,42999.457,487.7432,1001.1326
-303885.9762,-261083.7691,42802.207,494.9196,1045.3952
-303676.2274,-261030.2782,42645.9492,497.4971,1003.9926
-303847.6023,-261030.6608,42816.9414,470.02,1045.9236
-303883.8655,-261079.1702,42804.6953,508.2687,1053.317
-303908.8902,-261167.5191,42741.3711,507.837,1012.8354
-303751.5912,-261026.6029,42724.9883,478.8938,1020.7694
-303769.5308,-261122.4683,42647.0625,444.7896,1042.478
-303847.0748,-261043.938,42803.1367,492.23,968.7813
-303629.0341,-261054.0459,42574.9883,496.3655,1038.1602
-303430.4469,-261036.6969,42393.75,465.9364,1013.7969
-303737.2832,-261109.877,42627.4062,513.9401,1026.0883
-303747.3919,-261065.5208,42681.8711,461.6116,1062.4316
-303874.7706,-261093.7003,42781.0703,479.4566,1035.2655
-303751.027,-261034.5934,42716.4336,473.835,1021.6428
-303831.5261,-261059.3659,42772.1602,459.314,1029.037
-303871.6576,-261117.3334,42754.3242,506.7347,1040.8989
-303896.7184,-261066.4528,42830.2656,503.8072,1019.264
-303708.8567,-261026.5833,42682.2734,494.2241,1066.3382
-303833.3872,-261160.438,42672.9492,508.8538,1028.7405
-303823.8683,-261112.3761,42711.4922,513.4771,1006.2519
-303809.5962,-261063.1821,42746.4141,466.3561,1025.8548
-303793.1826,-261058.0108,42735.1719,481.4738,1012.8323
-304020.5831,-261108.6924,42911.8906,511.1587,1040.9649
-303514.9298,-260951.1564,42563.7734,481.7065,1029.843
-303656.5464,-261064.1909,42592.3555,521.463,1057.3323
-303566.5229,-261097.6245,42468.8984,472.6281,1051.5628
-303634.7546,-260983.196,42651.5586,491.9691,1038.9601
-303626.2852,-261052.1212,42574.1641,510.598,998.174
-303749.0348,-261127.3473,42621.6875,488.452,1040.7399
-303787.3629,-261083.9567,42703.4062,523.5748,1088.7264
-303918.6707,-261160.0926,42758.5781,479.1986,1041.7617
-303886.7691,-261133.6207,42753.1484,528.6303,1046.1005
-303683.9951,-261015.2569,42668.7383,479.0573,1007.2632
-303821.3731,-261066.7246,42754.6484,474.0466,1037.9096
-303783.4497,-261104.024,42679.4258,484.5213,1081.7691
-303717.2807,-261112.3745,42604.9062,484.5937,1050.4907
-303686.449,-261059.3279,42627.1211,480.0321,1023.5365
-304045.6022,-261177.442,42868.1602,505.0858,1047.4507
-303545.4597,-260983.1628,42562.2969,499.8305,1071.295
-303769.9485,-261172.7532,42597.1953,535.0835,1055.366
-303848.2223,-261082.4645,42765.7578,503.2676,1069.6676
-303728.1439,-261026.1205,42702.0234,514.0017,1030.5903
-303899.7187,-261108.0937,42791.625,496.1342,1083.7724
-304072.4013,-261084.8427,42987.5586,490.5543,1067.5231
-303924.3403,-261124.0161,42800.3242,475.1199,1065.7821
-304094.1714,-261109.0815,42985.0898,500.959,1048.7086
-303542.6623,-261128.2951,42414.3672,511.1887,1038.9851
-303531.6598,-260991.5543,42540.1055,485.4194,1051.6732
-303553.6032,-261052.0836,42501.5195,505.9657,1079.3854
-303694.8773,-261100.5726,42594.3047,537.3431,1066.6533
-303870.0255,-261048.2208,42821.8047,483.4706,1048.6473
-303756.2587,-261090.3603,42665.8984,556.2951,1025.486
-303876.3822,-261046.8392,42829.543,481.5732,998.0913
-303839.6871,-261113.2965,42726.3906,481.4871,1037.8115
-303776.2886,-261032.7925,42743.4961,514.7978,1044.191
-303592.5787,-261063.5436,42529.0352,485.166,1047.9329
-303576.7808,-260914.6832,42662.0977,507.8872,1049.9944
-303790.6006,-261053.6358,42736.9648,508.5883,1004.2744
-304046.2172,-261147.0101,42899.207,503.2572,1049.1507
-303826.6041,-261123.5611,42703.043,476.2265,1069.7887
-303801.6245,-261072.0737,42729.5508,514.7761,1065.451
-303671.6083,-261051.9911,42619.6172,496.8148,1070.145
-303728.2187,-261117.8164,42610.4023,472.231,1086.8919
-303773.8053,-261081.899,42691.9062,481.1881,1012.8429
-303737.6718,-261090.8436,42646.8281,500.1002,1025.0749
-304043.0636,-261149.841,42893.2227,510.8884,1079.5714
-303718.0974,-261056.5974,42661.5,481.2649,1009.0434
-303710.794,-261078.583,42632.2109,515.3113,1069.8872
-303759.9944,-261094.3577,42665.6367,505.1683,1051.3665
-303900.4164,-261145.311,42755.1055,502.9958,1025.4254
-303691.1974,-261043.3341,42647.8633,493.1234,1040.7448
-303585.0463,-261078.433,42506.6133,515.2095,1082.8775
-303796.2625,-261097.3367,42698.9258,493.7169,1056.5109
-303834.5852,-261195.054,42639.5312,503.0457,1043.3861
-303576.5865,-261005.0943,42571.4922,486.2467,1026.1843
-303687.0892,-261059.0188,42628.0703,497.1609,1039.9056
-303919.7706,-261127.1417,42792.6289,500.2873,1076.6647
-304117.683,-261126.515,42991.168,501.3602,1039.9365
-303964.6503,-261118.0917,42846.5586,540.6371,1073.9101
-303785.9002,-261152.9002,42633.0,521.5674,1021.8495
-303637.7478,-261026.8728,42610.875,493.3495,1033.5381
-303914.4872,-261201.5614,42712.9258,521.37,1023.9674
-303599.2612,-261009.0933,42590.168,467.5436,1074.8526
-303843.6851,-261055.2007,42788.4844,484.5526,1063.7181
-303880.1551,-261092.9871,42787.168,517.0697,1065.4322
-303876.0711,-261050.1179,42825.9531,500.1994,1067.063
-303629.9071,-261060.3954,42569.5117,477.8292,1051.6394
-303747.6166,-261091.1087,42656.5078,510.7508,1031.1436
-303931.954,-261139.579,42792.375,503.2199,1029.504
-303762.6309,-261087.6582,42674.9727,473.4782,1015.8724
-303896.7051,-261059.4824,42837.2227,468.9751,1049.7493
-303823.5039,-261051.7266,42771.7773,529.6736,1016.0883
-303851.8626,-261059.9251,42791.9375,474.8845,1016.3011
-303642.6893,-261156.408,42486.2812,475.5165,1038.4718
-303648.5852,-261048.4133,42600.1719,509.2227,1068.1311
-303893.2985,-261126.2242,42767.0742,476.9554,1060.9944
-303817.0349,-261104.0037,42713.0312,516.0602,1062.0349
-303669.2348,-260969.145,42700.0898,484.7586,1026.0852
-303559.5908,-261091.1885,42468.4023,512.8814,1050.6315
-304062.3048,-261090.7618,42971.543,500.0482,1058.7209
-303612.7404,-261022.0568,42590.6836,483.6508,1049.6142
-303909.033,-261103.2674,42805.7656,488.853,1026.338
-303656.2835,-261049.221,42607.0625,498.7997,1044.7651
-303642.9391,-261028.818,42614.1211,462.2962,1057.3504
-303708.5993,-261020.2516,42688.3477,467.561,1042.111
-303671.2714,-260998.3573,42672.9141,505.1185,1050.0684
-303777.5868,-261063.4188,42714.168,492.4553,1039.2885
-303690.4411,-260998.4763,42691.9648,497.2353,1013.5359
-303475.3563,-261025.2782,42450.0781,508.3216,1023.7254
-303459.8932,-261066.1432,42393.75,486.2219,1021.0139
-303783.13,-261128.7238,42654.4062,483.363,1026.3608
-303708.9735,-261065.8446,42643.1289,468.0279,1082.0203
-303743.5842,-261051.4123,42692.1719,460.5905,1063.8707
-303762.0047,-260925.7351,42836.2695,483.0083,1039.4951
-303585.5396,-261059.0435,42526.4961,498.6418,1036.9564
-303695.8978,-261066.2455,42629.6523,500.7074,1104.4401
-303662.3392,-260974.308,42688.0312,509.6191,1046.5557
-303647.4602,-260988.0462,42659.4141,502.0122,1030.6765
-303853.7237,-261126.7589,42726.9648,498.2245,1084.5846
-303858.8829,-261041.6524,42817.2305,486.8777,1034.8988
-303919.6809,-261042.8958,42876.7852,456.3274,993.6125
-303626.0985,-261031.8759,42594.2227,498.9732,1028.9997
-303917.5851,-261239.3664,42678.2188,476.3582,1041.6681
-303750.4766,-261084.7695,42665.707,511.6965,1074.7669
-303771.5787,-261124.5357,42647.043,509.0663,1046.4355
-303709.5033,-261074.3431,42635.1602,517.8107,1062.5494
-303816.0917,-261127.3964,42688.6953,477.8178,1046.9587
-303872.3739,-261126.3778,42745.9961,477.4976,1055.9007
-303710.3535,-261093.0215,42617.332,505.9015,1010.4066
-303883.0581,-261151.7026,42731.3555,496.5731,1042.8553
-303527.2455,-260958.7807,42568.4648,524.0005,1064.0531
-303810.6068,-261100.0716,42710.5352,498.0623,1032.1706
-303804.4001,-261063.2165,42741.1836,478.2314,1094.5565
-303778.1536,-261036.2903,42741.8633,499.2911,1009.9063
-303747.7867,-261067.5484,42680.2383,499.1436,1029.6958
-303757.5986,-260969.2002,42788.3984,484.13,1014.3262
-303667.4174,-261034.9057,42632.5117,480.4429,1026.5223
-303845.7546,-261098.4929,42747.2617,546.8897,1058.7851
-303794.0383,-261092.9367,42701.1016,500.9064,981.1832
-303704.7823,-261041.5088,42663.2734,491.2045,1003.0881
-303803.5237,-261075.4104,42728.1133,491.5708,1070.7786
-303916.9853,-261108.2822,42808.7031,485.7866,1056.457
-304066.1976,-261167.6585,42898.5391,530.0265,1037.3142
-303676.9767,-261120.0118,42556.9648,464.7584,1035.4977
-303715.9961,-261120.0586,42595.9375,476.2289,1002.798
-303866.5865,-261102.8404,42763.7461,471.8177,1031.7188
-303817.9987,-261068.1393,42749.8594,492.2632,1045.4552
-303570.5288,-261116.2359,42454.293,512.1533,1037.5197
-303563.1021,-261119.7232,42443.3789,506.9869,1029.7703
-303884.7042,-261111.755,42772.9492,498.5083,1026.2396
-303812.8907,-261047.9962,42764.8945,488.086,1020.6286
-303795.8282,-261060.461,42735.3672,482.5208,1083.1973
-303939.8469,-261149.1516,42790.6953,466.6108,1005.231
-303630.4962,-261038.6407,42591.8555,484.2975,1029.772
-303769.3216,-260989.2786,42780.043,525.7158,1036.3225
-303865.3573,-261088.8455,42776.5117,522.4366,1025.6641
-303737.2327,-261127.4554,42609.7773,484.9034,1035.9989
-303851.7535,-261089.9215,42761.832,495.2176,1101.6008
-303819.785,-261097.8553,42721.9297,515.9578,1050.3094
-303824.3214,-261094.0284,42730.293,483.7054,1020.6039
-303809.3067,-261115.6583,42693.6484,513.2682,1045.0603
-303588.917,-261113.1436,42475.7734,517.6916,1063.2846
-303698.7047,-261091.3219,42607.3828,546.9082,1103.8003
-303802.2845,-261095.8939,42706.3906,517.9587,1046.6008
-303918.3269,-261129.9519,42788.375,469.5142,1048.1582
-303729.5738,-261052.5191,42677.0547,519.9597,1023.542
-303950.2366,-261128.7366,42821.5,500.4202,1055.5158
-303836.8758,-261018.6453,42818.2305,510.4888,1034.3681
-303618.0749,-261067.0671,42551.0078,486.4418,1025.9274
-303674.6731,-260989.9075,42684.7656,484.55,1063.191
-304016.0615,-261111.3974,42904.6641,504.0717,1061.5907
-303659.1228,-261100.8181,42558.3047,492.3158,1016.9661
-303943.8936,-260966.7139,42977.1797,470.08,1066.7657
-303744.1126,-261136.3431,42607.7695,514.5348,1049.967
-303698.1549,-261073.526,42624.6289,503.3278,1037.2384
-303609.4166,-261028.2135,42581.2031,496.5953,1031.5484
-303558.2117,-260943.7546,42614.457,475.3232,1011.4553
-303717.7003,-261069.8019,42647.8984,453.8654,1051.1207
-303624.9619,-261024.3603,42600.6016,450.4027,1023.488
-303713.1327,-261069.2186,42643.9141,489.667,1015.5648
-303739.8545,-261034.7178,42705.1367,541.3763,1037.2145
-303797.9056,-261189.7298,42608.1758,512.997,1018.4793
-303707.7973,-261051.8833,42655.9141,472.4063,1054.8001
-303881.027,-261086.6325,42794.3945,475.2786,1055.2422
-303927.1456,-261117.8995,42809.2461,479.3801,1042.2923
-304090.0861,-261087.6525,43002.4336,511.1002,1040.7794
-303589.7333,-261073.3857,42516.3477,495.7285,1039.1655
-303912.4009,-261057.147,42855.2539,487.1315,1030.4491
-303805.1365,-261114.9021,42690.2344,493.1938,1017.0725
-303782.5233,-261074.9101,42707.6133,487.3909,1015.6727
-303885.794,-261127.087,42758.707,513.1507,1046.2107
-303646.8443,-261028.4419,42618.4023,482.2601,1072.8501
-303828.1248,-260981.9608,42846.1641,467.6724,984.5065
-303693.6121,-261002.995,42690.6172,540.8671,1044.5679
-303885.2842,-261053.6866,42831.5977,479.7734,1042.1693
-303932.9436,-261098.7717,42834.1719,498.1009,1060.9554
-303768.9746,-261063.6504,42705.3242,490.0741,1025.4379
-303479.9171,-260970.3898,42509.5273,482.9811,1007.6816
-303639.8996,-261134.091,42505.8086,506.6926,1050.7304
-303974.4185,-261197.8873,42776.5312,463.1999,1043.4754
-303879.6304,-261061.9742,42817.6562,517.2525,1083.9965
-303868.9333,-261134.8434,42734.0898,479.9833,1023.6015
-303832.6942,-261089.0849,42743.6094,494.6003,1025.8315
-303726.8137,-261126.0363,42600.7773,504.824,1014.455
-303713.9528,-261053.609,42660.3438,499.3997,1040.7109
-303681.9775,-260946.6494,42735.3281,511.8909,1031.4495
-303928.6123,-261206.3896,42722.2227,485.6053,1068.4207
-303955.6844,-261114.5243,42841.1602,496.3953,1058.634
-303732.0621,-261152.2457,42579.8164,519.3465,1041.3146
-303739.1439,-261124.0853,42615.0586,496.167,1026.0673
-303872.2424,-261131.8869,42740.3555,500.9395,1015.6448
-303842.0106,-261093.0848,42748.9258,499.7075,1057.4366
-303867.5077,-261045.2772,42822.2305,488.9741,1059.3006
-303668.0121,-261048.1723,42619.8398,497.3891,1027.7259
-303789.5781,-261136.7461,42652.832,503.9119,1068.1691
-303821.7083,-261091.3177,42730.3906,493.4046,1059.016
-304116.2634,-261072.2752,43043.9883,481.5462,1055.251
-303783.1585,-261088.8929,42694.2656,476.479,1006.752
-303751.4188,-261110.0359,42641.3828,497.9382,1040.3983
-303884.8247,-261057.7544,42827.0703,491.4905,1046.3174
-303823.524,-261049.7662,42773.7578,503.5214,997.9519
-304068.4406,-261142.3898,42926.0508,506.1478,1049.3295
-303780.0377,-261187.69,42592.3477,499.6203,1072.0583
-303904.0793,-261101.1496,42802.9297,503.1466,1074.9481
-303605.6598,-261130.734,42474.9258,488.3938,1050.4213
-303975.2266,-261077.1758,42898.0508,481.502,1026.0899
-303646.2132,-261089.725,42556.4883,495.7466,1050.3617
-303906.7378,-261099.5347,42807.2031,465.5311,1069.5212
-304014.6042,-261136.6081,42877.9961,515.7047,1013.6507
-303746.2222,-261111.4527,42634.7695,455.8106,1035.9843
-303552.6855,-261062.5058,42490.1797,483.5604,1056.6863
-303858.6482,-261102.5428,42756.1055,475.8494,1058.4219
-303604.8988,-261034.8714,42570.0273,534.1198,1060.7709
-303462.5887,-261018.3465,42444.2422,542.7274,1057.1934
-303796.8274,-261156.9719,42639.8555,519.1059,1076.0584
-303746.0289,-261075.7086,42670.3203,501.8318,1043.9475
-303868.5414,-261057.2328,42811.3086,498.3227,1062.929
-303834.7561,-261150.7288,42684.0273,510.1848,1067.8855
-303861.2626,-261105.1649,42756.0977,506.0578,1084.5216
-303917.3105,-261127.4902,42789.8203,508.2803,1039.8599
-304056.9488,-261106.7769,42950.1719,476.4785,1063.1268
-303989.346,-261149.0999,42840.2461,471.3499,1061.2895
-303945.4215,-261000.527,42944.8945,514.9147,1057.6037
-303627.6242,-261089.6085,42538.0156,473.7258,1090.5493
-303974.7884,-261144.6009,42830.1875,470.3782,1010.4034
-304062.7731,-261254.1833,42808.5898,523.1483,1087.386
-303899.5696,-261161.4095,42738.1602,507.8252,1058.4155
-303819.2868,-261076.4196,42742.8672,489.1806,1105.9143
-303660.9408,-261183.1439,42477.7969,471.9197,1061.2486
-303950.7306,-261193.7775,42756.9531,501.2583,1034.7254
-303740.3025,-261210.2479,42530.0547,482.8125,1056.1688
-304081.2414,-261141.9836,42939.2578,484.5075,1051.3393
-303852.6114,-261098.0802,42754.5312,495.9744,1043.0593
-303787.4179,-261139.5351,42647.8828,514.6998,1087.1595
-303888.702,-261103.8817,42784.8203,481.4731,1049.9665
-303820.8121,-261122.8785,42697.9336,471.2926,1015.3927
-303593.146,-261050.9195,42542.2266,522.7845,1049.592
-303818.052,-261128.1458,42689.9062,459.85,1054.6549
-303606.0513,-261056.356,42549.6953,501.9238,1040.7711
-303758.2468,-261084.8171,42673.4297,526.4344,1076.6223
-303501.4978,-261088.4392,42413.0586,487.9642,1030.916
-303671.1434,-261054.663,42616.4805,507.31,1057.863
-303887.5391,-261065.9649,42821.5742,474.635,1020.5682
-303785.5594,-261134.8523,42650.707,521.659,1063.0592
-303722.4774,-261118.4774,42604.0,488.2119,1080.7301
-303440.2067,-261127.1989,42313.0078,517.0684,1067.2946
-303854.8451,-261265.3998,42589.4453,503.106,1083.0356
-303771.1115,-261196.1975,42574.9141,472.7768,1066.1578
-303846.6323,-261103.4019,42743.2305,487.6899,1052.5574
-303854.1047,-261164.8274,42689.2773,519.0625,1025.6671
-303818.7542,-261170.9182,42647.8359,545.7125,1028.9433
-303716.1473,-261124.3427,42591.8047,500.577,1050.9457
-303798.0139,-261048.842,42749.1719,502.544,1013.1022
-303901.3731,-261032.9747,42868.3984,481.8844,1010.7276
-303958.3964,-261143.5722,42814.8242,476.6733,1046.5145
-303935.629,-261026.8594,42908.7695,497.6372,1052.8426
-303552.0603,-261092.822,42459.2383,538.2292,1055.0966
-303637.4438,-261034.5063,42602.9375,507.4754,1037.639
-303877.0755,-261167.724,42709.3516,518.8456,1012.8594
-303690.0986,-261084.8525,42605.2461,493.7427,1031.6486
-303891.0315,-261046.1097,42844.9219,490.3392,1035.8704
-303673.3223,-261212.5372,42460.7852,470.4316,1049.0514
-303674.2045,-261127.4389,42546.7656,516.5394,1134.1768
-303865.8732,-261066.1662,42799.707,538.9872,1033.0545
-304175.1897,-261109.5569,43065.6328,458.3642,1021.1363
-303550.901,-260956.483,42594.418,487.1606,1006.2231
-303946.0775,-261157.5228,42788.5547,510.0548,1055.4211
-304073.0007,-261171.6257,42901.375,477.0057,1072.16
-303787.83,-261150.6699,42637.1602,486.8584,1029.286
-303746.5164,-261061.3797,42685.1367,491.5959,1059.151
-303540.8341,-260981.67,42559.1641,492.143,1050.5416
-303742.1266,-261140.818,42601.3086,502.3917,1039.5191
-303600.6383,-260969.361,42631.2773,475.5364,1029.9443
-303517.6388,-261052.924,42464.7148,469.928,1055.7194
-303726.9143,-260980.9573,42745.957,479.3491,1042.0391
-303774.5391,-261089.6719,42684.8672,489.4343,1101.3016
-304037.3589,-261181.1754,42856.1836,480.4114,1041.8325
-303671.4605,-261046.9058,42624.5547,493.0273,1078.2844
-303950.1473,-261067.5965,42882.5508,497.8888,1081.4443
-303787.8955,-261060.9619,42726.9336,501.5001,1014.5652
-303895.5025,-261117.1118,42778.3906,461.8605,1035.7179
-303730.5864,-261201.9927,42528.5938,471.9457,1057.2914
-303710.8468,-261078.1241,42632.7227,546.9048,1065.7606
-303703.0449,-261150.9824,42552.0625,519.5889,1044.647
-303693.9197,-261059.2907,42634.6289,519.3547,1026.2361
-303724.3641,-261073.368,42650.9961,494.574,1017.9234
-303734.0939,-261049.3712,42684.7227,469.883,1018.7017
-303914.9413,-260996.4608,42918.4805,493.4377,1033.9799
-303806.7974,-261043.8481,42762.9492,525.8424,1054.5914
-303647.7374,-260969.9445,42677.793,528.1355,976.0286
-303893.8047,-261113.6328,42780.1719,473.7517,1072.5976
-303843.2029,-261056.6365,42786.5664,506.3443,1059.3755
-303654.0326,-261075.5872,42578.4453,491.8875,1051.1596
-303629.5316,-261071.2972,42558.2344,528.0412,1056.0274
-303508.2064,-261004.6556,42503.5508,502.0422,1034.4519
-303869.1913,-261143.1952,42725.9961,503.069,1015.7297
-303835.3455,-261070.4783,42764.8672,516.5558,1039.7477
-303687.6098,-261032.0395,42655.5703,487.9268,1051.7172
-303782.0209,-261063.642,42718.3789,499.8979,1031.985
-303823.0321,-261086.5164,42736.5156,466.2859,1070.422
-303738.9088,-261110.1432,42628.7656,481.8738,1047.8295
-303707.2262,-261087.9801,42619.2461,520.7036,1072.6728
-303838.004,-261083.8009,42754.2031,484.2667,1041.9558
-303763.9565,-261094.1986,42669.7578,477.4583,1045.5006
-303789.0807,-261048.6003,42740.4805,479.639,1056.1089
-303943.6959,-261145.9966,42797.6992,484.769,1077.9675
-303926.9489,-261107.0583,42819.8906,497.695,1041.1641
-303624.3697,-261022.0377,42602.332,523.8776,1057.3093
-303666.8103,-261122.3884,42544.4219,494.9678,994.595
-303919.8835,-261121.4772,42798.4062,486.6357,1020.8011
-303498.1697,-260987.6541,42510.5156,484.3313,1002.2793
-303873.4396,-261090.4865,42782.9531,524.3603,1059.3784
-303634.1014,-261100.8827,42533.2188,504.0961,1006.6044
-303741.2112,-261115.2463,42625.9648,504.7904,1037.6595
-303792.703,-261039.1678,42753.5352,482.3615,1029.3615
-303654.7902,-261053.1808,42601.6094,493.3935,1089.5078
-303888.4676,-261132.3699,42756.0977,488.5077,1045.5891
-303731.7819,-261135.4069,42596.375,494.2278,1023.8905
-303886.4591,-261102.2208,42784.2383,470.5265,1073.2413
-303768.345,-261104.6849,42663.6602,486.7668,999.971
-303833.7364,-261072.4747,42761.2617,501.6006,1018.1517
-303842.92,-261092.4551,42750.4648,474.8281,1047.2328
-303884.3358,-261122.3436,42761.9922,529.1739,1025.4926
-303531.6928,-261041.306,42490.3867,516.1128,1053.0915
-303512.2171,-261054.5609,42457.6562,491.9195,1062.1764
-303918.7224,-261023.3943,42895.3281,480.9091,1007.5293
-303808.9459,-261052.3053,42756.6406,539.1772,1029.0002
-303710.4067,-261089.145,42621.2617,506.7563,1018.1021
-303891.7822,-261156.79,42734.9922,500.2703,1056.8441
-303824.7005,-260989.5247,42835.1758,459.2087,1022.3502
-303725.1544,-261062.338,42662.8164,502.3118,1054.6314
-303520.5641,-261093.068,42427.4961,502.2458,1050.6029
-303692.8599,-261064.5982,42628.2617,488.6885,1010.3051
-303665.1377,-261136.1768,42528.9609,483.9888,1036.7688
-303947.4191,-261154.5871,42792.832,502.2625,1040.0416
-303954.6911,-261095.7536,42858.9375,458.3452,1033.1608
-303914.5158,-261039.0158,42875.5,494.2172,1028.2803
-303652.386,-260947.6243,42704.7617,483.7762,1062.3699
-303827.5074,-261108.9761,42718.5312,497.0767,1037.3881
-303760.1018,-261098.9807,42661.1211,522.9162,999.824
-303770.4311,-261071.3842,42699.0469,504.5143,1061.2573
-303854.587,-261053.7237,42800.8633,473.1584,1032.6111
-303978.6605,-261147.6761,42830.9844,508.5939,1037.2571
-303810.5452,-261170.5764,42639.9688,507.0665,1072.9846
-303711.6923,-261086.7548,42624.9375,486.6688,1034.1855
-303790.5248,-261115.5599,42674.9648,494.5779,1050.8358
-303621.8074,-261098.9129,42522.8945,494.5595,1027.2718
-303773.4766,-261139.3399,42634.1367,503.7677,1080.9782
-303751.2293,-261229.991,42521.2383,516.9833,1023.8956
-303966.8201,-261113.7967,42853.0234,474.7633,1092.5098
-303922.4267,-261099.997,42822.4297,489.7334,1062.1357
-303810.6008,-261155.8313,42654.7695,504.7835,1055.0435
-303787.1683,-261142.0355,42645.1328,507.9513,1013.6471
-303592.211,-261016.3008,42575.9102,505.9178,1063.0443
-303771.3456,-261082.0761,42689.2695,476.3005,1029.7921
-303700.7973,-261146.1215,42554.6758,507.5191,996.849
-303727.2528,-261063.577,42663.6758,520.6604,1071.9251
-303835.7011,-261138.8535,42696.8477,502.0696,1049.5056
-303646.2871,-261154.6895,42491.5977,500.7362,1046.1791
-303958.4486,-261090.1752,42868.2734,496.087,1070.6641
-303780.6005,-261095.2177,42685.3828,502.1371,1074.4807
-303671.7242,-260998.275,42673.4492,506.3226,1047.8995
-303775.8244,-261092.8088,42683.0156,519.3815,1028.6852
-303800.1146,-261118.2982,42681.8164,521.1746,1046.4288
-303955.7914,-261242.0453,42713.7461,519.8971,1078.212
-303794.3003,-261059.8941,42734.4062,479.9123,1100.5136
-303904.7393,-261143.7237,42761.0156,532.2027,1064.7003
-303883.3571,-261100.2555,42783.1016,544.7896,1068.9947
-303845.617,-261144.7732,42700.8438,520.8247,1008.9807
-303573.3326,-261057.5318,42515.8008,497.0143,1035.0628
-303751.7531,-261050.964,42700.7891,503.3339,1015.2929
-303641.6778,-261136.4629,42505.2148,487.3754,1001.6163
-303838.2835,-261127.8264,42710.457,490.3078,1076.2943
-303820.2411,-261139.1903,42681.0508,510.009,1041.4718
-304123.732,-261104.1343,43019.5977,468.1828,1045.1113
-303946.0694,-261133.6319,42812.4375,499.6217,1035.7858
-303607.4866,-261114.2092,42493.2773,494.8431,1029.7123
-303746.7029,-261041.6404,42705.0625,519.3488,1077.9066
-303740.4106,-261155.6215,42584.7891,523.4707,1077.7257
-303796.1334,-261136.3912,42659.7422,466.9876,1042.9881
-304044.5663,-261130.7108,42913.8555,488.8003,1000.8118
-303865.2683,-261107.8425,42757.4258,525.994,1110.1233
-303653.0603,-261101.1111,42551.9492,479.2688,1084.2514
-303754.3114,-261129.7059,42624.6055,484.7818,1027.6551
-303908.1886,-261155.9386,42752.25,460.2145,1083.0047
-303755.4414,-261011.0977,42744.3438,449.6848,1037.4538
-303556.0588,-261140.551,42415.5078,496.578,1057.0544
-303700.8592,-261036.0154,42664.8438,523.9245,990.7029
-303700.0668,-261147.2152,42552.8516,484.5116,1076.3542
-303777.0155,-261133.3827,42643.6328,502.4459,1025.5749
-303774.4277,-261129.7128,42644.7148,475.9414,1015.0678
-303813.5167,-260990.5597,42822.957,491.3482,1019.0366
-303614.0888,-261007.0146,42607.0742,485.5564,1045.9933
-303760.9954,-261132.3821,42628.6133,525.2766,1056.9807
-303624.292,-261101.5108,42522.7812,501.8523,1044.9565
-303815.461,-261021.9024,42793.5586,476.4311,1046.649
-303635.034,-261006.3856,42628.6484,469.0673,1040.8863
-303692.8839,-261133.0323,42559.8516,495.3872,1037.31
-303667.6594,-261119.5773,42548.082,454.7407,1036.7886
-303848.2813,-261070.4688,42777.8125,486.3985,1026.4114
-303713.4277,-261040.2011,42673.2266,468.1151,1042.0768
-303956.0239,-261089.1411,42866.8828,469.8976,1052.975
-303837.3175,-261098.7003,42738.6172,518.6303,1049.0954
-303994.9733,-261153.9147,42841.0586,481.1175,1034.3695
-303782.8929,-261080.6937,42702.1992,480.157,1049.7525
-303631.7643,-261103.5377,42528.2266,488.2101,1057.5118
-303856.2031,-261090.3789,42765.8242,491.4661,1037.0295
-303630.3277,-260976.5659,42653.7617,479.1203,1037.8032
-303650.9268,-261132.6182,42518.3086,470.4381,1038.7936
-303704.2815,-260993.6018,42710.6797,496.8769,1033.9268
-303745.1113,-261118.5449,42626.5664,515.1703,1064.0266
-303919.9186,-261088.5554,42831.3633,489.8656,1053.5957
-303743.1174,-261022.0432,42721.0742,494.768,1072.7166
-303577.7873,-260974.0061,42603.7812,462.1351,1042.7324
-303783.8081,-261116.0893,42667.7188,509.8349,1032.0925
-303795.5687,-261064.9202,42730.6484,502.7171,1034.0369
-303748.5706,-261097.7464,42650.8242,510.8571,1105.0584
-303876.1885,-261146.5049,42729.6836,494.7781,1077.3563
-303566.3531,-261037.4547,42528.8984,479.0934,1034.8192
-303779.684,-260984.6801,42795.0039,526.1644,1064.4665
-303690.7166,-261058.1737,42632.543,500.58,1011.5438
-303641.9729,-261008.7073,42633.2656,494.8281,1061.6577
-303866.8422,-261154.1977,42712.6445,506.7354,1041.1329
-303846.144,-260965.4487,42880.6953,496.2654,1093.5072
-303822.6943,-261180.7373,42641.957,480.8594,1035.7132
-303851.8349,-261102.7919,42749.043,517.2721,1015.3039
-303455.5721,-261056.2987,42399.2734,499.4472,1061.4118
-303905.7914,-261040.5492,42865.2422,448.9088,1024.8772
-303892.127,-261143.2755,42748.8516,477.3988,1035.1386
-303864.5585,-261195.1561,42669.4023,493.3613,1027.7877
-303570.6015,-261050.2734,42520.3281,476.9865,1019.9794
-303716.1021,-261070.5435,42645.5586,482.6435,1032.4427
-303710.4038,-261094.7866,42615.6172,496.5889,1040.1576
-303631.9312,-261110.0914,42521.8398,506.0787,1029.0069
-303883.1014,-261035.5116,42847.5898,538.4966,1052.2118
-303901.0985,-261065.6727,42835.4258,511.4072,1012.6217
-303806.3355,-261100.3238,42706.0117,490.0698,1033.7435
-303620.9505,-261033.0755,42587.875,486.3536,1004.2218
-303852.7672,-261089.3922,42763.375,510.5394,1035.333
-303670.5572,-261102.6471,42567.9102,493.7451,1026.1409
-303907.1177,-261140.6763,42766.4414,485.3137,1024.5309
-303966.8075,-261045.0653,42921.7422,483.8234,1044.2321
-303814.171,-261181.4952,42632.6758,531.9435,1012.4702
-303663.9073,-260989.3096,42674.5977,508.4227,1039.894
-303749.6873,-261102.0155,42647.6719,516.7274,1014.6685
-303833.8795,-261049.9849,42783.8945,464.1513,1067.6382
-303646.4875,-261019.4328,42627.0547,500.8061,1061.6949
-303609.0555,-261065.8445,42543.2109,465.7076,1074.4568
-303834.9529,-261166.4412,42668.5117,502.5902,1042.5556
-303916.8878,-261066.1104,42850.7773,478.0703,1061.2092
-303558.7659,-261054.3636,42504.4023,485.6187,1041.1396
-303933.063,-261144.7817,42788.2812,477.4845,1056.5373
-303590.2364,-261103.3536,42486.8828,483.6007,1063.337
-303683.5119,-261089.4065,42594.1055,481.024,1062.3706
-303814.3773,-260987.8577,42826.5195,482.2755,1075.8926
-304127.6881,-261177.4615,42950.2266,488.8252,1001.4212
-303691.3625,-261052.8156,42638.5469,503.8115,1092.5569
-303835.9817,-261050.1145,42785.8672,509.2805,1043.9834
-303659.294,-261095.3487,42563.9453,473.1691,1057.3746
-303614.0031,-261049.7258,42564.2773,505.406,1020.397
-303857.9027,-261113.9535,42743.9492,506.1196,1020.6526
-303549.3013,-261071.2896,42478.0117,483.4009,1035.2235
-303664.4567,-261064.6325,42599.8242,502.4572,1046.423
-303797.9729,-261070.7659,42727.207,516.9792,1051.8006
-303882.5959,-261141.3928,42741.2031,480.0305,1020.4534
-303790.4206,-261039.9401,42750.4805,514.746,1037.4946
-303669.467,-261056.7483,42612.7188,492.2266,1040.0975
-303828.0935,-260992.0428,42836.0508,460.7075,1020.4442
-303990.1324,-261174.2456,42815.8867,494.7361,1037.1586
-303676.8735,-261093.7407,42583.1328,515.3214,1019.3422
-303717.2038,-261068.5788,42648.625,488.9278,1069.5477
-303862.5541,-261033.2963,42829.2578,506.7256,1016.0118
-303668.1844,-261048.7625,42619.4219,488.6634,1044.9181
-303849.0657,-261094.6048,42754.4609,482.5289,1046.9845
-303595.4549,-261081.3299,42514.125,484.0462,1050.087
-303853.3104,-261161.9705,42691.3398,533.3162,1061.446
-303814.5658,-261172.7845,42641.7812,488.6565,1035.8335
-303588.0651,-261145.2839,42442.7812,502.1904,1093.3246
-303871.4829,-261071.565,42799.918,497.3623,1048.3133
-303694.8068,-261081.1661,42613.6406,479.5208,1020.1155
-303827.6561,-261059.5389,42768.1172,489.6066,1041.2116
-303892.0713,-261147.4229,42744.6484,467.9273,1063.2259
-303669.1968,-261082.6343,42586.5625,469.4689,1015.4264
-304018.6631,-261105.167,42913.4961,514.8197,1033.6064
-303772.9211,-261089.6203,42683.3008,488.4381,1052.2642
-304156.5791,-261129.251,43027.3281,471.4741,1062.5365
-303766.7378,-261126.6518,42640.0859,467.7959,1037.8934
-303955.1495,-261075.2277,42879.9219,465.3147,1056.2737
-303826.8908,-261039.297,42787.5938,510.7989,1069.3746
-303787.0632,-261041.2156,42745.8477,491.2697,1014.2902
-303754.4878,-261249.0855,42505.4023,493.235,1030.4437
-303800.3432,-261152.7026,42647.6406,482.0571,1032.4398
-303919.5208,-261158.3021,42761.2188,475.447,1018.1576
-303731.2787,-261022.5912,42708.6875,498.0651,1043.2994
-303831.1814,-261075.1775,42756.0039,505.3388,1011.1751
-303962.2832,-261103.748,42858.5352,494.5184,1058.3014
-303770.0865,-261019.1607,42750.9258,491.7845,1039.7537
-303434.6017,-260977.4728,42457.1289,471.6521,1036.612
-303608.057,-260952.9281,42655.1289,525.1003,1019.3718
-303668.7992,-261073.4086,42595.3906,467.5688,1039.2666
-303758.9504,-261052.0598,42706.8906,486.1112,1035.7155
-303664.1084,-261091.0889,42573.0195,520.7702,1050.9239
-303801.5225,-261094.3428,42707.1797,502.0062,1065.0631
-303568.3867,-261076.5976,42491.7891,526.419,1062.2882
-303767.8411,-261040.7904,42727.0508,512.037,1040.2816
-303850.492,-261125.6209,42724.8711,481.2347,1063.775
-303646.1507,-261142.9671,42503.1836,522.8753,1021.7776
-303588.8976,-261020.839,42568.0586,528.4772,1056.1925
-304140.8858,-261251.3154,42889.5703,522.4627,1090.6497
-303803.5958,-261102.0606,42701.5352,536.1686,1033.3326
-303896.1624,-261061.342,42834.8203,481.9299,1046.3448
-303824.3248,-261013.5201,42810.8047,481.9587,1023.8514
-303750.7025,-261061.5579,42689.1445,498.822,1077.7511
-303763.9274,-261039.3766,42724.5508,488.6131,1045.904
-303599.9723,-261016.5621,42583.4102,464.8999,1041.6586
-304049.981,-261071.2857,42978.6953,508.5639,1049.5191
-303859.4468,-261012.7007,42846.7461,507.7751,1058.6854
-303878.4751,-261178.3775,42700.0977,492.4584,1026.6804
-303771.0597,-261074.048,42697.0117,514.0772,1060.6075
-303588.1345,-261068.2283,42519.9062,488.6518,1043.7339
-303339.7335,-261068.4679,42271.2656,486.0239,1099.9067
-303803.9424,-261045.4111,42758.5312,512.5544,1063.3205
-303888.5748,-261055.8326,42832.7422,504.873,1030.9008
-303847.4998,-261016.5115,42830.9883,514.7375,1024.7478
-303679.0125,-261122.6453,42556.3672,471.6276,1013.6369
-303770.1188,-261145.7789,42624.3398,481.8387,1048.7911
-303927.244,-261163.0643,42764.1797,472.4149,993.2458
-303810.8708,-261194.8239,42616.0469,481.6207,1077.2837
-303873.5742,-261197.1367,42676.4375,509.4031,1055.3196
-303614.4604,-261112.5151,42501.9453,506.2575,1099.0807
-303603.3546,-261113.8429,42489.5117,483.0909,1095.2466
-303708.3972,-261005.6238,42702.7734,505.498,1046.3088
-303703.5455,-261098.5572,42604.9883,510.0099,1055.3945
-303648.0571,-261017.7329,42630.3242,461.2983,1019.5905
-303970.8455,-261109.451,42861.3945,505.6095,1059.6099
-303734.8947,-261107.5509,42627.3438,445.7013,994.6601
-303874.2957,-261121.6394,42752.6562,509.5236,1040.2997
-303645.176,-260988.8635,42656.3125,473.2782,1038.6081
-303938.0377,-261198.9635,42739.0742,472.7677,1023.0127
-303836.9471,-261061.4511,42775.4961,453.118,1025.1569
-303770.3119,-261094.558,42675.7539,523.7045,1023.3003
-303601.9158,-261113.4119,42488.5039,482.0975,1072.2055
-303590.158,-261062.2088,42527.9492,521.0884,1022.4641
-304033.6207,-261014.8317,43018.7891,516.0671,1013.8096
-303798.1801,-261127.6918,42670.4883,478.297,1058.4509
-303580.4454,-261015.1915,42565.2539,483.765,1061.4522
-303779.6292,-261075.6449,42703.9844,484.3572,1006.1839
-303764.8272,-261114.9678,42649.8594,502.582,1013.6756
-303788.6545,-261060.1545,42728.5,493.017,1070.3952
-303885.0678,-261148.5522,42736.5156,484.4963,1020.2733
-303778.6973,-261043.2911,42735.4062,486.1901,1055.1145
-303868.3779,-261110.5068,42757.8711,485.6776,1054.7628
-303638.4075,-260979.1614,42659.2461,527.9904,1009.3881
-303784.7312,-261110.7586,42673.9727,493.8814,1028.7265
-303697.1586,-261000.6821,42696.4766,473.5009,1066.2954
-303573.0853,-261028.0541,42545.0312,508.7453,1025.06
-303742.3628,-261047.7769,42694.5859,473.2379,1077.914
-304045.3992,-261044.5203,43000.8789,470.3078,1007.138
-303841.8198,-261058.9331,42782.8867,476.4038,1049.2445
-303524.5378,-261073.4636,42451.0742,482.5546,1052.3697
-303768.5774,-261183.5032,42585.0742,467.8575,1068.5044
-303602.2464,-261058.7347,42543.5117,472.9881,1124.469
-303635.9197,-261035.1892,42600.7305,471.3081,1023.8881
-303771.2152,-261062.012,42709.2031,471.0094,999.6799
-303846.2965,-261127.7535,42718.543,489.7989,1020.3018
-303745.4683,-261030.7457,42714.7227,493.2258,1033.087
-303922.6112,-260989.1151,42933.4961,502.4718,1061.7259
-303615.9195,-261054.9352,42560.9844,517.1528,1009.1666
-303753.4348,-261159.0247,42594.4102,493.7321,1041.6341
-303726.3951,-261025.8521,42700.543,501.0676,1050.7798
-304118.6298,-261117.8251,43000.8047,490.3983,1048.9619
-303763.3754,-261190.1957,42573.1797,460.3083,1075.2955
-303490.7268,-260993.0042,42497.7227,499.2779,1082.3145
-303623.9532,-261107.9806,42515.9727,499.2588,1055.5442
-303841.1686,-261044.0826,42797.0859,501.5916,1019.841
-304013.9889,-261208.8521,42805.1367,495.1068,1072.3895
-303688.9093,-261053.5929,42635.3164,490.833,1063.5215
-303717.269,-261036.6753,42680.5938,490.967,1069.4263
-303782.2661,-261070.1255,42712.1406,501.5115,1007.6483
-303566.0502,-260979.3588,42586.6914,479.4535,1019.3532
-303544.3587,-261016.3079,42528.0508,507.2758,1033.1438
-303962.921,-261148.296,42814.625,495.1844,1060.518
-303771.0995,-261076.7479,42694.3516,483.0505,1081.4932
-303873.6778,-261132.5059,42741.1719,470.2357,1077.6233
-303790.4478,-261149.3032,42641.1445,505.3139,1032.596
-303833.5007,-261090.5828,42742.918,500.429,1070.3819
-303801.2496,-261089.8942,42711.3555,482.136,1044.7165
-303867.2063,-261088.1009,42779.1055,497.7524,1029.8828
-303673.8469,-261090.9719,42582.875,450.3774,1023.9478
-303831.6921,-261123.3328,42708.3594,475.3587,1066.7392
-303754.6695,-260911.5289,42843.1406,454.8345,1064.5598
-303832.3911,-261163.2192,42669.1719,489.0344,1036.3793
-303629.8469,-261107.1594,42522.6875,532.3139,1078.7884
-303708.9499,-261041.1882,42667.7617,507.6194,1066.1893
-303700.3987,-261040.3166,42660.082,500.1555,1053.5897
-303950.2199,-261157.7316,42792.4883,477.3748,1049.4412
-303748.8726,-261091.9116,42656.9609,499.533,1060.3957
-303757.4141,-261099.1329,42658.2812,506.1667,1042.3809
-303928.587,-261238.9307,42689.6562,520.2927,1045.7171
-303632.079,-261066.2782,42565.8008,476.7711,1049.4425
-303805.9222,-261038.2738,42767.6484,500.1826,1032.6601
-303969.0639,-261176.6029,42792.4609,531.9781,1016.1959
-303793.2726,-261095.7882,42697.4844,485.2352,991.3887
-303878.3121,-261099.1012,42779.2109,507.8859,1057.9144
-303795.3222,-261060.4746,42734.8477,505.8229,1060.5504
-303855.6273,-261168.2054,42687.4219,499.8235,1059.9763
-303976.1365,-261095.2888,42880.8477,491.4876,1039.6324
-303540.0964,-261038.155,42501.9414,486.904,1065.3283
-303573.6767,-261018.661,42555.0156,520.1394,1018.9878
-303929.5363,-261084.38,42845.1562,483.7735,1050.7073
-303682.8728,-261083.986,42598.8867,483.3219,1027.2416
-303727.6636,-260991.4175,42736.2461,503.9495,1007.8561
-303670.3993,-261035.4814,42634.918,551.4557,1044.8442
-303992.8171,-261141.0202,42851.7969,487.3508,1028.1438
-304114.191,-261090.398,43023.793,476.9161,1030.2608
-303852.8339,-261067.4003,42785.4336,475.5623,1078.5271
-303884.0656,-261081.546,42802.5195,488.8686,1073.1309
-303449.9954,-261023.0111,42426.9844,497.5463,1069.6366
-303572.4631,-261125.7834,42446.6797,505.0242,1050.7785
-303594.457,-261076.1055,42518.3516,501.2885,1084.6232
-303692.8024,-261093.9,42598.9023,492.505,1000.6486
-303884.2661,-261167.852,42716.4141,525.7229,1048.7621
-303744.465,-261116.1017,42628.3633,500.529,1027.4516
-303666.4892,-261105.7001,42560.7891,474.4809,1053.7358
-303899.8698,-261059.5143,42840.3555,499.01,1035.2951
-303676.3427,-261089.3231,42587.0195,495.9881,1005.7122
-304192.415,-261195.1299,42997.2852,514.4815,1032.1634
-303956.697,-261103.9548,42852.7422,513.3747,1017.2569
-303863.8019,-261060.5676,42803.2344,474.057,1048.6073
-303937.3151,-261083.0105,42854.3047,491.8234,1035.5702
-303613.1998,-261062.8287,42550.3711,530.6025,1069.2597
-303682.678,-261027.717,42654.9609,504.1588,1047.8972
-303574.8717,-261031.8795,42542.9922,476.9519,1052.3451
-303907.4233,-261122.642,42784.7812,478.9047,1085.4736
-303827.7489,-261135.0614,42692.6875,486.3144,1027.3535
-303644.8073,-261066.8816,42577.9258,520.7962,1057.2979
-303580.0189,-261034.9642,42545.0547,534.9719,1056.6842
-303518.9457,-261027.5355,42491.4102,481.8994,1021.843
-303931.0043,-261103.6136,42827.3906,467.8265,1029.5932
-303874.4789,-261090.0179,42784.4609,499.4368,1062.2538
-303956.0876,-261087.4313,42868.6562,531.898,1038.1209
-304057.4149,-261132.661,42924.7539,481.4795,1050.8811
-303974.127,-261196.2793,42777.8477,480.3811,1033.2843
-303850.8745,-261048.2261,42802.6484,486.7768,1055.3288
-303813.2687,-261116.6555,42696.6133,515.2442,1047.3507
-303556.5687,-261034.4359,42522.1328,458.3537,1003.4607
-303887.5561,-261094.1733,42793.3828,454.1776,1006.4645
-303677.1088,-261076.8353,42600.2734,475.6794,1036.4927
-303938.56,-261124.7943,42813.7656,502.6026,1029.7686
-303829.2162,-261088.0013,42741.2148,500.1658,990.9914
-303774.9591,-261087.549,42687.4102,519.7735,1018.0388
-303672.5035,-261075.4957,42597.0078,500.0015,1026.9342
-303805.2665,-261076.6845,42728.582,484.2502,1001.4306
-303787.8315,-261079.8823,42707.9492,509.6687,994.3148
-303841.5309,-261020.0153,42821.5156,464.0601,1020.8944
-303661.3473,-260993.9606,42667.3867,508.5268,1025.5263
-303701.4287,-261056.542,42644.8867,471.6618,1083.1916
-303565.5733,-261012.4678,42553.1055,472.8315,994.6382
-303896.6941,-261128.0066,42768.6875,527.4252,1066.1607
-303878.5089,-261092.9151,42785.5938,487.2706,1071.4662
-303892.3747,-261108.7771,42783.5977,507.0368,1021.8032
-303693.0804,-261024.1859,42668.8945,492.9529,1049.9067
-303677.8908,-261156.6642,42521.2266,479.6054,1031.3398
-303923.2337,-261111.6438,42811.5898,525.4368,1030.6101
-303879.7087,-261070.318,42809.3906,470.1097,1051.5911
-303878.7377,-261110.0541,42768.6836,499.91,1040.4338
-303936.8442,-261126.7934,42810.0508,488.0853,1097.9163
-303797.2336,-261092.0774,42705.1562,497.9497,1076.5065
-303747.5006,-261113.5475,42633.9531,491.4397,1083.1535
-303635.2951,-261121.0646,42514.2305,521.2781,1052.8515
-303809.2897,-261027.7194,42781.5703,510.634,1003.4268
-303783.4961,-261079.6289,42703.8672,493.46,1049.3786
-303854.5603,-261052.0916,42802.4688,465.5712,1058.3262
-303817.6656,-261119.1499,42698.5156,456.5147,1038.3193
-303692.9893,-261047.9112,42645.0781,480.0468,1019.8678
-303771.4244,-260983.3775,42788.0469,514.0892,1027.7088
-303764.3205,-261052.5744,42711.7461,459.9944,1017.2053
-303724.167,-261016.8506,42707.3164,518.8746,1043.7797
-303809.4692,-261054.27,42755.1992,485.2281,1062.4798
-303911.3076,-261113.706,42797.6016,476.1088,1009.2664
-303652.0685,-260992.5255,42659.543,484.9006,1038.679
-303796.6046,-261124.3663,42672.2383,510.9276,1059.8478
-303862.3037,-261092.6944,42769.6094,464.1066,1079.5056
-303720.6378,-261022.8604,42697.7773,512.3782,991.4364
-303969.4566,-261134.398,42835.0586,492.8767,1014.1065
-303782.2236,-261180.9267,42601.2969,515.4074,1031.2357
-303861.5563,-261089.4587,42772.0977,509.0625,1064.1925
-303839.3819,-261141.2686,42698.1133,504.8615,1009.0323
-303752.5819,-261069.621,42682.9609,491.7586,1021.3548
-303954.4893,-261141.4307,42813.0586,518.614,1042.6239
-303655.3165,-261001.4103,42653.9062,520.2087,1007.664
-303458.2048,-261049.0095,42409.1953,476.4085,1050.8189
-303832.5107,-261169.0419,42663.4688,517.3276,1060.4886
-303706.8897,-261066.1827,42640.707,499.8285,1009.3112
-303816.2126,-261135.4119,42680.8008,481.4128,1026.1467
-303642.805,-260958.18,42684.625,503.3057,973.1806
-303616.5172,-261075.3102,42541.207,502.3545,1051.5163
-303683.6581,-261098.9472,42584.7109,454.8769,1092.8662
-303803.3714,-261045.4691,42757.9023,512.7088,1057.1537
-303857.1263,-261174.6302,42682.4961,487.8181,1065.3711
-303860.5935,-261051.3006,42809.293,494.7748,1012.2367
-303661.994,-261059.6502,42602.3438,480.8525,1024.6509
-303846.5491,-261065.8694,42780.6797,482.7235,1064.182
-303923.7797,-261082.307,42841.4727,475.7028,1049.0706
-303943.3972,-261091.6823,42851.7148,480.1827,997.007
-303490.4556,-261048.0103,42442.4453,513.6082,1078.2862
-303831.4045,-261090.4826,42740.9219,492.4792,1071.7821
-303976.9491,-261214.0077,42762.9414,510.8793,1051.8736
-303695.259,-261012.9309,42682.3281,493.5785,1010.8065
-303526.0258,-261080.518,42445.5078,486.6499,1015.9213
-303726.0479,-261067.1885,42658.8594,483.8043,1082.7564
-303619.1176,-261035.8911,42583.2266,485.3406,1057.3436
-303783.295,-261083.3771,42699.918,500.4808,1051.7931
-303812.1976,-261031.0492,42781.1484,489.8822,997.7064
-303888.1287,-261116.5233,42771.6055,490.8261,1073.8799
-303733.1718,-261072.832,42660.3398,519.661,1050.0531
-303893.9676,-261152.1121,42741.8555,529.4708,988.3443
-303739.393,-261102.1547,42637.2383,467.1468,1067.3651
-303741.476,-261132.8354,42608.6406,509.3223,1053.8714
-303510.4581,-260991.8643,42518.5938,511.8323,996.0014
-303878.99,-261033.0525,42845.9375,502.0477,1049.9591
-303924.8354,-261093.3432,42831.4922,488.0523,1039.5976
-303936.8524,-261142.6063,42794.2461,507.6703,1075.0011
-303618.222,-261098.0852,42520.1367,489.8244,1032.5005
-303792.1403,-261040.5934,42751.5469,489.3019,1059.3658
-303918.4025,-261095.3986,42823.0039,501.0857,1032.9443
-303930.294,-261200.3682,42729.9258,477.4236,1022.9883
-303620.7679,-261012.6859,42608.082,495.7912,1062.6627
-303674.821,-261137.6218,42537.1992,472.0148,1020.4273
-303819.4234,-261151.8687,42667.5547,491.3894,1038.1341
-303854.3412,-261129.8333,42724.5078,503.5018,1033.2542
-303832.4106,-261065.1918,42767.2188,483.5381,1032.1673
-303633.5083,-261087.4926,42546.0156,499.9222,1094.6183
-303649.9707,-261038.6269,42611.3438,480.715,1066.5642
-303850.0705,-261070.6681,42779.4023,468.3377,1093.666
-303742.1306,-261045.5447,42696.5859,502.6364,1015.7424
-303941.2508,-261113.8992,42827.3516,499.7519,1044.5322
-303875.2783,-261067.2119,42808.0664,478.1059,1010.8858
-303795.9943,-261108.8966,42687.0977,523.6926,1058.1215
-303576.6491,-261047.2389,42529.4102,517.5647,1046.3009
-303738.9437,-261087.5765,42651.3672,507.6214,1029.3986
-303534.149,-261021.567,42512.582,517.1896,1052.3328
-303697.283,-260975.6736,42721.6094,469.0139,1059.3562
-303772.8714,-261109.9691,42662.9023,447.5762,983.6786
-303672.4752,-261092.1667,42580.3086,508.9152,1056.6984
-303832.521,-261005.4039,42827.1172,455.1584,1042.9293
-303722.8781,-261071.4524,42651.4258,475.82,1039.0181
-304015.4281,-261109.1508,42906.2773,473.8029,1044.7557
-303789.274,-261153.3287,42635.9453,483.6134,1075.9796
-303728.2607,-261181.0654,42547.1953,484.9487,1034.2458
-303792.8575,-261103.7247,42689.1328,496.6262,1045.1701
-303737.6959,-261039.6998,42697.9961,524.1992,1069.0281
-303835.2053,-261106.2873,42728.918,490.543,1075.999
-303432.6438,-260933.6399,42499.0039,475.4572,1033.2943
-303598.0232,-261078.363,42519.6602,471.7925,1023.3269
-303646.3339,-261085.576,42560.7578,489.7147,1040.7565
-303665.9138,-261061.152,42604.7617,517.3656,1042.1103
-303862.7855,-261104.4925,42758.293,465.6375,1034.8468
-303860.1172,-261028.9649,42831.1523,494.743,1029.2228
-303851.2381,-261090.242,42760.9961,479.843,1076.2501
-303795.302,-261114.2668,42681.0352,487.929,1050.3578
-303999.8895,-261103.7528,42896.1367,489.6065,1058.0841
-303695.4948,-261050.1705,42645.3242,508.7974,1011.8512
-303751.9657,-261103.0126,42648.9531,498.4726,1045.5817
-303844.5701,-261062.6521,42781.918,460.4058,1020.5789
-303566.8773,-261131.389,42435.4883,490.0483,1055.5861
-304063.5293,-261172.2715,42891.2578,495.2623,1026.7123
-303787.63,-261138.9347,42648.6953,510.8022,1037.2419
-303785.1532,-260997.8172,42787.3359,489.9711,1029.6918
-303657.4512,-261059.5137,42597.9375,439.479,989.2662
-303758.219,-261093.8127,42664.4062,505.0102,1001.8347
-303713.8171,-260995.3132,42718.5039,516.2742,1056.1627
-303519.7028,-261053.7575,42465.9453,509.7457,1046.8179
-303737.2386,-261072.6175,42664.6211,501.7766,1060.7043
-303804.5352,-261097.0821,42707.4531,496.8892,1014.6337
-303889.6624,-261067.1468,42822.5156,453.329,1023.7767
-303814.874,-261059.4092,42755.4648,500.2978,1031.0105
-303686.0967,-261114.667,42571.4297,494.8991,1063.6551
-303849.5014,-261130.9897,42718.5117,477.5993,1029.4855
-303808.9577,-261056.528,42752.4297,489.5624,1029.1035
-303703.1153,-261102.5333,42600.582,478.2969,1013.2346
-303621.5157,-261071.6407,42549.875,492.5994,1034.1369
-303987.3561,-261095.8288,42891.5273,513.31,1017.3798
-303876.4314,-261081.6697,42794.7617,481.7376,997.2319
-304045.4019,-261142.9175,42902.4844,495.46,1040.224
-303714.5293,-261127.7403,42586.7891,470.7141,1042.9957
-303904.5889,-261027.0264,42877.5625,507.3599,1007.8655
-303770.5484,-261098.646,42671.9023,498.0311,1025.3062
-303781.7643,-261171.9323,42609.832,469.4588,1047.9874
-303833.061,-261089.9438,42743.1172,485.5973,1052.8841
-303547.9282,-261065.0376,42482.8906,488.2797,1071.3084
-303959.0244,-261024.1963,42934.8281,481.7953,1019.6344
-304047.8107,-261159.2716,42888.5391,488.3557,1046.772
-303816.068,-261103.4781,42712.5898,501.8401,1020.1631
-303842.5804,-261116.5569,42726.0234,522.9013,1034.3361
-304337.0797,-261187.9703,43149.1094,494.3134,1055.7047
-303560.1346,-261067.1776,42492.957,479.2641,1062.762
-303689.5538,-261038.5811,42650.9727,492.0594,1002.35
-303939.8347,-261141.3581,42798.4766,508.0712,1058.0433
-303993.5616,-261086.7139,42906.8477,495.7829,1084.9889
-303884.2574,-261093.7417,42790.5156,480.8954,1065.5832
-303882.7822,-261087.9307,42794.8516,476.7092,1089.2024
-303851.9167,-261158.3776,42693.5391,496.9577,1053.2222
-303833.5438,-261148.5243,42685.0195,537.9337,1075.5561
-303989.4127,-261098.2369,42891.1758,515.3148,1060.7346
-303864.1748,-261087.0302,42777.1445,490.7702,1066.4511
-303867.101,-261155.1596,42711.9414,485.8205,1040.7849
-304066.584,-261220.4746,42846.1094,500.2383,1074.7625
-303777.2698,-261073.2308,42704.0391,503.2926,1033.6892
-303664.437,-261126.7885,42537.6484,509.0326,1027.2551
-303763.9859,-261153.107,42610.8789,496.6039,1049.445
-303827.2125,-261080.2672,42746.9453,483.5346,1047.3571
-303681.6881,-261041.692,42639.9961,525.0533,1054.5306
-303908.6763,-261115.5162,42793.1602,474.7363,1059.979
-303634.6206,-261018.6401,42615.9805,478.4226,1050.5518
-303764.371,-261054.5702,42709.8008,450.8728,1027.4669
-303886.3614,-261079.881,42806.4805,496.6936,1035.1716
-303697.4084,-261143.9904,42553.418,505.2686,1005.7729
-303584.0765,-261076.9945,42507.082,499.4419,1019.9434
-303891.3789,-261239.7344,42651.6445,492.4379,1056.4741
-303660.9136,-261086.8433,42574.0703,478.7497,1014.1077
-303703.4741,-261017.5171,42685.957,513.5553,1047.1383
-303777.3073,-261115.2214,42662.0859,485.5526,1023.5154
-303901.4239,-261057.4005,42844.0234,482.9773,1059.2931
-303947.4083,-261115.5294,42831.8789,483.6191,1044.5547
-303890.7843,-261072.964,42817.8203,519.5149,992.9719
-304070.6405,-261167.8319,42902.8086,511.7083,1047.0496
-303946.5051,-261075.0754,42871.4297,496.3178,1049.4865
-303866.843,-261065.55,42801.293,472.7781,1012.3494
-303547.3749,-260984.6445,42562.7305,504.0535,1045.8035
-303711.1563,-261078.3242,42632.832,468.7521,1016.3741
-303721.6156,-260988.307,42733.3086,512.0388,1028.01
-303866.6919,-261053.5982,42813.0938,500.6563,1049.7373
-303774.2214,-261119.6941,42654.5273,492.5672,1097.2624
-303608.2558,-261067.0722,42541.1836,499.6504,1049.3052
-303880.9289,-261043.2375,42837.6914,486.9404,1049.8478
-303727.4218,-261134.5898,42592.832,500.6065,1058.7603
-303676.0835,-261056.1381,42619.9453,501.1017,1037.5365
-303603.1269,-260965.9706,42637.1562,482.5762,1056.4713
-303771.9544,-261098.7161,42673.2383,502.8645,1012.8626
-303917.0608,-261073.678,42843.3828,486.8416,1055.7769
-304040.2464,-261132.4535,42907.793,472.2003,1030.5209
-303556.5655,-261056.7296,42499.8359,499.4234,1025.3588
-303847.2427,-261136.1177,42711.125,495.3178,1038.5845
-303691.1928,-261065.2435,42625.9492,480.9168,1066.9083
-303665.0158,-261001.0744,42663.9414,493.4396,1009.3241
-303917.8106,-261036.0138,42881.7969,487.3475,1035.3926
-303879.8906,-261185.2499,42694.6406,493.4022,1005.642
-303738.8935,-261010.0497,42728.8438,488.7685,1054.3093
-303886.1646,-261070.1958,42815.9688,500.1859,1030.0993
-303780.1981,-261090.2488,42689.9492,469.7352,1046.8085
-303968.9931,-261161.2509,42807.7422,482.1287,1109.3188
-303921.4721,-261167.2807,42754.1914,506.6057,1035.7156
-303869.4965,-261073.5981,42795.8984,478.4233,1056.3243
-303807.2436,-261063.2397,42744.0039,464.7804,1022.2893
-303930.5159,-261138.555,42791.9609,481.5503,1063.5671
-303762.8076,-261000.2608,42762.5469,505.0777,1047.1905
-303853.9206,-261028.0768,42825.8438,493.081,1040.3916
-303934.1816,-261042.8183,42891.3633,497.1438,1061.3296
-303736.9301,-261066.9184,42670.0117,493.6691,1034.4436
-303696.4963,-261042.6721,42653.8242,472.3654,1037.1954
-303949.3586,-261066.9015,42882.457,493.294,1022.9155
-303867.2198,-261025.7823,42841.4375,492.8525,1038.4801
-303775.2154,-261046.7115,42728.5039,477.7077,1009.0965
-303746.6337,-261005.5868,42741.0469,480.9408,1003.6585
-303579.6639,-261044.0858,42535.5781,499.9873,1004.9461
-303857.7943,-261132.9857,42724.8086,540.7895,1006.9292
-304052.0546,-261073.4687,42978.5859,458.3979,1045.2149
-303925.1191,-261145.9629,42779.1562,508.6645,1040.1487
-303787.6043,-261031.9598,42755.6445,494.9541,1030.408
-303886.4827,-261135.2444,42751.2383,494.1854,1048.2472
-303856.3892,-261072.6899,42783.6992,498.6349,1004.9912
-303938.9868,-261140.1391,42798.8477,487.7404,1075.33
-303689.8723,-261054.759,42635.1133,533.6174,1010.8907
-303848.3035,-261108.0418,42740.2617,485.2895,1045.0554
-303768.0481,-261163.2044,42604.8438,515.9496,1023.0363
-303746.503,-261104.4444,42642.0586,512.6935,1096.5427
-303632.8084,-261051.828,42580.9805,495.0448,964.2926
-303802.938,-261098.6958,42704.2422,498.7152,1062.9403
-304014.569,-261069.5065,42945.0625,499.9684,1038.4051
-303855.7753,-261080.8026,42774.9727,493.2417,1030.9354
-303880.9334,-261061.5545,42819.3789,511.1343,1088.2566
-303700.2937,-261070.4187,42629.875,481.4662,1021.6413
-303938.6402,-261078.1637,42860.4766,491.3339,1019.7991
-303614.7188,-261128.875,42485.8438,508.8423,1061.2477
-303570.6552,-261002.8271,42567.8281,506.6528,1037.0182
-303682.2951,-261071.1896,42611.1055,506.2247,1019.5002
-303844.3064,-261171.9432,42672.3633,506.2447,1027.0083
-303766.6495,-261035.9112,42730.7383,445.1491,1015.3498
-303905.2631,-261095.0834,42810.1797,494.5167,1046.4498
-303718.847,-261066.7416,42652.1055,503.4301,1020.8545
-303571.0389,-261148.0194,42423.0195,512.0799,1073.9014
-303684.0826,-261110.4302,42573.6523,481.7147,1076.7202
-303914.2951,-261101.674,42812.6211,477.9763,1053.5267
-303840.1387,-261128.0449,42712.0938,484.1882,1008.785
-303705.3477,-261021.9649,42683.3828,498.3742,1050.0774
-303860.2991,-261117.5139,42742.7852,488.8854,1074.5324
-303667.7806,-260993.9329,42673.8477,494.3242,1053.0073
-303820.8162,-261059.3201,42761.4961,467.3732,1029.3164
-303664.7052,-261019.174,42645.5312,493.7056,1046.4445
-303749.0165,-260990.1297,42758.8867,470.2793,1075.9391
-303647.3551,-260977.3278,42670.0273,484.3433,1035.071
-303633.5701,-261051.0428,42582.5273,517.642,1025.1748
-303806.7283,-261030.322,42776.4062,492.5085,1026.505
-303797.4458,-261088.5083,42708.9375,503.3653,1029.9499
-303714.8548,-261164.4095,42550.4453,497.9809,1050.7456
-303763.9924,-261097.1682,42666.8242,485.6006,1062.58
-303883.7625,-261102.9656,42780.7969,487.627,1039.522
-303588.8378,-261052.1972,42536.6406,471.2593,1081.6911
-303962.0873,-261103.4701,42858.6172,490.1177,1069.0038
-303656.5886,-261051.8855,42604.7031,501.7772,1068.4217
-303721.6573,-261090.3253,42631.332,511.8907,1054.9763
-303905.9519,-261103.5339,42802.418,515.2234,987.8573
-303846.921,-261162.2218,42684.6992,493.0391,1042.9546
-303838.2657,-261128.7305,42709.5352,485.4753,1090.9987
-303884.7581,-261144.4808,42740.2773,513.9418,1054.9392
-303829.0877,-261048.1698,42780.918,516.9185,1035.51
-303765.6992,-261029.4101,42736.2891,456.6732,1048.4516
-303558.7391,-261031.9383,42526.8008,474.3275,1028.0294
-303813.0529,-261085.5529,42727.5,516.7579,1033.7203
-303629.0513,-261129.5044,42499.5469,494.386,1056.6582
-303721.6588,-261149.147,42572.5117,533.1587,1054.7544
-303850.7353,-260994.8173,42855.918,485.7989,1020.0804
-304114.6472,-261090.3933,43024.2539,491.2991,1033.1198
-303990.9009,-261120.0689,42870.832,504.6932,1014.0008
-303683.7447,-261117.7682,42565.9766,479.5736,992.5446
-303949.3034,-261042.8463,42906.457,474.907,1043.1103
-303749.1422,-261014.1657,42734.9766,484.4805,1034.3688
-303692.1254,-261094.3285,42597.7969,497.1198,1038.1649
-303745.0424,-261080.3159,42664.7266,499.454,1072.096
-303701.7885,-261082.8002,42618.9883,494.7582,1058.9836
-304004.2059,-261099.2919,42904.9141,491.8211,1039.5358
-303828.9732,-261091.3326,42737.6406,493.0253,1014.5547
-303883.8181,-260975.1892,42908.6289,510.5039,1067.847
-303789.8673,-261082.9142,42706.9531,532.8567,1033.8457
-303854.0914,-261062.2867,42791.8047,477.6259,1065.4756
-303608.8687,-261115.5679,42493.3008,475.2905,1000.0138
-303910.2125,-261092.7164,42817.4961,469.6473,1003.6945
-303873.5061,-261048.053,42825.4531,508.6207,1035.6154
-303753.3039,-261068.1164,42685.1875,489.967,1033.1581
-304132.1412,-261149.6022,42982.5391,500.314,1059.0174
-303723.0822,-261133.0471,42590.0352,473.1909,1036.8028
-303894.688,-261132.6334,42762.0547,518.2372,1044.8872
-303618.0245,-261042.0596,42575.9648,486.2772,1077.922
-303685.5016,-261106.3375,42579.1641,492.2154,1034.8759
-303761.1529,-261061.0514,42700.1016,510.5687,1038.7144
-303712.114,-261005.0242,42707.0898,497.1278,999.2849
-303826.8143,-261136.7244,42690.0898,487.508,1035.2953
-303930.333,-261088.2548,42842.0781,517.0874,1017.4174
-303585.7281,-261036.1187,42549.6094,460.9686,1043.5792
-303898.8233,-261066.2803,42832.543,496.2128,1046.8191
-303860.0147,-261137.9795,42722.0352,487.8622,1043.3397
-303884.0571,-261124.0454,42760.0117,490.5215,1043.5906
-303876.8855,-261157.2098,42719.6758,466.2926,1064.2515
-303815.0649,-261105.2017,42709.8633,453.3497,1057.2367
-303436.9275,-261058.9626,42377.9648,480.8317,1035.4119
-303850.1718,-261039.2343,42810.9375,483.6178,1002.0748
-304026.4647,-261149.535,42876.9297,506.474,1065.4091
-303667.2985,-261091.8454,42575.4531,518.5179,1033.5844
-303773.9914,-261059.5812,42714.4102,524.9709,1005.9115
-303536.0621,-261024.734,42511.3281,489.4695,1035.4211
-303587.8686,-261101.1147,42486.7539,492.7425,1015.5148
-303803.1433,-261067.5144,42735.6289,530.9046,1050.7073
-303507.5961,-261057.1742,42450.4219,505.6212,1038.7726
-303796.8361,-261158.383,42638.4531,502.0445,1054.3292
-303844.7897,-261042.7389,42802.0508,477.1581,1041.9752
-303611.1159,-261104.3894,42506.7266,488.1757,1046.42
-303837.687,-261026.5112,42811.1758,490.2626,982.2318
-303910.7408,-261107.6236,42803.1172,494.109,1032.4163
-303875.3192,-261102.8466,42772.4727,500.9871,1037.5188
-303741.9125,-261094.8773,42647.0352,506.8563,1053.0425
-303651.9131,-261017.0576,42634.8555,461.1156,1035.5606
-303700.2562,-261050.8461,42649.4102,491.6916,988.8477
-303799.1085,-261128.3468,42670.7617,483.4343,1062.9288
-304042.582,-261145.8945,42896.6875,479.3508,1059.7683
-303841.4855,-261079.4191,42762.0664,469.5546,1001.9686
-303920.1971,-261090.7557,42829.4414,456.3242,1054.2962
-303571.6298,-261101.3563,42470.2734,502.7344,1039.7651
-303687.0774,-261105.5618,42581.5156,474.6771,1064.9676
-303645.0522,-261074.4936,42570.5586,479.0685,1057.755
-303747.5577,-261088.8702,42658.6875,495.2118,1040.847
-303717.9527,-261016.2847,42701.668,494.9584,1035.313
-303951.2715,-261073.2754,42877.9961,478.303,989.81
-303890.3569,-261192.0171,42698.3398,512.2189,1026.8155
-303866.1306,-261052.486,42813.6445,458.8251,1050.0107
-303507.301,-261087.758,42419.543,480.8756,1047.079
-303739.9936,-261076.6265,42663.3672,519.4838,1069.2288
-303601.573,-261090.6238,42510.9492,484.2366,1054.1611
-303708.1231,-261106.9278,42601.1953,500.7983,1039.2313
-303912.2803,-261112.9443,42799.3359,472.0438,1016.3669
-303588.8308,-261089.3308,42499.5,525.8913,1020.0143
-303722.2328,-261130.2211,42592.0117,487.7031,1067.5382
-303877.9883,-261126.6406,42751.3477,483.9741,1139.6714
-303944.2774,-261204.4845,42739.793,470.6508,1028.3845
-303666.6576,-261084.6615,42581.9961,449.0905,1033.2501
-303595.2391,-261039.3367,42555.9023,480.2955,1065.8683
-303728.572,-261074.0603,42654.5117,509.7545,1027.662
-303787.3005,-261127.3904,42659.9102,456.4374,1042.884
-303536.4967,-261026.1256,42510.3711,483.3971,1044.361
-303716.9829,-261035.5415,42681.4414,490.4607,1019.4549
-303651.8888,-261182.8537,42469.0352,457.5398,1000.2286
-304191.6583,-261109.8771,43081.7812,473.1415,1066.4854
-303764.8048,-261107.3126,42657.4922,496.8659,1062.112
-303834.4321,-261144.1821,42690.25,467.165,1009.7512
-303631.0769,-261050.2136,42580.8633,468.5739,1055.495
-303972.0717,-261122.521,42849.5508,497.7792,1051.0004
-303794.3745,-261086.562,42707.8125,493.1641,1026.2924
-303638.6336,-261143.5594,42495.0742,481.8369,1054.0952
-303815.6786,-261104.9169,42710.7617,493.4088,1045.5382
-303889.6335,-261164.7077,42724.9258,507.5368,1043.4885
-303295.625,-260975.875,42319.75,502.0348,1060.1727
-303893.7052,-261095.838,42797.8672,460.6614,1043.1585
-303942.6699,-261184.0761,42758.5938,519.747,1049.6828
-303684.3286,-261104.3481,42579.9805,511.2182,1027.7256
-303778.8357,-261036.3475,42742.4883,488.9924,1057.0293
-304074.2845,-261140.9368,42933.3477,488.214,1040.0418
-303802.0621,-261172.0738,42629.9883,509.6211,1044.8243
-303814.3522,-261078.7936,42735.5586,502.301,1057.9943
-303990.5234,-261107.082,42883.4414,494.6113,1031.4679
-303873.4679,-261095.339,42778.1289,489.3302,1051.0301
-303789.6007,-261039.9053,42749.6953,497.5939,1065.1714
-304117.8254,-261083.7824,43034.043,487.8084,1031.2277
-304061.8018,-261145.2784,42916.5234,487.9735,1061.2799
-303839.8743,-261068.0813,42771.793,484.6351,1053.1412
-303937.1447,-261082.5197,42854.625,485.66,1032.632
-303744.9367,-261034.5149,42710.4219,481.8511,1016.8599
-303886.6763,-261104.1333,42782.543,521.0776,1048.1359
-303933.5065,-261063.7409,42869.7656,491.2411,1075.2219
-303905.5971,-261165.6713,42739.9258,517.5183,1029.547
-303925.5241,-261167.2584,42758.2656,519.0091,997.9946
-303837.0824,-261095.512,42741.5703,531.3639,1027.1444
-303922.6465,-261173.4902,42749.1562,503.1604,1047.4727
-303713.0665,-261100.4259,42612.6406,495.0131,1023.5728
-303930.7148,-261041.1874,42889.5273,493.4286,1031.8177
-303877.9571,-261156.0001,42721.957,509.8988,1079.6726
-303744.1014,-261086.2615,42657.8398,507.0287,1019.0947
-303802.785,-261114.6678,42688.1172,496.7058,1048.1679
-303822.3875,-261185.5632,42636.8242,466.5027,1032.7942
-303844.6289,-261090.6289,42754.0,493.335,1031.9237
-303717.3134,-261127.1376,42590.1758,534.813,1077.0729
-303726.2167,-260996.2284,42729.9883,480.4281,1047.9083
-303899.842,-261096.8225,42803.0195,512.3504,1039.2268
-303895.7828,-261129.4039,42766.3789,516.6135,1043.6462
-303800.222,-261025.2025,42775.0195,492.5404,1043.0498
-303669.8649,-261035.1461,42634.7188,486.084,1068.9437
-303934.1013,-261236.8474,42697.2539,476.4083,1042.0769
-303715.6241,-261074.1514,42641.4727,487.6626,1062.2132
-303892.2627,-261130.958,42761.3047,494.1613,1036.1732
-303670.9013,-261030.3544,42640.5469,495.4755,1030.0286
-303489.2511,-261056.5792,42432.6719,521.2009,1065.0897
-303873.2797,-261163.2485,42710.0312,492.5056,1053.8966
-303707.1403,-261074.1403,42633.0,510.362,1062.6191
-303815.8381,-261062.9905,42752.8477,488.0594,1003.8991
-304001.9644,-261087.9683,42913.9961,496.9016,1023.8962
-303505.5407,-261013.3376,42492.2031,498.0689,1001.4949
-303527.0613,-260977.6394,42549.4219,468.5348,1064.6574
-303809.8366,-261072.153,42737.6836,498.9515,1052.894
-303726.9251,-261047.929,42678.9961,520.3288,1011.8442
-303756.0515,-261128.0476,42628.0039,502.4727,1043.9467
-303545.0117,-261081.8633,42463.1484,522.7449,1085.8343
-303954.6387,-260992.4239,42962.2148,502.6171,1094.0704
-303627.2801,-260990.12,42637.1602,484.8209,1044.3782
-303710.4962,-260982.379,42728.1172,516.5896,1032.0394
-304111.9365,-261216.8232,42895.1133,520.6233,984.009
-303858.9703,-261142.3101,42716.6602,514.9342,1002.8877
-303631.2708,-260913.8646,42717.4062,480.9871,1046.4865
-303846.6335,-261105.8835,42740.75,452.9717,1080.1858
-303605.0103,-261049.94,42555.0703,492.3642,1065.023
-303861.1375,-261108.536,42752.6016,488.6432,1084.28
-303748.8002,-261085.4916,42663.3086,514.3681,1094.9154
-303597.1586,-261067.6938,42529.4648,486.8753,1062.5649
-303707.7592,-261043.3451,42664.4141,535.8631,1013.5078
-303942.3461,-261106.4984,42835.8477,509.3293,1040.7513
-303928.0001,-261105.461,42822.5391,450.9456,1074.2529
-303899.7053,-261087.9123,42811.793,467.4346,1020.0189
-303866.1708,-261121.831,42744.3398,520.1802,1043.921
-303873.1314,-261157.7135,42715.418,531.8234,1066.1674
-303705.5824,-261057.1019,42648.4805,510.4203,1042.4197
-303788.3613,-261072.9706,42715.3906,484.3824,1066.8509
-303697.895,-261031.1215,42666.7734,459.9053,1040.6283
-304151.7208,-261148.6935,43003.0273,495.9877,1038.0443
-303949.2164,-261026.7945,42922.4219,499.227,991.8591
-303603.1972,-261057.7128,42545.4844,487.1454,1062.9402
-303882.638,-261050.2044,42832.4336,499.3048,1035.3866
-303799.4631,-260994.0842,42805.3789,447.3168,1028.4619
-304006.1736,-261185.7165,42820.457,531.6906,1062.6444
-303564.1312,-261064.9359,42499.1953,504.6788,1070.343
-303685.2211,-261006.85,42678.3711,459.145,1028.1915
-303727.8575,-261083.3887,42644.4688,494.5347,1005.5972
-303748.042,-261060.2412,42687.8008,513.1293,1022.2234
-303807.1942,-261036.1474,42771.0469,484.8608,1029.613
-303741.3193,-261090.2881,42651.0312,475.6966,1025.4951
-304080.6365,-261090.9841,42989.6523,463.6032,1043.7929
-303585.3199,-261014.3004,42571.0195,464.393,1036.5492
-303723.5357,-261059.5826,42663.9531,504.0585,1024.4861
-303752.4619,-261052.2354,42700.2266,482.008,1027.9208
-303840.533,-261144.8572,42695.6758,511.1551,1074.4852
-303671.8508,-261048.1008,42623.75,510.9678,1028.921
-303732.3838,-261072.6572,42659.7266,474.9845,1008.2306
-303597.6715,-260985.984,42611.6875,485.5025,1027.4405
-303622.9757,-260936.2492,42686.7266,488.7383,1069.4434
-303767.0791,-261067.9853,42699.0938,498.3263,1055.6677
-303617.9972,-261099.1496,42518.8477,488.4043,1073.6981
-303511.5242,-261151.8094,42359.7148,491.8519,1067.432
-303777.5782,-261098.547,42679.0312,494.9448,1040.5814
-303461.1968,-261045.4819,42415.7148,506.8278,1010.1338
-303734.3947,-261067.5509,42666.8438,500.2171,1036.5556
-303872.1438,-261073.675,42798.4688,484.0439,1069.0854
-303646.7613,-260985.6988,42661.0625,492.5253,1017.3904
-303655.0086,-261134.4305,42520.5781,499.1469,1082.3044
-303704.1534,-261029.3565,42674.7969,470.081,1032.4784
-304027.8604,-261097.8917,42929.9688,471.6587,1041.1427
-303861.6421,-261034.9155,42826.7266,494.029,1059.1609
-303895.5466,-261157.0075,42738.5391,494.7316,1052.0563
-303722.3503,-260997.6979,42724.6523,471.6332,1051.772
-303576.638,-261017.8294,42558.8086,485.9126,1032.9587
-303711.9494,-261060.6213,42651.3281,519.013,1031.3388
-303853.7772,-261095.5701,42758.207,521.1008,1058.2273
-303608.9905,-260943.5569,42665.4336,494.5561,1075.2755
-303896.2118,-261010.1337,42886.0781,473.0869,1021.8003
-304044.3916,-261057.7588,42986.6328,504.8546,1035.2146
-303658.9742,-261026.7632,42632.2109,488.3694,1036.3478
-303814.3276,-261004.0815,42810.2461,490.7702,1038.6748
-303790.1782,-261055.7876,42734.3906,527.0726,1024.8926
-303582.2779,-261022.6647,42559.6133,485.3721,1031.3845
-303728.7238,-261069.0167,42659.707,489.2329,1053.8677
-303462.3609,-261091.7945,42370.5664,492.5169,1059.3192
-303822.9608,-261036.1327,42786.8281,483.4901,1057.8133
-303860.9745,-261048.2049,42812.7695,499.257,1015.1948
-303831.918,-261051.5586,42780.3594,509.6378,1002.2509
-303568.6907,-261008.1126,42560.5781,506.9197,1049.4553
-303744.2725,-261003.8428,42740.4297,519.2216,1014.6925
-303603.1117,-261041.2875,42561.8242,504.7507,1034.2965
-303682.5459,-261090.1357,42592.4102,496.9238,1044.7058
-303677.1605,-261102.0003,42575.1602,505.9801,1023.6958
-303915.7878,-261118.0691,42797.7188,484.1435,1059.6226
-303792.9164,-261087.768,42705.1484,507.7083,1050.2015
-303888.43,-261193.8519,42694.5781,517.7833,1064.0669
-303882.2457,-261186.652,42695.5938,511.032,1029.5721
-303713.9555,-261217.3422,42496.6133,474.5134,1044.2848
-303672.1621,-261054.3925,42617.7695,517.6901,1061.4296
-303676.3801,-261022.5754,42653.8047,492.8834,1069.9581
-303840.5599,-261142.4153,42698.1445,501.2731,1069.3281
-303655.3703,-261083.9172,42571.4531,519.3343,1063.8963
-303866.434,-261131.7387,42734.6953,496.7145,1029.5807
-303614.8338,-261100.0213,42514.8125,517.8079,1032.7111
-303569.8496,-261031.3653,42538.4844,456.6226,1091.3823
-303670.3725,-261077.5053,42592.8672,497.0914,1075.2683
-303906.1268,-261174.7323,42731.3945,493.3565,1089.1951
-303780.8669,-261085.8864,42694.9805,478.512,1044.8735
-303791.5124,-261045.5866,42745.9258,490.4923,1047.2124
-303702.7852,-261098.9649,42603.8203,495.496,1060.9261
-303926.0236,-261157.1369,42768.8867,481.0575,1047.7389
-303829.4109,-261031.1531,42798.2578,515.1913,1029.2627
-303546.4,-261023.7984,42522.6016,449.2833,1034.6679
-303596.7221,-261037.9213,42558.8008,487.5078,1032.7811
-303711.8189,-261095.2994,42616.5195,496.195,1029.5195
-303805.7179,-261181.0265,42624.6914,486.8754,1047.7627
-304027.8328,-261168.9696,42858.8633,489.3209,1021.6086
-303684.718,-261074.2648,42610.4531,501.0785,1058.663
-303883.8569,-261093.5913,42790.2656,489.0453,1069.4922
-303875.3073,-261039.9401,42835.3672,485.48,1052.3245
-303523.7516,-260997.2125,42526.5391,500.917,1021.4881
-303817.2829,-261049.0798,42768.2031,462.4257,994.7262
-303610.8623,-261126.9404,42483.9219,523.8123,1011.1778
-303747.2732,-261100.0584,42647.2148,497.1855,1094.8278
-303855.7401,-261191.2479,42664.4922,493.799,1022.4573
-303703.6489,-261080.8091,42622.8398,490.5055,1027.8021
-303888.0663,-261061.4413,42826.625,499.3058,1054.1611
-303974.9466,-261182.7395,42792.207,481.8765,1043.3304
-303913.8018,-261123.3682,42790.4336,520.5854,1018.1724
-303900.0734,-261029.5188,42870.5547,476.391,1061.6845
-303771.052,-261108.1614,42662.8906,496.5098,1039.0884
-303766.8041,-261083.0346,42683.7695,493.933,1078.3816
-303865.8796,-261136.1843,42729.6953,481.7564,1043.0346
-303497.9951,-260858.0732,42639.9219,513.2433,1044.3505
-303975.5968,-261116.0772,42859.5195,487.288,1027.3229
-303849.31,-261270.0874,42579.2227,499.7286,1030.8843
-303604.6656,-261009.9664,42594.6992,507.2393,1084.6009
-303756.8719,-260996.8719,42760.0,484.4591,1010.7143
-303837.8271,-261078.6083,42759.2188,476.9965,1037.0729
-303930.1023,-261074.7039,42855.3984,490.6418,1065.9587
-303664.2553,-261015.6186,42648.6367,529.5461,1083.622
-303765.367,-261014.9413,42750.4258,492.3624,1058.1186
-303911.4497,-261079.0786,42832.3711,449.3133,1049.7908
-303626.7912,-261030.2795,42596.5117,463.6661,1045.783
-303898.7014,-261101.1233,42797.5781,520.7591,1049.074
-303747.8348,-261009.3817,42738.4531,510.1072,1043.026
-303856.8928,-261079.0373,42777.8555,466.9828,1038.4379
-304001.0676,-261106.2395,42894.8281,465.5622,1033.9299
-303776.6791,-261055.5072,42721.1719,480.2118,1067.1558
-303591.267,-261024.0717,42567.1953,460.4794,1074.229
-303876.8671,-261025.25,42851.6172,505.7676,1042.6463
-303897.4791,-261052.7838,42844.6953,467.8793,1064.2684
-303756.8858,-261070.6983,42686.1875,489.8631,1057.909
-303785.1155,-261154.5218,42630.5938,513.2151,1093.7989
-303807.4407,-261124.1087,42683.332,472.5444,1027.3092
-303672.0019,-261042.4472,42629.5547,478.3751,1026.5419
-303786.3939,-261097.7299,42688.6641,469.8904,1031.8332
-303828.1581,-260982.1737,42845.9844,489.9858,1020.0302
-303722.1333,-261089.7857,42632.3477,493.579,1076.0891
-303682.6605,-261125.4301,42557.2305,489.658,1049.0235
-303841.3776,-261066.0104,42775.3672,476.9226,1053.2096
-303796.6959,-261096.1334,42700.5625,488.3498,1057.4531
-303601.7734,-261019.9492,42581.8242,478.3991,1085.2064
-303775.9184,-261038.3246,42737.5938,493.9585,1087.8299
-303874.8864,-261029.9021,42844.9844,473.7886,1043.8999
-303665.2594,-261080.1969,42585.0625,482.6511,1128.3768
-303565.586,-261102.293,42463.293,502.2283,1048.6442
-303923.8991,-261141.3835,42782.5156,454.9306,1077.3532
-303582.9642,-261158.8392,42424.125,474.0243,1086.0355
-303889.5804,-261168.5999,42720.9805,504.3826,1040.6595
-303737.0617,-261005.1398,42731.9219,483.9049,1018.6142
-303703.4226,-261147.9656,42555.457,518.6809,1031.3031
-303888.611,-261069.4235,42819.1875,442.383,1075.7076
-303786.7134,-261061.2563,42725.457,470.3061,1053.4619
-303665.7271,-261181.606,42484.1211,515.7586,1022.586
-303585.4745,-261092.6034,42492.8711,508.7883,1035.9872
-303587.1307,-261008.9783,42578.1523,473.5464,1046.8932
-303772.4452,-260983.3046,42789.1406,507.4117,991.8614
-303660.7251,-261048.6314,42612.0938,507.6979,1048.974
-303754.9694,-261096.2623,42658.707,510.7678,1047.9514
-303812.3166,-261091.1135,42721.2031,483.5494,1023.2674
-303727.2076,-261033.3834,42693.8242,493.4001,1034.1136
-303825.4286,-261077.2489,42748.1797,516.6417,1073.3973
-303865.56,-261082.5912,42782.9688,484.9825,1039.753
-303832.2511,-261067.8683,42764.3828,485.3836,1050.5501
-303777.5819,-261083.203,42694.3789,494.1388,1031.354
-303808.8932,-261110.5729,42698.3203,493.8003,1019.2844
-303983.8715,-261097.1919,42886.6797,496.0678,1047.7523
-303665.3054,-261138.321,42526.9844,504.3205,1029.5114
-303842.8629,-261050.1012,42792.7617,506.7252,1044.7481
-303704.5832,-261020.7434,42683.8398,488.7417,1035.8834
-303765.2955,-260962.5572,42802.7383,465.3361,1063.2254
-303668.8882,-261028.2984,42640.5898,476.951,1028.0514
-303582.1836,-261074.9453,42507.2383,471.9106,1050.8278
-303765.2532,-261104.5345,42660.7188,489.5962,1099.6797
-304037.1808,-261052.9855,42984.1953,496.8952,1017.5402
-303792.8911,-260963.1255,42829.7656,493.5266,1047.8092
-303897.8092,-261145.4147,42752.3945,488.2705,983.7791
-304072.3076,-261112.1592,42960.1484,475.9179,1045.9058
-303886.5017,-261132.8142,42753.6875,503.7404,1048.3848
-303586.8193,-261112.6279,42474.1914,507.8687,988.128
-303714.3587,-261074.3782,42639.9805,501.8794,1067.9138
-303851.8925,-261042.6152,42809.2773,494.341,1069.5301
-303869.6301,-261050.9582,42818.6719,464.6817,1064.5201
-303712.4859,-261032.2398,42680.2461,514.7551,1028.1924
-303733.9257,-261023.0898,42710.8359,476.4847,1031.7566
-303535.7873,-261075.5763,42460.2109,478.9126,1038.5777
-303643.8637,-261069.7114,42574.1523,498.9361,1036.8928
-303878.2324,-261042.7363,42835.4961,455.9728,1074.8835
-303464.0468,-260975.0273,42489.0195,474.5195,1056.9942
-303994.3484,-261161.4148,42832.9336,472.1173,1034.9609
-304094.1742,-261131.0531,42963.1211,528.1484,1105.6439
-303736.0015,-261096.521,42639.4805,521.9155,1002.9452
-303656.0266,-260944.6008,42711.4258,495.1593,1007.3192
-303774.3214,-261059.1847,42715.1367,508.8892,1041.6351
-303575.3437,-261071.2148,42504.1289,499.5084,1010.701
-303952.5094,-261047.6187,42904.8906,490.1685,1022.0951
-303799.9882,-261105.2577,42694.7305,514.6939,1066.9114
-303649.942,-261137.2115,42512.7305,530.5535,1061.365
-303599.9306,-261012.4188,42587.5117,504.7561,1036.7616
-303670.6503,-260997.9902,42672.6602,468.0622,1035.2509
-303785.1185,-261015.5404,42769.5781,506.4897,1063.5078
-303702.2501,-260976.9493,42725.3008,486.0102,1058.776
-303885.8551,-261062.1637,42823.6914,480.5057,1045.1518
-303616.4161,-260997.5567,42618.8594,476.5614,1060.3519
-303820.9877,-261051.5736,42769.4141,519.4679,1020.1474
-303954.139,-261017.1116,42937.0273,510.5247,1035.6404
-303870.5938,-260998.0118,42872.582,471.3204,1068.8545
-303548.1063,-261060.368,42487.7383,487.3881,1046.4819
-303796.4725,-261013.6053,42782.8672,505.5772,1056.63
-303797.2819,-261073.1686,42724.1133,497.8383,1045.3559
-303498.5663,-260924.9179,42573.6484,487.1121,1027.1847
-303859.8055,-261109.9695,42749.8359,482.7062,1070.7813
-303702.6054,-261038.4101,42664.1953,510.3907,1087.6533
-303655.1267,-261049.2673,42605.8594,481.7355,1052.0617
-303541.6197,-261034.0338,42507.5859,505.3407,1055.9598
-303634.849,-260977.6615,42657.1875,479.7586,1072.0593
-303788.1887,-261079.3723,42708.8164,490.9402,1034.1598
-303739.4567,-260982.2496,42757.207,488.5726,1019.7756
-303811.6431,-261050.8501,42760.793,494.1675,1050.85
-303912.1688,-261090.661,42821.5078,495.4211,1090.3189
-303755.9735,-261107.0673,42648.9062,463.7468,1044.5761
-303875.2953,-261157.1156,42718.1797,501.8164,1024.6259
-303924.8284,-261045.9573,42878.8711,464.3452,1046.8183
-303919.8398,-261073.2577,42846.582,498.4103,1083.9077
-303883.1627,-261141.7018,42741.4609,520.6484,1081.5375
-303689.5719,-261026.439,42663.1328,498.6367,981.1158
-303647.7315,-261100.6377,42547.0938,505.4542,1025.2317
-304081.5346,-261149.4213,42932.1133,477.0053,1009.284
-303784.9492,-261092.0391,42692.9102,511.9767,1041.1356
-303864.7244,-261032.5994,42832.125,470.145,1047.4398
-303760.3078,-261041.9094,42718.3984,476.2734,1055.5027
-303894.9512,-261017.5293,42877.4219,506.1084,1039.1002
-303661.0435,-261008.2037,42652.8398,478.4338,1017.6667
-303490.1058,-260991.0198,42499.0859,459.9918,1038.0918
-303856.8872,-261097.3052,42759.582,485.0935,1018.4044
-303818.9249,-261041.5968,42777.3281,482.0846,1049.5482
-304006.4525,-261082.9095,42923.543,519.5988,1028.4777
-303754.237,-261088.8972,42665.3398,498.7333,1041.2318
-303966.9983,-261129.0218,42837.9766,479.4635,1064.0226
-303559.555,-261056.7543,42502.8008,482.2564,1032.8117
-303935.5293,-261124.7988,42810.7305,475.3495,1064.1419
-303605.191,-261033.4722,42571.7188,479.8498,1047.1129
-303760.3168,-260989.0864,42771.2305,511.7581,1011.9122
-303844.7882,-261133.4249,42711.3633,491.576,1072.0517
-303657.277,-261104.5973,42552.6797,491.8099,1082.7139
-303542.5776,-261069.5776,42473.0,484.8668,1070.3157
-303821.515,-261067.5111,42754.0039,505.2897,1059.9769
-303838.7119,-260975.3721,42863.3398,505.2197,1027.8318
-303978.3436,-261042.4021,42935.9414,488.9454,1056.7478
-303784.6773,-261116.7554,42667.9219,508.9015,1015.4444
-303684.6015,-261072.3749,42612.2266,486.6308,1069.4832
-303789.8651,-261062.1463,42727.7188,513.6666,1022.3863
-303756.6727,-260988.6571,42768.0156,463.7951,1011.914
-303609.369,-260973.3026,42636.0664,495.2856,1030.8928
-303718.0634,-261103.2509,42614.8125,482.9407,1022.8377
-303732.0492,-260984.4359,42747.6133,468.3726,1035.3215
-303844.2335,-261137.4171,42706.8164,509.4562,1068.9222
-303760.111,-261087.8141,42672.2969,478.0276,1067.6784
-303613.2443,-261103.4318,42509.8125,496.7742,1016.0427
-303648.0815,-261088.8784,42559.2031,515.2771,1049.8899
-303892.7303,-261036.8944,42855.8359,521.243,1014.0956
-303669.0,-261043.6054,42625.3945,449.7604,1055.8712
-303898.1308,-261008.3144,42889.8164,505.9492,1054.6182
-303814.549,-261102.7834,42711.7656,523.4832,1076.8455
-303931.5986,-261104.4462,42827.1523,482.7763,1045.748
-303707.3513,-261131.7732,42575.5781,496.612,1017.545
-303563.5072,-261051.9017,42511.6055,496.9063,1027.216
-303683.6017,-261042.2775,42641.3242,497.5893,1031.7115
-303431.7692,-261106.7458,42325.0234,464.2796,1080.7544
-303540.6084,-260965.6396,42574.9688,534.9373,1027.832
-303753.2347,-261042.2269,42711.0078,476.204,1071.6696
-303736.3409,-261148.419,42587.9219,493.5893,1020.0802
-303727.9155,-261070.1225,42657.793,494.9657,998.7836
-303759.5959,-261075.8147,42683.7812,467.6152,1049.3751
-303744.46,-261035.8467,42708.6133,485.6294,1046.6772
-303591.9444,-261111.8624,42480.082,490.247,1071.8857
-303612.5184,-260956.6669,42655.8516,494.5576,1041.1466
-303820.3008,-260993.1484,42827.1523,495.0829,1049.5115
-303601.6591,-260983.9443,42617.7148,468.6125,1024.5553
-303370.1747,-260922.1981,42447.9766,515.4717,1056.3131
-303871.5561,-261136.3686,42735.1875,493.6501,1025.8612
-303723.6178,-261044.6412,42678.9766,497.5048,1044.4717
-303828.7489,-261064.3387,42764.4102,528.9204,1046.4766
-303568.1626,-261039.561,42528.6016,503.9205,1007.2197
-304008.2498,-261089.8475,42918.4023,487.4885,1035.0856
-303621.6255,-261040.4888,42581.1367,502.6404,1056.8586
-303943.7202,-261049.4819,42894.2383,505.2051,1027.5866
-303939.1459,-261108.9311,42830.2148,491.3851,1063.9436
-303905.4016,-261097.0305,42808.3711,507.6238,1033.6671
-303491.5395,-261082.2778,42409.2617,503.9629,1036.9514
-303743.1895,-261090.0293,42653.1602,508.4378,1060.4363
-303989.5496,-261085.7254,42903.8242,492.8525,1069.6941
-303623.3624,-260933.8624,42689.5,493.1681,1070.6236
-303717.0384,-261084.3079,42632.7305,523.6584,1045.6612
-303864.0258,-260985.9125,42878.1133,508.0634,1064.5824
-304013.1463,-261175.822,42837.3242,481.1845,1064.2667
-303643.997,-261021.122,42622.875,483.3072,1050.67
-303796.1001,-261032.9126,42763.1875,457.2256,1027.4316
-303885.9016,-261122.0852,42763.8164,497.8788,1026.6964
-303880.4848,-261045.145,42835.3398,492.6372,1034.8236
-303870.2754,-261151.3144,42718.9609,513.4955,1055.6822
-303889.9004,-261083.3808,42806.5195,501.573,1028.6632
-303638.3108,-261092.2053,42546.1055,501.1622,1053.0785
-303770.4557,-261130.5572,42639.8984,502.9516,1035.5392
-303635.2451,-260978.4092,42656.8359,476.3372,1047.9738
-303890.102,-261031.895,42858.207,496.0117,1012.4736
-303921.0747,-261097.5512,42823.5234,501.0188,1060.1629
-303696.4063,-261018.4766,42677.9297,479.2922,1074.479
-304051.6233,-261105.9866,42945.6367,479.6506,1036.8772
-304081.8074,-261081.0808,43000.7266,467.3861,1064.7394
-303691.8462,-261033.6119,42658.2344,471.33,1019.5569
-303809.1824,-261142.3504,42666.832,489.573,1028.8373
-303707.8856,-261040.4949,42667.3906,490.8657,1016.64
-303722.3761,-261110.1378,42612.2383,522.8882,1019.2266
-303691.2575,-261063.6013,42627.6562,508.4806,1043.1851
-303809.9047,-260986.7875,42823.1172,485.5317,1025.9537
-303935.5404,-261226.0678,42709.4727,457.6885,1051.3366
-303773.5904,-261128.8208,42644.7695,504.6383,1073.9237
-303853.5442,-261111.841,42741.7031,468.033,1037.8567
-303655.4505,-261064.6575,42590.793,486.8448,1056.0579
-303679.929,-261040.0111,42639.918,512.1758,1060.374
-303725.7412,-261073.5107,42652.2305,480.7587,1100.2474
-303812.7063,-261109.9876,42702.7188,503.2615,1056.8467
-303892.0174,-261112.1776,42779.8398,461.0641,1066.6663
-303415.4454,-260986.8985,42428.5469,511.7363,1034.9223
-303593.529,-261022.4821,42571.0469,509.2531,1056.6722
-303834.3159,-261142.3706,42691.9453,535.1976,1076.566
-304148.3549,-261142.1049,43006.25,474.6121,1006.2624
-303789.9334,-261160.1014,42629.832,497.8189,1040.5054
-303881.9897,-261087.0796,42794.9102,495.9218,1079.5804
-303922.7292,-261054.6785,42868.0508,485.7477,1035.2539
-303874.1501,-261101.4157,42772.7344,522.8201,1064.6566
-303907.6068,-261146.5716,42761.0352,495.7842,1030.7447
-303735.3109,-261063.307,42672.0039,486.5293,1047.8964
-303777.2975,-261117.9108,42659.3867,522.252,1039.0596
-303724.2505,-261058.5591,42665.6914,520.6561,1028.6832
-303638.3953,-261070.5282,42567.8672,489.1643,1052.1508
-303512.72,-261000.0403,42512.6797,504.7686,1044.5501
-303907.3593,-261045.9687,42861.3906,522.6395,1026.6486
-303561.8006,-261054.8318,42506.9688,479.7755,1009.6829
-303760.8732,-261063.967,42696.9062,470.8463,1046.5485
-303736.8028,-261046.6778,42690.125,488.1117,1066.2741
-303643.4016,-261081.3117,42562.0898,482.7545,1106.1394
-303922.4738,-261085.716,42836.7578,468.7626,1062.4679
-303607.8668,-261031.9879,42575.8789,493.6805,1003.3057
-303435.9835,-261013.421,42422.5625,497.558,1058.4588
-303638.2671,-260939.2906,42698.9766,517.9851,1061.2402
-303990.7262,-261133.4059,42857.3203,461.9987,1014.1277
-303736.2399,-261049.8337,42686.4062,507.1884,1040.4503
-304154.2261,-261079.7417,43074.4844,518.5234,1027.3648
-303955.8702,-261095.2531,42860.6172,482.5956,1023.1914
-304071.1693,-261090.0951,42981.0742,503.1403,1071.3498
-303683.0446,-261097.7165,42585.3281,495.7835,1075.5349
-303821.9595,-261038.7837,42783.1758,519.4272,1028.5191
-303792.059,-261150.1215,42641.9375,492.5281,1006.7239
-303868.7463,-260947.8596,42920.8867,452.708,1048.0392
-303792.8375,-261046.2789,42746.5586,488.4909,1051.2225
-303837.3916,-261040.583,42796.8086,499.4102,1043.6395
-304103.5853,-261162.351,42941.2344,494.0441,1084.3944
-303496.0343,-261062.1984,42433.8359,489.7615,1071.8751
-303642.7648,-260957.1359,42685.6289,470.2035,1026.7681
-303636.0064,-260903.8306,42732.1758,490.679,1034.7864
-303666.5558,-261114.6769,42551.8789,508.1104,1030.939
-303722.6104,-261120.2666,42602.3438,531.6266,1020.3628
-303873.9748,-261112.8967,42761.0781,507.1714,1034.9256
-303744.6662,-261058.342,42686.3242,515.3891,1048.699
-303863.8088,-261047.3479,42816.4609,480.533,1055.1187
-303806.3096,-261013.4971,42792.8125,485.5794,1035.901
-303777.1081,-261067.4362,42709.6719,481.9507,1023.8876
-303546.0793,-261037.2551,42508.8242,495.2691,1010.5524
-303692.4427,-260920.3997,42772.043,496.9784,1020.7394
-303839.9254,-261123.5504,42716.375,503.0515,1021.5112
-303606.4418,-261106.5082,42499.9336,468.4607,1072.3477
-303832.4496,-261115.059,42717.3906,481.8345,1004.4136
-303794.3304,-261064.6507,42729.6797,512.4773,1018.0969
-303865.1871,-261114.8121,42750.375,514.3844,1051.1737
-304075.8172,-261160.7547,42915.0625,517.0379,1048.2386
-303750.9811,-261078.0319,42672.9492,485.964,1026.8082
-303824.833,-261190.4619,42634.3711,505.2408,1040.1946
-303799.3028,-261106.4668,42692.8359,519.396,1039.8742
-303720.6075,-260920.8458,42799.7617,475.6782,1028.275
-303606.472,-261045.7689,42560.7031,493.9679,1069.4174
-303733.831,-260996.581,42737.25,499.1964,1044.4265
-303847.5906,-261036.1921,42811.3984,473.4845,1032.0399
-303736.3571,-261026.6032,42709.7539,489.5444,1058.7458
-303775.8527,-261040.4543,42735.3984,469.3727,1040.993
-303560.4463,-260995.6494,42564.7969,473.7493,1067.9605
-303763.3029,-261069.2053,42694.0977,517.0179,1057.907
-303723.4168,-261059.0926,42664.3242,469.3947,1041.0655
-303674.1656,-261020.8063,42653.3594,490.3583,1012.5038
-303820.6365,-261040.3709,42780.2656,438.8175,1023.2174
-303856.7015,-261082.1351,42774.5664,474.8393,1058.2397
-303738.7343,-261052.8554,42685.8789,480.1069,1053.1457
-303824.4945,-261035.4789,42789.0156,464.4507,1055.6407
-303839.397,-261066.7642,42772.6328,495.6341,1012.5005
-303516.9589,-261081.1854,42435.7734,501.6105,1021.7789
-303794.8371,-261044.9347,42749.9023,514.7762,1040.6972
-303894.2965,-261075.9567,42818.3398,481.2598,1005.1996
-303784.5122,-261133.5473,42650.9648,481.5619,1042.0669
-303646.5914,-261043.3766,42603.2148,462.6906,1029.3985
-303653.4771,-261088.6255,42564.8516,489.5048,996.5324
-303990.8839,-261086.5441,42904.3398,484.9476,1044.6677
-303690.6965,-261091.6926,42599.0039,484.3097,1054.9026
-303793.8725,-261082.3803,42711.4922,519.2111,1080.8777
-303882.4441,-261043.9167,42838.5273,486.9188,1025.4675
-303819.9631,-261046.9318,42773.0312,506.4186,1009.7502
-303900.3335,-261115.0874,42785.2461,501.7061,1049.009
-303721.1282,-261044.0071,42677.1211,495.7647,1124.2518
-303745.5736,-261159.7064,42585.8672,477.4796,1056.2162
-303689.2355,-260980.1222,42709.1133,477.8755,995.6473
-303926.4969,-261106.4344,42820.0625,501.2409,1048.7301
-303795.7263,-261081.3005,42714.4258,492.7593,1066.0332
-303790.5591,-261060.9575,42729.6016,498.3495,1004.5099
-303914.6429,-261107.4827,42807.1602,504.2696,1028.4568
-303962.387,-261175.5784,42786.8086,514.111,1050.0725
-303866.9212,-261085.2102,42781.7109,450.0035,1067.594
-304000.8507,-261024.9483,42975.9023,488.7125,1043.951
-303899.0352,-261198.211,42700.8242,507.6764,1066.2354
-303814.2108,-261061.7382,42752.4727,476.8977,1017.112
-303831.6372,-261115.1997,42716.4375,504.2297,1047.1319
-303782.3744,-261140.0541,42642.3203,478.3514,1072.7807
-304099.8689,-261193.9431,42905.9258,492.1429,1059.2309
-303781.6122,-261133.577,42648.0352,485.3662,1090.6081
-303936.53,-261100.4948,42836.0352,484.8385,1013.8103
-303837.5611,-261166.7213,42670.8398,473.0009,1040.821
-303820.882,-261042.3469,42778.5352,472.728,1071.1607
-303747.3872,-261024.1176,42723.2695,511.9602,1016.6974
-303628.9062,-261076.5742,42552.332,487.3043,1092.6831
-303745.3291,-261070.1455,42675.1836,503.6177,1043.9144
-303612.6137,-261048.6137,42564.0,499.8362,1005.3199
-303727.9105,-261070.7113,42657.1992,502.1879,999.8598
-303652.2263,-261053.2536,42598.9727,506.5886,1053.9742
-303797.749,-261049.4404,42748.3086,518.4988,1062.1297
-303778.6769,-260986.4777,42792.1992,477.7185,1095.8206
-303688.3909,-261061.4261,42626.9648,475.8577,1067.8346
-303765.896,-261132.6421,42633.2539,502.4361,1010.9995
-303807.8551,-261089.0972,42718.7578,474.7518,1034.3275
-303650.3074,-261036.1082,42614.1992,471.1059,1022.5396
-303989.0977,-261183.3048,42805.793,515.2976,1032.926
-303954.6359,-261162.5265,42792.1094,501.9449,1073.7878
-303581.3291,-261078.3213,42503.0078,484.083,1081.3737
-303748.5653,-261114.9833,42633.582,494.9649,1019.4096
-303657.4409,-261084.8705,42572.5703,480.9808,1041.1788
-303812.1662,-261138.5763,42673.5898,488.3914,1052.2295
-303709.6728,-261026.0634,42683.6094,522.6358,1061.9813
-303770.1282,-261094.0305,42676.0977,498.6946,1019.6269
-303790.1814,-261231.1541,42559.0273,477.6836,1049.3678
-303624.703,-261140.1014,42484.6016,488.9357,1048.8489
-303730.3001,-261068.6829,42661.6172,516.3238,1062.5202
-303739.0385,-261066.1947,42672.8438,490.3502,1074.9207
-304009.7749,-261142.9077,42866.8672,488.8287,1026.6638
-303945.6442,-261001.4372,42944.207,522.9275,1050.3252
-303908.2022,-261093.1631,42815.0391,504.1179,1017.2796
-303775.5981,-261066.6372,42708.9609,497.7845,1002.7501
-303626.8917,-260936.8253,42690.0664,516.0339,1029.3711
-303854.9924,-260995.8908,42859.1016,512.214,1067.6762
-303738.7079,-260957.1688,42781.5391,510.5759,1023.9058
-303900.1949,-261145.5778,42754.6172,502.0628,1024.1831
-303894.6858,-261045.3616,42849.3242,502.0425,1058.5948
-303744.8059,-261203.5324,42541.2734,504.4545,1031.1969
-303788.4482,-261055.2646,42733.1836,521.6784,1038.3273
-303623.6831,-261023.6674,42600.0156,480.7699,1042.9088
-303849.3239,-261114.738,42734.5859,526.5153,1062.2863
-303867.2977,-261144.6493,42722.6484,522.6997,1053.1866
-304017.7816,-261105.4847,42912.2969,485.0459,1044.4999
-303620.4294,-260933.5583,42686.8711,468.0626,1081.3878
-303953.0035,-261096.3433,42856.6602,520.232,1048.9065
-303898.8753,-261071.5862,42827.2891,471.0631,1056.8544
-303822.3403,-261108.02,42714.3203,515.6155,1022.086
-303513.8088,-260973.8166,42539.9922,455.0447,1079.1562
-303455.7013,-261050.6348,42405.0664,500.7733,1060.3179
-303567.0421,-261038.8546,42528.1875,497.2885,1016.3854
-303911.1026,-261133.6768,42777.4258,490.2658,1045.6297
-303546.2488,-261036.6941,42509.5547,488.9057,1043.7283
-303752.8945,-261107.0195,42645.875,480.234,1066.2331
-303760.3679,-261063.9773,42696.3906,484.7205,1035.9448
-303749.7573,-261049.5151,42700.2422,514.6454,1044.4362
-303800.8236,-261006.3392,42794.4844,472.1513,1034.2151
-303442.1388,-260988.631,42453.5078,499.0093,1021.3309
-303639.1102,-261076.1649,42562.9453,502.7323,1086.4047
-303778.3383,-261120.393,42657.9453,488.7183,1034.0982
-303826.5937,-261019.9101,42806.6836,494.8718,1069.856
-303852.6641,-261042.4844,42810.1797,501.1826,1045.416
-303679.6252,-261084.8595,42594.7656,460.8685,1014.3264
-303670.9501,-261040.4853,42630.4648,481.6196,1013.2782
-303811.4928,-260992.5162,42818.9766,489.4721,1049.3325
-303528.462,-260961.044,42567.418,491.0996,1052.1391
-303743.3522,-261009.0046,42734.3477,524.1209,1028.3134
-303951.0998,-261098.9827,42852.1172,509.5639,1011.7359
-303804.532,-261144.6726,42659.8594,502.4236,1054.7238
-303548.1472,-261026.0339,42522.1133,502.955,1012.8545
-303812.7263,-261002.3201,42810.4062,496.5947,1032.8994
-303890.8952,-261045.4655,42845.4297,498.792,1042.4679
-303449.6763,-261031.3013,42418.375,489.6112,1036.6498
-303611.6649,-261105.2508,42506.4141,515.8355,1051.6686
-303944.5055,-261089.8297,42854.6758,487.3058,1016.2849
-303531.7129,-260980.2754,42551.4375,523.8,1042.3989
-303653.803,-261103.9905,42549.8125,522.2522,1064.4888
-303865.3385,-260923.2291,42942.1094,438.6174,1096.3998
-303847.4204,-261047.8852,42799.5352,501.6187,1028.148
-303842.56,-261061.6733,42780.8867,490.3601,1071.0486
-303719.9428,-261017.3491,42702.5938,485.7141,1009.7308
-303922.8325,-261068.5903,42854.2422,489.8028,1084.8258
-303853.0954,-261076.9626,42776.1328,515.014,1044.913
-303985.8539,-261158.561,42827.293,502.4726,1025.0903
-303803.3807,-261123.5799,42679.8008,474.448,1042.5093
-303819.5163,-261104.1217,42715.3945,473.8465,1014.2255
-303505.9391,-260960.943,42544.9961,497.4629,1039.0784
-303823.7021,-261061.9286,42761.7734,479.4599,1036.0486
-303749.0724,-261145.0099,42604.0625,509.8756,1056.8433
-304008.9046,-261040.4906,42968.4141,493.9474,1054.9125
-303807.0097,-260997.8104,42809.1992,489.0232,1002.1976
-303774.2789,-261014.1305,42760.1484,490.3979,1031.8533
-303903.1223,-261088.7512,42814.3711,502.4852,1073.8709
-304049.0067,-261132.9207,42916.0859,495.0451,1070.5556
-303413.7301,-261001.5621,42412.168,480.327,1065.3567
-303986.5318,-261097.9927,42888.5391,491.3545,1033.6614
-303508.9973,-261068.1106,42440.8867,494.2119,1121.2741
-303668.0493,-261063.5493,42604.5,491.31,1072.1808
-303777.4833,-261118.5458,42658.9375,472.1944,1035.2563
-303661.5724,-261100.1193,42561.4531,481.3727,1041.4101
-304043.9782,-261142.5212,42901.457,524.8314,1069.6714
-303710.9767,-260957.5587,42753.418,480.4516,1054.5588
-303856.2443,-261139.6974,42716.5469,474.5482,1038.737
-303636.8158,-261094.9056,42541.9102,521.4863,1033.0762
-303363.8412,-261006.2318,42357.6094,535.276,1013.9838
-303957.2563,-261112.9907,42844.2656,503.1659,1067.3689
-303876.8987,-261128.887,42748.0117,459.1398,1049.7637
-303770.5283,-261034.6572,42735.8711,497.6934,1028.9949
-303804.6396,-261070.0537,42734.5859,517.9791,1064.1099
-303864.1439,-261111.2181,42752.9258,459.9514,1042.7832
-303815.6425,-261028.3535,42787.2891,484.5533,1019.047
-303881.6745,-261087.7995,42793.875,488.6632,1055.0787
-303725.5496,-261139.4598,42586.0898,498.8456,1071.8768
-303991.3262,-261092.2286,42899.0977,501.9606,1076.4114
-303935.8133,-261156.868,42778.9453,515.6916,1060.1258
-303956.5034,-261208.1753,42748.3281,522.5235,1065.4623
-303452.8295,-261085.728,42367.1016,488.2658,1078.2919
-303683.321,-261061.6647,42621.6562,529.981,1040.2711
-303820.2972,-261033.555,42786.7422,491.9566,1013.9001
-303836.0669,-261185.6294,42650.4375,500.0214,1052.0208
-303716.8989,-261061.8833,42655.0156,489.9666,1039.1479
-303678.1791,-261010.1323,42668.0469,503.4479,1063.6457
-303878.1535,-261110.2824,42767.8711,477.6406,1036.6651
-303733.6544,-261012.2833,42721.3711,519.9218,1020.8851
-303655.0923,-261066.8696,42588.2227,521.8532,1025.1828
-303870.3323,-261113.1956,42757.1367,495.9523,1081.9025
-303730.0542,-261053.2026,42676.8516,490.8415,995.157
-303935.4848,-261147.2231,42788.2617,481.0607,1023.9126
-303868.5073,-261182.3901,42686.1172,500.4606,1108.4616
-303880.7393,-261015.7159,42865.0234,475.7914,1013.9479
-303761.5815,-261071.1166,42690.4648,527.2139,1029.9769
-303867.7827,-261164.1733,42703.6094,461.9456,1033.0378
-303953.0407,-261175.4079,42777.6328,510.6445,1038.067
-303699.6569,-261002.6921,42696.9648,491.4605,1105.6526
-303824.0135,-261044.7166,42779.2969,493.9163,1046.0338
-303787.8514,-261093.7967,42694.0547,501.5728,1018.7259
-303879.6325,-261088.3786,42791.2539,490.5821,1002.9835
-303648.8732,-261079.1428,42569.7305,474.4877,1054.0529
-303786.1203,-261109.3508,42676.7695,492.026,1087.5829
-303807.9513,-261055.7911,42752.1602,492.2585,1001.2445
-303802.3745,-261044.8198,42757.5547,477.394,1039.3022
-304022.3687,-261221.8882,42800.4805,493.8589,1066.0147
-303845.375,-261106.6094,42738.7656,511.7505,1039.978
-303608.1085,-261125.8077,42482.3008,497.8161,1061.8977
-303601.0056,-260981.5447,42619.4609,470.405,1033.6489
-303556.4974,-260995.806,42560.6914,485.5751,1026.3957
-303824.521,-261061.5875,42762.9336,520.1528,1014.6456
-303794.562,-261106.3511,42688.2109,479.4866,1044.9763
-303761.4188,-261069.7704,42691.6484,474.979,1038.0193
-303912.4949,-261071.5261,42840.9688,497.7492,1047.957
-303718.1993,-261070.6798,42647.5195,471.6048,1047.5846
-303867.2407,-261058.5688,42808.6719,487.3759,1049.5108
-303610.1788,-261014.2803,42595.8984,519.1468,985.6066
-303456.6666,-260966.7134,42489.9531,482.0732,1034.2293
-303870.9047,-261105.6313,42765.2734,485.0964,1016.9724
-303783.9707,-261061.2754,42722.6953,502.6451,1051.1372
-303692.697,-260991.283,42701.4141,509.914,1041.0519
-303797.7005,-261026.3528,42771.3477,510.418,1059.8438
-303748.8992,-261082.1375,42666.7617,539.4511,1076.5596
-303771.4756,-261118.5225,42652.9531,503.0902,1033.9819
-303497.7177,-260958.3349,42539.3828,519.1917,1062.1383
-304073.9161,-261068.5919,43005.3242,469.6824,1000.8466
-304008.6466,-261046.0959,42962.5508,505.5097,1013.3585
-303883.4681,-260971.4993,42911.9688,493.6902,1029.0027
-303610.4688,-261075.5782,42534.8906,484.0734,1039.6511
-303602.5019,-261005.7285,42596.7734,499.9856,1058.0896
-303515.4843,-261099.5507,42415.9336,478.8366,1045.4234
-303921.5445,-260961.3492,42960.1953,507.2758,1101.8195
-303666.6363,-261044.2887,42622.3477,503.4287,1074.9598
-303783.9555,-261175.7797,42608.1758,445.4376,1028.6291
-303725.6905,-261019.7256,42705.9648,513.2914,1061.8722
-303792.2623,-261077.0318,42715.2305,514.223,1086.0785
-303677.255,-261150.3214,42526.9336,490.3956,1014.8231
-303952.1361,-261065.3822,42886.7539,526.3424,1035.2069
-304003.1252,-261162.2229,42840.9023,504.0707,1051.2816
-304078.2141,-261212.3938,42865.8203,507.8939,1018.624
-303827.0632,-261051.3992,42775.6641,505.4272,1011.4637
-303939.1108,-261135.9584,42803.1523,495.5652,1069.4245
-303866.0335,-261073.2913,42792.7422,455.117,1007.5328
-303838.538,-261134.8622,42703.6758,485.6366,1073.4002
-303733.4356,-261036.6621,42696.7734,480.2548,1056.878
-303712.7851,-261036.1953,42676.5898,525.6976,1032.7618
-303898.636,-261026.4055,42872.2305,505.9191,1089.4909
-303830.8019,-261124.962,42705.8398,496.2361,1052.5033
-303777.0982,-261118.3833,42658.7148,487.2362,1026.8123
-303863.5098,-261077.541,42785.9688,513.9381,1017.0436
-303639.5055,-261075.4079,42564.0977,497.8603,1028.8925
-303858.8832,-261137.6839,42721.1992,519.2412,1061.3448
-303760.6391,-261138.2836,42622.3555,489.0595,1030.9719
-303889.1454,-261108.6532,42780.4922,518.493,1043.9127
-303786.5157,-261072.4571,42714.0586,486.4676,1038.2334
-303749.0603,-261130.3142,42618.7461,459.2173,1050.2611
-303777.3921,-261102.6109,42674.7812,460.5561,1080.8435
-303702.2397,-260977.3647,42724.875,466.2242,1021.2432
-303710.9911,-261190.6317,42520.3594,478.9739,1078.1672
-303572.9176,-261006.9371,42565.9805,504.9072,1035.3832
-303651.612,-261098.03,42553.582,522.0436,1028.7848
-303644.5093,-261013.0991,42631.4102,478.9736,1077.9414
-303618.5251,-260982.4782,42636.0469,498.6095,1011.7127
-303723.4827,-261017.2796,42706.2031,518.7792,1049.5025
-303865.8048,-261116.5275,42749.2773,465.4857,1016.6031
-303628.9962,-260950.3946,42678.6016,495.7681,1025.7632
-303821.5127,-261156.5088,42665.0039,540.5261,1070.1971
-303854.8776,-261022.3932,42832.4844,529.872,1065.148
-303797.0245,-261170.3253,42626.6992,456.7277,1035.1955
-303850.0555,-261002.9969,42847.0586,494.0427,985.834
-303801.9771,-261060.4106,42741.5664,490.0856,1049.8644
-303669.9269,-261027.1418,42642.7852,466.242,1073.1272
-303982.4607,-261174.5584,42807.9023,488.4627,1060.1088
-304046.8016,-261195.1844,42851.6172,504.1514,1024.2363
-303510.9347,-261063.6925,42447.2422,494.1931,1027.2179
-303718.425,-261003.675,42714.75,441.2729,1022.3013
-303831.8314,-260991.4915,42840.3398,495.6953,1053.4377
-303821.2537,-261127.6678,42693.5859,480.0784,1051.3908
-303654.2745,-261081.2159,42573.0586,498.8141,1060.1936
-303588.0105,-261023.6706,42564.3398,480.1751,1104.2173
-303805.8052,-261026.8482,42778.957,472.2824,1047.6904
-303724.9134,-261118.0736,42606.8398,498.6457,1039.0454
-303771.7823,-261110.2823,42661.5,530.7131,1048.3548
-303869.3407,-261010.5868,42858.7539,474.4958,1095.4403
-304025.7798,-261157.1978,42868.582,497.6402,1084.149
-303463.7282,-261023.7985,42439.9297,515.8008,1034.9892
-303643.3404,-261016.9849,42626.3555,480.7385,1090.6513
-303564.61,-260947.3639,42617.2461,492.6385,1042.3709
-303772.1369,-260966.3479,42805.7891,502.7462,992.1115
-303726.1995,-261049.387,42676.8125,513.2522,1083.4135
-303613.7836,-261093.1469,42520.6367,487.7865,1028.6187
-303545.0486,-261079.8064,42465.2422,494.8247,1072.6363
-303841.8028,-261172.2403,42669.5625,487.8643,1044.3976
-304015.4196,-261186.6618,42828.7578,490.7261,1037.0869
-303858.443,-261069.9391,42788.5039,531.4534,1030.1236
-304019.2389,-261127.1296,42892.1094,497.189,1038.4943
-303903.22,-261081.9075,42821.3125,511.6582,1112.0386
-304041.3366,-261060.9655,42980.3711,477.4465,1074.442
-303815.4927,-261019.8209,42795.6719,492.2281,1048.3024
-303935.1844,-261106.6375,42828.5469,513.0427,1042.3895
-303897.8617,-261112.4984,42785.3633,495.8111,1031.8811
-303770.1776,-261145.6034,42624.5742,489.161,1052.0149
-303796.1398,-261108.7023,42687.4375,495.526,1001.4977
-303896.2404,-261144.924,42751.3164,489.0299,1026.9106
-303828.7006,-261004.9779,42823.7227,531.8794,1048.3145
-303738.5692,-261136.7371,42601.832,469.8219,1042.8092
-303485.0753,-261057.6847,42427.3906,533.5575,1052.706
-303839.9974,-261070.4115,42769.5859,478.0272,1006.7342
-303574.594,-260985.6799,42588.9141,507.3156,1028.2622
-303581.8436,-261015.0467,42566.7969,472.0956,1067.3928
-303669.2302,-260991.781,42677.4492,483.2386,1027.5269
-303494.6627,-261044.69,42449.9727,473.9717,1040.7885
-303807.8593,-261084.3905,42723.4688,509.6094,1076.0056
-303975.5824,-261119.7894,42855.793,491.7655,1062.0118
-303829.3993,-261021.8212,42807.5781,489.9338,1043.8848
-303514.5844,-261126.0766,42388.5078,515.7168,1043.016
-303403.3193,-260984.2138,42419.1055,491.4282,1046.5082
-303705.8854,-261043.5456,42662.3398,497.0561,1081.2688
-303603.4623,-260974.3686,42629.0938,516.7816,1046.0163
-303593.7627,-261007.8682,42585.8945,488.6538,1065.8292
-303801.9052,-261055.4091,42746.4961,514.2816,1058.4907
-303827.1099,-261087.1216,42739.9883,521.5686,1029.9051
-303995.1889,-261157.1381,42838.0508,482.3429,1027.9893
-303594.8256,-261040.8803,42553.9453,496.2848,1033.5602
-303757.663,-261052.956,42704.707,490.3216,1031.3597
-303938.6539,-261050.3726,42888.2812,495.7865,1048.2504
-303613.6046,-260978.1867,42635.418,500.0174,1034.3261
-303773.6515,-261104.7921,42668.8594,505.7367,1040.5442
-303803.7389,-261083.7155,42720.0234,510.6571,1041.1424
-303727.6796,-261084.039,42643.6406,497.0764,1080.0524
-303708.9301,-261054.1958,42654.7344,491.651,1073.9069
-303765.6076,-261081.1388,42684.4688,480.2173,1018.1481
-303640.3937,-261055.757,42584.6367,523.695,1062.2578
-303773.2826,-261184.9389,42588.3438,498.5039,1055.2221
-303928.9785,-261097.3809,42831.5977,476.1661,1024.7834
-303846.5115,-261016.9607,42829.5508,490.7288,1023.4032
-303560.0094,-261116.1227,42443.8867,501.8278,1051.0854
-303848.2513,-261094.6615,42753.5898,513.3242,1069.0641
-303634.7555,-261038.693,42596.0625,460.4032,996.9242
-303936.3079,-261078.9408,42857.3672,501.0971,1021.5475
-303515.6793,-261058.9683,42456.7109,499.8128,1043.3931
-303560.6952,-261021.4686,42539.2266,479.949,1063.1024
-303687.5298,-261033.0102,42654.5195,524.4916,1043.5509
-303796.3435,-261115.4412,42680.9023,505.0893,1028.2258
-303690.3892,-261066.2174,42624.1719,502.495,1009.5622
-303714.0994,-261077.5369,42636.5625,456.5678,1036.0637
-303431.9429,-260972.982,42458.9609,524.074,1052.372
-303794.3464,-261064.6785,42729.668,521.6292,1043.9558
-303728.6012,-261042.3786,42686.2227,456.7625,1055.2563
-303732.127,-261057.1192,42675.0078,505.6162,1037.3483
-303740.7838,-261090.6119,42650.1719,469.8277,1035.1165
-303624.1171,-260949.1913,42674.9258,474.4408,1025.1674
-303920.7824,-261074.6418,42846.1406,516.0265,1044.6587
-303653.6739,-261104.9668,42548.707,500.7797,1067.7295
-303415.8809,-260968.209,42447.6719,479.3274,1017.9967
-303625.4799,-261055.1284,42570.3516,503.1847,1020.0101
-303808.8735,-261069.9556,42738.918,510.6342,1066.845
-303747.1236,-260992.022,42755.1016,459.0512,1046.9636
-303516.4842,-261041.4373,42475.0469,498.9057,1065.6583
-303950.6724,-261089.1764,42861.4961,486.9687,1020.5801
-303720.5169,-261022.9622,42697.5547,491.0531,1049.4413
-304227.2688,-261073.4758,43153.793,456.2946,1022.4183
-303792.5078,-261065.4688,42727.0391,480.1698,1008.9878
-303810.0394,-261000.7113,42809.3281,506.3704,1031.1536
-303813.6087,-261126.847,42686.7617,516.1687,1043.2189
-303938.2929,-261031.7578,42906.5352,483.9017,1039.2525
-303658.3314,-261034.9994,42623.332,461.8567,988.9685
-303808.2847,-261023.2027,42785.082,497.3874,1033.2738
-303614.1202,-261057.0421,42557.0781,491.4314,1023.5303
-303436.816,-261013.2145,42423.6016,512.7587,1005.388
-303773.6874,-261067.5311,42706.1562,489.2123,1083.1106
-303841.6108,-261011.6889,42829.9219,478.1037,1070.5253
-303622.1352,-260941.725,42680.4102,497.3338,1036.0389
-303554.1844,-261055.4539,42498.7305,514.4646,1075.0368
-303799.3021,-261064.2825,42735.0195,513.2737,1037.2907
-303655.0614,-261044.1356,42610.9258,514.8999,995.4841
-303540.3937,-261087.4406,42452.9531,483.3279,1090.425
-303807.6652,-261006.9425,42800.7227,521.2675,997.5706
-303987.6078,-261072.1625,42915.4453,478.8504,1022.3761
-303788.7725,-261073.0694,42715.7031,515.0044,1013.9088
-303962.5608,-261043.3577,42919.2031,518.5744,1059.8376
-303703.5978,-260912.5236,42791.0742,496.9162,1016.8746
-303702.0823,-260997.4729,42704.6094,514.9219,1029.2047
-303770.6233,-261038.3186,42732.3047,511.6674,1014.2117
-303676.5491,-261089.3538,42587.1953,477.9406,1029.7449
-303798.5101,-261004.3382,42794.1719,493.3338,1055.2995
-303655.5618,-261074.5227,42581.0391,478.6046,1074.8056
-303728.9755,-261134.1512,42594.8242,512.1129,1100.4906
-303475.3841,-261026.8059,42448.5781,495.8361,1049.4111
-303713.1681,-261101.5627,42611.6055,513.7226,1046.2666
-303829.8821,-261104.2024,42725.6797,456.8817,1072.1868
-303825.9991,-261051.5577,42774.4414,472.3022,1024.2684
-303545.9047,-261086.7054,42459.1992,514.9592,1041.0512
-303677.1544,-261026.1661,42650.9883,497.4891,1053.3611
-303710.5052,-261043.4466,42667.0586,466.2765,1071.3981
-303693.5688,-261064.932,42628.6367,479.5988,1074.138
-303787.8473,-260985.6676,42802.1797,501.943,1036.9697
-303627.6229,-260941.7635,42685.8594,495.7626,1056.2278
-303833.1972,-261043.2948,42789.9023,514.2008,994.5115
-303857.8338,-261052.2322,42805.6016,484.4586,1036.2132
-303924.0128,-261071.2511,42852.7617,472.1002,1060.9237
-303913.7987,-261091.4862,42822.3125,492.992,1070.9011
-303844.1848,-260989.3567,42854.8281,502.6476,1035.5161
-303620.4093,-260914.296,42706.1133,494.1481,1044.6253
-303625.5349,-260935.3591,42690.1758,472.3111,1065.0585
-303774.9103,-261070.34,42704.5703,493.0715,1049.3217
-303660.885,-260998.7014,42662.1836,491.5508,1002.1042
-303717.6127,-261037.39,42680.2227,493.2515,1026.2844
-303802.9781,-261034.8648,42768.1133,484.695,1031.8603
-303610.9725,-261026.3123,42584.6602,491.2904,1063.2911
-303516.5724,-261061.174,42455.3984,529.5317,1085.8597
-304041.7967,-261107.4842,42934.3125,493.2364,1040.4961
-303882.3849,-261045.1271,42837.2578,488.0119,1047.3
-303799.8934,-261083.0106,42716.8828,452.626,1029.9688
-304021.306,-261039.8529,42981.4531,447.9381,1049.5245
-303836.9976,-261203.1538,42633.8438,502.0847,1030.2959
-303721.0094,-260957.1539,42763.8555,511.0139,1012.6673
-303742.2461,-261084.7305,42657.5156,483.2654,1035.6744
-303999.9332,-261047.0074,42952.9258,492.4172,994.8453
-303660.355,-260936.1832,42724.1719,500.9436,1022.8619
-303544.8948,-260951.3597,42593.5352,495.0937,1053.7506
-303943.9801,-261069.1247,42874.8555,503.6296,975.8117
-303995.388,-261021.4388,42973.9492,497.6825,1063.4329
-303873.3115,-261021.6983,42851.6133,477.9742,988.8746
-303813.302,-261045.4153,42767.8867,515.2712,1005.2691
-303987.0341,-261113.2841,42873.75,469.1319,1063.1876
-303656.4089,-261080.9324,42575.4766,468.0625,1038.4324
-303958.5444,-261062.8022,42895.7422,492.8913,1018.3817
-303500.5315,-261000.469,42500.0625,473.9521,1008.9454
-303833.7991,-261060.7991,42773.0,495.6693,1084.6823
-303511.4599,-261100.7295,42410.7305,489.7115,1012.4248
-303808.2225,-261098.5897,42709.6328,488.979,976.6396
-303439.0784,-260948.8362,42490.2422,520.8346,1029.1744
-303845.3213,-261083.6533,42761.668,485.3159,1066.1747
-303733.2689,-260994.6517,42738.6172,479.11,1019.1614
-303748.8705,-261066.2104,42682.6602,489.0215,1069.2112
-303781.1327,-261104.8202,42676.3125,462.0093,1017.0757
-303854.344,-261112.3322,42742.0117,491.8644,1096.4621
-303823.6016,-260969.7345,42853.8672,548.302,1022.6267
-303526.0604,-260980.3338,42545.7266,500.3382,1012.2337
-303977.6363,-261179.4683,42798.168,445.752,1062.4687
-303579.2105,-260986.2652,42592.9453,481.8499,1013.2051
-303854.5541,-261127.1791,42727.375,466.7747,986.9666
-303862.6613,-261043.0832,42819.5781,490.3437,1044.4467
-303759.8668,-261078.6012,42681.2656,474.7381,1012.4116
-303644.6847,-261064.4269,42580.2578,492.6566,1054.8784
-304002.0799,-261085.3611,42916.7188,493.1006,976.2939
-303699.4982,-261138.6896,42560.8086,457.192,1054.848
-303690.448,-261072.5222,42617.9258,489.366,1049.669
-303803.2848,-261081.8356,42721.4492,494.6137,1040.5521
-303655.2724,-261082.9911,42572.2812,497.1095,1003.1284
-303855.8565,-260975.4972,42880.3594,500.2575,1020.295
-303764.0889,-261069.3585,42694.7305,496.9079,1047.3056
-303597.5065,-260982.6588,42614.8477,495.4968,1037.95
-303628.2154,-261023.3834,42604.832,478.4481,1015.5879
-303879.6354,-261092.8815,42786.7539,512.2626,988.5043
-303678.018,-261022.0063,42656.0117,517.3198,1031.7683
-303810.7976,-261031.2546,42779.543,485.4497,1067.5576
-303653.3786,-260965.6989,42687.6797,486.0136,1051.4244
-303927.3792,-261057.3636,42870.0156,500.8599,1050.8354
-303582.3391,-261072.7961,42509.543,477.2173,1045.3629
-303638.9818,-261103.4506,42535.5312,478.3617,1037.9084
-303898.2096,-261105.0417,42793.168,498.6797,1033.3935
-303890.7285,-261105.916,42784.8125,515.5596,991.9088
-303773.0776,-261064.2339,42708.8438,531.358,1040.9986
-303829.6442,-261087.2145,42742.4297,475.0319,1056.2878
-303846.1341,-261036.0911,42810.043,513.264,1060.2031
-303853.6944,-261112.7101,42740.9844,492.7794,1046.7005
-303635.5679,-261055.7671,42579.8008,508.2696,1017.5144
-303742.1542,-261154.6933,42587.4609,517.1327,1014.4257
-303687.291,-261024.9277,42662.3633,494.5333,1043.6616
-303970.3139,-261016.5326,42953.7812,490.2129,1058.5896
-303774.9956,-261056.0113,42718.9844,499.0177,1030.5914
-303833.2433,-261018.63,42814.6133,483.7568,1026.7796
-303864.1302,-261078.5052,42785.625,495.9494,1066.3677
-303749.7954,-261096.1587,42653.6367,490.4664,1054.2774
-303750.9568,-261063.0232,42687.9336,471.4794,1041.5117
-303674.8645,-261027.4036,42647.4609,505.2102,1053.3745
-303779.8887,-261098.0411,42681.8477,497.1111,1067.7424
-303846.7924,-261066.562,42780.2305,470.8352,1034.51
-303785.2965,-260996.2418,42789.0547,514.4679,1021.3723
-303731.7033,-261049.1994,42682.5039,498.056,1054.0297
-303582.6689,-261021.8798,42560.7891,507.1032,1047.1637
-303717.3568,-261087.4935,42629.8633,497.3071,1047.2103
-303998.2503,-261032.8831,42965.3672,476.7556,1032.2675
-303795.6763,-261016.6412,42779.0352,459.2349,1052.6322
-303592.5463,-261072.8432,42519.7031,497.5263,1024.0104
-303892.634,-261023.3566,42869.2773,521.0306,1048.1144
-303909.2952,-261063.8616,42845.4336,496.1705,1028.4342
-303965.4829,-261124.397,42841.0859,513.1931,1024.1262
-303694.9162,-261017.4396,42677.4766,479.242,1077.7959
-303696.3065,-261101.2909,42595.0156,486.0801,1045.3285
-303955.4141,-261222.2735,42733.1406,495.7497,1064.0986
-303846.5301,-261087.5223,42759.0078,479.9768,1062.932
-303852.2583,-261163.9107,42688.3477,515.7667,1013.1568
-303930.6423,-261096.783,42833.8594,480.7933,1050.1826
-303718.8057,-260972.5987,42746.207,525.5569,1004.7689
-303618.7227,-260992.3556,42626.3672,505.584,1038.2854
-303784.6205,-261037.6987,42746.9219,507.0822,1054.7193
-303555.451,-260987.0525,42568.3984,498.8738,1053.7451
-303687.7481,-260948.0802,42739.668,488.3771,1040.2895
-303893.7987,-261153.0839,42740.7148,476.3192,1036.5228
-303706.442,-261051.9107,42654.5312,482.7394,1027.9448
-303972.2866,-261118.7437,42853.543,516.2196,1030.6536
-303730.2291,-261060.5806,42669.6484,493.5179,1060.9798
-303727.4568,-260979.7928,42747.6641,487.3722,1031.7395
-303875.3837,-261026.6181,42848.7656,492.3319,1026.5334
-303775.6812,-261059.6656,42716.0156,511.7662,1005.6047
-303936.8888,-261140.381,42796.5078,490.4925,1061.3608
-303825.0223,-261125.1121,42699.9102,492.6654,1038.7944
-303815.1831,-261062.5698,42752.6133,489.7182,1071.0941
-303623.1546,-261054.4124,42568.7422,482.479,1057.0061
-303784.8035,-261098.9949,42685.8086,519.2577,1013.4613
-303767.0754,-261042.509,42724.5664,503.8613,1004.1964
-303735.8186,-261001.9905,42733.8281,462.6333,1072.2157
-303565.126,-260993.0518,42572.0742,516.2886,1023.8401
-303973.9444,-261059.6827,42914.2617,506.6959,1039.5735
-303796.3303,-261094.4787,42701.8516,493.7264,1026.2947
-304024.4753,-261120.4401,42904.0352,492.4946,1043.5521
-303505.4224,-260999.6724,42505.75,462.1059,1075.8268
-303582.2994,-260974.5807,42607.7188,476.11,1035.9021
-303673.2174,-261094.1744,42579.043,522.2846,1049.374
-303688.3708,-261104.5153,42583.8555,489.4327,1061.1198
-303976.1862,-261210.1745,42766.0117,504.7583,1025.32
-303549.2799,-261003.6314,42545.6484,511.5381,1049.6394
-303761.6166,-260946.5815,42815.0352,501.7268,1016.6042
-303630.6829,-261011.7493,42618.9336,467.1731,1027.4053
-303573.0036,-261082.6638,42490.3398,520.9712,1083.1437
-303618.8154,-261012.167,42606.6484,476.8311,1046.0598
-303594.7056,-260991.1353,42603.5703,488.3129,1053.1274
-303786.6481,-261080.609,42706.0391,516.8497,1070.4866
-304022.3327,-261189.5866,42832.7461,493.007,1056.8966
-303665.28,-261088.155,42577.125,490.5278,1054.0788
-303817.8898,-260983.175,42834.7148,482.5324,1061.5628
-303784.8921,-261049.8726,42735.0195,458.577,1047.0583
-303931.4105,-261144.0511,42787.3594,521.5379,1060.3142
-303775.5119,-261084.633,42690.8789,492.5067,1056.7244
-303899.1145,-261091.4583,42807.6562,482.2467,1061.9636
-303603.3918,-260948.8957,42654.4961,484.244,1090.179
-303859.3767,-261024.1462,42835.2305,497.6745,1044.2177
-303902.1498,-261061.8334,42840.3164,503.9443,1020.139
-303936.1977,-261107.4907,42828.707,494.0633,996.7406
-303487.4038,-261030.7514,42456.6523,485.3281,1038.3117
-303687.1069,-261046.435,42640.6719,501.5147,1059.077
-303667.1246,-261005.6754,42661.4492,492.568,1093.5506
-303653.7991,-261026.7093,42627.0898,492.6441,1022.4022
-303777.2536,-261121.6208,42655.6328,483.2443,1005.9344
-303811.0232,-261063.8748,42747.1484,509.0018,1058.2018
-303753.6587,-261049.9478,42703.7109,479.76,1084.7676
-303582.4534,-261141.4885,42440.9648,506.2922,1017.327
-303324.0528,-260980.2051,42343.8477,496.8327,1068.8462
-303845.6516,-261123.3196,42722.332,473.2383,1075.0413
-303823.5209,-261085.6147,42737.9062,503.3778,1048.8559
-303464.4135,-260991.4916,42472.9219,484.783,993.194
-303739.0681,-261102.322,42636.7461,516.5529,1031.3269
-303799.3941,-261101.9839,42697.4102,467.1279,982.4477
-303709.8273,-260999.5421,42710.2852,496.9376,1033.4357
-303802.7778,-261118.2465,42684.5312,473.6716,1020.1882
-303890.1001,-261085.8969,42804.2031,492.0606,1006.9237
-303683.2149,-261048.0118,42635.2031,486.9166,1033.3862
-303776.8792,-261070.9846,42705.8945,485.0872,1060.5191
-303545.995,-260919.5145,42626.4805,513.2825,1070.3702
-303548.7731,-261012.0114,42536.7617,501.5884,1057.932
-303902.1466,-261146.4396,42755.707,555.5491,1064.3488
-303858.4312,-261120.5367,42737.8945,485.6949,1018.9673
-303791.4817,-260999.0208,42792.4609,504.8296,1024.723
-303848.1566,-261098.4769,42749.6797,496.6749,1027.7928
-303920.5538,-261100.8937,42819.6602,504.7988,1023.4263
-303953.6788,-261070.3702,42883.3086,489.3826,1101.9719
-303523.9492,-260966.5781,42557.3711,486.6954,995.3117
-303664.0216,-261025.9278,42638.0938,515.7907,1058.0686
-303609.4273,-261067.4039,42542.0234,509.5709,1021.0811
-303713.5376,-261027.3891,42686.1484,515.9472,1033.1272
-303741.0166,-261061.4658,42679.5508,457.7374,1022.4827
-303804.2516,-261042.8687,42761.3828,488.3669,1063.6415
-303630.8174,-261054.8643,42575.9531,512.6161,1069.1131
-303715.5002,-261121.3362,42594.1641,503.4057,1027.4017
-303345.0198,-261017.926,42327.0938,538.9257,1089.7838
-303871.2854,-261134.7736,42736.5117,500.0635,1061.1122
-303369.2454,-260994.0111,42375.2344,526.4273,1125.3766
-303558.9594,-260976.1118,42582.8477,495.5487,1057.8592
-303821.1015,-261075.7812,42745.3203,464.981,1063.0548
-303693.4799,-261111.6635,42581.8164,444.4352,1045.7306
-303892.554,-261162.2024,42730.3516,513.3975,1057.5604
-303510.431,-261082.0717,42428.3594,481.6958,1068.7656
-303852.1196,-261062.4712,42789.6484,490.8252,1043.1873
-303717.4908,-261139.9713,42577.5195,460.3465,1065.5016
-303642.9884,-260980.7775,42662.2109,518.3303,991.1086
-303689.7034,-261020.0003,42669.7031,509.5313,1044.5722
-303700.8304,-261182.1078,42518.7227,543.7265,1065.6516
-303882.6632,-261135.9484,42746.7148,503.6029,1044.8885
-303716.9245,-261015.3777,42701.5469,501.3945,1030.5608
-303610.4588,-261127.5174,42482.9414,478.8498,1039.5906
-303826.6043,-261118.1707,42708.4336,501.9677,1069.4714
-303622.2215,-261085.1395,42537.082,495.6318,1041.5994
-303693.5083,-261066.0942,42627.4141,494.7654,1009.1554
-303789.1956,-260969.6292,42819.5664,482.9097,1069.6715
-303743.6387,-261197.4317,42546.207,483.453,1025.6472
-304013.8863,-261043.9332,42969.9531,472.3167,1075.2955
-303687.6079,-261004.518,42683.0898,474.8824,1040.8052
-303729.1432,-260964.2604,42764.8828,510.1836,1014.7145
-303786.123,-261110.6386,42675.4844,466.1185,1059.1397
-303610.8391,-261076.3977,42534.4414,534.5995,1029.3541
-303763.3283,-261031.2892,42732.0391,520.4694,1026.3344
-303723.2659,-261059.0589,42664.207,492.1221,1035.3168
-303707.8471,-260982.9291,42724.918,476.2015,1031.4643
-304046.0823,-261138.969,42907.1133,502.8151,1021.2508
-304100.2831,-261122.3924,42977.8906,496.576,1061.5896
-303662.0066,-261093.5144,42568.4922,493.7023,1031.0729
-303831.5698,-261165.9253,42665.6445,513.2078,1087.8206
-303817.9041,-261022.9666,42794.9375,515.0132,1022.4146
-303679.7337,-260969.1712,42710.5625,476.3965,1060.1303
-303584.4601,-261022.7491,42561.7109,498.8629,1053.426
-303638.7069,-260927.3475,42711.3594,470.1788,1062.8461
-303913.2073,-261028.9065,42884.3008,490.1843,1016.252
-303808.8015,-261069.6843,42739.1172,496.2416,1009.9122
-303740.3504,-261056.7918,42683.5586,462.9303,1044.1049
-303725.381,-261064.6857,42660.6953,499.7933,1038.8317
-303982.9947,-261055.4908,42927.5039,498.36,1030.4041
-304097.2432,-261102.5752,42994.668,509.5772,1021.1444
-304059.8235,-261014.2454,43045.5781,475.9785,1017.3663
-303689.811,-261115.6821,42574.1289,515.7664,1058.7608
-303624.7293,-261062.3191,42562.4102,471.2393,1038.954
-303593.5528,-261041.8457,42551.707,501.9675,1027.5342
-303754.8245,-261033.5199,42721.3047,499.8762,1066.1596
-303863.2016,-261094.018,42769.1836,492.8402,1052.8284
-303961.3271,-261217.956,42743.3711,513.3559,1072.5294
-303821.2095,-261069.7212,42751.4883,514.3627,1042.7331
-303744.645,-261053.6801,42690.9648,487.164,1016.935
-304047.7514,-261078.6849,42969.0664,513.1679,1015.326
-303779.0029,-261047.0185,42731.9844,493.2649,1077.5049
-303822.661,-261114.8134,42707.8477,487.24,1067.8096
-303563.4933,-261041.6065,42521.8867,515.7851,1046.9385
-303778.2747,-261076.0715,42702.2031,508.7088,1053.7742
-303545.2828,-261016.9234,42528.3594,499.3911,1007.0375
-303789.4184,-261099.3129,42690.1055,515.1902,1060.8268
-303647.8476,-261035.8202,42612.0273,462.8076,1050.3092
-304021.8627,-261129.097,42892.7656,482.7056,1037.0149
-303782.1064,-261028.1298,42753.9766,488.4184,1073.9812
-303881.7368,-261103.7251,42778.0117,491.7238,1051.4747
-303630.6503,-260964.8651,42665.7852,501.0327,1021.4238
-303615.872,-261100.5986,42515.2734,465.807,1036.6835
-303714.7817,-261130.4731,42584.3086,505.8577,1047.3988
-303744.1827,-261083.8194,42660.3633,507.7946,1024.7439
-303612.221,-261079.0257,42533.1953,512.7639,1043.1701
-303752.9303,-261097.0553,42655.875,510.2885,1041.4294
-303686.4113,-261018.1809,42668.2305,508.3575,1071.6148
-303836.4147,-261095.528,42740.8867,458.8276,1045.4371
-303720.5898,-261171.4179,42549.1719,483.7158,1050.6541
-303504.7105,-261083.2925,42421.418,489.5916,1032.8158
-303938.2743,-261035.7704,42902.5039,497.4485,1026.7924
-303626.7298,-261120.7416,42505.9883,488.7024,1034.544
-303755.0978,-261037.7423,42717.3555,514.2487,1044.5221
-303435.215,-260882.1212,42553.0938,524.3178,1024.0967
-303788.9739,-261119.8841,42669.0898,504.7774,1052.9254
-303631.1984,-261019.5539,42611.6445,491.7994,1049.4889
-303673.0572,-261062.2798,42610.7773,456.0214,1005.5696
-303673.7724,-261053.1083,42620.6641,502.805,1069.4286
-303734.3623,-261134.038,42600.3242,524.3486,1032.1608
-303718.2564,-261062.7994,42655.457,466.8089,1050.4424
-303671.1327,-260965.9295,42705.2031,495.8299,1040.0274
-303604.1237,-261065.9831,42538.1406,497.2415,1053.1371
-303845.2726,-261087.296,42757.9766,494.8513,1042.3026
-303991.9863,-261112.3535,42879.6328,484.0888,1036.3346
-303770.7145,-261049.9997,42720.7148,511.0004,1070.6626
-303738.8421,-261029.2405,42709.6016,527.8291,1031.5768
-303681.4054,-261036.0656,42645.3398,469.2113,1032.5678
-303803.6799,-261054.676,42749.0039,505.9189,1050.087
-303601.3788,-261011.4921,42589.8867,496.3813,1031.2967
-303648.445,-261060.9684,42587.4766,498.9109,1025.1853
-303992.1703,-261118.6976,42873.4727,499.5337,1113.2563
-303886.1248,-261036.5544,42849.5703,503.7895,1060.3031
-303796.6637,-261131.4918,42665.1719,494.8835,1055.6839
-303644.2098,-260983.7293,42660.4805,481.4012,1058.2928
-303652.4119,-261058.3416,42594.0703,486.5105,1097.0119
-303504.0993,-261014.2868,42489.8125,496.1516,1062.5777
-303695.3249,-261145.9694,42549.3555,507.2215,1039.4639
-303756.3781,-261051.4289,42704.9492,468.2817,1080.8033
-303783.2315,-260980.9346,42802.2969,505.3392,1023.8566
-303708.0075,-261079.5466,42628.4609,489.1356,1052.4412
-303833.4271,-261084.1615,42749.2656,481.6908,1026.1699
-303727.6474,-261077.4873,42650.1602,487.1794,1066.5449
-303726.0462,-261038.7298,42687.3164,490.2833,1026.4717
-303968.6386,-261113.6855,42854.9531,528.0979,1055.9061
-303914.202,-260974.5536,42939.6484,481.2089,1023.5283
-303643.0632,-260994.5163,42648.5469,515.9301,1051.9997
-303850.4557,-261139.1471,42711.3086,505.9161,1061.4668
-303605.0972,-261024.2261,42580.8711,487.36,1036.2008
-303688.6052,-261063.6247,42624.9805,504.0934,1057.9463
-303679.2232,-261033.8599,42645.3633,505.55,1022.5163
-303627.878,-261077.4366,42550.4414,473.4299,1036.8747
-303656.5158,-261052.8674,42603.6484,464.7259,1079.5921
-303915.5467,-261119.1873,42796.3594,513.4424,1015.4659
-303745.9821,-261056.6032,42689.3789,492.8685,1053.2721
-304131.258,-261097.0197,43034.2383,497.2945,1040.3496
-303766.7539,-261091.793,42674.9609,517.9112,1092.762
-303633.5201,-261083.6919,42549.8281,466.0075,997.5296
-303693.8315,-261044.5229,42649.3086,498.3231,1060.1708
-303972.2188,-261077.5196,42894.6992,473.9914,1082.4604
-303795.5244,-261004.8759,42790.6484,470.8817,1059.1792
-303865.8424,-261107.4752,42758.3672,462.4621,1099.3126
-303823.1491,-261076.5984,42746.5508,507.2724,1049.6404
-303870.1799,-261056.5862,42813.5938,490.2932,1065.4578
-303773.1563,-261063.3945,42709.7617,468.535,1045.9392
-303778.5281,-261169.2586,42609.2695,493.5835,1043.1746
-303887.2334,-261037.5264,42849.707,462.2903,1032.6075
-303807.2231,-261036.9535,42770.2695,504.4091,1065.8382
-303669.6937,-261034.1546,42635.5391,487.3516,1027.7144
-303929.1903,-261158.0966,42771.0938,526.7793,1050.8238
-303982.8541,-261073.6783,42909.1758,502.4759,1034.6537
-303797.4868,-261051.8032,42745.6836,503.4599,1061.3063
-303627.2252,-261085.526,42541.6992,504.8355,1052.5859
-304071.0018,-261114.2245,42956.7773,491.3027,1041.8516
-303742.9031,-260994.0085,42748.8945,478.2473,1093.1679
-303725.0297,-261015.4984,42709.5312,497.3862,1037.2345
-303812.2022,-261120.4248,42691.7773,512.2506,1058.542
-303758.4779,-261090.8451,42667.6328,519.0399,1060.6981
-303651.0608,-261089.2834,42561.7773,543.8592,1024.3446
-303657.6383,-261022.7399,42634.8984,481.6765,1031.7259
-303586.49,-261002.2205,42584.2695,492.5268,1016.9901
-303749.9511,-261118.6659,42631.2852,491.0632,1028.903
-303635.2567,-261006.0185,42629.2383,461.6048,1054.3453
-303810.4268,-261155.8252,42654.6016,508.227,1018.3841
-303904.2378,-261129.0738,42775.1641,474.1331,1096.6536
-303867.7081,-261107.2042,42760.5039,488.8515,1025.6052
-303895.4149,-261101.3954,42794.0195,532.1379,1078.9627
-303782.4783,-261105.033,42677.4453,476.3733,1029.4833
-303622.8074,-261043.3153,42579.4922,515.1999,1032.9978
-303843.9282,-261137.5688,42706.3594,523.9745,1074.0145
-303806.3474,-261074.5622,42731.7852,511.3611,1092.2373
-303792.2023,-261063.2726,42728.9297,513.9872,1077.6046
-303717.2728,-261068.9955,42648.2773,458.3965,1090.213
-303636.2745,-261128.8761,42507.3984,468.4235,1006.2558
-303795.7894,-261051.4886,42744.3008,491.6598,1038.4039
-303767.1735,-261040.6305,42726.543,500.5457,1048.126
-304032.2605,-261144.6667,42887.5938,479.8856,994.5421
-303705.0725,-261125.5999,42579.4727,496.9764,1056.7343
-303704.2898,-261085.7273,42618.5625,487.2004,1094.9895
-304254.444,-261103.2292,43151.2148,494.9588,1023.7842
-303829.0296,-261044.6429,42784.3867,526.1387,1058.8476
-303606.7495,-261151.2808,42455.4688,494.5303,1043.8228
-303703.5059,-260926.5645,42776.9414,490.0574,1069.0022
-303673.2197,-261152.3682,42520.8516,516.9449,1092.0885
-303918.5681,-261071.4353,42847.1328,520.8981,1065.8394
-303931.2056,-261077.272,42853.9336,500.7677,1072.7815
-303827.9815,-261004.5362,42823.4453,478.0907,1043.6852
-303801.0611,-261012.569,42788.4922,490.0251,1038.9032
-303814.0201,-261215.567,42598.4531,514.1548,1052.1167
-303527.5378,-260998.819,42528.7188,523.2537,994.619
-303624.4708,-261058.9005,42565.5703,501.9156,1074.7476
-303875.6517,-261165.972,42709.6797,521.0279,1011.8415
-303985.6454,-261146.036,42839.6094,502.22,1041.33
-304141.7117,-261262.3406,42879.3711,483.0633,1055.3292
-303917.5889,-261116.7217,42800.8672,499.667,1026.0375
-303600.0418,-261085.905,42514.1367,490.2582,1061.9442
-304006.2556,-261143.6072,42862.6484,514.272,1002.9565
-303750.6414,-261149.3719,42601.2695,473.6157,1037.5004
-304011.6484,-261060.7148,42950.9336,512.4383,1062.761
-303935.0826,-261153.2819,42781.8008,477.7708,1009.5287
-303629.0682,-260998.8651,42630.2031,531.5351,1040.4259
-303982.2172,-261060.5297,42921.6875,474.2069,1018.9678
-303672.7207,-261044.084,42628.6367,483.4128,1037.2245
-303863.07,-261144.2224,42718.8477,482.5956,1069.1336
-303939.9127,-261141.3658,42798.5469,501.7401,1078.6671
-303656.388,-261022.1497,42634.2383,490.6572,1004.7112
-303587.625,-261128.1875,42459.4375,495.8132,1036.7094
-303806.0682,-261165.0838,42640.9844,509.913,1036.019
-303761.7896,-261143.5669,42618.2227,499.4738,1057.5353
-303881.4128,-261101.7644,42779.6484,491.8685,1038.3307
-303739.2542,-261099.1175,42640.1367,524.3325,1047.7395
-303982.5869,-261209.3994,42773.1875,489.973,1018.1073
-303555.7102,-261165.6008,42390.1094,531.0869,1058.8018
-303733.4899,-261113.0603,42620.4297,522.3136,1031.9554
-303614.2187,-261097.4961,42516.7227,482.2393,1035.1317
-303717.2292,-261049.7175,42667.5117,510.7824,1060.8907
-303582.2272,-261083.0709,42499.1562,468.0206,1010.6
-303912.0794,-261082.6106,42829.4688,485.5043,1062.3151
-304002.8173,-261217.0087,42785.8086,508.2848,1029.8887
-303789.095,-261046.3099,42742.7852,457.4835,1144.0329
-303755.6581,-261032.8261,42722.832,481.1933,1037.0293
-303796.7889,-260986.4178,42810.3711,491.9046,1029.9425
-303702.6539,-261057.3883,42645.2656,481.4395,1064.5506
-303758.3024,-261152.486,42605.8164,498.361,1028.7464
-303812.6745,-261105.0299,42707.6445,451.6393,1029.5304
-303584.6247,-261031.6638,42552.9609,509.8472,1070.7918
-303869.7233,-261053.4928,42816.2305,490.9266,1029.6341
-303591.4025,-261045.9142,42545.4883,512.6002,1117.2325
-304004.8572,-261079.2439,42925.6133,482.3557,1014.2582
-303709.9683,-260985.7066,42724.2617,518.7947,1084.8741
-303695.671,-260971.3702,42724.3008,447.241,1025.5947
-304015.3926,-261116.4395,42898.9531,525.666,1044.0975
-303931.8072,-261111.8189,42819.9883,518.0741,1022.854
-303688.8429,-261077.507,42611.3359,515.2235,1036.2535
-303762.3956,-261001.7628,42760.6328,512.8919,1069.4391
-303764.5787,-261071.1294,42693.4492,498.5144,1091.621
-303657.5312,-261113.289,42544.2422,483.1844,1095.5547
-303638.0167,-261075.3487,42562.668,529.9126,1045.5028
-303791.112,-261037.2565,42753.8555,494.0631,1020.3148
-303725.3987,-260969.0862,42756.3125,494.927,1020.4395
-303855.2862,-261174.6456,42680.6406,535.7185,1039.0492
-303920.0988,-261105.212,42814.8867,492.7127,1028.9056
-303694.2742,-261027.45,42666.8242,459.1596,1049.3812
-303668.3352,-260970.7648,42697.5703,498.0542,1026.6339
-303838.7764,-261056.3741,42782.4023,497.7726,1032.098
-303868.3353,-261014.7728,42853.5625,461.0367,1028.3354
-303647.4982,-261104.1349,42543.3633,529.81,1085.2085
-303608.973,-261041.8519,42567.1211,514.3266,1036.2072
-303749.894,-261134.4682,42615.4258,485.8267,1037.9992
-303759.5109,-261095.1867,42664.3242,466.7464,1053.6965
-303796.7706,-261031.2198,42765.5508,470.2008,1054.479
-303851.0173,-261039.9392,42811.0781,482.7183,1098.0791
-303601.2174,-261151.8112,42449.4062,505.5495,1076.9575
-303692.7899,-260993.6376,42699.1523,476.2445,1036.7307
-303769.286,-261027.0751,42742.2109,466.4037,1014.2359
-303782.2515,-261064.0249,42718.2266,469.4108,1019.9411
-303649.2446,-261023.6196,42625.625,494.6216,1036.6381
-303831.8653,-261091.9591,42739.9062,506.9473,1041.7425
-303659.2224,-261055.6091,42603.6133,480.2292,1092.935
-303797.7097,-261011.3894,42786.3203,469.8218,1036.1414
-303656.8281,-260987.4375,42669.3906,508.5964,1023.4874
-303594.0803,-261046.7053,42547.375,491.6462,1071.7355
-303787.5952,-261116.2749,42671.3203,496.5439,1063.5379
-303654.2072,-261061.1642,42593.043,496.4605,1063.9668
-303819.0837,-261138.8415,42680.2422,496.651,1012.8007
-303994.9243,-261062.2485,42932.6758,468.6196,1036.4503
-303556.6237,-261084.7605,42471.8633,514.6789,1063.4768
-303743.0006,-261069.3209,42673.6797,479.3541,1062.6306
-303905.6554,-261091.9991,42813.6562,470.7074,1029.3725
-303859.5194,-261009.496,42850.0234,493.22,1013.0293
-303679.0639,-261094.2631,42584.8008,497.0953,1018.2723
-303678.5016,-261047.7321,42630.7695,518.1516,1069.2431
-303770.2364,-261130.2247,42640.0117,475.5656,1070.221
-303903.9711,-261083.8539,42820.1172,524.8282,1020.6258
-303874.8428,-261134.8974,42739.9453,524.488,1055.6456
-303743.1517,-260943.5931,42799.5586,488.2872,1040.6261
-304001.8117,-261120.0187,42881.793,552.367,1026.1428
-303966.9107,-261104.3404,42862.5703,507.9639,1034.5082
-303697.4867,-261095.4906,42601.9961,494.446,1028.3724
-303628.0233,-261103.992,42524.0312,502.9552,1018.9441
-303645.4455,-261055.0431,42590.4023,497.3113,1072.0843
-303846.6064,-261107.6298,42738.9766,477.3671,1023.3535
-303714.0282,-261103.7704,42610.2578,503.9184,1048.5748
-303941.3073,-261078.9245,42862.3828,489.0243,1076.952
-303885.2071,-261101.7618,42783.4453,526.7842,1034.3764
-303786.2973,-261104.6645,42681.6328,499.9621,986.4884
-303767.7548,-261156.6844,42611.0703,491.9392,1062.6655
-303842.526,-261021.1158,42821.4102,514.0603,990.6346
-303747.0818,-261037.7342,42709.3477,483.3704,1065.6508
-303901.0843,-261052.0491,42849.0352,476.7909,998.8739
-303846.2413,-261104.6554,42741.5859,520.2929,1065.7761
-303851.135,-261033.0998,42818.0352,473.8047,1064.3798
-303597.0293,-260978.3184,42618.7109,512.3038,1016.4238
-303730.4476,-261157.9358,42572.5117,487.2035,1060.8549
-304023.6534,-261050.169,42973.4844,516.5017,986.2448
-303645.7579,-261038.9571,42606.8008,493.0801,1052.1954
-303773.4144,-261098.7738,42674.6406,520.255,1031.1262
-303744.1842,-261037.1568,42707.0273,492.6455,1098.756
-303625.1931,-261062.4548,42562.7383,494.276,1072.6791
-303662.4936,-261105.9233,42556.5703,517.3848,1066.264
-303712.0202,-261025.7819,42686.2383,493.0297,1043.7901
-303980.1955,-261103.1525,42877.043,504.3565,1027.8705
-303707.3726,-260973.3492,42734.0234,491.7808,1081.9959
-303731.01,-261070.9397,42660.0703,474.9039,1033.7171
-303890.4851,-261006.5436,42883.9414,491.2817,1033.6109
-303568.4404,-260993.706,42574.7344,476.9352,1055.551
-303501.9114,-261008.2591,42493.6523,511.1524,1067.2121
-303816.9625,-261047.025,42769.9375,492.8579,1055.239
-303873.4144,-261048.262,42825.1523,498.4849,1053.8114
-303878.0757,-261089.1812,42788.8945,487.9644,1077.4622
-303854.0239,-261094.1841,42759.8398,511.6842,1060.2655
-303719.4931,-261011.2431,42708.25,488.8671,1031.1259
-303728.7487,-261066.5885,42662.1602,486.7485,1056.4609
-303948.6884,-261165.997,42782.6914,535.3994,1001.7541
-303503.6385,-260956.9041,42546.7344,500.2612,1064.0122
-303485.5625,-261062.4844,42423.0781,462.0135,1004.5994
-303651.1015,-261033.1562,42617.9453,489.379,1010.8424
-303558.1049,-261001.808,42556.2969,480.0465,1028.436
-303670.5999,-261114.9866,42555.6133,490.6867,1019.044
-303837.9158,-261130.8689,42707.0469,464.1443,1080.1172
-303774.5369,-261157.2087,42617.3281,520.9721,1043.2745
-303914.0961,-261103.143,42810.9531,503.9781,1026.0684
-303842.9184,-261145.5082,42697.4102,524.5715,1063.2453
-303755.9615,-261096.9615,42659.0,487.1502,1037.48
-303908.8084,-261097.2459,42811.5625,486.6458,1013.0268
-303978.8166,-261181.3986,42797.418,498.0608,1009.5818
-303851.6535,-261186.6457,42665.0078,507.757,1093.6571
-304054.7515,-261158.7203,42896.0312,500.576,999.8649
-303713.1056,-261031.4885,42681.6172,499.3085,1053.8059
-303797.113,-261058.82,42738.293,491.6779,1014.5804
-303595.1264,-261065.1342,42529.9922,469.0617,1053.8084
-303733.7184,-261062.2379,42671.4805,504.9437,1026.088
-303831.8749,-260987.078,42844.7969,467.449,1016.9621
-303631.8813,-261044.4985,42587.3828,469.2313,1009.7888
-303794.0681,-260934.865,42859.2031,493.6082,1026.7869
-303852.717,-261071.4006,42781.3164,465.2897,1008.0681
-303888.9546,-261019.8179,42869.1367,469.8823,1064.6354
-303581.5347,-260966.687,42614.8477,490.8043,1064.9344
-303708.6275,-260997.19,42711.4375,446.514,1049.4078
-303743.7465,-261069.3715,42674.375,481.7055,1034.2194
-303574.8328,-260991.114,42583.7188,503.7715,1065.7773
-303781.7619,-261036.6564,42745.1055,476.8022,1064.5156
-303761.094,-261019.6722,42741.4219,501.6189,1048.1099
-303461.7402,-261046.8418,42414.8984,488.5423,1039.7249
-303678.2139,-260994.71,42683.5039,505.9443,1040.5208
-304025.9442,-261191.5067,42834.4375,492.3714,1031.7597
-303683.2922,-260956.1711,42727.1211,511.2294,1042.0422
-303527.1074,-260987.5684,42539.5391,488.3981,1038.1973
-303652.8695,-260998.1468,42654.7227,457.2864,1033.4371
-303720.0866,-261052.2272,42667.8594,477.9271,1047.0971
-303814.8515,-261006.4374,42808.4141,484.6343,998.8704
-303933.5586,-261051.0781,42882.4805,519.2763,1042.4902
-303523.6153,-260999.4083,42524.207,505.9782,1050.3963
-303299.6316,-260897.2683,42402.3633,506.6003,1022.2632
-303932.6308,-261009.916,42922.7148,461.4021,1042.1389
-303868.3225,-261060.0256,42808.2969,493.9817,1027.7893
-303818.7813,-261109.7539,42709.0273,485.1129,1039.3656
-303730.444,-261122.6823,42607.7617,519.6261,1062.0864
-303795.7076,-261029.9927,42765.7148,475.0363,1019.4874
-303680.2901,-260958.5869,42721.7031,532.8892,1033.2591
-303816.1479,-261033.2338,42782.9141,505.3406,1024.9393
-303573.9445,-261054.214,42519.7305,505.7908,1079.892
-303699.5073,-260999.4604,42700.0469,501.0366,1053.937
-303758.9905,-260949.6233,42809.3672,478.7036,1033.4772
-304064.9993,-261210.8626,42854.1367,489.3196,1011.7108
-303569.2879,-261061.9129,42507.375,447.2325,1053.0351
-303988.0056,-261021.2126,42966.793,502.9067,1102.4041
-303656.6454,-261062.5595,42594.0859,529.0914,1037.0023
-303749.3098,-260991.3918,42757.918,480.6775,1013.7905
-303635.1042,-260993.4245,42641.6797,445.7758,1013.0984
-303835.6055,-261133.3516,42702.2539,494.5846,1044.1
-303830.4362,-261135.0886,42695.3477,528.5417,1011.0173
-303841.7795,-261151.4514,42690.3281,495.1122,1061.082
-303922.1695,-261146.4156,42775.7539,483.4707,1026.0287
-304098.4679,-261046.3156,43052.1523,514.5449,1060.5166
-303461.6595,-260946.1009,42515.5586,497.7101,1011.0712
-303854.1834,-261146.5155,42707.668,508.6242,1006.8095
-303572.0028,-260934.7528,42637.25,464.3253,1036.1269
-303845.2437,-260996.8999,42848.3438,514.3397,1031.3386
-303642.517,-261024.5209,42617.9961,498.1726,1054.9678
-303500.907,-260971.0594,42529.8477,511.7386,1100.3953
-303582.1412,-260978.0787,42604.0625,488.0542,1068.821
-303539.9265,-261009.9383,42529.9883,465.2695,1040.1781
-303738.1333,-261018.0982,42720.0352,486.7409,1001.6202
-303702.0604,-261026.5995,42675.4609,507.6025,1041.292
-303728.5153,-260985.1091,42743.4062,505.4826,1035.0744
-303792.3738,-261102.0925,42690.2812,500.4622,1066.0212
-303802.5121,-261086.559,42715.9531,489.1677,1006.5641
-303466.3909,-261037.3167,42429.0742,501.4529,996.0708
-303655.0496,-261022.5223,42632.5273,449.8284,1039.5743
-303715.5594,-261000.4422,42715.1172,464.2856,1061.2501
-303709.0035,-261085.1949,42623.8086,500.1338,1047.447
-303774.8261,-261226.7793,42548.0469,512.1478,1056.5759
-303771.2452,-261138.8663,42632.3789,488.0488,1045.5759
-303647.0147,-261127.2413,42519.7734,510.9671,1032.901
-303767.338,-261038.2716,42729.0664,465.4608,1054.2994
-303660.2715,-261025.1231,42635.1484,507.4482,1057.8621
-303821.0207,-261135.3761,42685.6445,492.6568,989.4051
-303941.0899,-261042.8906,42898.1992,490.9341,1077.3446
-303908.3659,-261036.9401,42871.4258,482.5507,1050.8687
-303678.3103,-261119.7165,42558.5938,539.0563,1002.6325
-303723.3017,-261059.9228,42663.3789,488.8444,1046.0062
-303795.9408,-261140.9018,42655.0391,514.8804,1040.714
-303897.7304,-261034.4179,42863.3125,488.7085,1031.7582
-303876.4771,-261042.2505,42834.2266,486.9648,1026.9844
-303699.0668,-261038.852,42660.2148,496.0815,1051.3119
-303831.8277,-261138.4019,42693.4258,474.2247,1076.7268
-303877.7217,-261096.6084,42781.1133,473.2742,1047.9241
-303789.4992,-261074.3507,42715.1484,528.875,1056.8815
-303590.0246,-261033.6574,42556.3672,477.1634,1034.1007
-303824.1858,-261040.9436,42783.2422,500.5724,1010.1871
-303753.3254,-261115.0832,42638.2422,477.1499,1058.4687
-303826.3611,-261082.0955,42744.2656,505.3152,1030.1516
-303803.3026,-261112.0878,42691.2148,500.2907,1052.4105
-303769.0907,-261096.493,42672.5977,509.706,1031.8159
-303773.4316,-261021.1387,42752.293,513.7989,1003.2719
-303908.1981,-261108.0887,42800.1094,471.8368,1055.9962
-303750.5807,-261149.2838,42601.2969,514.7885,1069.821
-303655.0602,-261041.4469,42613.6133,466.385,1065.0535
-303660.7041,-261004.583,42656.1211,491.5369,1077.3867
-303771.0575,-261062.538,42708.5195,470.4448,1029.4551
-303693.0862,-261057.9807,42635.1055,483.1769,1053.1166
-303969.2953,-261038.3812,42930.9141,468.2553,1046.1633
-303695.7108,-261125.1835,42570.5273,499.0105,1021.0175
-303744.3833,-260910.8208,42833.5625,480.8604,1068.0407
-303947.78,-261024.3776,42923.4023,509.453,1043.7179
-303835.8817,-261103.3388,42732.543,511.4875,1057.8345
-303837.1419,-261081.6614,42755.4805,504.2479,989.1619
-303681.0838,-261154.5291,42526.5547,483.8021,1045.8928
-303909.6362,-261134.0697,42775.5664,497.4731,1035.4317
-303829.9765,-261002.4218,42827.5547,488.5959,1014.807
-303773.0036,-261028.0036,42745.0,493.1748,1021.1906
-303881.7873,-261013.3342,42868.4531,485.5038,1081.5981
-303831.3181,-261039.7165,42791.6016,472.3022,1059.9332
-303767.8089,-261052.469,42715.3398,466.6608,1030.822
-303758.8643,-261065.5283,42693.3359,479.9436,1038.887
-303697.7817,-260920.9419,42776.8398,478.1456,1063.5545
-303956.9366,-261034.7061,42922.2305,498.8654,995.6857
-303481.2755,-261058.8614,42422.4141,477.1216,1050.9888
-303636.2095,-261017.5454,42618.6641,465.6414,1078.3931
-303704.5888,-260956.0693,42748.5195,524.7095,1031.6613
-303895.1914,-260958.2343,42936.957,497.9717,1017.1613
-304031.8598,-261162.5786,42869.2812,466.3907,1043.5567
-303623.9998,-261081.4841,42542.5156,511.1932,1050.5266
-303622.1344,-260964.3259,42657.8086,537.6813,1069.3193
-303872.5173,-261057.4196,42815.0977,479.1542,1066.7167
-303592.6804,-261079.3445,42513.3359,499.6079,1014.5168
-303675.8064,-260996.2204,42679.5859,505.634,1070.9992
-303945.4373,-261115.5076,42829.9297,499.5309,1048.1116
-303845.9799,-261025.6518,42820.3281,493.7587,1084.6259
-303875.897,-261028.897,42847.0,502.8898,1057.2462
-303705.3335,-261005.0327,42700.3008,476.615,1058.2766
-303818.7269,-261109.6058,42709.1211,499.4236,1044.2024
-303981.4921,-261082.0429,42899.4492,469.9429,1078.338
-303651.8321,-261053.9962,42597.8359,500.9966,1021.1408
-303651.5006,-261030.3913,42621.1094,513.7618,1032.8503
-303777.6125,-261068.4016,42709.2109,491.9992,1061.9072
-303601.6277,-260941.53,42660.0977,476.1911,1019.6012
-303824.4327,-260999.2217,42825.2109,475.2537,1021.3587
-303767.8412,-261165.7514,42602.0898,477.0239,1057.9499
-303497.4989,-260960.9286,42536.5703,472.5959,1057.3211
-303741.0774,-261120.9368,42620.1406,540.9663,1026.9791
-304093.5741,-261099.0897,42994.4844,461.9441,1037.0411
-303775.8954,-261079.3329,42696.5625,460.7025,1041.2501
-303756.7521,-260998.5842,42758.168,492.7764,1041.5289
-303877.2223,-261086.609,42790.6133,496.4147,1005.9246
-303885.7352,-261093.829,42791.9062,457.9105,1040.4553
-303868.0434,-261073.7738,42794.2695,521.8429,1000.4955
-303707.4274,-260984.5055,42722.9219,509.4753,1043.1274
-303741.867,-261059.949,42681.918,506.1126,1037.6805
-303738.3569,-261171.0405,42567.3164,478.3048,1063.6091
-303721.2169,-261032.8068,42688.4102,488.2435,1031.5187
-303636.2977,-261006.9344,42629.3633,476.136,1075.3595
-303729.0592,-261072.3795,42656.6797,503.923,1062.933
-303810.6595,-260979.5502,42831.1094,501.9277,1047.2938
-303677.001,-261003.7666,42673.2344,473.7925,1040.3598
-303526.2466,-261061.1763,42465.0703,491.3204,996.4173
-303479.0058,-261076.9902,42402.0156,522.2862,1027.4
-303602.9205,-261000.9049,42602.0156,522.3687,1025.1602
-303691.0535,-261132.3582,42558.6953,506.8492,1072.3238
-304009.965,-261126.6056,42883.3594,483.7816,1031.1279
-304013.5959,-261097.7873,42915.8086,468.6806,991.6492
-303857.2604,-261034.358,42822.9023,497.7651,1063.3209
-303773.862,-261105.1276,42668.7344,496.883,1022.1175
-303775.9509,-261101.0759,42674.875,482.5717,1113.0184
-303827.1664,-261167.7523,42659.4141,503.9106,1091.2936
-303763.5502,-261213.7182,42549.832,503.1321,1045.8263
-303785.5342,-261136.0342,42649.5,498.9632,1075.9144
-303826.096,-261051.0609,42775.0352,460.0547,1006.5277
-303796.9706,-261053.3378,42743.6328,498.9788,1026.4782
-303803.8826,-260978.7576,42825.125,479.4791,1092.6707
-303673.7121,-260994.7512,42678.9609,515.6463,1059.9392
-303878.7313,-261059.5047,42819.2266,504.9411,1057.8088
-303811.8648,-261110.4116,42701.4531,511.084,1062.8764
-303776.148,-261059.5777,42716.5703,505.6034,1033.184
-303608.5381,-260995.3663,42613.1719,501.0433,1050.3307
-303957.4653,-261119.1919,42838.2734,476.1307,1036.8857
-303865.3441,-261026.7581,42838.5859,463.3978,1041.0139
-303471.4864,-261030.0137,42441.4727,502.4589,1046.1114
-303628.3185,-260997.1427,42631.1758,489.3409,1053.0219
-303734.2469,-261047.5125,42686.7344,457.3025,1067.1511
-303711.5792,-261023.1182,42688.4609,499.5472,1043.2241
-303854.3175,-261057.4269,42796.8906,539.3393,1016.0521
-303719.2454,-261026.7884,42692.457,496.9306,992.5364
-303858.3017,-261047.9267,42810.375,495.9778,1043.6793
-303862.6487,-261075.6448,42787.0039,502.9009,1056.0104
-303919.6829,-261150.1125,42769.5703,496.4467,1027.3318
-303932.2593,-261081.5093,42850.75,498.58,1050.3586
-303841.5351,-260973.0234,42868.5117,464.4522,994.5692
-303736.4438,-261032.6938,42703.75,468.0316,1022.6097
-303931.2369,-261033.2798,42897.957,519.3921,1110.9289
-303888.0864,-260988.2387,42899.8477,481.3379,1058.3631
-303916.9291,-261110.9955,42805.9336,476.0125,1098.6098
-303588.758,-261028.6877,42560.0703,497.9128,1077.1415
-303714.6693,-261014.4779,42700.1914,508.177,1077.6548
-303692.9959,-261058.1639,42634.832,490.397,1049.9548
-303919.6406,-261046.2656,42873.375,461.8174,1011.5592
-303611.9514,-261002.6819,42609.2695,515.6263,1058.9059
-303784.9523,-261075.3859,42709.5664,492.6791,1058.8886
-303566.5121,-260978.5746,42587.9375,473.9285,1057.6955
-303904.4583,-261044.9818,42859.4766,519.987,1016.8215
-303858.6552,-261039.7528,42818.9023,486.9734,984.5682
-303691.8445,-260956.3992,42735.4453,480.3584,1006.4985
-303691.1643,-261078.3831,42612.7812,504.3256,1045.7778
-303892.7882,-260986.8507,42905.9375,511.0843,1025.6946
-303627.8043,-261058.9293,42568.875,491.7192,1062.0407
-303830.979,-261082.1274,42748.8516,474.3244,1035.3228
-303521.5219,-261007.1235,42514.3984,500.3374,1038.2456
-303765.8824,-261080.9175,42684.9648,502.4535,999.1144
-303952.5932,-261136.5307,42816.0625,457.133,1046.5645
-303698.6119,-261109.6783,42588.9336,469.0322,1066.0802
-303807.7561,-261023.8264,42783.9297,491.0996,1049.7497
-303742.0957,-261076.9629,42665.1328,506.8915,1037.8524
-303525.9859,-260983.3882,42542.5977,523.9281,1045.44
-303807.9956,-261076.9917,42731.0039,462.6485,1067.275
-303782.9774,-261075.5672,42707.4102,501.1032,1083.7687
-303764.5696,-261132.2375,42632.332,500.5107,1068.5971
-303570.1352,-260984.8774,42585.2578,520.5914,1050.1486
-303692.6009,-261066.6204,42625.9805,526.0467,1044.2032
-303716.1596,-261048.8002,42667.3594,487.8913,1022.5246
-303893.526,-261087.4713,42806.0547,492.8885,1036.3096
-303593.3634,-260968.8087,42624.5547,502.2912,1072.9692
-303822.8768,-261059.5643,42763.3125,479.1697,1013.635
-303786.5625,-261022.4219,42764.1406,503.8727,1018.1423
-303880.6164,-261107.9758,42772.6406,524.6532,1063.6764
-303787.7568,-261062.0771,42725.6797,516.9539,1046.0255
-303863.0154,-261041.531,42821.4844,513.4262,985.8608
-303920.6724,-261019.188,42901.4844,469.6751,1021.2504
-303759.0643,-261009.9783,42749.0859,516.8818,1021.8753
-303846.2612,-260992.8432,42853.418,488.8353,1036.8885
-303730.7352,-261123.2938,42607.4414,497.449,1037.5391
-303899.4146,-260983.4458,42915.9688,501.889,1040.7645
-303526.7455,-261026.3548,42500.3906,480.6275,1011.0919
-303639.1538,-261025.4195,42613.7344,491.0303,1066.0104
-303583.0805,-261016.0063,42567.0742,497.7921,1057.3919
-303881.1434,-261162.7957,42718.3477,513.6405,1043.7631
-303626.8664,-261025.1242,42601.7422,471.3329,1049.8886
-303547.0747,-261042.399,42504.6758,507.7121,1049.2075
-303699.3148,-261035.9086,42663.4062,501.0803,1004.5901
-303839.4268,-261056.294,42783.1328,469.0969,1015.5199
-303979.7127,-261037.49,42942.2227,514.2825,1041.9554
-303649.1856,-261023.3419,42625.8438,513.49,1087.3898
-303912.4625,-260979.0563,42933.4062,495.9863,1051.9082
-303809.7385,-261100.8714,42708.8672,499.0139,1074.1127
-303803.0093,-261095.3492,42707.6602,516.5098,1040.1798
-303666.8317,-261031.1794,42635.6523,464.251,1048.9196
-303643.677,-261033.9622,42609.7148,497.0378,1086.5831
-303980.1004,-261089.6668,42890.4336,488.8271,1041.4631
-303779.8025,-261106.7908,42673.0117,509.9391,1035.3167
-304102.6605,-261083.5668,43019.0938,518.647,1113.0739
-303933.7405,-261148.5139,42785.2266,518.6573,1089.2212
-303870.0086,-261150.2195,42719.7891,491.5296,997.7296
-303488.4587,-261089.3572,42399.1016,494.503,1060.6226
-303724.5482,-260982.4427,42742.1055,481.3072,1030.6448
-303392.8883,-260938.3453,42454.543,469.909,1050.6348
-303852.2824,-261009.423,42842.8594,529.9867,996.5416
-303756.5047,-261059.1375,42697.3672,516.4721,1039.3393
-303726.6166,-261070.2299,42656.3867,503.7668,1035.2204
-303848.0502,-261118.7143,42729.3359,514.7723,1089.7461
-303710.8771,-261116.545,42594.332,514.9732,1043.5278
-303977.322,-261067.1775,42910.1445,473.0452,1049.1812
-303909.6193,-261015.4357,42894.1836,478.0948,1038.7445
-303859.3671,-261085.746,42773.6211,473.7852,1032.0265
-303712.9855,-261001.1769,42711.8086,488.3986,991.9016
-303747.5864,-261073.8794,42673.707,486.552,1055.1211
-303398.1215,-260958.9418,42439.1797,489.492,1053.4666
-303883.0231,-261115.0426,42767.9805,456.9491,1016.5484
-303540.7335,-261019.5811,42521.1523,501.9709,1044.236
-304024.391,-261005.3207,43019.0703,509.1132,1024.5446
-303679.2587,-261028.0986,42651.1602,488.6086,1055.2667
-303561.8411,-260991.0911,42570.75,469.6706,1058.8889
-303862.1074,-261084.8066,42777.3008,532.1615,1052.7002
-303747.8815,-261047.3502,42700.5312,498.9234,1050.3342
-303647.0316,-261067.0706,42579.9609,519.4581,994.3795
-303644.0338,-261040.4635,42603.5703,508.7139,1041.8939
-303697.1794,-261083.2029,42613.9766,514.5778,1037.3498
-303763.6002,-261052.0885,42711.5117,532.3097,1014.8934
-303827.3361,-261101.6135,42725.7227,512.458,1031.9964
-303637.7211,-260973.3773,42664.3438,502.2717,1045.4968
-303782.8191,-260997.9558,42784.8633,480.3355,989.5557
-303925.9199,-261000.8535,42925.0664,487.2666,1063.9151
-303616.0101,-260992.9203,42623.0898,519.1289,1021.2195
-303990.777,-261035.0035,42955.7734,466.8995,1027.7554
-303362.8487,-260964.587,42398.2617,511.2022,1068.9176
-303584.4701,-260909.8569,42674.6133,497.0592,1066.5287
-303702.5174,-261052.3103,42650.207,478.1544,1054.4702
-303830.5453,-260983.0999,42847.4453,497.4464,1050.7863
-303664.5023,-260896.8187,42767.6836,476.1491,1004.9182
-303631.6415,-261016.5751,42615.0664,477.537,1048.604
-303909.1315,-261166.0768,42743.0547,503.306,1054.5486
-303683.4189,-261017.833,42665.5859,488.1911,1009.8773
-303769.6457,-260985.7316,42783.9141,499.0193,1048.9765
-303703.286,-261061.0165,42642.2695,483.0421,1088.834
-303794.5558,-261077.5558,42717.0,522.3768,1049.6636
-303769.6717,-261039.7693,42729.9023,450.5174,1067.2799
-303870.9971,-261111.9502,42759.0469,463.8512,1024.4953
-303608.7567,-261109.3231,42499.4336,514.1517,1078.7757
-303625.4665,-261105.6111,42519.8555,505.0597,1045.447
-303665.0839,-261029.6269,42635.457,495.9909,1046.9812
-303834.7564,-261106.9908,42727.7656,518.0135,1055.7218
-303755.2973,-260958.7856,42796.5117,487.6303,1054.1929
-303499.1077,-261042.6897,42456.418,507.137,1016.838
-304051.4292,-261240.4526,42810.9766,495.1103,1072.2679
-303873.4964,-261074.3011,42799.1953,490.8868,1042.7014
-303974.9795,-261154.1552,42820.8242,485.7422,1039.186
-303628.7415,-260970.5071,42658.2344,546.5008,1048.5214
-303969.1309,-261081.0567,42888.0742,548.9808,1033.9446
-303866.1112,-261079.6503,42786.4609,491.6672,1076.3861
-303673.7394,-261119.2706,42554.4688,484.0292,1037.8851
-303471.6854,-261052.0917,42419.5938,505.8918,1038.1889
-303706.792,-260930.2256,42776.5664,472.0663,1039.2839
-303732.5609,-261000.9984,42731.5625,493.0398,1049.5021
-303610.4775,-260955.2196,42655.2578,507.4004,1052.2888
-303461.8038,-261023.4835,42438.3203,495.7625,1031.8956
-303697.1151,-261117.7713,42579.3438,482.5978,1094.1046
-303861.9245,-261138.6667,42723.2578,488.8956,1032.2644
-303979.3955,-261112.169,42867.2266,484.1509,975.9221
-303894.2383,-261133.4688,42760.7695,475.23,1079.9243
-303840.5917,-261024.1972,42816.3945,480.8546,1068.6096
-303638.6073,-261072.0604,42566.5469,525.6352,1062.0408
-303410.5378,-260912.5652,42497.9727,497.5967,1072.0318
-303446.7877,-260948.3307,42498.457,492.7063,1025.0341
-303568.557,-260948.1391,42620.418,499.0822,1028.046
-303750.4516,-261036.7251,42713.7266,495.9539,1054.8822
-303818.3728,-260997.0955,42821.2773,507.3268,985.9754
-303915.1843,-261046.5241,42868.6602,486.6148,1026.0556
-303896.7239,-261060.7317,42835.9922,497.5773,1018.9883
-303454.8534,-261053.58,42401.2734,502.4015,1063.2489
-303793.2303,-261005.9608,42787.2695,514.2937,1029.2188
-303649.957,-261018.3047,42631.6523,523.9335,986.4338
-303952.7329,-261095.0064,42857.7266,475.6344,1035.6841
-303737.8991,-261070.7116,42667.1875,504.1704,1005.3368
-303783.0414,-261107.4242,42675.6172,506.1124,1032.9962
-303579.2466,-261036.2857,42542.9609,471.6773,1032.2811
-303526.3536,-260971.8614,42554.4922,475.7132,1032.3783
-303998.9186,-261149.7663,42849.1523,459.0653,1030.2597
-303971.3442,-261092.8324,42878.5117,473.99,1066.6705
-303585.1972,-261011.3417,42573.8555,542.3804,1027.5408
-303898.1557,-261140.851,42757.3047,503.2848,1023.7953
-303662.0875,-261049.8687,42612.2188,481.501,1064.831
-303869.3841,-261022.3372,42847.0469,498.365,1032.8917
-303739.3061,-261025.9741,42713.332,517.0704,1043.2486
-303725.2218,-261085.546,42639.6758,491.5651,1037.2818
-304045.7506,-261068.8795,42976.8711,493.8685,1085.3358
-303899.2316,-261121.0128,42778.2188,482.2239,1057.0908
-303682.8662,-261005.3077,42677.5586,512.764,1034.8659
-303910.2848,-261033.5387,42876.7461,488.0482,1073.057
-303595.6167,-260934.5894,42661.0273,489.7912,1004.2871
-303841.3174,-261101.3916,42739.9258,491.5249,1102.396
-303665.8398,-261062.5273,42603.3125,482.3628,1025.0811
-303770.4419,-260998.0395,42772.4023,478.6054,1081.6597
-303597.3836,-260958.1805,42639.2031,495.4221,1038.0362
-304011.9082,-261089.3144,42922.5938,486.9102,1051.5493
-303816.9133,-261027.3273,42789.5859,491.9251,1070.7623
-303882.653,-261126.5593,42756.0938,484.2111,1018.293
-303770.7173,-261065.7564,42704.9609,503.9327,1062.7673
-303458.1275,-260927.272,42530.8555,502.3662,1032.6467
-303525.2673,-260951.5095,42573.7578,485.1265,1053.6392
-303556.2256,-261010.2764,42545.9492,465.6111,1061.3227
-303718.2696,-261056.6094,42661.6602,495.2032,1069.3944
-303657.2857,-261050.8326,42606.4531,480.2778,995.5897
-303784.4421,-261029.5007,42754.9414,477.2238,1019.0499
-303858.7413,-261052.8273,42805.9141,486.7421,1060.915
-303672.3187,-261038.9203,42633.3984,495.0898,1073.6525
-303567.4981,-260924.713,42642.7852,489.6069,1048.4341
-303586.2291,-260984.944,42601.2852,478.9554,1060.1832
-303537.1654,-260994.181,42542.9844,495.9329,1041.4729
-303951.6127,-261051.2807,42900.332,489.0469,1011.5901
-303491.5228,-261000.726,42490.7969,479.1314,1077.6157
-303552.7821,-261006.9735,42545.8086,499.0437,1054.1762
-303585.3772,-260977.26,42608.1172,485.2696,1013.9916
-303783.4952,-261047.6436,42735.8516,499.5503,1064.9249
-303833.1174,-261043.4182,42789.6992,490.135,1067.6711
-304063.8628,-261055.8081,43008.0547,496.2126,1034.8492
-303856.767,-261101.3295,42755.4375,508.6006,1046.9266
-303515.4368,-260984.4564,42530.9805,483.756,1035.9851
-303738.8412,-261028.7826,42710.0586,496.6353,1040.8473
-303788.7465,-261064.3402,42724.4062,539.7531,1024.6335
-303610.2041,-260998.9112,42611.293,477.7775,1044.8583
-303849.9682,-261149.8706,42700.0977,493.7808,1020.5098
-303849.9634,-261056.104,42793.8594,471.6753,1025.7201
-303681.6898,-261012.4593,42669.2305,503.3343,1024.6742
-303811.9609,-261058.0546,42753.9062,507.8476,1035.6702
-303609.9895,-260934.3879,42675.6016,470.6177,1054.1898
-303740.1978,-260959.1939,42781.0039,483.857,1011.6008
-303604.2905,-261038.6577,42565.6328,497.2305,1062.6138
-303746.7396,-261014.22,42732.5195,496.0201,1027.0372
-303547.6242,-261120.261,42427.3633,500.173,1057.4717
-303875.8228,-261001.1041,42874.7188,492.7813,1022.2919
-303754.0027,-261075.4246,42678.5781,496.0747,1020.498
-303680.5408,-261062.1971,42618.3438,495.0858,1063.8831
-303676.3278,-261045.8786,42630.4492,507.7283,1054.5797
-303565.6139,-261033.7233,42531.8906,503.1566,1041.8842
-303580.07,-261031.8044,42548.2656,472.4891,1026.6202
-303797.2398,-260919.5015,42877.7383,484.335,1047.7648
-303626.345,-261053.6927,42572.6523,490.4109,1049.1999
-303706.4849,-261074.5513,42631.9336,471.7794,1096.8677
-303844.6978,-261039.3111,42805.3867,490.6344,1035.1822
-303591.1803,-261038.7663,42552.4141,481.2563,1036.7516
-303730.1205,-261062.476,42667.6445,512.1148,1065.9603
-303760.3917,-261018.6729,42741.7188,499.7378,1007.9826
-303933.5917,-260956.9902,42976.6016,489.1127,1032.4573
-303714.7679,-260964.2523,42750.5156,520.148,1011.9749
-303741.1394,-260991.7566,42749.3828,488.5674,1053.2992
-303898.2697,-261094.9337,42803.3359,472.0868,1046.505
-303796.0407,-261092.361,42703.6797,466.4721,1073.0461
-303911.0625,-261025.2813,42885.7812,511.6309,1048.1148
-303731.9305,-261079.4657,42652.4648,503.8086,1065.4827
-303561.678,-260985.6663,42576.0117,488.5944,1041.7897
-303846.6197,-261043.6783,42802.9414,490.5861,1034.4593
-304036.7562,-261157.3148,42879.4414,501.5411,1034.0235
-303707.7874,-261116.3304,42591.457,477.8361,1038.0245
-303541.3603,-260980.747,42560.6133,467.3717,1085.3234
-303853.2651,-260973.148,42880.1172,509.9563,1034.7817
-303886.8628,-261065.8394,42821.0234,522.2053,992.0671
-303522.4416,-260976.5315,42545.9102,499.114,1022.4127
-303802.2811,-261095.6717,42706.6094,495.6234,1018.8605
-303771.2898,-261128.4577,42642.832,532.1317,1054.576
-303707.2296,-261072.6475,42634.582,511.4906,1080.5884
-303857.427,-261037.5051,42819.9219,503.115,1023.191
-303740.9397,-261000.3615,42740.5781,507.201,1025.2506
-303633.3232,-260974.1044,42659.2188,461.4083,1046.1649
-303734.1046,-261086.2492,42647.8555,471.5979,1028.0741
-303664.353,-260981.0483,42683.3047,465.6676,1044.005
-303671.7728,-260926.847,42744.9258,499.4589,1007.2513
-303770.1787,-261036.7138,42733.4648,509.5378,1014.561
-303704.8835,-261146.5163,42558.3672,522.0814,1078.9519
-303689.3728,-261034.0838,42655.2891,491.2947,1104.8179
-303868.8931,-261121.8463,42747.0469,517.561,1059.3451
-303728.0477,-261041.3367,42686.7109,460.3297,1048.4975
-303632.5809,-261034.1591,42598.4219,490.5912,1061.858
-303492.0912,-261080.7553,42411.3359,505.63,1072.5741
-303517.5525,-260920.0994,42597.4531,502.6022,1025.902
-303747.8727,-261058.5993,42689.2734,478.2366,1070.9602
-303727.7747,-260943.9739,42783.8008,487.1371,1050.1265
-303790.5909,-261078.8292,42711.7617,474.9884,1034.0705
-303636.1731,-261076.8606,42559.3125,519.6533,1036.5376
-303588.8596,-261087.0198,42501.8398,483.7314,1069.7721
-303741.1441,-260962.4957,42778.6484,486.085,1076.1572
-303966.3325,-261124.0551,42842.2773,508.9866,993.4654
-303785.2781,-261058.3211,42726.957,476.1572,1032.6865
-303628.7965,-261113.445,42515.3516,518.4184,1031.9099
-303893.2477,-261186.8219,42706.4258,524.7776,1048.4571
-303803.5824,-261141.1253,42662.457,477.337,1048.1618
-303856.7038,-261152.6725,42704.0312,481.9014,1036.3753
-303745.5167,-260999.7784,42745.7383,478.27,1046.7996
-303973.1244,-261176.7533,42796.3711,496.044,1037.5149
-303806.3156,-261127.7375,42678.5781,508.2674,1039.0686
-303582.2511,-260990.8996,42591.3516,499.2033,1023.376
-303616.5276,-261105.1994,42511.3281,524.4945,1017.223
-303934.1125,-261186.4406,42747.6719,521.2104,1085.3257
-303927.7053,-261104.553,42823.1523,521.8085,1023.5295
-303694.6777,-261045.5957,42649.082,491.6941,1017.314
-303575.0573,-261007.6432,42567.4141,500.7717,1056.5942
-303747.6056,-261057.9533,42689.6523,469.6308,1000.4338
-303512.7813,-260960.336,42552.4453,492.302,1044.2419
-303548.597,-261033.0189,42515.5781,457.4479,1070.8757
-303587.6846,-261041.9424,42545.7422,472.8883,1042.5075
-303737.8277,-261002.4956,42735.332,486.2574,1020.7413
-303641.8368,-261068.4657,42573.3711,493.1061,1017.3279
-303428.9671,-260992.4007,42436.5664,491.7454,1015.0123
-303993.8851,-261035.7523,42958.1328,519.9778,1057.6449
-303569.9638,-261045.913,42524.0508,493.5732,1075.9845
-303764.2416,-260994.8822,42769.3594,507.8192,1029.3111
-303711.3896,-261041.2217,42670.168,463.0691,1039.0868
-303581.0802,-260969.0216,42612.0586,486.6061,1032.2913
-303755.7027,-261066.5698,42689.1328,485.1376,1028.427
-303353.5844,-260938.6937,42414.8906,500.155,1061.3027
-303546.1411,-260971.1098,42575.0312,474.4168,1020.132
-303656.7012,-261047.9825,42608.7188,495.7843,1040.6679
-303871.4267,-261034.2041,42837.2227,479.8286,996.6739
-303746.6611,-260979.1845,42767.4766,510.2342,1071.8543
-303774.1202,-261096.7647,42677.3555,494.7331,1030.7058
-303886.9265,-261103.0828,42783.8438,488.2774,1009.846
-303827.7937,-260966.7819,42861.0117,480.7962,988.8312
-303655.3059,-261122.5872,42532.7188,492.0759,1039.4729
-303764.3193,-260943.3583,42820.9609,491.8186,1020.3744
-303859.5442,-261044.884,42814.6602,488.3116,1029.1503
-303812.9669,-261024.7286,42788.2383,497.0797,1071.4806
-303617.6541,-261024.0017,42593.6523,489.2858,1035.244
-303705.9398,-261063.8968,42642.043,497.2454,1075.0569
-303651.1261,-261044.712,42606.4141,490.0744,1049.3287
-303868.5815,-261098.9409,42769.6406,476.9656,1024.6312
-303695.4264,-260935.3014,42760.125,511.8067,1033.4542
-303814.4301,-261087.4145,42727.0156,478.3565,1043.6226
-303619.7649,-261061.5735,42558.1914,506.0262,1042.08
-303895.3154,-261043.5107,42851.8047,534.7448,1067.2432
-303546.566,-260983.8668,42562.6992,486.1233,1127.3584
-303634.7153,-261061.9184,42572.7969,472.9467,1083.1806
-303651.6459,-260966.8999,42684.7461,511.0341,1070.7346
-304016.9398,-261105.6312,42911.3086,485.759,1036.0054
-303715.1741,-261029.7561,42685.418,535.781,1086.8106
-303750.7476,-261050.0289,42700.7188,504.1961,1004.0642
-303891.4052,-261028.7567,42862.6484,510.3288,1052.4901
-303606.8553,-261044.867,42561.9883,516.0253,1033.6812
-303708.8922,-261022.3727,42686.5195,489.0335,1053.6778
-303850.5969,-261018.4758,42832.1211,488.1218,1057.8337
-303540.8968,-261021.6703,42519.2266,501.9294,1072.676
-303927.9192,-261005.2708,42922.6484,510.3116,1032.7943
-303877.2488,-261103.6863,42773.5625,510.9557,1059.1733
-303820.5811,-261043.8193,42776.7617,480.3499,1079.0495
-303684.7098,-261029.0145,42655.6953,498.5666,1036.9374
-303606.3257,-260954.275,42652.0508,498.2746,1026.313
-303836.5435,-261157.8091,42678.7344,493.2598,1017.1191
-303698.3787,-260986.5896,42711.7891,498.6793,1065.7602
-303654.2313,-261076.7508,42577.4805,501.1052,1061.8504
-303836.098,-261118.6058,42717.4922,481.373,1037.5674
-303771.1103,-260980.1845,42790.9258,509.8726,1055.8357
-303653.3271,-261082.2997,42571.0273,527.8858,1088.4316
-303764.1157,-261077.6079,42686.5078,496.959,1050.7703
-303968.1251,-261065.6954,42902.4297,492.477,1051.314
-303763.718,-261070.5969,42693.1211,492.2571,1006.9276
-303754.0194,-261103.6288,42650.3906,503.7289,1043.4837
-303708.9798,-260982.1673,42726.8125,494.393,1054.6183
-303701.4975,-261061.5053,42639.9922,484.9278,1057.3911
-303736.2697,-261082.465,42653.8047,465.8099,1029.9831
-303720.8899,-260999.0344,42721.8555,500.582,1033.9501
-303851.6751,-261037.4408,42814.2344,517.3323,1023.8591
-303914.9048,-261021.858,42893.0469,503.9621,1057.5503
-303862.7036,-261023.6841,42839.0195,486.1694,1046.6695
-303750.0748,-261075.6959,42674.3789,500.7424,1033.3942
-303616.6679,-261020.5156,42596.1523,494.3512,1093.67
-303732.7299,-261048.5111,42684.2188,471.6249,1030.8638
-303906.8808,-261072.2285,42834.6523,495.1291,1066.5389
-303957.8109,-261093.6313,42864.1797,501.5817,1069.1599
-303893.6465,-261096.334,42797.3125,504.9071,1021.1498
-303936.7948,-261097.0683,42839.7266,491.067,1051.484
-303899.1753,-261049.5776,42849.5977,513.0713,1063.2024
-303883.0027,-261031.7097,42851.293,483.3508,1070.9252
-303513.8378,-261063.162,42450.6758,487.6679,1056.4285
-303724.183,-260983.1595,42741.0234,480.4069,1034.3484
-303794.2774,-261120.0703,42674.207,500.863,1086.5213
-303667.5853,-261014.6947,42652.8906,496.0571,1103.8913
-303667.9639,-261041.0733,42626.8906,475.7094,990.6939
-303503.8208,-261076.0981,42427.7227,506.6646,985.7713
-303722.2835,-260986.6741,42735.6094,468.8954,1043.8079
-303517.0023,-261011.2249,42505.7773,489.5868,1051.9742
-303888.5409,-261175.9588,42712.582,523.2955,1013.5292
-303642.6453,-261054.6492,42587.9961,455.0866,1020.2481
-303980.9714,-261113.1745,42867.7969,484.0674,1027.2422
-303797.7834,-261004.6662,42793.1172,519.7711,1076.1884
-303834.8069,-261130.803,42704.0039,478.9344,1064.1694
-304045.966,-261102.6613,42943.3047,492.1845,1063.673
-303754.0134,-261077.3884,42676.625,513.5412,1045.1548
-303659.3685,-261005.0208,42654.3477,483.8527,1069.4787
-303804.4068,-261214.4967,42589.9102,497.3521,1086.7123
-303686.6844,-261031.4539,42655.2305,480.4565,1046.318
-303894.7967,-261074.5506,42820.2461,477.171,1058.1548
-303768.1696,-261067.8376,42700.332,536.548,1064.9375
-303800.2124,-261009.6069,42790.6055,492.981,1076.1238
-303827.7955,-261019.319,42808.4766,470.8221,1042.5481
-303451.0751,-260975.3212,42475.7539,513.8205,1078.0504
-303792.8904,-260944.4256,42848.4648,482.7015,1038.8182
-303470.1237,-261033.2955,42436.8281,514.369,1051.2612
-303566.2244,-261023.3689,42542.8555,519.8884,1031.4725
-303913.7198,-261085.6299,42828.0898,486.7801,1061.4055
-303797.1374,-261030.1101,42767.0273,472.3553,1073.6445
-303635.6893,-261071.4549,42564.2344,490.6764,1090.4649
-303700.0681,-261075.6423,42624.4258,517.7561,1021.7259
-303794.7496,-261129.0933,42665.6562,503.6933,1086.08
-303930.9956,-261070.5777,42860.418,492.5178,1075.8141
-303530.8836,-260907.161,42623.7227,503.1564,1025.0559
-303773.2488,-261010.7136,42762.5352,474.6872,1066.4215
-303769.0115,-261073.4841,42695.5273,508.9938,1042.7352
-303747.8637,-261096.5004,42651.3633,483.7998,1059.3071
-303667.5436,-261007.0045,42660.5391,501.1441,1050.3429
-303565.8174,-261066.8253,42498.9922,488.5591,1051.8907
-303881.0566,-261132.9238,42748.1328,505.4551,1032.3385
-303670.7495,-261209.9878,42460.7617,512.2859,1037.2098
-303688.1537,-261042.3959,42645.7578,487.1765,1042.1642
-303639.5335,-261002.01,42637.5234,485.8197,1052.8427
-303869.7312,-261019.9539,42849.7773,497.0584,1059.1536
-303874.0002,-261051.7034,42822.2969,482.7155,1024.9537
-303742.8891,-261111.8188,42631.0703,495.1497,1036.9216
-303675.7125,-261049.5719,42626.1406,488.6193,1065.1287
-303845.4549,-261077.3963,42768.0586,462.5141,1019.0496
-303716.0965,-260962.9559,42753.1406,509.8916,1007.2705
-303784.0388,-260986.8669,42797.1719,474.1262,1023.5548
-303735.1322,-261094.2025,42640.9297,492.9099,1074.4311
-303844.0205,-261062.9385,42781.082,503.0127,1055.4877
-303734.4084,-261060.1779,42674.2305,498.6095,1030.3487
-303731.3426,-261000.913,42730.4297,469.0546,1044.431
-303821.7931,-261030.9572,42790.8359,489.8938,1047.4096
-303433.1292,-260914.5472,42518.582,521.3718,1016.018
-303722.0844,-261115.4672,42606.6172,471.0156,1050.0201
-303842.7328,-261056.4398,42786.293,501.0911,991.6663
-303665.8925,-261047.8495,42618.043,507.2207,1052.901
-303722.8777,-260894.948,42827.9297,490.6646,1010.9105
-303807.0369,-261092.8572,42714.1797,492.7103,1072.7087
-304088.0103,-261158.3892,42929.6211,472.6334,990.4314
-303751.0346,-261032.9252,42718.1094,496.5406,1047.3188
-303799.6717,-261130.5584,42669.1133,490.8115,1029.564
-303999.5367,-261098.9976,42900.5391,507.0073,1033.5851
-303978.5274,-261133.4649,42845.0625,489.3197,1020.6359
-303634.9708,-261050.752,42584.2188,521.1161,1013.5756
-303806.6522,-261039.2498,42767.4023,490.3968,1079.4214
-303600.7092,-261194.3108,42406.3984,490.3483,1016.0753
-303652.1205,-260991.4877,42660.6328,465.9702,1049.9315
-303697.6864,-261014.4559,42683.2305,501.9075,1049.3405
-303655.5168,-260915.302,42740.2148,466.3648,1010.3137
-303589.5904,-260944.7935,42644.7969,507.9347,1053.8287
-303843.3749,-261144.5546,42698.8203,497.7662,1057.2717
-303720.305,-261057.0394,42663.2656,526.4267,1085.9898
-303418.0165,-261021.9501,42396.0664,474.6374,1034.4234
-303713.1933,-261064.6425,42648.5508,491.5377,1069.1659
-303716.0147,-261013.1983,42702.8164,502.0251,1032.5416
-303723.3254,-261150.0715,42573.2539,492.9686,1091.6079
-303814.9941,-261038.3183,42776.6758,506.7501,1057.6817
-303466.5153,-261021.4996,42445.0156,501.9417,1086.4773
-303851.0323,-261047.4464,42803.5859,462.6961,1057.84
-303546.0752,-260972.2314,42573.8438,503.9687,1025.5358
-303859.4281,-261029.1898,42830.2383,490.0931,1031.4949
-303722.7305,-261140.5352,42582.1953,509.0888,1018.1499
-303741.3261,-261007.7246,42733.6016,489.6511,994.9451
-303747.5771,-261127.9481,42619.6289,473.5955,1080.697
-303746.6516,-261160.7063,42585.9453,499.2617,1041.9285
-303663.249,-261133.706,42529.543,484.1214,1043.0808
-303891.4109,-261076.7468,42814.6641,490.685,1062.4872
-303924.8601,-261004.5554,42920.3047,520.0139,1013.7754
-303793.2043,-261034.0988,42759.1055,519.6649,1066.2796
-303794.5197,-261012.4064,42782.1133,500.4761,1064.1719
-303616.0972,-261026.3159,42589.7812,534.1654,1060.1955
-303894.9425,-261063.9737,42830.9688,496.3226,1038.6047
-303560.9901,-260939.3846,42621.6055,509.4125,1043.4257
-304028.8497,-261027.8888,43000.9609,497.2459,1044.2782
-303901.1841,-261016.9419,42884.2422,495.352,1059.8109
-303937.4956,-261100.8041,42836.6914,522.0337,1036.3298
-303807.9937,-260988.1812,42819.8125,508.7956,1092.5473
-303897.888,-261052.1692,42845.7188,466.0072,1058.9992
-303791.0757,-261076.4898,42714.5859,473.6134,1054.2936
-303819.5966,-261078.7372,42740.8594,549.0294,1014.9185
-303494.0795,-260986.7904,42507.2891,499.1662,1036.7061
-303899.0568,-261108.6779,42790.3789,519.7518,1092.0064
-303704.5724,-261035.924,42668.6484,508.5353,1040.6172
-304173.0668,-261187.598,42985.4688,508.547,1024.6115
-303865.0448,-261011.2362,42853.8086,506.3931,1015.7104
-303558.6685,-261021.3834,42537.2852,490.5099,1037.1012
-303794.6239,-261160.0614,42634.5625,505.1052,1089.848
-303543.4246,-261057.5262,42485.8984,492.4464,1011.3802
-303455.3262,-260968.7169,42486.6094,481.8238,1025.1897
-303581.724,-261044.4155,42537.3086,527.0011,1081.7756
-303828.165,-261129.3603,42698.8047,504.2957,1056.5391
-303672.1935,-261087.8732,42584.3203,474.9433,1068.8234
-303880.5848,-261107.62,42772.9648,462.4733,1035.7977
-303856.4738,-261022.6379,42833.8359,489.861,1013.3337
-303807.2714,-261021.2167,42786.0547,486.7617,999.3713
-303338.7555,-261080.15,42258.6055,477.7847,1050.0568
-303467.2326,-261062.342,42404.8906,507.9822,1044.5098
-304076.8787,-261051.9217,43024.957,502.5142,1062.2146
-304103.715,-261130.2853,42973.4297,490.1318,1072.8299
-303852.322,-261143.6931,42708.6289,465.8364,1057.8072
-303730.9066,-261127.8402,42603.0664,477.6952,1027.7899
-303613.09,-260990.8713,42622.2188,516.1307,1047.7259
-303512.878,-260987.6709,42525.207,463.0506,1032.3394
-304167.2101,-261132.0773,43035.1328,475.8969,1015.9426
-303755.2894,-261029.762,42725.5273,464.158,1060.3591
-303648.5397,-260968.2662,42680.2734,532.8162,1038.7845
-303794.227,-261111.9575,42682.2695,541.0196,1060.4521
-303793.5839,-261004.1542,42789.4297,509.6137,1020.2557
-303761.8111,-260973.8033,42788.0078,485.3997,1076.5814
-303718.6153,-261019.1622,42699.4531,459.7496,1040.4211
-303713.5545,-261093.367,42620.1875,482.7247,988.0874
-303700.8535,-261174.1855,42526.668,512.1201,1076.7653
-303608.5012,-261039.0207,42569.4805,469.1445,1049.3793
-303700.2952,-261105.1429,42595.1523,500.5378,1056.3555
-303666.238,-261002.6794,42663.5586,516.6114,1018.7617
-303702.266,-260955.0003,42747.2656,444.7754,986.6082
-303683.1844,-261070.161,42613.0234,490.277,1022.4153
-303805.4608,-261112.121,42693.3398,514.0239,1039.9969
-304007.3201,-261152.6834,42854.6367,483.7267,1028.6313
-303946.4137,-261174.8356,42771.5781,522.6759,1039.2673
-303867.0662,-261099.199,42767.8672,491.2117,1029.6966
-303854.4,-261161.2242,42693.1758,528.1033,1067.1098
-303825.5786,-261076.352,42749.2266,470.7625,1068.9498
-304091.2299,-261008.976,43082.2539,486.5393,981.3842
-303610.2983,-261028.9585,42581.3398,511.7318,1011.7367
-303909.5706,-261038.0198,42871.5508,498.3834,1038.163
-303661.399,-261195.6998,42465.6992,480.4103,1037.3888
-303801.1785,-261084.5574,42716.6211,504.2121,1083.5284
-303683.517,-261052.1107,42631.4062,478.5452,1049.4424
-303918.5852,-261017.4368,42901.1484,493.5735,1051.3258
-303945.7502,-261148.5002,42797.25,465.5687,1031.8844
-303927.6516,-261135.6672,42791.9844,468.1539,1051.3455
-304003.7365,-261075.5803,42928.1562,459.0194,1054.2265
-304057.402,-261194.4449,42862.957,495.2365,1012.2739
-303903.3735,-261119.5532,42783.8203,489.6731,1025.6346
-303629.0796,-261077.6811,42551.3984,483.0331,1003.6131
-303841.8605,-261052.755,42789.1055,510.8522,1036.1262
-303723.5036,-260995.4489,42728.0547,480.0001,1051.8342
-303703.8719,-261027.45,42676.4219,490.8889,1025.8887
-303960.3461,-261097.9164,42862.4297,505.6936,1085.8074
-303635.8649,-261056.1696,42579.6953,518.9939,1046.7872
-303540.0346,-261071.4096,42468.625,495.3602,1066.3947
-303849.4457,-261061.1762,42788.2695,492.8839,1038.1926
-303538.3901,-261045.4799,42492.9102,546.7108,1077.318
-303955.1747,-261078.6318,42876.543,452.5485,1068.6797
-303659.5419,-261040.9715,42618.5703,498.7312,1035.7502
-303686.3609,-261026.5328,42659.8281,487.3635,1013.131
-303946.2818,-261064.9107,42881.3711,488.676,1053.1698
-303744.7703,-261070.4617,42674.3086,505.5698,991.6921
-303626.9408,-260895.8471,42731.0938,499.6614,1014.4131
-303671.1286,-261041.6326,42629.4961,468.9416,1013.5828
-304049.3386,-261030.2253,43019.1133,491.7692,1036.6567
-304068.5242,-261090.7781,42977.7461,471.7604,991.3102
-303631.4882,-261070.7656,42560.7227,482.8827,1080.79
-303640.1567,-261102.3442,42537.8125,474.0286,1081.177
-303855.0774,-261115.0461,42740.0312,517.277,1039.2146
-303909.6296,-261017.9733,42891.6562,498.7694,1024.6476
-303545.9569,-261060.9256,42485.0312,480.7983,1013.0334
-304026.8074,-261157.5379,42869.2695,516.8092,1025.0059
-303620.6229,-261013.3612,42607.2617,514.136,1023.1029
-303756.5402,-261056.1183,42700.4219,495.1712,1051.5778
-303931.7694,-261216.953,42714.8164,527.7082,1029.6396
-303968.5401,-261069.0244,42899.5156,496.8698,998.4491
-303845.1975,-261162.9475,42682.25,504.0625,1078.7513
-303846.051,-261135.0744,42710.9766,506.2051,1048.6401
-304033.4225,-261045.9381,42987.4844,495.0658,1050.8289
-304033.8155,-261198.7999,42835.0156,479.2316,1078.6944
-303857.8223,-261064.8692,42792.9531,501.4639,1022.5156
-303460.6371,-260939.8324,42520.8047,515.3314,1062.3386
-303906.3596,-261038.4612,42867.8984,501.918,1036.5758
-303717.8418,-261080.5645,42637.2773,487.2141,1065.5942
-303994.5623,-261116.824,42877.7383,496.7994,1017.6939
-303746.4837,-260996.472,42750.0117,503.6076,1021.3795
-303844.0028,-261049.4989,42794.5039,499.7596,1006.8908
-303717.9044,-261042.0294,42675.875,480.6679,1046.8977
-303920.5057,-261081.037,42839.4688,468.9962,1049.3301
-303701.1309,-260979.7793,42721.3516,506.3429,1072.3744
-303658.4432,-261023.1581,42635.2852,519.4529,1030.9849
-303582.3883,-261079.443,42502.9453,505.309,1074.1608
-303626.0366,-261048.228,42577.8086,484.6107,1058.125
-303647.6101,-261116.1844,42531.4258,511.6716,1006.648
-303627.5874,-261005.0132,42622.5742,487.9764,1035.8725
-303647.7584,-261100.3014,42547.457,509.7642,1021.7966
-303655.726,-261043.5736,42612.1523,482.399,1020.491
-303987.2769,-261067.5113,42919.7656,469.564,1082.557
-303704.222,-261028.1243,42676.0977,483.5203,1036.4379
-303757.4961,-261127.3008,42630.1953,519.1235,1059.587
-303757.225,-261052.9711,42704.2539,501.3249,1019.4999
-303777.0292,-261093.5019,42683.5273,468.3983,1018.3887
-303695.7643,-261124.151,42571.6133,498.3335,1053.2265
-303801.5013,-260996.4739,42805.0273,507.3797,1041.8962
-303698.6266,-261015.568,42683.0586,457.4836,1096.9465
-303555.5628,-261124.3753,42431.1875,515.6745,1051.4895
-303722.6201,-261056.8779,42665.7422,500.617,1058.1569
-303740.7856,-261111.2153,42629.5703,523.2159,1016.1495
-303561.1723,-260995.6762,42565.4961,484.6929,1017.9469
-303714.0709,-261079.735,42634.3359,515.2907,1044.1649
-303738.0946,-261064.1414,42673.9531,477.1215,1045.136
-304061.4824,-261114.9785,42946.5039,522.7145,1068.5459
-303803.3801,-261076.3137,42727.0664,470.1716,1045.637
-303745.2096,-261102.483,42642.7266,473.8135,1010.9113
-303697.7963,-261039.6909,42658.1055,509.4871,1015.376
-303640.4918,-261007.9957,42632.4961,462.6024,1020.1654
-303689.0231,-261034.4684,42654.5547,496.1649,1035.8726
-303827.7279,-261138.685,42689.043,483.4586,1043.3707
-303680.4911,-260977.1317,42703.3594,486.6962,1002.3835
-303955.315,-261124.4361,42830.8789,521.9585,1022.1251
-303818.364,-261058.3836,42759.9805,467.1548,1063.3476
-303854.4773,-261104.1452,42750.332,525.0435,988.5208
-303698.6777,-261023.5214,42675.1562,479.1072,1025.8427
-303710.3596,-260997.5003,42712.8594,498.0973,1071.2771
-303723.4541,-261016.7314,42706.7227,489.731,1000.2309
-303599.5663,-260951.8163,42647.75,462.0848,1031.4097
-303847.2597,-261134.0918,42713.168,464.6141,1045.4779
-303727.7881,-261075.7061,42652.082,467.5975,1006.8898
-303741.3616,-261023.1819,42718.1797,478.3539,1036.8174
-303691.1181,-261042.3837,42648.7344,476.3523,1053.3613
-303679.8273,-261119.8742,42559.9531,479.1177,1079.697
-303815.1021,-261061.2623,42753.8398,477.1502,1064.8038
-303651.8593,-261062.8124,42589.0469,531.5061,1052.3659
-303728.6677,-260977.4255,42751.2422,499.1197,1017.4083
-303697.2507,-261111.4656,42585.7852,509.1996,1052.8039
-303919.3023,-261228.6148,42690.6875,465.0974,1066.256
-303714.3345,-261023.4322,42690.9023,496.6197,1032.6655
-303902.8979,-261150.5737,42752.3242,504.1522,1083.7142
-303602.1062,-261031.5086,42570.5977,496.062,1054.5669
-303866.1865,-261091.9443,42774.2422,497.7875,1079.9534
-303798.9955,-261128.6948,42670.3008,503.0192,1059.3786
-303860.0193,-261117.2693,42742.75,504.2595,1061.9889
-303575.3746,-260983.0855,42592.2891,520.3292,1026.9794
-303802.5888,-261155.5888,42647.0,487.1305,1026.8652
-303711.4626,-261123.5055,42587.957,520.7151,1092.1912
-303781.994,-261009.2557,42772.7383,498.5711,1055.9836
-303902.9537,-261080.9459,42822.0078,519.5512,1051.2889
-303679.332,-261092.8945,42586.4375,497.9692,1053.4295
-303711.4371,-260975.941,42735.4961,499.1206,1027.1353
-303897.3956,-261108.1925,42789.2031,479.4778,1076.1379
-303923.1727,-261082.8368,42840.3359,491.1625,1075.289
-303724.9572,-261079.2502,42645.707,486.6404,1036.3613
-304012.7489,-261033.9598,42978.7891,480.3395,1018.2066
-303733.3712,-261120.8556,42612.5156,509.3249,1047.276
-303961.2638,-261060.8381,42900.4258,484.1691,1052.6704
-303564.3722,-261061.38,42502.9922,526.9151,1048.5396
-303933.4081,-261111.1659,42822.2422,484.7123,1062.5054
-303722.431,-261069.2826,42653.1484,487.8597,1047.9389
-303720.9518,-261068.8971,42652.0547,476.6409,1035.4767
-303919.5033,-261114.6908,42804.8125,548.2167,1022.4616
-303607.8642,-260996.4853,42611.3789,497.0909,1001.7606
-303702.0068,-261053.3779,42648.6289,522.7416,1009.2008
-303864.3496,-261159.2051,42705.1445,495.6062,1025.5932
-303600.6134,-261078.8712,42521.7422,502.2971,987.3509
-303777.089,-260966.5539,42810.5352,508.8544,1010.7823
-303679.9139,-261103.2616,42576.6523,510.324,1060.0238
-303620.7274,-260891.6688,42729.0586,515.8834,1012.1821
-303317.9103,-261007.9572,42309.9531,506.1678,1024.22
-303907.3535,-261097.1934,42810.1602,514.8247,1021.7924
-303645.2206,-261005.2831,42639.9375,503.0185,1025.1565
-303668.1069,-261081.2437,42586.8633,453.456,1051.7234
-303413.2282,-261096.4547,42316.7734,476.1833,1057.569
-303879.1567,-261067.6255,42811.5312,517.1135,1045.5497
-303768.492,-261064.5896,42703.9023,465.2231,1036.2505
-303840.6634,-261025.5853,42815.0781,505.8316,1053.899
-303730.894,-261010.558,42720.3359,490.3439,998.7902
-303824.1718,-261106.0819,42718.0898,466.4248,1030.5131
-303739.043,-261088.668,42650.375,517.4892,1068.9351
-303721.3864,-261088.2496,42633.1367,487.0001,1038.8291
-303868.3357,-261090.1717,42778.1641,512.3167,1027.7048
-303796.9628,-260965.373,42831.5898,478.2917,1048.3161
-303952.569,-261221.6862,42730.8828,491.5999,1022.398
-303632.544,-261059.7237,42572.8203,499.8024,1030.7918
-303556.4365,-261008.5537,42547.8828,477.1716,1008.4359
-303660.5155,-261051.3162,42609.1992,501.3314,1065.987
-303822.4229,-261040.8292,42781.5938,492.3648,1057.569
-303665.1238,-261052.3269,42612.7969,465.2472,1037.7526
-303867.2696,-261012.086,42855.1836,480.2186,1026.711
-303773.4865,-260989.6623,42783.8242,457.2936,1043.9149
-303556.3585,-260996.6553,42559.7031,505.59,1077.4373
-303436.2142,-260937.6048,42498.6094,490.878,1066.2247
-303675.8033,-260974.7369,42701.0664,510.3593,1033.4979
-303625.782,-260993.032,42632.75,489.5955,1047.3556
-303813.6539,-261085.8492,42727.8047,483.7136,1037.2733
-303885.8065,-261015.2987,42870.5078,477.9859,1069.0392
-303687.998,-260962.3847,42725.6133,494.0792,992.8005
-303753.1443,-261019.7146,42733.4297,523.3026,1026.6847
-303906.4075,-261033.1419,42873.2656,522.4335,1030.9503
-303929.0816,-261050.3316,42878.75,522.0078,1040.0939
-303858.5065,-261069.8815,42788.625,496.6822,1044.3775
-303891.8698,-261075.2565,42816.6133,501.4702,1034.8668
-303719.3111,-260983.7642,42735.5469,502.0745,1067.5446
-303956.2814,-261002.1213,42954.1602,503.295,1060.7835
-303977.0359,-261132.9304,42844.1055,479.6924,1014.1375
-303903.0205,-261085.3916,42817.6289,503.4014,1057.366
-303935.0472,-261060.9495,42874.0977,490.824,1030.2953
-303699.5403,-260987.8176,42711.7227,500.5336,1045.5268
-303681.9338,-261057.4377,42624.4961,511.2316,1050.1728
-303613.5031,-261061.0617,42552.4414,515.3639,1005.0956
-303696.1995,-261163.6175,42532.582,478.183,1018.2655
-303851.5994,-261059.2479,42792.3516,488.7765,1053.5022
-303542.2457,-261043.2731,42498.9727,486.03,1070.0576
-303707.7844,-261029.3039,42678.4805,493.9731,1053.8427
-303792.759,-261081.6731,42711.0859,526.8738,1044.0357
-303662.2437,-261058.6695,42603.5742,501.1285,1091.1019
-303717.4744,-261035.0486,42682.4258,493.9209,1025.9721
-303979.1866,-261155.4795,42823.707,509.6276,1014.2131
-303748.1831,-261080.0074,42668.1758,478.2378,1055.2631
-303620.6946,-261136.1204,42484.5742,489.719,1038.2097
-303713.4677,-260975.8506,42737.6172,530.9923,992.2918
-303941.5569,-261037.9983,42903.5586,510.6553,1013.0017
-303618.7458,-260929.4607,42689.2852,514.6478,1048.4453
-303925.0374,-261127.7093,42797.3281,464.8675,1033.4931
-303888.3231,-261135.9911,42752.332,538.4187,992.2638
-303568.5866,-261075.1413,42493.4453,471.3738,1059.6411
-303749.9069,-261068.3132,42681.5938,480.0735,1042.0514
-303893.9921,-261038.7772,42855.2148,493.6679,1028.2452
-303770.0434,-261124.6294,42645.4141,509.1321,1103.4695
-303797.3487,-261146.5635,42650.7852,471.5018,1062.7385
-303431.0971,-261031.4096,42399.6875,467.1704,1032.5442
-303404.1552,-260941.6669,42462.4883,475.8697,1050.3872
-303894.8756,-261111.9224,42782.9531,517.1515,1063.1998
-303825.0225,-261024.456,42800.5664,517.618,1060.6002
-304000.7514,-261089.7007,42911.0508,461.3681,1096.5272
-303390.2126,-260944.5564,42445.6562,504.3083,1062.8319
-303641.9258,-261065.7422,42576.1836,526.5434,991.6827
-303728.6849,-261032.5208,42696.1641,538.65,1097.3095
-303626.7933,-261080.5003,42546.293,501.6305,1018.4259
-303626.7077,-261011.028,42615.6797,478.2412,1067.9097
-303785.8282,-261052.5703,42733.2578,511.9173,1049.9664
-303776.0169,-261114.4309,42661.5859,509.0777,1049.4209
-303897.0793,-261113.884,42783.1953,495.8842,1050.8898
-303548.8653,-261021.1739,42527.6914,488.9859,1068.555
-303873.3195,-261086.2492,42787.0703,488.3295,1049.2749
-303884.5102,-261094.7993,42789.7109,501.3016,1050.1463
-303683.3868,-261014.7579,42668.6289,481.9137,1014.1842
-303690.142,-261014.3685,42675.7734,498.2754,1056.183
-303807.7674,-261114.7635,42693.0039,525.6247,1074.5952
-303884.8511,-261015.9058,42868.9453,505.8197,1023.0969
-303846.9702,-261066.642,42780.3281,518.9605,991.7642
-303869.2172,-261049.6937,42819.5234,486.5645,1041.2675
-303781.9389,-261023.1108,42758.8281,479.2812,1045.1584
-303932.5349,-261045.9997,42886.5352,480.9698,1022.0883
-303878.1804,-261043.1453,42835.0352,480.4206,1034.0335
-303594.1732,-261082.3841,42511.7891,521.3436,1050.0848
-303409.5642,-260916.4001,42493.1641,492.879,1078.7921
-303947.8371,-261066.5832,42881.2539,484.2251,1038.346
-303668.7095,-261005.3228,42663.3867,509.39,1027.3735
-303501.1716,-260940.7419,42560.4297,496.1357,1051.5945
-303882.6939,-261099.7564,42782.9375,453.8818,1012.8167
-303738.8826,-261135.0154,42603.8672,524.3368,1046.2856
-303742.5928,-261089.5342,42653.0586,500.3305,1079.1051
-303987.3967,-261082.3342,42905.0625,489.7157,1062.0305
-303805.499,-261132.6318,42672.8672,503.1723,1041.4181
-303691.8158,-261149.6283,42542.1875,485.9294,1033.3818
-303707.3246,-261103.8519,42603.4727,509.2999,1031.3684
-303760.0554,-261046.5085,42713.5469,481.5055,1052.0648
-303777.6886,-261067.1065,42710.582,494.4312,1037.322
-303736.8853,-261127.7876,42609.0977,511.8627,1063.2275
-303495.6534,-260972.2432,42523.4102,463.261,1014.9432
-303750.5389,-261100.5857,42649.9531,493.8723,1015.2295
-303859.8158,-261019.515,42840.3008,495.2597,1063.5196
-303504.2198,-261090.8097,42413.4102,502.1116,1057.9534
-303924.1111,-261079.8885,42844.2227,477.5537,1016.3163
-303754.2942,-261054.9856,42699.3086,481.0267,1024.6291
-303914.1634,-261119.4485,42794.7148,543.2604,1027.1604
-303804.7091,-261013.1505,42791.5586,484.4483,1053.5962
-303715.1205,-261071.7455,42643.375,501.8819,1030.5101
-303850.8513,-261099.6755,42751.1758,497.2865,1040.018
-303870.9674,-261104.7135,42766.2539,506.2845,1074.8304
-303942.2637,-261123.6622,42818.6016,474.7974,1000.3505
-303667.1541,-261016.1541,42651.0,505.8418,1042.252
-303661.8356,-261134.1403,42527.6953,521.335,1048.0167
-303689.9224,-261045.5631,42644.3594,509.6686,1027.1565
-303742.0636,-261068.0987,42673.9648,487.9495,1076.465
-303685.0432,-260989.7698,42695.2734,488.859,1068.2434
-303803.9429,-261051.2906,42752.6523,505.4964,1021.5355
-303846.5123,-261065.8404,42780.6719,459.8119,1069.8501
-303620.8993,-261117.1766,42503.7227,485.8934,1026.5511
-303849.1688,-261176.9696,42672.1992,512.0107,1049.8557
-303742.7736,-261056.6252,42686.1484,497.3568,1034.1071
-303750.8942,-260992.531,42758.3633,473.2954,1106.5089
-303808.2977,-261083.2742,42725.0234,477.5588,1024.6131
-303858.2322,-261037.1072,42821.125,485.4596,1009.1719
-303588.8012,-260993.9809,42594.8203,495.944,1021.5388
-303663.731,-260966.149,42697.582,457.2995,1080.6699
-303873.5761,-261090.9003,42782.6758,494.1312,1010.4229
-304107.139,-261073.5648,43033.5742,488.6168,1070.093
-303668.0588,-261039.9846,42628.0742,490.5863,1036.4586
-303685.7781,-260932.5594,42753.2188,507.657,1017.2126
-303594.0677,-261064.8528,42529.2148,491.8042,1028.2232
-304064.3477,-261107.8712,42956.4766,508.9234,1073.0423
-303875.1954,-261067.6017,42807.5938,496.692,1021.9731
-303750.2147,-261023.3866,42726.8281,510.0041,1037.0759
-303640.4193,-261045.7045,42594.7148,524.2913,1036.1956
-303620.2205,-261073.0447,42547.1758,475.0639,1041.1899
-303922.5416,-261138.1549,42784.3867,483.0607,983.0042
-303964.372,-261125.6142,42838.7578,483.3754,1015.3945
-303896.5378,-261067.1941,42829.3438,499.3113,1039.4486
-303652.0951,-261067.642,42584.4531,486.5675,1078.6366
-303745.7998,-261122.4482,42623.3516,526.4631,1082.3124
-303773.6082,-261045.7059,42727.9023,489.0016,1061.5975
-303635.2111,-261058.7189,42576.4922,495.6662,1034.2116
-303837.1926,-260996.6106,42840.582,483.4032,1037.0805
-303575.5605,-261066.1191,42509.4414,519.5375,1017.2215
-303693.8632,-260973.0429,42720.8203,500.9513,1046.0222
-303853.401,-261082.694,42770.707,496.368,1004.4888
-303553.9966,-260967.2974,42586.6992,477.7885,1070.8691
-303499.3795,-260944.7467,42554.6328,487.2849,1044.6565
-303834.2211,-261065.4945,42768.7266,513.0485,1038.6638
-303517.8066,-261055.7012,42462.1055,481.1506,1088.1602
-303717.4141,-261033.1484,42684.2656,479.1901,1002.2679
-303401.6468,-260974.9163,42426.7305,476.7404,1042.4244
-303778.1009,-260981.1986,42796.9023,440.3876,1004.9593
-303778.8664,-261074.5149,42704.3516,501.0805,1012.6534
-303744.75,-261052.5234,42692.2266,506.6115,1028.4987
-303630.4812,-260974.364,42656.1172,503.2291,1022.3408
-303397.3322,-260923.6096,42473.7227,535.271,1048.8006
-303715.0057,-261015.1658,42699.8398,483.6278,1043.9999
-303798.6667,-261058.1042,42740.5625,507.7396,1070.6823
-303617.6974,-261004.0646,42613.6328,481.1099,1060.793
-303902.2575,-261079.7302,42822.5273,499.9972,1075.4326
-303919.0805,-261040.8461,42878.2344,481.5005,1034.6823
-303881.8541,-261100.608,42781.2461,483.6866,1022.2627
-303673.3227,-261061.3383,42611.9844,494.9812,1074.6953
-303656.6727,-261086.5477,42570.125,480.3811,1035.194
-304054.7297,-261122.8234,42931.9062,483.4153,1022.8418
-303759.7065,-261052.0854,42707.6211,470.5331,1029.5888
-303755.9487,-261040.0073,42715.9414,508.9882,1037.1972
-303577.9265,-261051.7116,42526.2148,513.3517,1070.8857
-303760.8602,-261096.0907,42664.7695,490.1903,1003.1731
-303626.1687,-260990.3835,42635.7852,496.1099,1010.1885
-303778.2223,-260979.6715,42798.5508,494.0295,1015.5717
-303733.9266,-261105.9461,42627.9805,481.2434,1034.5573
-303817.272,-261117.4322,42699.8398,475.3688,1061.7877
-303878.2705,-261150.958,42727.3125,482.3565,1049.7875
-303562.2667,-261048.2316,42514.0352,495.9579,1019.643
-303741.8376,-261065.6344,42676.2031,465.3506,1044.1862
-303738.8656,-261088.2249,42650.6406,483.8983,1035.0728
-303941.4467,-261069.599,42871.8477,488.7126,1073.5302
-303959.5448,-261092.3417,42867.2031,485.9952,1041.745
-303533.1112,-261034.119,42498.9922,476.812,1038.0516
-303635.0356,-261006.2231,42628.8125,512.2103,1031.6302
-303646.8966,-261003.6895,42643.207,480.2437,997.8183
-303636.5333,-261056.5099,42580.0234,512.6953,1051.1794
-303895.1849,-261024.4895,42870.6953,509.748,1016.8594
-303903.2032,-261006.9532,42896.25,486.332,1043.0754
-303826.8972,-261049.9402,42776.957,486.3995,1037.0875
-303917.2483,-261104.7171,42812.5312,487.0051,1017.1642
-303830.5237,-261039.5315,42790.9922,518.3583,1011.5627
-303590.656,-260975.0505,42615.6055,503.0253,1046.1073
-303451.8786,-260925.0974,42526.7812,506.3297,1087.9055
-303777.3686,-260962.1576,42815.2109,466.5695,1048.0109
-303777.5552,-261140.9966,42636.5586,505.6818,1012.0755
-303731.4221,-261067.1565,42664.2656,500.1699,1065.3091
-303497.8263,-261011.2481,42486.5781,471.6956,1056.8222
-303982.3941,-261229.4566,42752.9375,437.4111,1066.4261
-303522.72,-260971.5286,42551.1914,485.0545,1077.9757
-303508.049,-261059.381,42448.668,493.4857,1034.9453
-303660.0642,-260984.6931,42675.3711,507.1221,1065.6343
-303776.5978,-261069.004,42707.5938,529.1242,1005.0389
-303526.7269,-260975.0043,42551.7227,508.2982,1054.4677
-303640.4036,-261033.2473,42607.1562,507.6348,1050.7215
-303593.6363,-261058.7809,42534.8555,512.8233,1032.5461
-303608.1803,-261016.8639,42591.3164,515.354,1030.6176
-303831.4619,-261091.2119,42740.25,471.7469,1040.1085
-303753.7296,-261083.9483,42669.7812,498.0764,1038.3613
-303556.1333,-260972.813,42583.3203,518.2307,1023.8913
-303671.317,-261039.8131,42631.5039,504.8856,1054.8645
-303717.2772,-260995.7304,42721.5469,488.9473,1048.4238
-303560.0853,-260980.8197,42579.2656,487.2626,1034.1813
-303849.1765,-261095.0163,42754.1602,511.7685,1044.1546
-303701.9908,-261013.2252,42688.7656,505.5101,1030.7174
-303690.9963,-261018.801,42672.1953,521.9864,1008.6298
-303610.448,-261026.0456,42584.4023,527.2502,1080.5844
-303864.6535,-260981.7863,42882.8672,485.295,1044.4318
-304052.9628,-261156.3925,42896.5703,468.2185,1074.3151
-303668.9336,-261078.8945,42590.0391,530.0858,1066.4909
-303641.0764,-261035.1194,42605.957,480.1921,1027.0435
-303591.2131,-260977.2873,42613.9258,484.5955,1085.3941
-303725.85,-261115.7601,42610.0898,496.4499,1035.3159
-303966.1726,-261096.3757,42869.7969,469.9812,1063.4431
-303820.271,-261006.5601,42813.7109,491.7687,1068.1427
-303717.6745,-261038.862,42678.8125,479.5409,1060.0964
-303925.7242,-261102.6539,42823.0703,494.002,1026.2271
-303882.4403,-261019.9364,42862.5039,483.3317,1026.7838
-303801.3348,-261059.2567,42742.0781,480.3343,1044.2141
-303636.0428,-261076.867,42559.1758,495.7176,1053.7411
-303846.9027,-261037.2621,42809.6406,501.1399,1002.9547
-303878.3262,-261138.0059,42740.3203,507.4037,1058.9502
-303713.3403,-261066.7426,42646.5977,464.4426,1043.7508
-303628.6438,-261072.304,42556.3398,489.9865,1052.9729
-303750.4237,-261070.7127,42679.7109,474.1399,1045.0915
-303994.8989,-261040.3481,42954.5508,481.0659,1020.6691
-303895.4027,-261011.2621,42884.1406,489.9817,1044.5819
-303557.4136,-261008.1636,42549.25,509.068,1073.0083
-303762.4195,-261133.2281,42629.1914,529.8061,1023.9137
-303561.0907,-260954.161,42606.9297,500.7756,1067.773
-303557.5745,-260980.9691,42576.6055,476.3994,1072.7933
-303849.9491,-261100.453,42749.4961,465.0493,1012.6729
-303684.6796,-261016.4452,42668.2344,512.0956,1047.3383
-303694.3121,-261002.2535,42692.0586,475.2499,1040.1633
-303579.635,-261031.9201,42547.7148,483.6777,1056.4342
-303710.0607,-261024.7717,42685.2891,494.9994,1041.6163
-303686.0568,-261026.1505,42659.9062,504.0341,1037.1823
-303719.4574,-261065.0394,42654.418,507.4486,1059.8759
-303503.2852,-261042.2969,42460.9883,499.9136,1053.7383
-303667.2103,-261033.5306,42633.6797,511.358,1054.3527
-303812.5846,-260970.9518,42841.6328,472.0582,1066.8537
-303815.5893,-261105.4955,42710.0938,486.0301,1042.3702
-303941.0023,-261004.9593,42936.043,515.368,1029.7754
-303653.4074,-261004.6027,42648.8047,487.5299,1043.4538
-303749.3406,-261016.3992,42732.9414,466.7184,1046.3244
-303519.7295,-260974.8935,42544.8359,523.3251,1064.0721
-303814.9675,-261071.5495,42743.418,512.6049,1026.5442
-303806.1239,-261031.6161,42774.5078,475.1616,1041.5515
-303865.9232,-261122.3607,42743.5625,486.7493,1019.0071
-303769.2832,-261161.3184,42607.9648,487.6491,1034.3344
-303873.9861,-261096.2751,42777.7109,494.1292,1074.1274
-303908.0109,-261184.1437,42723.8672,469.6875,1050.5971
-303634.0159,-261035.805,42598.2109,511.9512,1043.918
-303846.8151,-261110.9987,42735.8164,512.0965,1091.6567
-303473.7894,-260952.5863,42521.2031,485.2832,1052.1563
-303866.3136,-261085.5128,42780.8008,500.6803,1039.4567
-303625.6254,-261148.1801,42477.4453,487.725,1016.4506
-303575.5189,-261065.3822,42510.1367,474.6813,1064.0768
-303648.7847,-261098.6206,42550.1641,536.98,1015.9218
-303966.1022,-261103.7429,42862.3594,481.4083,1062.9822
-303679.5821,-260973.1915,42706.3906,500.8328,1038.0707
-303859.1065,-261038.0167,42821.0898,469.4452,1002.4963
-303789.2674,-261059.2127,42730.0547,465.8043,1048.1135
-303803.3806,-261106.2556,42697.125,511.4158,1027.453
-303847.6031,-261047.9547,42799.6484,533.5052,1007.9971
-303757.1318,-261019.3154,42737.8164,492.162,1028.0734
-303805.8914,-261076.0086,42729.8828,474.7184,1046.0982
-303729.0954,-261051.3376,42677.7578,527.1635,1055.121
-303772.3481,-261052.1176,42720.2305,481.8029,1047.29
-303623.1195,-260976.307,42646.8125,483.5308,1052.5494
-303755.4225,-261085.0319,42670.3906,510.3539,1070.3544
-303490.2871,-261035.83,42454.457,474.255,1059.6989
-303927.5468,-261123.5429,42804.0039,488.2253,1036.2005
-303757.4692,-261074.9653,42682.5039,508.726,1042.2519
-303674.4929,-261079.7116,42594.7812,511.3826,1081.1203
-303729.9483,-261083.835,42646.1133,491.0355,1053.8697
-303718.2378,-261074.5307,42643.707,491.0643,1038.5259
-303812.533,-261193.6073,42618.9258,506.8856,1053.5061
-303798.0419,-260992.3739,42805.668,487.3198,1043.7977
-303813.3049,-261173.6604,42639.6445,514.4134,1051.254
-303778.8062,-261043.314,42735.4922,503.1173,1075.1621
-303808.2497,-261071.6598,42736.5898,509.732,995.9881
-303406.9166,-261012.4556,42394.4609,482.4187,1031.6982
-303898.4435,-261159.2638,42739.1797,523.1247,1047.0888
-303596.2381,-261073.0077,42523.2305,475.9531,1048.4748
-303776.5584,-260983.4217,42793.1367,486.4749,1066.4935
-303437.0516,-261058.2313,42378.8203,474.3652,1024.5168
-303767.3355,-261080.5933,42686.7422,499.5085,1034.2572
-303659.2286,-261003.0059,42656.2227,497.124,1050.5054
-303741.0085,-261075.196,42665.8125,488.418,1049.1061
-303779.3037,-261004.249,42775.0547,470.4904,1022.284
-303747.5936,-261144.9686,42602.625,526.9564,1028.87
-303529.3267,-261086.0025,42443.3242,473.8333,1021.2009
-304049.5659,-261104.812,42944.7539,473.248,1003.8457
-303633.9117,-261086.0796,42547.832,492.9087,1019.8948
-303833.1059,-261095.3403,42737.7656,473.9598,1044.2287
-303932.6993,-261060.3399,42872.3594,505.0394,1038.6241
-303698.3443,-261032.8365,42665.5078,503.8319,1044.611
-303792.3676,-261045.098,42747.2695,508.7328,1062.3906
-303774.1948,-261122.7651,42651.4297,492.7935,1058.3779
-303962.0224,-261047.6747,42914.3477,522.6188,977.6789
-303963.9421,-261130.5242,42833.418,486.0723,1024.9671
-303924.3215,-261085.2316,42839.0898,494.6577,1021.5811
-303818.2664,-261044.4149,42773.8516,493.8006,1022.3267
-303887.56,-261034.5561,42853.0039,503.0987,1003.9304
-303718.8454,-261042.0134,42676.832,484.1047,1016.6158
-303766.3238,-261064.6207,42701.7031,478.3901,1020.7051
-303819.8659,-261064.4284,42755.4375,486.2531,1083.5155
-303780.3605,-260987.3019,42793.0586,473.6201,1027.1878
-303856.9505,-261104.6731,42752.2773,474.6298,1052.9707
-303578.7403,-261045.2091,42533.5312,459.61,1074.8143
-303517.556,-260955.0248,42562.5312,511.8435,1031.6374
-303650.9674,-261084.069,42566.8984,508.5817,1087.2427
-303717.3089,-260942.1996,42775.1094,485.5264,985.3958
-303977.7481,-261089.2481,42888.5,485.0723,979.5905
-303704.5063,-260965.229,42739.2773,525.0167,1064.1737
-303761.2923,-261019.9055,42741.3867,480.0511,1081.8316
-303594.2941,-260987.7199,42606.5742,498.6576,1047.4418
-303887.3342,-261022.1975,42865.1367,487.4346,1057.6181
-303945.0556,-261079.1259,42865.9297,501.1527,1100.0858
-303495.4519,-261036.3152,42459.1367,478.1512,1002.982
-303597.2726,-261003.3781,42593.8945,492.5191,1084.3042
-303670.6952,-261032.5507,42638.1445,496.0833,1081.4103
-303551.9661,-261042.5872,42509.3789,495.6428,1025.8056
-303645.4116,-260965.6031,42679.8086,466.4689,1028.5606
-303546.6347,-261079.5682,42467.0664,520.2742,1057.9104
-303407.5383,-260953.7024,42453.8359,476.5047,1006.5091
-304050.7261,-261121.6089,42929.1172,491.959,1019.9919
-303741.219,-260931.1409,42810.0781,514.0544,1061.1783
-303937.7815,-261186.7034,42751.0781,518.3631,1051.2766
-303790.3342,-261076.8615,42713.4727,511.9935,982.8837
-303783.4433,-260998.3691,42785.0742,469.9615,1016.3213
-303740.4677,-260992.995,42747.4727,481.9665,1058.3004
-303900.4461,-261046.8328,42853.6133,497.3253,1075.771
-303447.0078,-260915.8672,42531.1406,487.178,1074.2118
-303705.429,-260979.1634,42726.2656,525.2696,1097.1793
-303674.0015,-261012.1343,42661.8672,514.0687,1031.4465
-303839.3819,-261133.1437,42706.2383,487.2999,1063.5639
-304003.9074,-261105.4152,42898.4922,491.5303,1056.271
-303591.2243,-261046.6853,42544.5391,531.1802,1041.4627
-303661.0743,-261030.4962,42630.5781,515.075,1029.995
-303731.3172,-261062.8211,42668.4961,486.1863,1074.2574
-303668.0217,-260975.0491,42692.9727,497.2064,1055.5988
-303999.5346,-261097.7807,42901.7539,519.4211,1060.2357
-303829.9121,-261147.666,42682.2461,488.1159,1022.8714
-303820.8443,-261145.899,42674.9453,526.9806,1052.9635
-303796.4646,-261096.1482,42700.3164,533.5874,1034.6816
-303731.2591,-261043.5169,42687.7422,501.236,1039.4239
-303626.0961,-260999.6469,42626.4492,468.3832,1065.8877
-303550.9514,-261064.8264,42486.125,512.0539,1087.6246
-303854.9798,-261098.6399,42756.3398,487.3782,1060.3037
-303701.449,-261033.0935,42668.3555,485.6419,1038.7487
-303522.9451,-260925.1131,42597.832,493.0074,1020.6393
-303658.0084,-261009.5358,42648.4727,507.7192,1062.5141
-303688.5914,-260998.7203,42689.8711,466.4845,1075.9703
-303718.6561,-261051.7694,42666.8867,539.0832,1023.9377
-303841.0545,-261122.5349,42718.5195,470.7884,1051.5616
-303738.8081,-261036.0425,42702.7656,489.4562,1048.7852
-303689.4005,-260965.0685,42724.332,512.5053,1020.5703
-303746.186,-261080.6587,42665.5273,495.8732,1080.0911
-303824.1377,-261052.8994,42771.2383,489.2969,1060.6743
-303583.5085,-261044.6686,42538.8398,457.9432,1074.7346
-303863.5705,-261053.2776,42810.293,504.9501,1050.5156
-303904.1069,-261096.0014,42808.1055,511.0871,1055.2002
-303658.2951,-261005.9982,42652.2969,522.5834,1016.4989
-303628.0356,-261019.9458,42608.0898,486.2132,1059.3756
-303835.7204,-261028.1775,42807.543,521.8509,1026.3933
-303817.3811,-261032.4436,42784.9375,499.1308,1007.0845
-303656.0538,-261019.4327,42636.6211,503.8032,1080.3431
-303560.9904,-261050.3225,42510.668,532.1687,1020.7006
-303679.6572,-261019.6377,42660.0195,470.7562,1060.0021
-303567.6142,-261011.4814,42556.1328,506.5179,1042.4528
-303570.3268,-260907.2291,42663.0977,449.2821,1036.8109
-303667.0486,-261070.4314,42596.6172,504.0738,1021.345
-303727.2218,-261039.6867,42687.5352,481.9798,1055.1877
-303810.1973,-261077.5137,42732.6836,488.5357,1058.8239
-303695.0053,-261007.7866,42687.2188,481.3522,1039.4158
-303803.2614,-261048.7692,42754.4922,499.38,1043.6424
-303735.4173,-261076.7454,42658.6719,489.0428,1045.4701
-303760.2819,-261073.9187,42686.3633,503.7487,1027.6406
-303449.4525,-261084.0385,42365.4141,492.9052,1076.8017
-303929.139,-261114.6156,42814.5234,488.5464,1021.7595
-303706.8814,-260957.4595,42749.4219,471.2156,1076.4478
-303981.6473,-261084.7137,42896.9336,499.3908,1056.7251
-303731.8515,-260961.1953,42770.6562,518.3065,1068.9522
-303711.3577,-260982.7913,42728.5664,485.331,1044.0704
-303408.3329,-261009.286,42399.0469,462.4854,1059.2638
-303984.9225,-261089.7545,42895.168,471.1453,1086.1147
-303389.1358,-261037.3155,42351.8203,497.8671,1065.667
-303926.3927,-261051.8615,42874.5312,467.3232,1057.6227
-303572.4671,-260974.0217,42598.4453,509.7464,1079.6987
-303836.1779,-261047.0763,42789.1016,481.7347,1101.0346
-303717.8043,-261121.2457,42596.5586,509.7026,1028.4211
-303718.1813,-261073.2282,42644.9531,484.0301,1021.9819
-303827.3164,-261108.7305,42718.5859,500.7441,1054.8121
-303908.1936,-261057.3968,42850.7969,492.7691,1020.1464
-303717.0344,-261038.7024,42678.332,483.107,1040.211
-303631.6636,-260953.8199,42677.8438,482.607,1036.2222
-303709.1108,-261036.7905,42672.3203,483.3646,1060.1467
-303620.2368,-261039.2095,42581.0273,452.6164,1040.1665
-303837.24,-261040.5721,42796.668,486.7721,1090.2286
-303628.0398,-260979.3249,42648.7148,486.4201,1035.8917
-303826.1263,-261039.9271,42786.1992,481.8164,1007.8579
-303576.497,-260891.5868,42684.9102,501.5459,1015.375
-303834.5254,-261115.3184,42719.207,485.2742,1069.4364
-304004.1017,-261040.0665,42964.0352,511.5675,1006.2578
-303714.6297,-260922.0399,42792.5898,442.5597,1051.0289
-303655.2921,-261003.1944,42652.0977,472.8427,1030.4814
-303621.7373,-261025.9834,42595.7539,478.4815,1035.392
-304046.766,-261104.0472,42942.7188,490.6044,1011.4966
-303516.0914,-261009.5328,42506.5586,489.719,1022.7228
-303692.5516,-261045.9695,42646.582,491.0582,1028.052
-303799.3974,-261121.9052,42677.4922,494.782,1045.4716
-303464.7894,-261034.5198,42430.2695,473.6859,1045.8674
-303622.6048,-260977.8744,42644.7305,535.0394,1041.7312
-303665.1358,-261115.2062,42549.9297,497.0283,1079.5146
-303662.5502,-261089.1049,42573.4453,524.3401,1057.8792
-303954.9707,-261037.4355,42917.5352,484.4092,1046.8534
-303828.5371,-261129.2012,42699.3359,457.9712,1068.5026
-303770.6521,-261020.7459,42749.9062,470.8385,1066.6058
-303745.9525,-261056.769,42689.1836,502.5355,1068.0164
-303906.8654,-260988.7678,42918.0977,474.4265,1064.0856
-303613.9591,-261015.8575,42598.1016,499.7756,1051.1955
-303970.8044,-261173.6911,42797.1133,487.6676,1039.5229
-303800.6251,-261059.7462,42740.8789,502.5401,1019.7349
-303661.8007,-261076.0078,42585.793,495.5857,1075.1429
-303742.9293,-261089.7457,42653.1836,507.7394,1041.5766
-303702.2384,-261135.6408,42566.5977,474.4425,1062.0118
-303638.9784,-260959.4589,42679.5195,478.3051,1014.3904
-303653.4702,-261013.4155,42640.0547,503.2999,1028.1908
-303675.9722,-261018.9371,42657.0352,516.2246,1027.8113
-303746.0577,-261062.6202,42683.4375,497.289,1059.4438
-303758.8895,-261039.4364,42719.4531,489.2781,1037.0596
-303628.594,-260997.6292,42630.9648,482.4196,994.69
-303883.2633,-261124.3063,42758.957,468.8292,1042.8791
-303654.8043,-261005.3473,42649.457,485.452,1043.5373
-304005.8599,-261075.1919,42930.668,513.9846,1043.1217
-303719.8379,-260929.2325,42790.6055,475.4199,1063.0443
-303303.5005,-260937.313,42366.1875,509.5026,1074.0725
-303708.8113,-261011.8152,42696.9961,495.2862,1062.6512
-303630.8401,-260957.8519,42672.9883,482.5241,1074.927
-303695.6268,-260943.408,42752.2188,511.321,1062.7257
-303605.6974,-260910.2325,42695.4648,505.0987,1029.0104
-303703.7316,-261017.841,42685.8906,446.8249,1049.2019
-303766.6054,-260974.789,42791.8164,505.7565,1064.8238
-303797.736,-261070.8767,42726.8594,465.2975,965.7655
-303759.7344,-260999.2656,42760.4688,514.5029,1049.2809
-303714.3681,-260853.7236,42860.6445,479.792,997.023
-303825.8632,-260965.7109,42860.1523,484.4053,1033.4459
-303669.7809,-261023.4958,42646.2852,503.815,1076.1311
-303717.2705,-260952.0088,42765.2617,497.9774,1039.6755
-303919.5314,-261158.5626,42760.9688,488.4028,1025.544
-303550.4106,-260954.4535,42595.957,513.8921,1034.1736
-303667.3603,-260917.9775,42749.3828,492.0081,1041.9782
-303965.4212,-261042.1634,42923.2578,489.5312,1046.9607
-303623.5784,-260998.8987,42624.6797,511.2501,1054.5708
-303650.381,-260971.756,42678.625,506.7568,1046.0248
-303723.372,-260968.9931,42754.3789,480.997,1041.2985
-303831.474,-261007.6186,42823.8555,467.4448,1025.4489
-303558.7774,-260941.1368,42617.6406,493.7728,1052.6037
-303767.7039,-261017.5945,42750.1094,488.6717,1048.5619
-303443.3209,-260950.5943,42492.7266,481.3746,1045.3208
-303747.4848,-261093.6449,42653.8398,511.0355,1030.8984
-303757.8739,-260908.327,42849.5469,488.8782,1049.2035
-303787.2889,-261084.9061,42702.3828,489.8191,1047.4919
-303763.7678,-261008.1819,42755.5859,468.4648,1052.8755
-303808.035,-261068.6834,42739.3516,490.2861,1066.4261
-303651.9254,-261003.152,42648.7734,510.8293,1066.5036
-304031.8158,-261118.9369,42912.8789,511.3807,1071.672
-303710.7221,-261049.7025,42661.0195,489.6798,1054.1579
-303736.3369,-261041.2783,42695.0586,509.3501,1012.9563
-303646.4476,-260918.4866,42727.9609,513.8717,1010.629
-303766.8805,-260972.9313,42793.9492,488.7786,1045.5216
-303613.078,-260944.1131,42668.9648,485.2759,1034.4089
-303423.0122,-260935.7974,42487.2148,471.2998,1024.3711
-303823.3047,-261127.7735,42695.5312,471.8754,1034.7727
-303730.8833,-261037.7349,42693.1484,507.4752,1103.1686
-303655.6493,-261069.3563,42586.293,476.8808,1072.9092
-303986.3605,-261178.5988,42807.7617,512.3021,1030.7073
-304045.499,-261081.8076,42963.6914,489.6719,1015.2531
-303774.6885,-261041.3877,42733.3008,445.3927,1047.4728
-303651.2629,-261076.2746,42574.9883,490.9504,1032.9321
-303694.8969,-261042.6078,42652.2891,480.0774,1062.9246
-303858.1575,-260988.2864,42869.8711,458.9977,1012.2893
-303892.6815,-261051.1073,42841.5742,485.7257,1086.0903
-303483.1555,-261049.9641,42433.1914,532.3121,1023.593
-303928.3835,-261021.7077,42906.6758,446.0016,1034.2042
-303565.5982,-261020.2037,42545.3945,504.4658,1048.94
-303664.1846,-261084.2901,42579.8945,478.783,1075.4428
-303607.4144,-261061.0863,42546.3281,531.1009,1009.6117
-303648.9195,-260962.5484,42686.3711,514.4016,1021.5082
-303664.2804,-261071.4796,42592.8008,498.706,1080.0288
-303648.1118,-261008.8735,42639.2383,482.5626,1017.1515
-303799.393,-261062.9868,42736.4062,487.1486,1017.4617
-303988.4599,-261104.1279,42884.332,489.2858,1043.9807
-303685.4969,-260957.6571,42727.8398,468.7992,1062.9398
-303516.7201,-261000.7318,42515.9883,484.8654,1015.0158
-304001.9404,-261040.9443,42960.9961,486.9931,1008.4754
-303954.4145,-261069.352,42885.0625,498.4588,1032.4978
-303918.2245,-261002.7128,42915.5117,508.1034,1006.5177
-303556.5465,-261020.984,42535.5625,491.4592,1005.8983
-303780.5486,-261138.947,42641.6016,484.1484,1029.3967
-303744.8222,-261034.7011,42710.1211,474.2166,1018.0356
-303698.4263,-261095.3521,42603.0742,487.0834,1002.7781
-303948.9425,-261051.7394,42897.2031,479.9398,1048.9044
-303959.0839,-261130.4511,42828.6328,521.8961,1023.8377
-303735.027,-260986.1715,42748.8555,492.7054,1023.6184
-303746.0952,-260980.0366,42766.0586,489.9531,1073.7234
-303834.0429,-261027.3671,42806.6758,513.2725,1052.3025
-303856.8956,-261091.4307,42765.4648,466.4072,1012.3127
-303706.3541,-261069.4948,42636.8594,494.2069,1063.7868
-303955.9243,-261181.8344,42774.0898,511.6824,1056.8121
-303902.3011,-261059.0472,42843.2539,481.6268,1042.3328
-303797.9429,-261034.2827,42763.6602,525.2178,1051.1214
-304106.5914,-261079.1109,43027.4805,524.5277,1016.5247
-303583.14,-261012.7337,42570.4062,470.6913,1058.849
-303839.7544,-261104.602,42735.1523,484.7934,1088.9067
-303744.7717,-261003.8967,42740.875,493.6516,1036.2529
-303733.6327,-261118.2773,42615.3555,497.4003,1043.8098
-303604.5794,-261105.7591,42498.8203,502.2058,1027.1954
-303724.7391,-261073.8641,42650.875,496.7381,1003.3721
-303811.7936,-261104.9303,42706.8633,484.0159,1068.121
-303490.2578,-261041.1015,42449.1562,514.2708,1050.6366
-303866.898,-261053.9722,42812.9258,470.5407,1046.3963
-303509.4384,-261000.0399,42509.3984,483.4471,1005.6316
-303671.769,-261011.2104,42660.5586,459.9082,1030.0221
-303652.277,-261014.4294,42637.8477,501.3675,1049.0916
-303716.1431,-261058.3032,42657.8398,511.3938,1041.2413
-303756.5762,-261102.0371,42654.5391,516.0211,1089.0705
-303609.2417,-260984.7574,42624.4844,523.2911,1031.2054
-303580.5015,-260989.2359,42591.2656,524.1515,1041.3822
-303601.2124,-261020.6303,42580.582,527.0487,1025.0443
-303679.0175,-261055.3261,42623.6914,478.0005,1036.8822
-303452.9381,-260966.8678,42486.0703,492.019,1040.7418
-303730.4328,-261040.6828,42689.75,485.0084,1032.9753
-303801.4036,-261078.3919,42723.0117,486.9157,1052.0419
-303760.6784,-261051.0768,42709.6016,493.7667,995.8183
-303899.8097,-260995.2042,42904.6055,490.7246,1039.9447
-303662.2043,-261046.4895,42615.7148,513.3998,1051.0323
-303811.3246,-261015.3286,42795.9961,513.7481,1076.9966
-303714.506,-261034.4356,42680.0703,468.8663,1045.3382
-304001.6653,-260997.3138,43004.3516,497.1522,1020.1899
-303529.3995,-260938.5909,42590.8086,493.1234,1083.2315
-303927.7808,-261057.7964,42869.9844,491.3525,1050.1522
-303976.8492,-261037.4937,42939.3555,446.2486,1043.9918
-303860.7443,-261023.0919,42837.6523,504.0302,1099.8867
-303751.9899,-261122.9157,42629.0742,477.7437,1068.6858
-303764.832,-261148.3163,42616.5156,529.6386,1092.1041
-303709.7063,-261021.2922,42688.4141,484.8827,1029.6088
-303701.6864,-261008.5965,42693.0898,519.7217,1045.2461
-303787.2063,-261131.7492,42655.457,519.9066,1039.723
-303768.5605,-261080.08,42688.4805,505.1656,1042.9887
-303803.1537,-260989.0716,42814.082,503.1865,1022.0386
-303735.0027,-261060.7722,42674.2305,467.8457,1046.7159
-303753.4966,-261027.4301,42726.0664,507.47,1068.5891
-303601.2058,-261059.7371,42541.4688,541.5646,1028.8951
-303724.7632,-261031.8804,42692.8828,487.8529,1066.6635
-303650.5901,-261011.844,42638.7461,502.7666,1070.1235
-303626.2638,-261067.5256,42558.7383,502.5498,991.4213
-303644.6784,-261037.2331,42607.4453,485.7513,1053.5034
-303700.6241,-261047.9796,42652.6445,483.9132,1044.3056
-303603.8427,-260943.5575,42660.2852,489.6603,1002.0328
-303708.1646,-261093.7974,42614.3672,503.7079,1024.434
-303704.6839,-260974.5003,42730.1836,538.2718,1059.0634
-304006.3313,-261044.8938,42961.4375,488.508,1022.5504
-303785.9528,-261103.0271,42682.9258,498.4742,1043.2203
-303578.0734,-260991.2335,42586.8398,484.2892,1049.9213
-303799.488,-261180.9489,42618.5391,474.1184,1024.992
-303820.5658,-261103.1518,42717.4141,471.1673,1036.2841
-303766.9753,-260955.2839,42811.6914,486.3126,1031.1739
-303588.9138,-261011.2145,42577.6992,475.9579,1023.537
-303632.0936,-260942.3358,42689.7578,486.355,1010.6375
-303695.4891,-261079.7118,42615.7773,474.1037,1023.5903
-303969.6244,-261057.2885,42912.3359,500.7791,1018.3636
-303687.0083,-261047.4107,42639.5977,509.3485,1073.0756
-303727.4273,-261070.0366,42657.3906,528.243,1081.0576
-303760.1496,-261039.0285,42721.1211,470.0916,1020.571
-303852.5473,-261067.7387,42784.8086,483.2948,1031.907
-303513.2908,-260981.7244,42531.5664,511.4334,1055.204
-303878.2214,-261017.0026,42861.2188,505.2438,1043.6253
-303734.4312,-261003.6226,42730.8086,518.5321,993.0707
-303642.4734,-260985.2155,42657.2578,506.3526,1038.8569
-303820.6527,-261052.0628,42768.5898,487.2548,1051.5996
-303802.0441,-261015.1652,42786.8789,499.0974,1020.2682
-303939.5809,-261158.0575,42781.5234,491.7723,1061.8271
-303796.849,-261109.1419,42687.707,502.3947,1048.3842
-303686.6581,-261056.6073,42630.0508,476.9977,998.5806
-303452.1515,-260968.0655,42484.0859,495.9405,1106.4649
-303616.7482,-261020.8575,42595.8906,516.7274,1057.7776
-303784.3937,-261153.4484,42630.9453,498.3793,1009.6255
-303875.3721,-261087.0714,42788.3008,485.7666,1023.7382
-303815.1706,-261082.8659,42732.3047,491.5,1035.1204
-303682.0475,-261075.6725,42606.375,487.9384,1078.2644
-303648.0272,-260964.2108,42683.8164,521.8974,1020.7602
-303881.7764,-261104.1865,42777.5898,459.6218,1036.9811
-303877.6795,-261103.9608,42773.7188,497.7927,1028.6198
-303585.6693,-261044.2006,42541.4688,493.2493,1043.9685
-303628.885,-261050.4905,42578.3945,479.4721,1045.6179
-303665.6857,-261057.2834,42608.4023,507.0233,1045.3621
-303733.5599,-261031.1693,42702.3906,507.4059,1015.2766
-303894.1767,-261200.247,42693.9297,499.096,1043.8385
-303684.4132,-260987.0343,42697.3789,479.9015,1038.997
-303685.1725,-260999.6257,42685.5469,499.4358,1046.863
-303644.562,-261046.3354,42598.2266,487.377,1032.0211
-303680.3079,-261059.7844,42620.5234,509.8046,1049.6415
-303826.779,-261071.0172,42755.7617,490.9457,1058.5049
-303667.8766,-261166.4391,42501.4375,497.8547,1074.4546
-303804.7762,-261006.202,42798.5742,454.9167,1028.7699
-303812.5951,-261066.5951,42746.0,472.2734,1029.7409
-303643.1863,-260993.5691,42649.6172,513.1969,1045.0938
-303573.868,-260967.6415,42606.2266,499.9607,1017.8924
-303878.7798,-261052.3071,42826.4727,494.3321,1026.5376
-303839.4614,-261068.0043,42771.457,488.4421,1029.5821
-303757.9381,-261004.356,42753.582,501.7962,1046.5952
-303789.7866,-261104.7359,42685.0508,512.0601,1062.569
-303949.7754,-261031.0488,42918.7266,454.9645,1038.0496
-303955.3985,-261052.0977,42903.3008,508.0593,1013.8355
-303648.1753,-261018.98,42629.1953,503.2833,1022.5845
-303459.6891,-261012.5133,42447.1758,508.9742,1027.6642
-303656.2251,-261054.8501,42601.375,514.1642,1039.7003
-303632.8081,-260996.523,42636.2852,509.0162,1047.0917
-303623.1223,-261041.0793,42582.043,472.8916,1007.5973
-303883.9651,-261083.3088,42800.6562,498.3052,1073.6907
-303580.2837,-261030.0142,42550.2695,499.31,1030.73
-303422.1748,-260884.8154,42537.3594,505.2485,991.3759
-303764.5913,-261062.3569,42702.2344,488.383,1029.8901
-303752.2068,-261104.3826,42647.8242,491.1679,1028.3654
-303679.5932,-261040.6792,42638.9141,491.4742,1019.475
-303790.8064,-260962.0173,42828.7891,459.8892,1086.851
-303616.6477,-261008.3821,42608.2656,510.2294,1111.5394
-303721.4651,-261035.7893,42685.6758,498.7172,1014.6817
-303780.4665,-260913.9157,42866.5508,480.145,1056.3304
-303813.3404,-261040.4967,42772.8438,510.156,1070.0395
-303765.5074,-261076.2495,42689.2578,542.0563,1009.3708
-303743.0244,-261005.6299,42737.3945,493.3092,1032.5731
-303419.0873,-260983.4389,42435.6484,518.6535,1080.9074
-304001.5131,-261033.2631,42968.25,514.0222,1076.2502
-303689.9608,-260984.3514,42705.6094,458.2514,1032.1173
-303787.9728,-261002.1485,42785.8242,454.4637,1021.491
-303684.095,-261036.4622,42647.6328,497.2409,1040.7432
-303646.0805,-261000.2992,42645.7812,540.7958,1021.2563
-303800.9193,-260982.8608,42818.0586,492.0131,1025.2711
-303782.4044,-261052.2091,42730.1953,471.6409,1057.911
-303778.9541,-261162.0674,42616.8867,497.1256,1022.935
-303473.2053,-261057.0256,42416.1797,459.0933,1079.8067
-303609.7312,-261019.657,42590.0742,454.966,1046.3904
-303841.1952,-261020.9452,42820.25,496.9714,1014.1261
-303690.1607,-261040.1841,42649.9766,470.0755,1060.3385
-303627.3409,-260968.5831,42658.7578,501.1098,1024.2727
-303844.4479,-261100.362,42744.0859,514.4579,1035.7884
-303628.1032,-261083.4352,42544.668,548.2267,1050.0006
-303949.1021,-261086.2701,42862.832,486.6846,1018.4085
-303920.1692,-261076.677,42843.4922,477.8588,1047.8966
-303778.7127,-261063.6072,42715.1055,519.6334,1024.2736
-303735.4139,-260987.8045,42747.6094,486.6625,1034.8364
-303792.6609,-261108.032,42684.6289,457.7806,1047.1012
-303640.8377,-261083.3377,42557.5,484.0041,1033.0061
-303562.4439,-260942.1627,42620.2812,476.114,1065.3227
-303911.2174,-261133.6979,42777.5195,509.414,1071.4147
-303707.2738,-261110.6722,42596.6016,469.4461,1057.3856
-303740.0989,-261165.2512,42574.8477,502.8079,1056.9815
-303843.9134,-261054.5931,42789.3203,515.0144,1083.6498
-303974.4726,-261001.3476,42973.125,493.3859,1029.7395
-303872.3465,-261130.9051,42741.4414,455.7563,1027.3981
-303842.9187,-261097.3289,42745.5898,485.1621,1022.5549
-303829.8264,-261025.0178,42804.8086,507.0828,1033.5843
-303801.1932,-261111.9354,42689.2578,472.2896,1039.049
-303827.5134,-261085.7478,42741.7656,493.9667,1104.4032
-303713.6848,-261130.6067,42583.0781,512.0788,1082.4534
-303736.0972,-261044.2417,42691.8555,482.1891,1031.0385
-303816.6722,-261047.1878,42769.4844,508.3513,1070.153
-304053.7826,-261179.5053,42874.2773,468.8605,1014.6919
-303850.2813,-261056.7813,42793.5,491.4785,1005.038
-303646.2323,-260981.0761,42665.1562,512.1029,986.6558
-303785.5725,-261112.8381,42672.7344,523.6451,1036.2078
-303500.5736,-260974.3236,42526.25,478.972,1014.6857
-303598.7777,-260959.598,42639.1797,514.9009,1017.0341
-303901.1223,-261049.1067,42852.0156,471.7999,1040.3503
-303726.3097,-261148.2707,42578.0391,501.4251,1066.4796
-303459.134,-260958.6067,42500.5273,469.1479,1008.7726
-303841.9218,-261055.4843,42786.4375,465.9457,1044.1445
-303704.5114,-260992.6637,42711.8477,459.8938,1023.2498
-303618.0988,-261024.5948,42593.5039,481.0467,1054.4968
-303771.6119,-261044.0182,42727.5938,471.282,1040.4095
-303872.1251,-261117.2071,42754.918,485.4162,1055.8206
-303684.6962,-261084.9814,42599.7148,483.0294,1022.141
-303995.5203,-261088.4109,42907.1094,493.2276,1021.5683
-303439.8704,-261064.972,42374.8984,502.3975,1041.1508
-303748.9708,-261083.6348,42665.3359,498.7773,1081.0703
-303551.7457,-260950.5855,42601.1602,506.9258,1045.8649
-303666.1915,-261050.9962,42615.1953,525.3126,1045.1927
-303654.6382,-261072.314,42582.3242,510.684,1045.0711
-303722.8751,-261055.0197,42667.8555,469.0506,1047.1381
-303746.8246,-261052.5278,42694.2969,498.9193,1049.338
-303747.1293,-261040.8481,42706.2812,487.2408,1046.3053
-303545.9809,-260977.5277,42568.4531,488.9435,1065.7947
-304053.448,-261114.1355,42939.3125,491.7163,1041.1435
-303756.7538,-261099.9999,42656.7539,516.241,1103.6761
-303820.2,-261076.4773,42743.7227,510.7329,1043.8721
-303651.0599,-260944.7005,42706.3594,511.062,1030.1834
-303724.407,-261020.2469,42704.1602,515.1857,1020.0208
-304166.1698,-261071.9706,43094.1992,440.4857,1020.6466
-303662.013,-260999.3294,42662.6836,498.5041,1084.8792
-303961.7775,-261102.9962,42858.7812,497.8267,1043.3123
-303768.8475,-261088.6014,42680.2461,515.9224,1037.052
-303621.427,-260997.3098,42624.1172,473.0121,1044.4777
-303836.7929,-261054.8554,42781.9375,491.2142,1044.4367
-303567.9843,-260929.8437,42638.1406,495.606,1037.8137
-303492.6197,-260919.9947,42572.625,498.785,1046.7647
-303609.4468,-261006.4898,42602.957,505.8871,1041.0469
-303688.8601,-261029.9812,42658.8789,517.6058,1025.28
-303759.6334,-261049.278,42710.3555,501.6856,1067.7313
-303770.2329,-261024.5493,42745.6836,475.3996,1019.0356
-303969.4643,-261116.5424,42852.9219,510.125,1042.5761
-303782.1807,-261084.4659,42697.7148,501.123,1019.8487
-303781.9036,-261056.7942,42725.1094,491.709,1097.5519
-303760.1372,-261072.3208,42687.8164,482.6298,1095.7623
-303657.9669,-260941.8809,42716.0859,523.0191,1049.0262
-303688.3764,-261020.5483,42667.8281,516.7131,1027.1658
-303939.3386,-260978.4675,42960.8711,525.9224,1029.8876
-303699.6586,-261010.5375,42689.1211,503.2807,1071.8338
-303701.7923,-261044.5696,42657.2227,476.0078,1034.0831
-303835.8812,-261004.1664,42831.7148,507.3973,1057.5498
-303695.4718,-261052.9484,42642.5234,472.5147,1055.3629
-303542.4139,-260940.8357,42601.5781,526.7174,1006.0376
-303463.309,-260967.3129,42495.9961,466.4401,1090.3315
-303654.7914,-260981.7406,42673.0508,514.7825,1051.1553
-303570.6265,-260931.4585,42639.168,489.0137,1046.4011
-303668.17,-260972.9903,42695.1797,520.3358,1061.9531
-303814.524,-261080.981,42733.543,484.9975,1038.4668
-303508.7892,-260974.4376,42534.3516,487.5815,1061.704
-303846.3728,-261083.4704,42762.9023,454.2112,1016.1341
-303575.3126,-261044.8282,42530.4844,523.3692,1059.1971
-303652.0003,-260986.4574,42665.543,489.6549,1042.0155
-303701.9848,-260917.8677,42784.1172,525.0545,1029.3253
-303670.398,-260983.2496,42687.1484,492.0183,1025.2211
-303697.1337,-261071.3446,42625.7891,476.3692,1026.8457
-303881.5876,-261068.2165,42813.3711,494.9532,1079.5508
-303844.0048,-261123.5283,42720.4766,514.5238,1033.7895
-303755.8865,-261053.5819,42702.3047,507.097,1071.8209
-303591.3735,-260997.7328,42593.6406,481.9394,1074.8875
-303525.2144,-260951.1948,42574.0195,494.1238,1032.5439
-303913.3769,-260996.2831,42917.0938,504.7274,1108.4982
-303551.3536,-260978.3653,42572.9883,510.7225,1045.1226
-303708.8872,-261022.8481,42686.0391,497.0337,1044.3505
-303835.2826,-261146.2201,42689.0625,503.1053,1036.6574
-303892.1368,-261126.8946,42765.2422,489.2004,1041.0444
-304117.9952,-260992.3976,43125.5977,532.3452,1039.5788
-303872.0518,-261036.3682,42835.6836,472.3728,1045.0497
-303893.6957,-261121.4847,42772.2109,453.5361,1046.2114
-303945.3101,-261064.3492,42880.9609,465.026,1037.3456
-303764.3951,-261077.36,42687.0352,481.5902,1056.5353
-303568.5324,-261001.0949,42567.4375,500.7827,1030.7782
-303643.5149,-261064.4211,42579.0938,507.2974,1042.0471
-303558.7617,-261009.6953,42549.0664,509.0906,1044.2841
-303687.5797,-261027.3492,42660.2305,511.7053,1026.974
-303606.1212,-260979.6017,42626.5195,498.3964,1043.4466
-303624.9277,-260984.4004,42640.5273,496.9081,1078.3713
-303583.8724,-261052.4153,42531.457,501.2044,1025.6296
-303767.8574,-261046.6308,42721.2266,521.4055,1037.6007
-303802.3315,-261094.4447,42707.8867,478.6908,1068.7605
-303872.1527,-261136.9378,42735.2148,520.2346,1060.8665
-303901.3155,-261075.253,42826.0625,505.1394,1031.2899
-303802.7511,-261024.9113,42777.8398,475.337,1046.1296
-303823.9221,-261019.0198,42804.9023,470.5513,1025.4919
-303786.2059,-261026.7645,42759.4414,512.2634,1055.0693
-303516.2269,-260956.4417,42559.7852,516.7265,1021.9896
-303924.3607,-261075.1498,42849.2109,476.1652,1050.7531
-303949.8998,-261020.6185,42929.2812,473.2532,1027.6613
-303770.4657,-261048.079,42722.3867,475.3949,999.8232
-303573.4444,-261002.9717,42570.4727,481.1414,1032.1508
-303655.0939,-261004.3244,42650.7695,505.6226,1071.3754
-303752.6979,-261023.0456,42729.6523,505.873,1031.8992
-303480.8105,-260969.8808,42510.9297,473.2615,1042.4082
-303693.1192,-260967.2324,42725.8867,483.0757,1001.5263
-303565.6811,-261029.6108,42536.0703,482.707,1015.5956
-303389.989,-260958.9109,42431.0781,480.6719,1052.0373
-303590.4015,-261023.0695,42567.332,511.969,1032.0761
-303424.8641,-261083.7548,42341.1094,501.3592,1022.0884
-303667.85,-261069.2406,42598.6094,492.4722,1078.9246
-303721.7298,-260939.8392,42781.8906,516.425,1042.296
-303784.2496,-261010.2067,42774.043,492.8232,976.3822
-303672.7202,-261007.4624,42665.2578,510.6503,1072.494
-303641.7118,-260914.4188,42727.293,504.0821,1070.0405
-303707.1051,-261027.0817,42680.0234,490.212,1029.2314
-303689.7174,-261053.7955,42635.9219,452.9886,1042.7777
-303644.2831,-261071.662,42572.6211,507.4788,1020.4063
-303872.1678,-261091.117,42781.0508,507.8174,1058.4651
-303656.0582,-261016.484,42639.5742,477.3889,1016.0782
-303783.3825,-261100.5114,42682.8711,519.543,1046.7602
-303879.2918,-261059.659,42819.6328,507.7572,1057.8113
-303692.703,-261063.4882,42629.2148,496.7318,1033.4317
-303859.4745,-261062.3886,42797.0859,496.1257,1067.9251
-303781.8692,-261049.127,42732.7422,488.6872,1015.3935
-303505.6562,-261003.9179,42501.7383,485.0388,1059.7164
-303720.0839,-261068.3964,42651.6875,483.5613,1042.638
-303803.5614,-261073.1825,42730.3789,500.525,1041.1566
-303504.9973,-261054.095,42450.9023,509.0656,1036.1764
-303718.8999,-261125.0366,42593.8633,471.3443,1069.8998
-303806.0847,-261065.7253,42740.3594,489.744,1067.813
-303515.6298,-260967.1142,42548.5156,516.1448,1029.0223
-303824.4031,-260977.0437,42847.3594,501.7872,1033.6685
-303967.4975,-261132.6967,42834.8008,518.2702,1051.788
-303944.7483,-261085.9358,42858.8125,484.9347,1055.5749
-303759.0516,-261070.9578,42688.0938,483.8395,1041.7581
-303725.1435,-261061.9169,42663.2266,481.4701,1053.1649
-303872.1225,-261121.7358,42750.3867,496.2306,1038.4119
-303863.4384,-261147.8212,42715.6172,521.1569,1036.8044
-303918.8477,-261099.6446,42819.2031,494.3104,1018.8809
-303552.8871,-261034.5981,42518.2891,493.9025,1039.0709
-303881.0197,-261039.5705,42841.4492,505.6091,1049.6988
-303567.6577,-260882.3061,42685.3516,471.7555,1027.1941
-303289.5814,-260984.4252,42305.1562,472.8497,1060.5595
-303727.4152,-260990.0988,42737.3164,506.9576,1023.308
-303639.6971,-261060.1111,42579.5859,492.2374,1070.2659
-303815.1573,-261137.0987,42678.0586,461.3096,1027.9438
-303796.2631,-261037.1068,42759.1562,458.3304,1026.8554
-303664.5608,-261031.3693,42633.1914,491.91,1097.9844
-303964.4356,-261052.9942,42911.4414,489.831,1064.4334
-303612.7675,-261037.1425,42575.625,494.6306,1039.4525
-303790.5781,-261109.371,42681.207,505.3047,1056.8683
-303735.0153,-260992.6559,42742.3594,498.3512,1015.0525
-303601.6615,-261023.8333,42577.8281,477.6394,1072.5395
-303657.7846,-261039.5698,42618.2148,476.6569,1075.6413
-303627.1565,-260947.0393,42680.1172,510.4403,1051.0311
-303843.9455,-261126.8049,42717.1406,514.0337,1043.1407
-303591.4711,-260916.7602,42674.7109,508.8761,1051.2245
-303969.088,-261021.1037,42947.9844,455.1004,1016.5505
-304073.7752,-261170.697,42903.0781,491.1557,1025.7595
-303372.3615,-260968.6389,42403.7227,476.0885,1068.4186
-303763.5505,-261051.8044,42711.7461,514.9157,1053.9921
-303959.5688,-261056.6391,42902.9297,511.1753,1074.3929
-303896.7545,-261042.7506,42854.0039,486.4391,1052.7009
-303773.5365,-261073.9388,42699.5977,507.9122,1047.5949
-303661.6847,-260988.1066,42673.5781,482.2867,1066.4472
-303649.6259,-260972.8642,42676.7617,500.9763,1063.7531
-303955.5803,-261078.5647,42877.0156,485.1776,1069.1795
-303693.6,-261047.0882,42646.5117,480.734,1082.6531
-304163.2435,-261070.5208,43092.7227,474.1983,1041.4264
-303651.5823,-260998.6917,42652.8906,502.9682,1040.0208
-303752.7729,-261014.2651,42738.5078,501.3408,1039.813
-303689.3023,-261063.4194,42625.8828,516.2081,1042.6546
-303705.6257,-261018.7624,42686.8633,466.3439,1017.8221
-303850.5613,-261006.7175,42843.8438,470.1922,1034.7201
-303569.1744,-260829.1353,42740.0391,483.9903,1020.2891
-303765.1905,-261054.2648,42710.9258,505.2855,1028.5715
-303592.3792,-261024.0901,42568.2891,500.1221,1079.7501
-303680.3303,-260992.8538,42687.4766,509.8371,1031.9306
-303736.9608,-261025.1249,42711.8359,491.081,1064.435
-303919.2204,-261091.697,42827.5234,512.9002,1048.8386
-303543.3354,-261042.2417,42501.0938,490.5063,1025.083
-303736.746,-261063.0781,42673.668,477.3893,1065.6217
-303809.4401,-261106.6003,42702.8398,500.4792,1045.6341
-303904.307,-261111.7679,42792.5391,513.1335,1057.3943
-303637.7078,-261095.032,42542.6758,487.1834,1022.4101
-303784.6464,-261057.4159,42727.2305,486.3995,1067.9915
-303653.7169,-260971.9044,42681.8125,460.521,1026.44
-303778.1527,-260970.6137,42807.5391,510.3243,1026.4574
-303713.371,-260989.6483,42723.7227,468.2072,1019.7514
-303575.0625,-260996.6211,42578.4414,465.3638,1059.0812
-303739.9503,-260986.2471,42753.7031,471.8719,1014.622
-303644.1074,-261036.7949,42607.3125,478.0387,1027.0378
-303625.5161,-261042.3755,42583.1406,496.68,1076.3491
-303546.3344,-261003.3774,42542.957,516.0562,1061.2274
-303642.7089,-261030.7597,42611.9492,464.5251,1077.3822
-303803.8812,-260993.596,42810.2852,499.3557,1010.1678
-303863.5982,-261114.8286,42748.7695,459.4835,1053.1611
-303628.2228,-261040.7345,42587.4883,476.7564,1076.7073
-303728.4923,-261037.2813,42691.2109,509.9216,1023.8633
-303670.559,-261102.5863,42567.9727,489.5983,1028.0782
-303493.6079,-260997.5024,42496.1055,514.659,1040.2615
-303652.7991,-261060.5179,42592.2812,510.701,1091.5032
-303620.5736,-261021.4135,42599.1602,480.8936,1002.8106
-303809.4418,-261014.516,42794.9258,520.912,1065.2864
-304011.787,-261113.4745,42898.3125,495.9549,1090.7031
-303616.932,-260993.7601,42623.1719,470.9976,1093.7076
-303497.773,-261012.1949,42485.5781,519.2262,1056.4189
-303797.1824,-261037.6316,42759.5508,528.0305,1081.3641
-303492.4696,-261051.1884,42441.2812,512.076,1015.7089
-303609.0939,-260939.4963,42669.5977,491.3923,1016.1438
-303594.0308,-261045.4487,42548.582,495.8938,1016.2732
-303630.9064,-261039.2189,42591.6875,533.4505,1083.6815
-303774.4886,-261074.7347,42699.7539,497.6263,1090.0727
-303522.1855,-260983.8652,42538.3203,517.6763,1076.7387
-303665.4241,-260961.8109,42703.6133,493.4461,1018.19
-303811.5566,-261055.623,42755.9336,499.1991,1032.185
-303910.4873,-260983.7685,42926.7188,489.5581,1059.6123
-303788.5572,-261080.4361,42708.1211,493.3314,1012.3212
-303741.6269,-261149.4706,42592.1562,512.8572,1015.9174
-303809.0096,-261093.4861,42715.5234,463.305,1016.4685
-303665.8619,-261052.7525,42613.1094,493.7243,1089.1108
-303502.3888,-260974.1857,42528.2031,470.3855,1014.5707
-303716.5217,-260960.6311,42755.8906,525.5685,1036.315
-303617.5977,-261074.8087,42542.7891,498.2802,1042.9354
-303732.6482,-260961.5389,42771.1094,503.0307,1067.8439
-303727.3837,-261003.6533,42723.7305,464.7999,1038.9964
-303839.2492,-260992.5734,42846.6758,513.4371,1014.0052
-303704.2812,-261049.289,42654.9922,527.6754,1028.9444
-303708.3008,-261034.0274,42674.2734,473.5528,1038.7118
-303777.3107,-260994.7717,42782.5391,489.3388,1031.3277
-303666.4878,-261070.6987,42595.7891,450.671,1058.8772
-303788.6352,-261100.7915,42687.8438,500.3654,1020.2515
-303907.7588,-261046.0557,42861.7031,478.3743,1025.1785
-303872.3352,-261030.6477,42841.6875,491.5977,1065.1117
-303586.8442,-260964.6489,42622.1953,499.1998,1010.9287
-303627.5083,-261085.6567,42541.8516,470.3358,1053.5752
-303870.2772,-261061.7147,42808.5625,512.5093,1069.96
-303791.9609,-261019.3515,42772.6094,501.8235,1054.9121
-303713.1568,-261076.7857,42636.3711,465.6781,1003.8126
-303853.8329,-261081.4814,42772.3516,502.0198,1027.1421
-303669.7253,-261023.5261,42646.1992,485.777,1065.6236
-303661.7435,-261020.1107,42641.6328,500.6323,1052.2202
-303737.7851,-261002.953,42734.832,456.0996,1034.5352
-303637.2661,-261049.7466,42587.5195,496.6916,1105.8043
-303679.8301,-260970.6699,42709.1602,494.0594,997.8389
-303821.744,-260987.7557,42833.9883,495.922,985.4281
-303543.677,-261048.1418,42495.5352,472.1559,1054.5349
-303758.6406,-261074.5625,42684.0781,499.5949,1063.8041
-303516.5739,-260980.6168,42535.957,512.3473,1053.0529
-303736.5787,-261003.481,42733.0977,507.0036,1031.7912
-303845.4577,-261100.1647,42745.293,522.8796,1065.1054
-303715.5148,-261033.6476,42681.8672,492.2052,1047.4171
-303618.7583,-260986.4418,42632.3164,493.0154,1073.7207
-303894.9113,-261053.8488,42841.0625,480.7271,977.7027
-303786.2962,-261007.7416,42778.5547,519.7413,1051.5987
-303736.717,-260984.4826,42752.2344,491.8978,1011.7341
-303714.4953,-261038.0187,42676.4766,489.7651,1022.8687
-303696.3943,-260986.2927,42710.1016,481.0447,1000.9147
-303916.9144,-261015.2152,42901.6992,486.2672,1050.565
-303654.3026,-260956.494,42697.8086,493.1539,1097.2989
-303669.8962,-261015.5369,42654.3594,494.6526,1058.6868
-303763.4634,-261119.2017,42644.2617,495.2959,1043.4067
-303675.3565,-260997.583,42677.7734,494.5906,1041.0563
-303742.9401,-261010.6472,42732.293,527.595,1047.5579
-303761.0754,-261001.6535,42759.4219,479.2733,1054.9157
-303726.9368,-260942.6048,42784.332,484.0745,1072.723
-303586.9077,-261002.4585,42584.4492,516.7677,1083.7682
-303683.4239,-260960.9747,42722.4492,477.1023,1108.4131
-303589.467,-260971.9983,42617.4688,482.0862,1056.02
-303589.9013,-261009.0419,42580.8594,522.6019,1015.5481
-303560.3253,-261053.0832,42507.2422,502.126,1102.3793
-303479.3398,-261087.2695,42392.0703,502.6395,1045.6223
-303877.1551,-260989.6238,42887.5312,502.1907,1036.0752
-303727.425,-261070.5617,42656.8633,506.4654,1058.7786
-303784.5626,-260981.1993,42803.3633,490.8234,1036.1609
-303708.4273,-260965.7945,42742.6328,463.4706,1051.0324
-303816.5745,-261044.6605,42771.9141,464.5021,1067.4592
-303657.3808,-260938.1504,42719.2305,489.6167,1072.5675
-303924.539,-261069.8788,42854.6602,487.8687,1076.972
-303821.516,-261113.9574,42707.5586,545.0003,1087.4193
-303847.1207,-261187.2301,42659.8906,490.6611,1034.6371
-303691.3554,-260968.4374,42722.918,482.5567,1023.8803
-303787.2562,-260983.7523,42803.5039,487.12,1050.823
-303568.2901,-261042.6534,42525.6367,509.1259,1003.2353
-303701.3629,-261055.777,42645.5859,477.3622,1071.881
-303725.8812,-261071.5609,42654.3203,471.7651,1031.7927
-303744.2833,-260992.9161,42751.3672,504.9271,1089.3326
-303603.725,-260903.1821,42700.543,507.4063,1062.3825
-303724.2099,-260970.788,42753.4219,511.8069,1046.7058
-303679.2633,-260970.3297,42708.9336,512.877,1057.1648
-303744.4074,-261030.9855,42713.4219,482.3584,1029.503
-303561.9489,-261026.3552,42535.5938,490.5308,1006.7206
-303959.5438,-261039.6454,42919.8984,520.3155,1013.352
-303793.889,-260990.1976,42803.6914,468.5011,1029.9491
-303678.1576,-261102.8763,42575.2812,469.5005,1043.0471
-303754.5804,-261101.4515,42653.1289,488.5387,1037.9668
-303651.1744,-261125.3619,42525.8125,510.2589,1082.4017
-303729.4223,-261054.7309,42674.6914,469.0819,1056.904
-303947.5357,-261012.2505,42935.2852,474.8132,1084.601
-303639.7267,-261017.9963,42621.7305,510.5284,1052.0634
-303700.6798,-260954.9767,42745.7031,488.0379,1041.9287
-303843.1427,-261053.3731,42789.7695,486.1275,1046.9394
-303880.6339,-261061.2121,42819.4219,469.9156,1032.9433
-303872.9803,-261107.4491,42765.5312,495.9257,1038.1799
-303597.0904,-261079.106,42517.9844,496.4765,1033.47
-303809.4619,-261028.8447,42780.6172,498.431,1039.0542
-303857.7868,-261001.0642,42856.7227,478.9186,1012.4849
-303751.7229,-261044.6995,42707.0234,501.989,1037.2745
-303637.4747,-260998.6036,42638.8711,506.9454,1062.0328
-303559.7049,-260957.6502,42602.0547,459.7685,1040.1693
-303722.1191,-261026.8613,42695.2578,485.131,961.3061
-303857.2729,-261075.4214,42781.8516,492.6949,1038.7656
-303899.6334,-260942.0709,42957.5625,471.7045,1063.797
-303566.2549,-261009.8486,42556.4062,499.3893,1021.2614
-303773.693,-261077.443,42696.25,473.6846,1043.676
-303718.8726,-261011.9937,42706.8789,485.3435,1034.7643
-303936.0314,-261134.09,42801.9414,463.1233,1031.3573
-303543.0073,-261042.3119,42500.6953,515.7166,1042.0164
-303639.1121,-261053.5613,42585.5508,502.2742,1070.9084
-303461.3633,-260934.082,42527.2812,482.2597,1045.6929
-303616.5995,-260994.9745,42621.625,482.7079,1070.0393
-303720.9378,-260940.6057,42780.332,490.4097,1063.1644
-303632.8149,-260970.0766,42662.7383,507.2712,1051.8489
-303878.1176,-261116.9808,42761.1367,511.6103,1022.5029
-303629.6191,-261075.0058,42554.6133,517.0399,1008.1696
-303763.7085,-261080.8609,42682.8477,492.4148,1009.2178
-303681.8171,-260994.7702,42687.0469,449.4035,1066.1044
-303814.7934,-261108.395,42706.3984,477.0702,1084.6656
-303541.5058,-261088.3222,42453.1836,438.8861,1057.4485
-303776.271,-261109.146,42667.125,494.08,1073.698
-303779.6524,-261041.5899,42738.0625,458.0705,1038.3121
-304006.6097,-261198.7308,42807.8789,496.8343,1054.5373
-303789.0028,-260942.9403,42846.0625,527.3444,1045.0092
-303783.6842,-261008.9146,42774.7695,457.4435,1044.2758
-303530.5441,-261027.634,42502.9102,495.9773,1036.0793
-303844.3331,-261003.5479,42840.7852,523.3545,1032.0385
-303828.2557,-261024.7049,42803.5508,526.6631,1037.4538
-303715.4941,-260918.5253,42796.9688,472.9022,1018.4049
-303575.3937,-261114.089,42461.3047,480.5532,1059.7759
-304025.8961,-261122.857,42903.0391,510.6853,1094.7874
-303558.9413,-261053.8944,42505.0469,520.3865,1031.7489
-303969.8745,-261156.2886,42813.5859,502.9799,1055.9148
-303626.0874,-261001.7475,42624.3398,498.7536,1017.2237
-303750.313,-261065.2076,42685.1055,518.4255,998.8587
-303852.0936,-261107.8396,42744.2539,480.2753,1107.0061
-303902.5663,-260999.3866,42903.1797,491.935,1039.0202
-303874.9086,-261048.9672,42825.9414,489.074,1024.0574
-303721.1646,-261031.27,42689.8945,476.419,1027.5195
-303904.0081,-261022.0667,42881.9414,507.0017,1015.7044
-303879.2076,-261032.9654,42846.2422,508.8049,1047.531
-303758.1667,-261125.8776,42632.2891,511.7286,1027.7241
-303480.145,-261065.5981,42414.5469,512.5812,1050.5538
-303655.5507,-261089.9686,42565.582,509.5632,1067.9421
-303866.7696,-261045.4923,42821.2773,472.5283,1040.9302
-303722.5723,-261154.0255,42568.5469,498.078,1025.2274
-303663.1503,-261113.6737,42549.4766,467.6404,1033.4014
-303911.2019,-261037.9246,42873.2773,501.9469,1068.9543
-303555.6963,-260940.6729,42615.0234,488.0634,1011.1312
-303710.6027,-261022.0168,42688.5859,453.2288,1035.0599
-303888.8678,-261004.5748,42884.293,501.2788,1067.7112
-303658.4241,-261048.0217,42610.4023,542.5408,1030.1758
-303735.6823,-260917.737,42817.9453,473.0777,1011.0841
-303912.7622,-260974.8169,42937.9453,490.9939,1095.8568
-303837.2571,-261104.8704,42732.3867,501.7857,1022.6599
-303599.3568,-260968.6381,42630.7188,455.2717,1021.8614
-303851.5304,-261111.5538,42739.9766,501.8443,1033.0255
-303714.8473,-261114.4606,42600.3867,512.8219,1029.4984
-303874.8915,-261070.3758,42804.5156,481.0393,1030.407
-303685.2166,-260977.0798,42708.1367,476.8066,1059.6008
-303759.3634,-261132.9728,42626.3906,482.4239,1049.9272
-303819.6402,-261030.7964,42788.8438,494.3964,1035.1099
-303616.6957,-261048.5863,42568.1094,485.7971,1016.8154
-303805.3931,-260976.5767,42828.8164,508.217,1031.0371
-303716.9417,-261023.762,42693.1797,512.2998,1066.7754
-303731.1737,-260977.0292,42754.1445,481.1491,1048.7325
-303653.883,-261082.6017,42571.2812,506.4666,1018.5663
-303703.9009,-261072.2837,42631.6172,505.9842,1038.1094
-303557.5696,-261062.0579,42495.5117,498.0812,1046.879
-303516.4475,-261099.0999,42417.3477,497.9235,1046.2454
-303544.8184,-260946.4746,42598.3438,501.5514,991.5335
-303783.299,-261050.1271,42733.1719,517.4048,1072.2056
-303781.0056,-261063.9977,42717.0078,493.851,1068.5406
-303812.9726,-261128.0898,42684.8828,514.798,1077.8746
-303867.0653,-261098.9793,42768.0859,504.331,1032.6431
-304120.3364,-261200.102,42920.2344,505.1498,1037.3657
-303655.5556,-261121.4384,42534.1172,489.495,1041.833
-303937.3942,-261122.2887,42815.1055,521.886,1023.3407
-303854.7757,-261171.9319,42682.8438,486.0941,1052.4087
-303475.6707,-260894.3816,42581.2891,467.561,1025.4412
-303682.1234,-261068.4124,42613.7109,490.4573,1050.5872
-303558.079,-260976.036,42582.043,497.7834,1092.4947
-303724.6574,-260946.6027,42778.0547,500.2186,1047.6452
-303865.3732,-261103.0646,42762.3086,487.2583,1041.2469
-303798.2468,-261108.7156,42689.5312,475.4631,1045.6712
-303788.5087,-261140.5205,42647.9883,487.1148,1051.2995
-303746.6291,-261036.3986,42710.2305,510.9053,1074.5264
-303866.1581,-261163.869,42702.2891,517.796,1037.9315
-303595.3558,-261007.8441,42587.5117,497.38,1027.6577
-303789.1633,-260986.0305,42803.1328,473.9316,1037.9582
-303537.9421,-260907.7624,42630.1797,475.0535,1051.4606
-303723.1281,-261054.8039,42668.3242,499.9669,993.1692
-303795.2646,-261017.9911,42777.2734,520.3589,1093.2255
-303859.2267,-261125.8556,42733.3711,507.6206,1057.7763
-303919.3704,-261256.1673,42663.2031,484.7116,1044.0598
-303939.0053,-261083.9115,42855.0938,492.8529,1058.5552
-303671.3754,-261013.4809,42657.8945,487.2642,1020.0817
-304140.4628,-261187.9979,42952.4648,499.1992,1059.5658
-303786.6386,-260997.5214,42789.1172,499.9759,1016.7857
-303635.3554,-261093.0975,42542.2578,496.6698,1063.6977
-303783.2371,-260925.3308,42857.9062,489.8652,1042.5713
-303741.5631,-261027.8131,42713.75,520.7302,986.7614
-303614.4006,-261059.9631,42554.4375,468.2516,1071.1352
-303599.6098,-261120.4379,42479.1719,518.0687,1035.5426
-303798.7559,-261107.545,42691.2109,475.0334,1043.4716
-303710.2277,-261138.2902,42571.9375,472.3835,1037.4661
-303731.6462,-261092.3923,42639.2539,478.4301,1039.2139
-303828.6338,-261073.2198,42755.4141,470.8717,1038.592
-303651.0732,-261093.5341,42557.5391,461.7234,1041.4214
-303932.9729,-261126.5159,42806.457,510.757,1014.7582
-303932.6876,-261075.4415,42857.2461,475.2658,1006.2947
-303762.1527,-261088.0511,42674.1016,502.8137,1019.5452
-303703.4554,-261031.2171,42672.2383,503.5442,1028.0996
-303575.236,-261000.0407,42575.1953,479.1528,1035.9685
-303656.1793,-261002.1636,42654.0156,505.7388,1060.014
-303651.6922,-261066.3993,42585.293,479.412,1055.7211
-303657.7863,-261047.7902,42609.9961,528.592,1054.5546
-303735.5647,-260984.0374,42751.5273,504.1096,1059.7131
-303636.8036,-260896.0184,42740.7852,471.4202,1056.5421
-303809.6481,-260986.9879,42822.6602,533.2519,1027.5115
-303905.6185,-261047.5287,42858.0898,484.7533,1031.6492
-303771.0259,-261077.186,42693.8398,492.9215,1015.9497
-303584.825,-261078.282,42506.543,496.0408,1062.965
-303647.9589,-260983.5214,42664.4375,484.5961,1027.8901
-303814.6068,-261054.8842,42759.7227,514.702,1043.9694
-303639.9956,-261114.8901,42525.1055,520.4253,1047.3764
-303803.1274,-260978.9985,42824.1289,503.1006,1001.6554
-303452.7052,-260949.7403,42502.9648,501.0552,1043.5942
-303706.2369,-261048.9205,42657.3164,470.1961,1045.3442
-303646.674,-261033.3615,42613.3125,532.3059,1044.894
-303554.0572,-260896.7213,42657.3359,489.3623,1065.523
-303407.4246,-260903.5301,42503.8945,497.9191,1015.7056
-303926.9473,-261055.7637,42871.1836,464.3749,1054.6835
-303815.3963,-261072.5838,42742.8125,486.2927,1055.2678
-303751.862,-261132.1823,42619.6797,491.156,1031.2066
-303799.9942,-261015.9161,42784.0781,468.7921,1046.7443
-303673.1843,-260957.0788,42716.1055,499.6915,1103.5083
-303741.3717,-261071.7974,42669.5742,500.5813,1057.2415
-303868.5272,-261027.8358,42840.6914,492.2443,1068.8755
-303618.8804,-260956.2749,42662.6055,505.216,1076.1234
-303843.6462,-261035.2516,42808.3945,471.0953,1044.0449
-303672.7812,-261036.1719,42636.6094,476.9653,1019.5761
-303659.5617,-261028.132,42631.4297,517.4965,1011.3611
-303483.3952,-261040.1179,42443.2773,509.4421,1018.1667
-303465.479,-260952.0454,42513.4336,473.7289,1031.9295
-303820.6573,-261114.376,42706.2812,514.2446,1051.8035
-303616.6082,-261063.4168,42553.1914,474.2978,1072.1857
-303737.1917,-261013.9846,42723.207,474.9576,996.8752
-303823.1154,-261084.5686,42738.5469,490.5824,1050.8153
-303587.6769,-260988.2824,42599.3945,494.7707,1055.8912
-303992.1668,-261123.7801,42868.3867,507.2583,1064.5935
-303932.5086,-261089.3289,42843.1797,502.622,1011.5573
-303679.7839,-261011.8972,42667.8867,526.0416,1067.9373
-303556.9368,-261055.5228,42501.4141,503.2169,1076.9504
-303771.7544,-261054.188,42717.5664,520.0719,1054.5778
-303827.598,-261033.1683,42794.4297,465.4994,1061.4021
-303749.237,-261082.8893,42666.3477,487.3583,1058.9159
-303769.2921,-261096.6554,42672.6367,520.9347,1031.6412
-303703.6528,-261026.2192,42677.4336,497.4439,1026.9873
-303715.4985,-261165.1626,42550.3359,506.6188,1049.4237
-303814.0538,-261150.9522,42663.1016,492.2214,1053.2205
-303724.1414,-261083.6297,42640.5117,473.2937,1097.5795
-304029.3163,-261091.5077,42937.8086,465.9098,1036.7804
-303951.0467,-261092.2342,42858.8125,526.6837,1016.7354
-303690.1217,-260922.8873,42767.2344,505.0496,1021.8577
-303655.0067,-261040.4871,42614.5195,515.1899,1051.7006
-303584.4197,-261028.0212,42556.3984,486.6642,1039.0419
-303528.7858,-261085.8093,42442.9766,473.485,1042.7074
-303789.2204,-261073.111,42716.1094,479.4989,1052.2627
-303633.2363,-261104.6425,42528.5938,502.3958,1080.4771
-303749.1676,-261092.6402,42656.5273,507.1772,1062.0835
-303567.2116,-261058.7429,42508.4688,519.9096,1031.63
-303684.8311,-261047.0967,42637.7344,480.7283,1058.8257
-303616.3188,-261109.5766,42506.7422,458.6119,1070.2411
-303755.6965,-260999.798,42755.8984,465.2338,1004.8823
-303686.9104,-260994.3088,42692.6016,509.9909,988.401
-303955.1237,-261060.2878,42894.8359,511.1601,1028.0515
-303993.9539,-261115.1922,42878.7617,499.4619,1011.9086
-303864.9192,-261099.2121,42765.707,464.6868,1088.7379
-303727.2527,-261078.9831,42648.2695,482.1001,1062.8656
-303593.7856,-261028.5551,42565.2305,490.7891,1074.4948
-303589.7227,-260978.293,42611.4297,500.1292,1029.2674
-303714.2509,-261128.9774,42585.2734,487.8522,1037.1401
-303998.4793,-261133.284,42865.1953,482.8218,1047.5231
-303613.0889,-261012.085,42601.0039,459.8794,1000.8759
-303716.6866,-261038.2061,42678.4805,513.2197,1043.5022
-303772.9587,-261136.7087,42636.25,491.8666,999.8909
-303849.3866,-261049.0741,42800.3125,492.2309,1048.4324
-303836.0117,-261017.832,42818.1797,466.2935,1042.4531
-303515.4355,-261007.2246,42508.2109,502.3251,1036.1327
-303570.1231,-260993.6973,42576.4258,529.5902,1055.2351
-303991.8778,-261050.1474,42941.7305,461.7651,1018.9504
-303786.1589,-261131.2175,42654.9414,515.3141,1083.0446
-303515.3821,-261053.2611,42462.1211,520.8983,1050.8521
-303670.2373,-261014.4482,42655.7891,508.0399,1048.8785
-303736.217,-261005.5216,42730.6953,485.8258,1050.4632
-303589.7135,-261003.9948,42585.7188,523.3229,1059.9739
-303791.0547,-260982.957,42808.0977,479.8083,1048.9809
-303833.7967,-261018.0467,42815.75,503.4939,1057.1552
-303791.8021,-261001.0326,42790.7695,489.2093,1082.4059
-303666.2965,-261024.3004,42641.9961,488.8559,1063.3872
-303701.0365,-261126.978,42574.0586,478.3423,1060.4744
-303601.8657,-261053.6001,42548.2656,471.4308,1049.2523
-303857.3256,-261134.7514,42722.5742,471.762,1064.0033
-303599.2974,-261053.7935,42545.5039,489.1212,1029.5874
-303730.5284,-261052.3683,42678.1602,482.0442,1067.4179
-303586.3091,-260986.5239,42599.7852,472.5453,1016.1403
-303548.8064,-260980.8845,42567.9219,479.4291,1040.0534
-303745.0366,-261028.3531,42716.6836,514.7595,1050.9445
-303689.6161,-261008.5966,42681.0195,485.7836,1001.9877
-303627.1581,-260980.1151,42647.043,534.3071,1030.0771
-303739.2526,-261003.4713,42735.7812,489.5191,1060.3808
-303630.4245,-260981.3972,42649.0273,495.8316,1042.8248
-303732.9775,-261117.9346,42615.043,512.1997,1021.019
-303566.709,-260928.3614,42638.3477,445.6393,1022.0557
-303731.5118,-261063.5782,42667.9336,501.5493,1061.2577
-303690.3781,-261098.2961,42592.082,517.0533,1058.4099
-303809.4718,-261020.3117,42789.1602,482.6562,1046.4604
-303875.5817,-261178.4606,42697.1211,489.9767,1075.7495
-303719.2655,-261074.9217,42644.3438,489.0687,1071.2857
-303612.0883,-261062.5492,42549.5391,504.4399,1055.6501
-303660.4588,-261080.1502,42580.3086,487.4184,1049.9593
-303715.9735,-260983.6297,42732.3438,465.3254,1050.8771
-303516.1172,-260925.8633,42590.2539,470.7565,1055.2841
-303641.9939,-261016.201,42625.793,530.1544,1061.102
-303576.2654,-260913.6951,42662.5703,478.9597,1079.8343
-304030.5019,-260939.08,43091.4219,505.4381,1077.1455
-303717.8967,-261057.8303,42660.0664,495.4448,999.1455
-303637.8031,-261012.3109,42625.4922,517.0959,1105.3536
-303528.9983,-260978.1037,42550.8945,492.9079,1038.8685
-303707.5333,-261008.2052,42699.3281,474.82,1038.8364
-303469.3924,-260943.6033,42525.7891,485.6802,1089.6289
-303836.0921,-261129.4593,42706.6328,487.0939,1078.1813
-303760.5217,-260985.2327,42775.2891,516.8644,1075.6606
-303553.5743,-260968.8282,42584.7461,475.7809,1073.533
-303904.6642,-261091.883,42812.7812,501.1647,1028.4677
-303578.767,-260986.9349,42591.832,495.4957,1041.1436
-303657.5165,-261046.2743,42611.2422,476.0939,1055.6803
-303784.4507,-261062.5522,42721.8984,496.5708,1035.5394
-303776.4876,-260923.0227,42853.4648,508.5,1046.1398
-303544.0212,-260953.4704,42590.5508,511.7531,1072.2365
-303698.3697,-260987.7369,42710.6328,489.9615,1065.3055
-303643.5437,-260911.0359,42732.5078,513.0299,1062.3296
-303538.8362,-260994.5823,42544.2539,508.4497,1055.0558
-303464.4534,-260919.8519,42544.6016,508.5383,1046.6839
-303830.5114,-261021.0817,42809.4297,475.6553,1027.2338
-303995.8801,-261066.8996,42928.9805,451.0584,1070.9262
-303771.0103,-261088.0376,42682.9727,514.9433,1055.5655
-303873.2854,-261070.9416,42802.3438,531.0071,1068.8748
-303746.0158,-261073.2931,42672.7227,501.5324,1045.8062
-303741.2296,-261021.2453,42719.9844,513.1342,1037.5553
-303643.372,-261049.7275,42593.6445,503.6213,1056.072
-303748.4487,-260998.5815,42749.8672,473.0605,1043.4664
-303578.7897,-261040.3795,42538.4102,530.806,1035.0342
-303498.9617,-260980.2977,42518.6641,456.3369,1042.8487
-303859.3041,-261078.6986,42780.6055,470.3721,1052.4569
-303558.4236,-260957.0955,42601.3281,519.5453,1071.7783
-303437.3592,-260964.6171,42472.7422,501.9764,1042.3369
-303649.2446,-261087.768,42561.4766,492.0166,1029.9912
-303798.6471,-261032.8502,42765.7969,473.0224,1042.6812
-303615.4992,-261041.0696,42574.4297,492.0056,1051.2536
-303574.0949,-261069.3684,42504.7266,503.3905,1100.3721
-303985.6423,-261081.6305,42904.0117,492.8453,1105.7426
-303871.608,-261023.6041,42848.0039,487.0269,1044.5767
-303446.427,-261021.5247,42424.9023,513.2602,1024.7601
-303852.8654,-261014.0529,42838.8125,509.1672,1042.8376
-303936.1184,-261150.5129,42785.6055,490.7302,1050.174
-303674.2043,-261069.6535,42604.5508,507.6129,1067.4087
-303739.7855,-261048.2816,42691.5039,514.9037,1054.6823
-303632.9285,-260987.9245,42645.0039,514.9917,1012.9306
-303648.5866,-261066.6764,42581.9102,497.6158,1051.3614
-303542.5096,-261027.7361,42514.7734,479.1607,1041.717
-303669.8543,-260966.7684,42703.0859,492.8604,1003.8615
-303692.9028,-261029.8169,42663.0859,487.3094,1031.5683
-303644.9279,-261139.5217,42505.4062,520.6231,998.6971
-303578.2319,-261037.0522,42541.1797,498.275,1008.4036
-304052.0213,-261079.6424,42972.3789,502.9197,1064.2716
-303865.6964,-261106.4308,42759.2656,540.6833,1101.8349
-303750.7263,-261088.2693,42662.457,509.1654,1077.6328
-303878.8483,-260938.6998,42940.1484,472.8868,1045.8472
-303959.5165,-261027.1494,42932.3672,490.6229,1010.0031
-303840.4508,-261094.7867,42745.6641,491.4224,1050.1056
-304074.2316,-261095.6105,42978.6211,503.6058,1043.6794
-303477.7695,-260874.5195,42603.25,514.3913,1030.521
-303812.5087,-261067.9345,42744.5742,476.147,1066.4116
-303811.6411,-260990.481,42821.1602,489.1184,1061.5026
-303883.3673,-261133.7501,42749.6172,478.8696,1052.9472
-303583.1927,-260947.3451,42635.8477,513.1755,1002.7353
-303643.8729,-260981.3494,42662.5234,484.1352,1043.4365
-303670.2767,-260977.0345,42693.2422,492.5948,1058.19
-303728.9364,-261012.9169,42716.0195,499.3794,1052.327
-303625.1249,-260973.2616,42651.8633,515.8789,1076.0616
-303802.7552,-260960.0364,42842.7188,451.5936,1016.3499
-303605.2545,-260914.8014,42690.4531,493.3726,1016.4458
-303545.5394,-260980.4691,42565.0703,534.2443,1019.0905
-303798.7502,-261076.8322,42721.918,513.4404,1039.8716
-303791.0481,-261072.1301,42718.918,516.1843,1041.0769
-303924.7666,-261077.8799,42846.8867,479.5868,1108.8354
-303668.9466,-261005.6849,42663.2617,505.4155,1056.1468
-303684.2207,-260999.4824,42684.7383,526.3237,999.2584
-303632.6439,-260987.2455,42645.3984,487.1071,1047.9248
-303827.0524,-261055.1969,42771.8555,488.0141,1063.3709
-303511.5086,-260990.8367,42520.6719,478.6479,1070.0612
-303862.745,-261099.5731,42763.1719,484.1283,1044.2063
-303603.6412,-260974.6803,42628.9609,492.2251,1054.9602
-303715.5295,-261085.9787,42629.5508,500.5125,1039.3683
-303697.7717,-261012.8147,42684.957,493.874,1102.334
-303626.512,-260972.0589,42654.4531,490.2018,1054.5413
-303637.8688,-260939.5563,42698.3125,480.3843,1016.4947
-303971.5388,-261038.3435,42933.1953,514.6918,1044.1741
-303901.4167,-261054.3971,42847.0195,497.4481,1008.2791
-303638.4704,-261089.236,42549.2344,512.0128,1046.0837
-303820.9025,-260959.9572,42860.9453,504.4202,1075.992
-303764.2586,-261043.4539,42720.8047,490.5128,1084.2195
-303688.59,-261077.0236,42611.5664,498.7295,1019.4422
-303819.5002,-260971.5939,42847.9062,505.9873,1031.0485
-303898.1722,-261056.7933,42841.3789,484.6196,1033.0504
-303725.234,-260979.7926,42745.4414,488.7543,1093.1547
-303682.5717,-260961.8177,42720.7539,491.6514,1036.0265
-303554.0561,-261059.6576,42494.3984,491.7682,1042.2912
-303433.2956,-260976.0769,42457.2188,534.0153,1077.8017
-303864.7466,-260959.0278,42905.7188,519.4704,1054.4744
-303725.9594,-261092.9203,42633.0391,482.7603,1048.0533
-303380.5051,-260982.298,42398.207,484.3059,1063.8725
-303939.377,-261086.1739,42853.2031,486.1279,1050.9669
-304018.9573,-261094.5511,42924.4062,500.5867,1050.2473
-303786.4843,-260950.1444,42836.3398,485.1679,1050.8137
-303661.539,-261044.41,42617.1289,515.694,1066.4744
-303661.497,-261022.5165,42638.9805,478.5542,1052.5092
-303780.8677,-261012.2193,42768.6484,519.753,1026.598
-303765.4488,-261073.1988,42692.25,498.4198,1042.151
-303756.4438,-261043.061,42713.3828,500.2656,1042.0362
-303687.5059,-260989.5723,42697.9336,508.2948,1061.4527
-303606.3787,-261006.5974,42599.7812,492.7116,1033.9606
-303707.0212,-260994.7165,42712.3047,471.4492,1038.0636
-303978.9412,-261091.0388,42887.9023,485.7543,1040.6133
-303710.0106,-260957.4637,42752.5469,510.1134,1061.4059
-303692.3054,-261019.5711,42672.7344,483.4882,1037.7056
-303730.0825,-260998.6606,42731.4219,496.7043,1074.2322
-303490.3347,-260997.6589,42492.6758,517.3217,1040.9551
-303582.9995,-261047.9682,42535.0312,494.9234,1034.2664
-303778.67,-261005.3184,42773.3516,490.041,1042.655
-303814.9781,-261084.3687,42730.6094,505.38,1046.4405
-303794.3647,-261031.6811,42762.6836,511.4356,1054.6271
-303698.3493,-260958.0641,42740.2852,496.3426,1059.7217
-303519.6653,-260948.1458,42571.5195,476.4571,1057.5671
-303533.8493,-261046.0915,42487.7578,482.1517,1057.3244
-303718.0377,-261039.7135,42678.3242,482.9639,1011.9166
-303462.9472,-260955.6386,42507.3086,487.1783,1055.4146
-303960.2608,-261051.2413,42909.0195,488.8475,1068.0794
-303652.4468,-260954.8687,42697.5781,499.5329,1020.5239
-303742.8309,-261103.9754,42638.8555,480.9326,1036.5032
-303617.0164,-261007.1687,42609.8477,496.518,1051.2926
-303697.2739,-261070.7154,42626.5586,469.0658,1024.1832
-304007.9731,-261098.6059,42909.3672,486.3984,1067.4411
-303595.6533,-260957.2002,42638.4531,460.2401,1045.5642
-303527.8603,-260967.5165,42560.3438,483.547,1031.8442
-303692.0027,-260911.0418,42780.9609,499.8493,1009.5809
-303793.7274,-260967.4032,42826.3242,480.0304,1043.1342
-303744.745,-260962.3387,42782.4062,499.5666,1059.1279
-303518.438,-261000.1958,42518.2422,505.081,1033.4876
-303662.3169,-260964.7271,42697.5898,500.0614,1049.1076
-303509.0905,-260962.6335,42546.457,476.0865,1029.6291
-303516.4136,-260957.5698,42558.8438,488.6215,1020.0182
-303590.6052,-260980.3747,42610.2305,475.6634,1044.5825
-303982.3685,-261096.1107,42886.2578,477.3206,1080.9606
-303661.2531,-261061.4953,42599.7578,500.0591,1038.5967
-303916.3244,-261122.7306,42793.5938,477.5551,1024.0006
-303620.9672,-260982.2602,42638.707,467.7211,1048.2563
-303856.4223,-260999.5043,42856.918,486.1136,1051.7683
-303798.1389,-261015.0569,42783.082,517.7602,1087.8178
-303704.4788,-260981.5374,42722.9414,482.2268,1041.7753
-303685.8131,-261098.86,42586.9531,510.5419,1086.8402
-303745.9995,-260985.8003,42760.1992,461.431,1055.9796
-303841.6712,-260947.8274,42893.8438,478.6734,1007.2741
-303707.5521,-260988.517,42719.0352,512.6686,1063.1496
-303700.4005,-260999.3029,42701.0977,458.9741,1043.7155
-303830.9272,-261014.0288,42816.8984,489.6325,1054.8746
-303633.8508,-261006.007,42627.8438,481.9579,1084.5742
-303773.5949,-261032.3527,42741.2422,498.2365,1033.0221
-303574.7941,-261011.1926,42563.6016,501.2679,1033.603
-303697.4803,-261007.7186,42689.7617,519.6864,1035.8571
-303375.1301,-261047.548,42327.582,520.5284,1049.7415
-303695.4088,-260943.6002,42751.8086,500.892,1058.6969
-303892.2287,-261011.3264,42880.9023,493.647,1032.7285
-303625.907,-261030.2546,42595.6523,492.4092,1056.5551
-303845.8459,-260993.8302,42852.0156,447.4022,1016.4657
-303986.9277,-260965.5371,43021.3906,495.771,1058.2488
-303707.8367,-261078.1961,42629.6406,465.1312,1028.2251
-303745.067,-260985.567,42759.5,484.8357,1011.0052
-303845.6791,-260967.4096,42878.2695,530.5899,1013.7828
-303746.2695,-261004.0351,42742.2344,520.8823,1047.026
-303607.3276,-261090.1753,42517.1523,477.8022,1046.5913
-303794.459,-261060.9356,42733.5234,483.8261,1018.0559
-303749.8597,-261030.6527,42719.207,499.3425,1124.6259
-303833.2458,-261071.2379,42762.0078,512.994,1063.8828
-303648.1829,-261010.0032,42638.1797,503.0931,1027.242
-303967.8819,-260965.6085,43002.2734,511.8607,1020.2299
-303733.3878,-261035.2081,42698.1797,494.1983,1021.1072
-303796.1873,-261039.3279,42756.8594,453.9974,1070.4367
-303734.8118,-261069.3235,42665.4883,502.7544,1036.4673
-303573.2954,-261016.522,42556.7734,505.5502,1008.3607
-303638.2471,-261044.4658,42593.7812,496.0748,1056.3598
-303765.7148,-261080.0156,42685.6992,461.4558,1045.4684
-303667.153,-260998.6179,42668.5352,484.8531,1065.5736
-303696.8443,-261030.3364,42666.5078,512.1683,1096.6968
-303747.0364,-261069.1458,42677.8906,492.3642,1079.7718
-303675.4277,-261047.1777,42628.25,501.3135,1068.0791
-303856.4192,-261005.2747,42851.1445,540.1895,1049.504
-303748.8818,-261064.3896,42684.4922,503.6948,1093.9696
-303854.971,-261054.9046,42800.0664,494.3158,1074.8523
-303846.0066,-261082.5535,42763.4531,477.376,1027.262
-303610.2137,-261018.0848,42592.1289,492.2341,1085.2338
-303667.543,-260974.9648,42692.5781,516.4533,994.5276
-303546.7504,-260965.6019,42581.1484,492.9077,1041.4477
-303775.2462,-261052.4455,42722.8008,492.523,1028.2586
-303805.2009,-260934.2868,42870.9141,489.9079,1040.6587
-303875.7944,-260999.6147,42876.1797,492.723,1094.7453
-303427.5143,-260978.6198,42448.8945,487.6698,1093.68
-303721.665,-261019.6338,42702.0312,496.0196,1049.7433
-303604.7697,-260983.1018,42621.668,518.5708,1062.2905
-303903.1859,-261040.893,42862.293,496.6385,1068.8722
-303706.2627,-260959.001,42747.2617,485.2643,1010.5288
-303749.6786,-260965.3075,42784.3711,505.3425,1071.0027
-303770.3921,-261048.6226,42721.7695,492.7997,1048.5355
-303651.2364,-261037.9903,42613.2461,512.822,1060.264
-303641.4502,-261024.2198,42617.2305,464.573,1082.6953
-303615.0412,-261055.8108,42559.2305,507.4498,1018.3821
-303464.1058,-260959.5941,42504.5117,524.5341,1069.3923
-303717.2903,-261081.1419,42636.1484,485.3128,1072.3429
-303850.3049,-260943.5823,42906.7227,490.3501,1017.4776
-303623.8681,-261092.7587,42531.1094,474.4079,1085.7731
-303818.7639,-260988.5569,42830.207,482.1305,1061.9346
-303562.7143,-260999.3237,42563.3906,475.3229,1054.699
-303723.3238,-260935.4332,42787.8906,482.4541,1021.2177
-303647.7015,-261040.0999,42607.6016,502.635,1102.8689
-303650.3244,-261027.0705,42623.2539,500.9393,1062.8121
-303649.9945,-261000.6547,42649.3398,508.1541,1014.1717
-303707.1844,-260982.4422,42724.7422,486.1621,1025.0442
-303831.0687,-260977.8851,42853.1836,492.3912,1054.9077
-303910.5925,-261071.2604,42839.332,521.802,1037.8713
-303574.7625,-261078.4969,42496.2656,510.0316,1067.8036
-303844.2728,-261013.6165,42830.6562,462.0301,1011.4225
-303729.8461,-260997.0258,42732.8203,504.2987,1042.1112
-303730.5414,-261036.5687,42693.9727,422.8413,1068.6435
-303661.2548,-260976.8603,42684.3945,481.2312,1055.652
-303770.853,-260998.4116,42772.4414,484.9005,1042.2629
-303662.9609,-260956.9023,42706.0586,490.777,1042.3475
-303603.505,-260925.0635,42678.4414,509.8343,1001.8925
-303636.4545,-260987.8452,42648.6094,463.1832,1023.7286
-303673.743,-260969.4266,42704.3164,514.9042,1007.9369
-303443.2963,-260996.0112,42447.2852,496.5453,1028.9703
-303773.276,-260972.0651,42801.2109,508.6591,1036.0176
-303890.7064,-261081.1087,42809.5977,490.6781,1082.9342
-303887.7406,-261045.0336,42842.707,502.6911,1023.799
-303650.1939,-260976.9205,42673.2734,467.4862,1049.5451
-303674.3155,-260945.085,42729.2305,495.5896,1019.299
-303559.4203,-261000.8265,42558.5938,482.6028,1056.9198
-303940.5733,-261071.6123,42868.9609,499.3174,1026.4881
-303571.3663,-260927.7413,42643.625,493.098,1076.6567
-303884.8829,-261026.8634,42858.0195,482.3112,1065.8765
-303485.2574,-260996.2339,42489.0234,492.8917,1033.3553
-303652.6253,-260994.7972,42657.8281,474.7249,1095.4182
-303707.2417,-261014.4487,42692.793,506.0377,1062.824
-303482.5865,-260962.4185,42520.168,490.2532,1072.8739
-303735.2515,-261032.2241,42703.0273,459.5612,1048.7119
-303561.496,-260978.0389,42583.457,521.3534,1020.4921
-303760.3004,-261066.2574,42694.043,501.8324,1039.4057
-303693.8642,-261057.4814,42636.3828,494.3552,1038.0121
-303775.9011,-260973.1784,42802.7227,482.8036,1087.1283
-303634.7242,-261000.107,42634.6172,464.0079,1027.1347
-303724.3484,-260996.6336,42727.7148,480.4023,1112.7057
-303842.7509,-261037.1337,42805.6172,489.5538,1057.6344
-303583.8311,-260901.421,42682.4102,471.9757,1044.8656
-303508.0793,-260979.0207,42529.0586,510.3246,1033.0404
-304192.2587,-261206.0829,42986.1758,475.8063,1016.1363
-303900.4107,-261089.0044,42811.4062,500.7589,1071.037
-303757.2542,-261010.7854,42746.4688,486.4979,1037.9411
-303774.9954,-261102.8352,42672.1602,503.7442,1093.7793
-303824.2267,-261046.2149,42778.0117,517.9906,1076.2479
-303702.6796,-261079.5351,42623.1445,512.0666,1021.004
-303687.5926,-260981.2176,42706.375,476.1713,1033.1317
-303575.2719,-261041.4126,42533.8594,490.6025,1035.4395
-303590.1366,-260867.664,42722.4727,528.0837,1055.4653
-303980.9067,-260950.8676,43030.0391,492.9812,1062.0483
-303779.9416,-260926.5784,42853.3633,535.081,1032.6736
-303669.0124,-260991.821,42677.1914,488.1831,1040.2189
-303663.6651,-260993.3057,42670.3594,498.954,1046.416
-303896.9722,-261038.0308,42858.9414,490.3318,1070.4119
-303475.3415,-260861.5485,42613.793,485.5415,1073.7658
-303710.0718,-260986.9429,42723.1289,497.6478,1076.928
-303725.4861,-260916.4354,42809.0508,493.9518,1044.3709
-303862.2172,-261054.7719,42807.4453,488.6589,1023.9166
-303460.3608,-260927.9038,42532.457,488.9704,1059.5004
-303586.624,-260973.1319,42613.4922,484.1641,1047.121
-303535.7407,-260927.354,42608.3867,458.1571,1008.7742
-303598.7039,-260994.1023,42604.6016,518.9066,1121.304
-303599.511,-260987.4407,42612.0703,513.4913,1052.5634
-303774.8904,-260930.0037,42844.8867,497.626,1041.3875
-303671.3148,-261011.5765,42659.7383,467.8387,997.9328
-303714.7376,-260967.2571,42747.4805,490.8739,1081.1666
-303504.2561,-261023.1624,42481.0938,477.6834,1081.7436
-303556.0406,-260951.3414,42604.6992,491.8844,1040.2589
-303516.9507,-260991.4429,42525.5078,520.9028,1063.511
-303770.8663,-260939.632,42831.2344,481.2755,1070.6301
-303549.0356,-260995.1645,42553.8711,509.6693,1049.8121
-303716.9996,-261052.1403,42664.8594,495.1826,1046.3926
-303848.7627,-261120.0244,42728.7383,483.3925,1048.5159
-303570.5164,-260995.3602,42575.1562,520.4425,1005.6087
-303651.5853,-260977.097,42674.4883,520.8066,1033.8916
-303487.1963,-260937.4697,42549.7266,485.1647,1035.8097
-303652.1031,-260970.1226,42681.9805,472.9251,1069.7324
-303939.9588,-261026.0018,42913.957,514.9131,1029.8444
-303577.2951,-261014.5138,42562.7812,494.9826,1065.7604
-303511.0908,-260970.2666,42540.8242,514.6469,1051.1345
-303640.1914,-261047.8867,42592.3047,504.7892,1042.206
-303859.2353,-261052.829,42806.4062,480.6033,1035.9966
-303658.5573,-261010.4479,42648.1094,502.8068,1011.7649
-303724.0045,-260995.0318,42728.9727,516.7324,1032.4651
-303691.2582,-261055.2191,42636.0391,477.68,1020.0783
-303916.8852,-261080.1938,42836.6914,481.5091,1064.459
-303499.054,-260967.5813,42531.4727,483.6614,1048.4804
-303601.739,-260941.2663,42660.4727,529.2063,1036.3686
-303774.2897,-261045.1803,42729.1094,466.7862,1066.8341
-303783.3764,-260925.7084,42857.668,491.506,1036.468
-303733.2075,-261090.5317,42642.6758,537.6202,1046.755
-303817.3727,-261047.568,42769.8047,492.0324,1045.3801
-303797.2192,-261050.2817,42746.9375,488.1726,1047.483
-303382.6515,-260899.5968,42483.0547,492.843,1026.6853
-303868.6164,-261029.3586,42839.2578,476.5586,1076.2428
-303969.7964,-261053.5073,42916.2891,496.7454,1044.046
-303655.0202,-260978.9773,42676.043,521.12,1060.798
-303815.6725,-260983.3873,42832.2852,511.4032,998.432
-303673.7694,-260966.0702,42707.6992,475.9189,1065.4314
-303822.3942,-261079.7067,42742.6875,484.9231,1059.9633
-303737.0073,-261030.9839,42706.0234,484.0982,1063.1726
-303765.4999,-260972.746,42792.7539,455.8659,1067.7421
-303668.6004,-261008.6473,42659.9531,486.2258,1057.4897
-303861.7918,-261110.9989,42750.793,482.5157,1067.1788
-304067.4144,-261161.4261,42905.9883,494.5348,1082.8934
-303838.6847,-261086.2316,42752.4531,489.1258,1040.9646
-303766.1996,-261059.1215,42707.0781,487.6245,1059.977
-303600.5413,-261039.9632,42560.5781,476.2184,1048.1218
-303703.7904,-261018.3725,42685.418,487.0838,1015.5227
-303901.0093,-261027.4507,42873.5586,458.8038,1043.0926
-303805.98,-261028.8433,42777.1367,493.1756,1068.9209
-303685.1607,-261067.231,42617.9297,508.1818,1027.2734
-303774.6087,-261050.054,42724.5547,498.168,1039.7999
-303719.6469,-260959.8305,42759.8164,489.3415,1051.021
-303813.418,-260940.3203,42873.0977,497.26,1029.8532
-303705.6424,-260969.6893,42735.9531,489.7482,1037.2455
-303560.6223,-261017.4895,42543.1328,516.206,1080.2581
-303695.7691,-260962.3667,42733.4023,518.1813,1054.2119
-303799.7411,-261006.9833,42792.7578,486.5713,1067.5793
-303773.9773,-261045.9266,42728.0508,480.4804,1083.88
-303919.8302,-261041.5138,42878.3164,465.5369,1069.4777
-303508.4428,-261052.935,42455.5078,513.8842,1029.9326
-303775.222,-260983.39,42791.832,452.1394,1076.4285
-303642.4074,-260947.4464,42694.9609,507.7647,1018.7532
-303559.0206,-260987.3409,42571.6797,509.3709,1066.1592
-303731.3256,-261068.4428,42662.8828,522.1252,1079.5374
-303715.6947,-260979.8626,42735.832,496.7261,1015.1654
-303785.9529,-260928.8943,42857.0586,501.8671,1044.1582
-303746.2733,-261030.0155,42716.2578,481.8165,1034.9548
-303672.9536,-261022.7427,42650.2109,515.2857,1061.1435
-303437.8695,-260919.6195,42518.25,491.0682,1023.6742
-303834.9417,-261087.3206,42747.6211,497.2575,1049.676
-303738.9789,-261088.2875,42650.6914,504.5621,1040.2718
-303865.6916,-261003.9572,42861.7344,533.0452,1012.48
-303688.6176,-261054.5317,42634.0859,469.5232,1021.9807
-303840.2426,-261086.6762,42753.5664,452.6652,1092.0308
-303572.8739,-260954.1356,42618.7383,515.46,1042.3339
-303615.8752,-261007.301,42608.5742,475.3584,1076.6757
-303640.166,-261054.5683,42585.5977,485.7485,1006.4621
-303850.7676,-261060.4317,42790.3359,502.095,1033.8839
-303830.4491,-260970.3748,42860.0742,491.4178,1065.5373
-303653.5489,-261041.3693,42612.1797,520.5026,1032.07
-303945.814,-261071.8062,42874.0078,488.3994,1027.5266
-303579.7382,-260959.6835,42620.0547,535.0661,1050.1071
-303724.0331,-260912.33,42811.7031,492.0643,1070.1904
-303793.7197,-260949.5049,42844.2148,487.329,1019.5492
-303889.7342,-261017.492,42872.2422,506.4599,1037.0091
-303631.7325,-260925.3341,42706.3984,484.3268,1038.339
-304064.0753,-261099.7238,42964.3516,497.7161,1047.9119
-303570.774,-260972.2623,42598.5117,459.6306,1081.1825
-303883.6449,-261046.9105,42836.7344,481.924,1039.4039
-303677.8144,-260952.6972,42725.1172,486.2589,1062.3662
-303784.9399,-261060.5375,42724.4023,522.3884,1053.8453
-303703.8711,-261087.1875,42616.6836,492.5676,1069.3549
-303766.176,-260995.8908,42770.2852,470.2339,1030.9591
-303959.1829,-261029.4289,42929.7539,490.8419,1007.4647
-303890.3248,-261036.3169,42854.0078,536.4551,1064.8874
-303712.4895,-260935.5051,42776.9844,477.4416,1067.0547
-303519.496,-260991.789,42527.707,488.9615,1075.5268
-303626.2572,-261076.3822,42549.875,484.6062,1052.2057
-303553.4813,-261007.5047,42545.9766,490.6137,1096.7647
-303523.2832,-261004.8574,42518.4258,490.8277,1039.2364
-303858.0655,-261012.6709,42845.3945,496.4778,1011.3425
-303959.0958,-260909.6856,43049.4102,485.259,1053.8665
-303762.9496,-261018.5668,42744.3828,476.1336,1077.1198
-303739.0539,-260959.8625,42779.1914,524.1255,1065.652
-303783.2483,-261078.3694,42704.8789,463.83,1049.3118
-304001.8335,-261091.5601,42910.2734,528.6186,1045.2292
-303742.6838,-261019.0314,42723.6523,482.9475,1080.2135
-304037.7165,-261137.3376,42900.3789,475.1204,1056.5296
-303619.1056,-261021.5861,42597.5195,480.7637,1078.3121
-303721.034,-261120.7098,42600.3242,525.7323,1037.0343
-303691.1298,-261028.1376,42662.9922,500.4597,1053.5747
-303805.4151,-260922.3526,42883.0625,484.341,1038.7192
-303593.5308,-260952.4683,42641.0625,532.0316,1082.2362
-303936.2688,-260977.054,42959.2148,518.9303,1030.2122
-303650.9746,-261063.4199,42587.5547,480.1941,1032.4613
-303928.2874,-261040.0687,42888.2188,456.5717,1052.1848
-303615.7563,-260975.0024,42640.7539,498.2929,1069.1708
-303746.258,-261119.0822,42627.1758,491.638,1048.0631
-303918.0478,-260982.7783,42935.2695,469.0447,1056.0884
-303892.2933,-261088.9144,42803.3789,504.15,1068.5181
-303731.9409,-260965.6948,42766.2461,501.5783,1016.9367
-303752.1191,-261024.9043,42727.2148,502.8004,1066.4261
-303632.3824,-260991.605,42640.7773,485.9346,1025.1245
-303623.1735,-261018.1735,42605.0,501.5506,1007.9386
-303613.1612,-261017.2042,42595.957,466.0086,1081.2113
-303584.5363,-260977.4504,42607.0859,507.1162,1044.2967
-303660.0414,-261055.2406,42604.8008,477.2529,1062.7228
-303779.2793,-261027.4863,42751.793,510.5877,1034.4987
-303798.5264,-260964.0108,42834.5156,530.6569,1034.9194
-303718.7273,-260920.5945,42798.1328,487.5139,1024.7794
-303778.0338,-260932.569,42845.4648,476.4947,1027.6584
-303896.5199,-261062.2816,42834.2383,489.7539,1030.1349
-303452.7829,-261057.486,42395.2969,524.1182,1060.0661
-303638.839,-261050.5109,42588.3281,477.7987,1037.5103
-303665.0166,-261027.1377,42637.8789,479.1785,1055.9614
-303609.7489,-260951.9793,42657.7695,466.6581,1082.6065
-303763.6185,-261094.7396,42668.8789,513.6486,1040.628
-303405.1855,-260986.7831,42418.4023,485.5153,1064.8811
-303715.7686,-261025.167,42690.6016,472.6267,1083.6078
-303732.6869,-260978.2534,42754.4336,517.8092,1012.6533
-303710.8787,-261115.5936,42595.2852,462.8284,1029.9737
-303821.8853,-261021.2213,42800.6641,507.4938,1035.8956
-303433.3334,-260957.0248,42476.3086,453.4783,1055.1903
-303802.2314,-260956.8994,42845.332,469.3103,1063.168
-303686.9436,-261075.2014,42611.7422,475.645,1094.6019
-303956.3628,-261031.3941,42924.9688,483.5189,1037.716
-303716.8641,-260995.2665,42721.5977,483.8132,1025.885
-303649.1784,-260985.8971,42663.2812,489.5714,974.9982
-303587.1109,-261017.1383,42569.9727,505.4469,1051.7257
-303668.7814,-261003.0392,42665.7422,516.2171,1110.6022
-303468.0288,-261069.353,42398.6758,481.6529,1088.2192
-303656.6444,-261054.535,42602.1094,497.6705,1057.9586
-303795.3987,-261094.555,42700.8438,480.2052,1047.9314
-303779.4588,-261085.947,42693.5117,512.4439,1073.9168
-303659.5437,-261001.7624,42657.7812,480.068,1074.7363
-303652.7006,-261046.5834,42606.1172,494.6676,1041.257
-303692.0404,-260998.9427,42693.0977,473.1911,1043.6127
-303662.0902,-261082.2387,42579.8516,514.2203,1060.3677
-303608.4932,-261054.2822,42554.2109,472.2921,1120.1084
-303422.9878,-261082.1284,42340.8594,473.5024,1061.923
-303616.8912,-261066.2896,42550.6016,465.6331,1061.7195
-303523.5311,-260954.3475,42569.1836,523.6905,1062.1351
-303615.9654,-260905.8638,42710.1016,526.9885,1051.2611
-303926.8744,-261026.8432,42900.0312,495.6284,1036.7601
-303617.9348,-260914.7356,42703.1992,496.066,1082.7342
-303864.8721,-261087.6416,42777.2305,528.3023,1049.8264
-303645.9132,-261009.7062,42636.207,488.4671,1047.0435
-303975.4537,-261168.6373,42806.8164,504.0723,1022.9313
-303822.282,-261024.1687,42798.1133,490.6756,1061.7843
-303970.9971,-261051.1885,42919.8086,500.3693,1056.7688
-303925.258,-261071.5197,42853.7383,501.1318,1051.9057
-303484.2475,-260950.1147,42534.1328,498.2689,1084.2131
-303658.4267,-261071.3056,42587.1211,479.984,1028.596
-303744.8764,-260970.3178,42774.5586,482.2336,1081.3861
-303892.091,-261097.3332,42794.7578,528.7094,1030.0059
-303654.3061,-260957.2123,42697.0938,495.8297,1059.1541
-303950.5606,-261042.4004,42908.1602,499.0281,1038.5429
-303656.9954,-261093.0345,42563.9609,494.0531,1051.0204
-303721.0316,-260961.8441,42759.1875,488.311,1004.6044
-303799.4173,-261001.765,42797.6523,483.1155,1056.0829
-303667.5147,-260926.3467,42741.168,541.9888,1021.0536
-303711.4096,-260915.6674,42795.7422,453.0347,1018.8804
-303577.9162,-260979.7209,42598.1953,521.3806,1033.5358
-303809.1311,-260992.1506,42816.9805,500.5023,1035.3128
-303795.6925,-261034.5089,42761.1836,539.097,1093.9927
-303744.5958,-261035.8497,42708.7461,487.4914,1008.0895
-303462.0103,-260945.0376,42516.9727,457.1515,1045.6535
-303655.9253,-261069.7456,42586.1797,502.0269,1065.27
-303788.2985,-261057.9157,42730.3828,478.5857,1045.1448
-303727.0567,-261006.2872,42720.7695,479.7977,1042.3155
-303870.934,-261042.684,42828.25,473.7605,1062.3264
-303680.9562,-260972.2022,42708.7539,522.203,982.2535
-303935.1603,-261051.0041,42884.1562,476.3569,1058.5421
-303600.0885,-260997.8229,42602.2656,493.8278,1038.6882
-303467.8037,-260947.9795,42519.8242,532.9477,1035.2755
-303555.2747,-261042.0052,42513.2695,493.6333,1034.6295
-303611.4676,-260988.8895,42622.5781,517.2591,1032.5528
-303649.5075,-261001.9411,42647.5664,513.2452,1020.0582
-303889.6533,-260974.4736,42915.1797,479.0076,1035.5964
-303681.8592,-261016.8592,42665.0,508.6723,1107.2653
-303884.6614,-260968.7239,42915.9375,455.8688,1071.7075
-303623.072,-260904.6891,42718.3828,508.7056,1034.5827
-303788.0315,-261064.2463,42723.7852,505.2004,1073.0713
-303781.8522,-261180.6022,42601.25,450.4284,1071.0417
-303695.1527,-260968.3754,42726.7773,508.3933,1045.1501
-303837.9581,-260996.1964,42841.7617,469.3583,1007.2724
-303621.1716,-260941.0427,42680.1289,464.1736,1047.9363
-303723.4976,-260977.0093,42746.4883,512.8443,1050.2678
-303818.9019,-261099.4253,42719.4766,494.0295,1070.0895
-303831.1345,-261090.3337,42740.8008,495.4121,1052.0576
-303503.8986,-260918.0275,42585.8711,499.3818,1047.2945
-303915.077,-261055.5028,42859.5742,471.9583,1059.6935
-303285.1753,-260982.3901,42302.7852,486.1372,1050.6715
-303748.6552,-261116.0028,42632.6523,498.8035,1082.6303
-303820.823,-261018.4011,42802.4219,483.5354,992.4976
-303624.7509,-260996.4071,42628.3438,484.6112,1047.5923
-303542.4511,-261018.4394,42524.0117,519.2161,1007.0505
-303547.0371,-261027.7793,42519.2578,488.5497,1046.3919
-303707.6789,-261048.7648,42658.9141,466.1751,1064.948
-303591.4728,-261012.1955,42579.2773,473.3965,1013.2688
-303747.9004,-261001.8808,42746.0195,531.2053,1027.7991
-303683.4875,-261099.386,42584.1016,490.2377,1038.3535
-303629.6742,-260973.9984,42655.6758,470.4962,1052.3379
-303777.06,-261078.1069,42698.9531,488.3392,1079.4375
-303612.9205,-261102.6041,42510.3164,493.1712,1037.045
-303572.4951,-260977.0185,42595.4766,519.9183,997.0324
-303285.7179,-260957.2218,42328.4961,503.0103,1046.3182
-303831.3783,-261028.8744,42802.5039,475.2822,1036.788
-303411.8455,-260906.0642,42505.7812,484.7579,1022.9562
-303878.9433,-260999.6347,42879.3086,477.2131,1066.0446
-303794.5702,-261069.578,42724.9922,492.1884,1056.4511
-303679.819,-260969.6237,42710.1953,473.1375,1055.1513
-303535.3246,-261030.7074,42504.6172,492.7649,1082.8253
-303537.2991,-260981.6663,42555.6328,497.9638,1057.3274
-303632.9064,-260962.3517,42670.5547,490.2318,1059.1857
-303681.7304,-260938.953,42742.7773,474.4258,1056.5504
-303734.0707,-261036.5473,42697.5234,509.4001,1019.6369
-303563.0268,-261012.8354,42550.1914,474.4908,1050.7662
-303616.4674,-260942.4869,42673.9805,506.8545,1063.8424
-303895.0321,-261035.5673,42859.4648,499.0661,1025.2842
-303455.5908,-260930.3954,42525.1953,500.5336,1081.2268
-303744.4538,-261076.9148,42667.5391,479.8634,1045.7668
-303419.4355,-261009.2129,42410.2227,501.3668,1040.6443
-303607.4647,-260906.7772,42700.6875,494.1796,1027.3352
-303769.9718,-261005.8311,42764.1406,499.9479,1055.0142
-303697.6227,-261039.2555,42658.3672,492.5778,1059.8469
-303855.8175,-261051.2511,42804.5664,496.3993,1033.0815
-303553.236,-261000.2868,42552.9492,486.0328,1022.1769
-303646.5881,-261049.8615,42596.7266,491.5366,1016.8356
-303625.8125,-261104.8945,42520.918,481.7204,1043.0144
-303658.5768,-260995.0104,42663.5664,499.6333,1068.7327
-303521.6533,-260953.8642,42567.7891,490.4465,1092.3072
-303784.8488,-260971.9894,42812.8594,506.2009,1054.6611
-303848.9786,-260972.9239,42876.0547,465.3034,1008.4729
-303649.2856,-261054.5746,42594.7109,524.1112,1030.8762
-303666.2767,-261050.2142,42616.0625,505.8064,1058.7911
-303752.5376,-261030.6001,42721.9375,501.2283,1055.1358
-304027.6117,-261083.3109,42944.3008,503.3703,1036.1015
-303671.2945,-261050.5406,42620.7539,482.0685,1016.7376
-303871.1117,-261094.3421,42776.7695,496.0884,1039.7576
-303715.0034,-260959.9291,42755.0742,512.9987,1032.0357
-303617.6064,-260993.1337,42624.4727,464.579,1020.359
-303659.5574,-260974.7058,42684.8516,495.1253,1037.5611
-303724.3117,-261036.5383,42687.7734,491.1369,988.1597
-303972.302,-261058.4504,42913.8516,474.1914,1018.1139
-303650.9971,-260879.5479,42771.4492,510.6446,1026.0531
-303835.2668,-261146.8722,42688.3945,505.1615,1041.7838
-303684.9464,-261104.8956,42580.0508,519.1823,982.2452
-303820.0953,-261070.0524,42750.043,472.7005,1029.856
-303755.7476,-261049.7125,42706.0352,470.527,1076.7841
-303590.5288,-261069.2437,42521.2852,471.5842,1079.5814
-303870.8525,-261021.5439,42849.3086,484.9927,997.3327
-303485.0779,-260974.4842,42510.5938,470.4512,1046.3268
-303810.2817,-261059.4536,42750.8281,494.2447,1068.7308
-303698.2661,-261008.5356,42689.7305,500.9618,1014.3694
-303611.6883,-261035.8993,42575.7891,470.4539,1022.3883
-303693.0967,-260916.6865,42776.4102,476.4893,1050.6298
-303733.6208,-261024.8669,42708.7539,539.8619,1044.7686
-303689.3651,-261091.9471,42597.418,451.612,1005.0467
-303671.654,-261031.0134,42640.6406,537.1351,1061.8457
-303910.1795,-261022.4295,42887.75,505.297,1036.4201
-303603.2822,-261011.7432,42591.5391,527.9849,1023.5198
-303510.8549,-260995.5189,42515.3359,468.1491,1064.7381
-303646.2518,-261011.0643,42635.1875,489.4101,1042.1188
-303457.2301,-260921.9684,42535.2617,490.0851,1014.1606
-303808.1199,-261062.1316,42745.9883,476.8696,1043.7111
-303851.0105,-261105.6238,42745.3867,504.2556,1027.1222
-303708.7391,-261014.7547,42693.9844,490.505,1049.3425
-303799.334,-260951.5293,42847.8047,515.4645,1009.6399
-303803.6742,-260997.5843,42806.0898,496.8817,1076.0219
-303680.3689,-261069.1267,42611.2422,507.5028,1028.4903
-303679.4107,-260997.3287,42682.082,498.0695,1028.3145
-303514.8416,-260926.7166,42588.125,482.232,1061.9376
-303764.1654,-261027.6263,42736.5391,476.2066,1056.815
-303529.4041,-260986.6697,42542.7344,523.034,1030.5658
-303777.6886,-261012.7589,42764.9297,483.5255,1070.4937
-303632.2877,-261020.483,42611.8047,483.5737,1011.8806
-303720.2312,-260923.2078,42797.0234,531.3613,1040.9636
-303613.45,-261013.45,42600.0,520.246,1033.8644
-303751.4855,-261046.1886,42705.2969,494.2417,1034.0498
-303590.8239,-260996.8395,42593.9844,512.5038,1040.8089
-303551.6864,-260924.9247,42626.7617,503.0271,1032.3547
-303771.1176,-260924.1488,42846.9688,516.372,1030.1447
-303720.4832,-260859.2293,42861.2539,521.1207,1044.9388
-303876.0841,-261096.9552,42779.1289,476.8817,1031.3144
-303555.0752,-260902.0479,42653.0273,474.464,1097.3403
-303550.2763,-260997.5302,42552.7461,479.7943,1042.7539
-303837.3414,-260958.4937,42878.8477,464.3682,1057.3039
-303601.0797,-261043.6617,42557.418,491.8137,1060.1233
-303690.6857,-260944.5997,42746.0859,525.6535,1060.8924
-303555.2168,-260948.0059,42607.2109,497.7174,1093.6028
-303583.496,-260977.9296,42605.5664,506.2852,1052.2471
-303795.751,-261049.122,42746.6289,510.4388,1096.4189
-303607.4707,-261004.8808,42602.5898,532.5333,1045.5826
-303609.6109,-261073.5601,42536.0508,519.4363,1105.9625
-303726.5803,-261030.4592,42696.1211,495.9772,1040.9307
-303408.0821,-260949.8243,42458.2578,491.6961,1104.0057
-303734.7871,-260970.666,42764.1211,489.2797,1043.1805
-303821.9574,-261008.4652,42813.4922,480.7477,1073.1751
-303667.0568,-261002.1232,42664.9336,494.9605,1068.7541
-303704.2364,-261082.2676,42621.9688,524.3184,1047.1131
-303811.303,-261141.9905,42669.3125,502.7126,1083.2938
-303413.6135,-260928.1916,42485.4219,507.2716,1080.9006
-303816.5393,-261064.426,42752.1133,497.2085,1064.0425
-303543.0307,-261060.6362,42482.3945,499.5483,1012.6607
-303396.7517,-260993.3767,42403.375,460.3395,1018.8639
-303900.2726,-260944.3781,42955.8945,463.9441,1051.6981
-303456.2865,-260972.6576,42483.6289,498.6687,1072.009
-303522.8999,-260967.3335,42555.5664,499.8351,1032.9991
-304070.6871,-261050.2418,43020.4453,469.5849,1062.4626
-303712.2265,-260921.4765,42790.75,473.8269,1038.7162
-303738.333,-261036.4541,42701.8789,489.9787,1073.8928
-303883.7088,-261022.8572,42860.8516,515.5131,1055.0129
-303733.6233,-260936.1389,42797.4844,477.0624,997.7575
-303674.4074,-261064.5363,42609.8711,514.5118,1049.9136
-303593.4821,-261006.8845,42586.5977,477.1814,994.2648
-303726.7643,-261072.9323,42653.832,490.5021,1025.9541
-303806.7898,-261016.6452,42790.1445,502.4695,1002.4693
-303810.5735,-261100.5969,42709.9766,539.5948,1035.7394
-303523.4946,-260989.9595,42533.5352,498.1719,1043.6838
-303758.014,-260932.5022,42825.5117,509.1461,1021.4086
-303935.8767,-261071.947,42863.9297,497.0573,1038.4081
-303473.6613,-260942.1105,42531.5508,496.0674,1084.5298
-303737.6273,-260989.6078,42748.0195,476.708,1067.0738
-303644.3287,-260948.7623,42695.5664,496.9798,1014.8892
-303717.1041,-260986.0103,42731.0938,488.9668,1037.8611
-303624.501,-260959.6455,42664.8555,499.0893,1075.9383
-303730.9431,-260956.5095,42774.4336,512.7401,1078.8576
-303628.7332,-260996.0379,42632.6953,488.83,1050.9011
-303732.4031,-261028.0203,42704.3828,499.8802,1035.3946
-303863.5071,-261033.3196,42830.1875,501.6161,1051.8986
-303737.0437,-261075.5867,42661.457,484.2583,1047.3438
-303742.8298,-261046.4548,42696.375,486.2382,1048.13
-303716.9837,-261131.015,42585.9688,479.4045,1056.4089
-303605.4596,-261016.4713,42588.9883,486.5604,1023.9109
-303568.3966,-260980.0919,42588.3047,479.9062,1013.0365
-303645.7647,-261004.628,42641.1367,505.3454,1088.4894
-303705.0238,-260982.1566,42722.8672,520.9187,1035.7851
-303668.8811,-260999.9554,42668.9258,476.8676,1066.4716
-303666.8526,-261055.9971,42610.8555,504.6303,1054.0336
-303608.6188,-260968.693,42639.9258,526.2236,1064.5818
-303635.7777,-260989.3715,42646.4062,472.7621,1092.6771
-303824.4896,-261061.2708,42763.2188,478.3002,1066.3042
-303657.8009,-261156.8556,42500.9453,493.4513,1047.9702
-303760.8241,-261061.1015,42699.7227,485.3215,1049.086
-303839.2927,-260935.2029,42904.0898,512.325,1031.9632
-303592.4123,-260948.4357,42643.9766,499.4752,1054.6509
-303910.9131,-261078.2374,42832.6758,467.4897,1060.2048
-303837.0635,-261059.1729,42777.8906,511.671,1044.9511
-303789.2993,-261067.897,42721.4023,501.5196,1032.2195
-303730.9248,-261067.8271,42663.0977,487.2621,1098.4201
-303668.2018,-260943.7643,42724.4375,476.6097,1027.4542
-303583.113,-260917.8551,42665.2578,484.3309,1005.4405
-303777.0193,-261010.5505,42766.4688,501.7579,1047.969
-303737.8524,-260961.8876,42775.9648,517.4219,1053.8274
-303750.4306,-261030.5244,42719.9062,503.915,1027.2592
-303698.1027,-261091.927,42606.1758,556.4845,1028.8987
-303775.753,-261040.7218,42735.0312,464.5723,1069.4855
-303797.6828,-260978.5617,42819.1211,474.1938,1051.2479
-303725.2605,-261083.9676,42641.293,500.346,1024.9108
-303781.4249,-261037.3077,42744.1172,487.4576,1030.9123
-303600.3541,-261006.8776,42593.4766,496.8317,1067.3529
-303683.1614,-261075.2161,42607.9453,498.1103,1091.847
-304178.6166,-261129.7807,43048.8359,510.6036,990.0795
-303626.5047,-261000.0594,42626.4453,494.0372,1104.9103
-303688.0626,-260933.9454,42754.1172,485.3192,1077.3458
-303671.9422,-261018.9891,42652.9531,475.068,1048.57
-303671.9097,-260982.3238,42689.5859,484.9627,1001.397
-303775.5433,-260958.7972,42816.7461,478.6869,1057.6717
-303750.1945,-261025.425,42724.7695,493.5579,1045.9229
-303414.6754,-260956.6286,42458.0469,503.0696,1061.1679
-303547.6897,-260961.8577,42585.832,509.6201,1016.7308
-303847.138,-261093.5911,42753.5469,471.7014,994.336
-303679.9479,-261011.1589,42668.7891,480.9155,1064.8874
-303784.9446,-261045.3626,42739.582,508.2939,1074.1671
-303593.9214,-260997.519,42596.4023,492.4282,1075.6588
-303710.4823,-261030.6112,42679.8711,503.6698,1084.2838
-303858.8712,-261031.3517,42827.5195,499.1908,1066.9892
-303631.0635,-261022.5596,42608.5039,507.1188,1030.1331
-303679.2437,-261040.4546,42638.7891,451.5208,1032.6864
-303779.3776,-261062.9792,42716.3984,490.5904,1077.6888
-303390.7051,-260913.2715,42477.4336,502.7518,1072.6564
-303860.653,-260993.1842,42867.4688,510.0837,1048.9224
-303654.629,-260979.9845,42674.6445,514.8041,1070.9734
-303847.5982,-261063.2623,42784.3359,473.3645,1031.7522
-303635.1589,-261081.2527,42553.9062,503.0179,1069.2572
-303833.0524,-261038.3336,42794.7188,509.7992,1051.1492
-303626.2504,-261013.0785,42613.1719,499.2303,1061.1223
-303700.3313,-260933.7845,42766.5469,486.3209,1088.1911
-303611.2366,-260980.6897,42630.5469,515.846,1059.2205
-303645.907,-261045.3953,42600.5117,476.5123,1042.3479
-304061.8593,-261063.9218,42997.9375,496.8703,1037.1139
-303687.0554,-261046.6218,42640.4336,518.6575,1084.2424
-303914.9084,-261100.4982,42814.4102,467.6091,1046.2072
-303872.7792,-261064.5643,42808.2148,475.1117,1007.6384
-303673.5931,-261018.1947,42655.3984,481.46,1074.7901
-303833.0175,-261025.744,42807.2734,486.5632,1003.4694
-303753.3537,-260973.0334,42780.3203,473.5866,1033.6885
-303765.4103,-261079.0939,42686.3164,514.6988,1028.6284
-303888.708,-261018.4502,42870.2578,444.8017,1027.232
-303624.2509,-260923.7861,42700.4648,488.7555,1092.082
-303540.4517,-261040.4986,42499.9531,483.9806,1063.7488
-303482.4886,-261010.2738,42472.2148,499.9429,1052.6377
-303769.9234,-260973.9039,42796.0195,510.1756,1049.9371
-303509.5028,-260952.2332,42557.2695,514.1389,1030.2365
-303411.6281,-260965.8508,42445.7773,509.4109,1017.623
-303821.0451,-261010.7991,42810.2461,487.9174,1069.9231
-303822.5798,-260982.8845,42839.6953,468.3873,1031.1269
-303512.1886,-260974.298,42537.8906,481.5199,1055.2882
-303852.9978,-260971.0056,42881.9922,489.7976,1050.965
-303676.833,-260886.6103,42790.2227,501.8093,1018.9244
-303730.7493,-261043.7298,42687.0195,490.1707,1092.8451
-303536.3752,-260960.2854,42576.0898,506.1547,1059.2364
-303682.1709,-261015.7334,42666.4375,484.9582,1020.0708
-303684.9024,-261086.2891,42598.6133,537.0541,1052.0496
-303643.0228,-260908.89,42734.1328,513.7096,1031.6593
-304059.8506,-261014.5224,43045.3281,472.9694,1044.2941
-303838.8869,-261089.2814,42749.6055,502.5807,990.9369
-303512.5366,-260906.603,42605.9336,490.5415,1083.7537
-303891.895,-261086.7309,42805.1641,495.385,1045.764
-303733.4521,-260938.5302,42794.9219,509.6864,1059.6018
-303911.2937,-261075.8679,42835.4258,519.8132,1063.1657
-303690.4072,-260913.9423,42776.4648,519.8878,1040.184
-303866.0509,-261081.9416,42784.1094,482.1233,1073.8316
-303836.2907,-260985.15,42851.1406,488.0019,1048.7177
-303889.1901,-261014.9206,42874.2695,500.0249,1080.0348
-303816.7238,-260896.0598,42920.6641,464.3386,1030.4576
-303653.5735,-260993.5852,42659.9883,490.117,993.3164
-303273.8834,-260926.4732,42347.4102,483.3728,1058.5538
-303772.1832,-261000.5973,42771.5859,470.8555,1051.8795
-303784.6895,-261030.9239,42753.7656,525.5528,1053.8137
-303664.1875,-260956.6992,42707.4883,500.6161,1063.0749
-303666.6909,-261024.4096,42642.2812,483.9756,1058.3776
-303760.3549,-260984.9917,42775.3633,538.9934,1073.8082
-303453.171,-260959.8975,42493.2734,517.7929,994.6962
-303832.135,-261016.8225,42815.3125,506.9118,1046.2605
-303852.1514,-260996.4522,42855.6992,497.1707,1034.8718
-303936.9418,-261103.8285,42833.1133,498.4653,1026.261
-303570.8947,-261016.4728,42554.4219,475.9019,1019.5381
-303721.1271,-261047.006,42674.1211,474.0885,1032.1526
-303763.503,-261010.503,42753.0,494.1651,1049.2885
-303679.1066,-260972.9386,42706.168,512.083,1062.0396
-303781.7405,-260907.3928,42874.3477,498.2506,1037.7884
-303497.9099,-260913.9099,42584.0,475.0655,1027.3314
-303738.3072,-261024.3619,42713.9453,508.8096,1104.1054
-303670.8169,-260995.2661,42675.5508,499.5972,1055.5511
-303637.5389,-260967.8397,42669.6992,505.6724,1030.1764
-303612.4473,-260964.1699,42648.2773,503.0205,1001.0253
-303620.3845,-260982.5681,42637.8164,521.5565,1055.0963
-303647.5969,-261060.4445,42587.1523,512.3416,1039.8543
-303439.1071,-260943.3102,42495.7969,481.5547,1037.2109
-303535.69,-260952.1392,42583.5508,472.7474,1048.5671
-303736.2578,-260985.5351,42750.7227,525.6012,1067.1933
-303746.0149,-261067.6282,42678.3867,518.3172,1055.5556
-303845.7125,-261051.2594,42794.4531,489.4746,1031.8966
-303942.4538,-261056.0436,42886.4102,461.1327,1040.5672
-303657.7019,-260968.9246,42688.7773,491.8112,1041.918
-303694.9696,-260999.4501,42695.5195,500.2552,1015.1068
-303896.1311,-261093.7288,42802.4023,511.5306,1037.8957
-303985.584,-261075.2833,42910.3008,516.329,1065.4436
-303649.6541,-261040.3338,42609.3203,500.1632,1024.2011
-303685.1804,-261006.2703,42678.9102,527.9508,1069.4887
-303499.1233,-260861.5139,42637.6094,483.8142,1058.4864
-303733.2705,-261106.0166,42627.2539,463.0854,997.5694
-303759.1948,-260998.1011,42761.0938,516.0301,1034.3317
-303588.2098,-260980.6746,42607.5352,508.3228,1015.4771
-303946.9455,-261048.1603,42898.7852,482.4057,1019.1195
-303433.8488,-260896.3214,42537.5273,489.6832,1068.2379
-303481.0568,-260935.7678,42545.2891,512.2569,1008.4432
-303670.6119,-261056.5338,42614.0781,505.8878,1019.1659
-303847.7612,-260976.4331,42871.3281,503.7774,1074.6494
-303756.5535,-260957.1512,42799.4023,526.1984,1049.2866
-303575.2272,-260992.7585,42582.4688,469.0697,1062.5461
-303537.3006,-261075.3983,42461.9023,489.1151,1075.4564
-303941.2076,-260958.0709,42983.1367,488.7759,1049.9132
-303334.4211,-260992.6164,42341.8047,498.422,1066.732
-303635.9639,-261077.831,42558.1328,508.8886,1019.0426
-303639.3376,-260985.5759,42653.7617,507.7587,1085.3757
-303694.2034,-260945.93,42748.2734,483.695,1041.1281
-303765.7447,-261024.3892,42741.3555,494.6307,1081.1517
-303845.7656,-261003.6328,42842.1328,481.9948,1084.5048
-303941.1136,-261078.3793,42862.7344,485.0739,1065.5509
-303902.2535,-260957.7379,42944.5156,459.0464,1077.5263
-303675.8835,-261026.7038,42649.1797,496.3583,1070.5075
-303532.7234,-260986.4226,42546.3008,496.6993,1018.4768
-303634.0573,-261030.9245,42603.1328,486.6398,982.1454
-303726.1073,-261005.9901,42720.1172,477.6801,1058.3107
-303537.9102,-261123.4181,42414.4922,542.9681,1006.9021
-303790.1156,-261074.1274,42715.9883,514.5097,1047.3383
-303643.1581,-261015.6191,42627.5391,474.0725,1022.5916
-303841.8452,-261088.7358,42753.1094,472.4778,1015.8558
-303809.3216,-261061.7591,42747.5625,472.3872,1051.0388
-303873.0796,-260995.8999,42877.1797,502.579,1054.2991
-303616.0578,-260936.3859,42679.6719,476.2921,1079.7937
-303545.6911,-260993.0817,42552.6094,506.2497,1018.6062
-303486.3016,-260961.2001,42525.1016,502.3485,1039.1308
-303727.0111,-261078.4916,42648.5195,489.1428,1080.5614
-303709.8734,-260993.8538,42716.0195,450.8076,1039.4635
-303721.6432,-260983.7135,42737.9297,507.1143,1002.7074
-303593.3551,-260981.5621,42611.793,510.9866,1085.4559
-303696.8664,-261055.8859,42640.9805,517.4048,1004.2518
-303580.2215,-260956.9403,42623.2812,485.8566,1018.3795
-303715.9904,-261057.7717,42658.2188,502.7035,1042.11
-303803.4215,-261023.3434,42780.0781,511.0223,1025.8632
-303909.5894,-261052.8668,42856.7227,514.2083,1071.0689
-303816.0383,-261008.6984,42807.3398,449.0501,1043.5267
-304048.8759,-261067.9111,42980.9648,526.7613,1046.8246
-303760.7608,-261126.8663,42633.8945,525.7804,1077.4501
-303733.0849,-261055.0029,42678.082,529.0873,1077.6993
-303618.0278,-261067.2426,42550.7852,483.3466,1057.8024
-303713.8256,-261053.9233,42659.9023,489.6777,1056.4597
-303790.1627,-260965.9166,42824.2461,517.9382,1012.7693
-303856.7554,-260985.0874,42871.668,494.4411,978.4497
-303737.5216,-261082.0958,42655.4258,498.9295,1021.0956
-303902.687,-261079.8081,42822.8789,497.7279,1043.4102
-303811.0299,-261074.9518,42736.0781,481.3079,1030.6432
-303816.4795,-260955.7998,42860.6797,494.6283,1019.8368
-303548.0762,-260966.416,42581.6602,489.3933,1045.2536
-303778.6064,-261034.2432,42744.3633,497.3463,1122.226
-303858.8872,-261004.8208,42854.0664,468.4813,1055.2396
-303575.3515,-261020.6445,42554.707,490.6203,1008.0515
-303797.7875,-261036.0375,42761.75,487.0466,1122.13
-303839.1779,-260884.1857,42954.9922,501.4415,1099.1799
-303861.7435,-261027.1341,42834.6094,495.143,1052.446
-303829.9928,-260940.0435,42889.9492,491.2788,1054.5759
-303864.4306,-261146.7118,42717.7188,483.1381,1007.0373
-303701.039,-260999.371,42701.668,512.5608,1062.6638
-303727.5645,-260924.9864,42802.5781,502.9827,1064.4378
-303723.8008,-261071.6446,42652.1562,503.3147,1035.7668
-303564.313,-261015.4106,42548.9023,472.2897,1042.3267
-303952.3306,-261034.5689,42917.7617,517.8306,1058.2767
-303653.5106,-260990.6785,42662.832,495.6807,1018.0027
-303891.2619,-261062.0783,42829.1836,463.8741,995.3318
-303703.0748,-261084.4419,42618.6328,501.301,1075.2596
-303815.1779,-261006.4475,42808.7305,490.1069,1018.6289
-303737.8611,-260999.6619,42738.1992,475.8493,994.2601
-303398.9116,-260920.7944,42478.1172,488.4702,1031.1979
-303465.984,-260951.7418,42514.2422,487.5888,1032.0498
-303540.9579,-261038.7899,42502.168,501.8594,1046.5867
-303778.6792,-261007.1401,42771.5391,490.9348,1010.7435
-303780.6655,-261067.2241,42713.4414,475.3073,1022.6754
-303876.416,-261005.3808,42871.0352,496.4647,1050.3562
-303709.8017,-260912.704,42797.0977,486.9181,1049.9785
-303826.1203,-261073.2219,42752.8984,493.5223,1035.8925
-304078.0196,-261101.3906,42976.6289,489.234,979.3162
-303536.9433,-261046.2714,42490.6719,477.7714,1044.306
-303711.2448,-260903.5885,42807.6562,505.2371,1042.7531
-303743.248,-260984.9902,42758.2578,480.4261,1046.6013
-303807.0095,-260993.0485,42813.9609,520.2985,1039.1462
-303743.6425,-261061.9745,42681.668,460.5902,1041.0407
-303950.2637,-261006.1544,42944.1094,482.8861,1056.0958
-303918.6251,-261060.1876,42858.4375,481.626,1056.7634
-303757.2882,-260993.2374,42764.0508,486.9601,1017.5655
-303855.4074,-261006.2394,42849.168,500.031,1060.4375
-303868.2056,-261111.5884,42756.6172,474.5961,1042.1928
-303579.9824,-260916.6581,42663.3242,489.529,1025.118
-303712.281,-261066.5896,42645.6914,498.4022,1070.004
-303886.1836,-261067.7071,42818.4766,505.181,1026.2325
-303618.114,-261036.3054,42581.8086,454.8998,1041.0506
-303796.9605,-261091.6519,42705.3086,485.3649,1054.5734
-303576.7203,-261054.1813,42522.5391,507.699,1065.5771
-303825.2765,-261048.6788,42776.5977,484.1056,1050.7321
-303872.3072,-261058.4556,42813.8516,455.3707,1016.7776
-303690.6329,-260984.6876,42705.9453,492.6217,1054.814
-303744.828,-261043.8241,42701.0039,461.7619,1063.0744
-303682.7691,-260881.2613,42801.5078,493.4764,1062.9917
-303609.1579,-261052.2125,42556.9453,515.0948,1012.1305
-303634.5625,-260973.8125,42660.75,468.1543,1029.2736
-303665.7187,-261004.4218,42661.2969,504.0574,1050.4846
-303641.5694,-261128.3155,42513.2539,467.919,1089.799
-303828.8704,-261077.6672,42751.2031,473.7768,1023.961
-303862.7625,-261064.1609,42798.6016,493.8378,994.8507
-303720.4831,-261082.5495,42637.9336,493.6517,1038.6917
-303793.3131,-261024.7116,42768.6016,454.6214,1038.2994
-304006.2095,-261009.3462,42996.8633,463.246,1063.534
-303515.0562,-260945.1773,42569.8789,515.3047,1062.2151
-303819.8471,-261010.0072,42809.8398,520.0421,1065.0551
-303983.4775,-261232.2236,42751.2539,495.4348,1034.1778
-303728.9125,-261100.2172,42628.6953,490.434,1046.7622
-303896.4866,-261086.4788,42810.0078,487.0782,1087.6427
-303578.1203,-261011.0461,42567.0742,514.2857,1083.4534
-303776.0361,-261129.5204,42646.5156,496.4663,1073.5181
-303803.2967,-261110.7694,42692.5273,473.8046,1014.5368
-303827.1358,-261020.9601,42806.1758,481.7381,1058.4087
-303940.5014,-261056.9506,42883.5508,503.5944,1075.2583
-303741.4522,-261039.9366,42701.5156,508.6157,1055.0516
-303533.1317,-260959.3114,42573.8203,529.1575,1075.7431
-303760.1459,-261020.7788,42739.3672,478.4801,1024.5595
-303709.9116,-261079.0053,42630.9062,487.1232,1028.1384
-303922.0323,-261139.8526,42782.1797,483.2948,1041.2629
-303811.3905,-261007.285,42804.1055,497.1723,1034.7894
-303856.4293,-261084.9644,42771.4648,515.7456,1012.171
-303530.6854,-261016.4003,42514.2852,478.6735,1026.2505
-303643.1575,-260972.8138,42670.3438,530.0572,1006.6833
-303796.5769,-261044.1433,42752.4336,487.298,1016.621
-303820.676,-260957.2619,42863.4141,476.4783,1040.7757
-303725.9439,-260998.7603,42727.1836,526.3656,1040.4264
-303749.476,-261056.476,42693.0,491.8918,1066.7379
-303895.312,-260960.4878,42934.8242,527.7163,1015.8295
-303616.964,-261111.4874,42505.4766,469.799,1068.8214
-303889.4507,-261042.0718,42847.3789,490.1349,1033.8161
-303735.7739,-260985.8403,42749.9336,490.2733,1005.5754
-303602.1122,-260985.62,42616.4922,483.4783,1067.9849
-303722.7816,-260882.0629,42840.7188,474.6888,1056.7081
-303748.372,-261047.0009,42701.3711,487.5077,1061.6341
-303500.7844,-260999.0891,42501.6953,467.7023,1043.7899
-303486.6836,-260951.9336,42534.75,543.3651,1045.3103
-303713.8352,-260909.7688,42804.0664,526.3455,1059.478
-303712.1858,-260993.5452,42718.6406,504.4188,1045.6985
-303724.8674,-260997.0158,42727.8516,490.2761,1073.0369
-303767.3433,-260967.1987,42800.1445,491.585,1038.5389
-303491.9146,-260933.0865,42558.8281,491.258,1089.6288
-303596.5005,-261075.7622,42520.7383,496.7755,1027.1004
-304037.8527,-261112.7316,42925.1211,507.3874,1035.8567
-303656.1138,-260993.5123,42662.6016,499.0739,1032.4034
-303681.4593,-261035.5257,42645.9336,478.161,1068.4155
-303593.4048,-261006.7251,42586.6797,467.6446,1086.0078
-303746.5973,-261021.484,42725.1133,512.8065,1040.4813
-303449.3339,-261028.6386,42420.6953,478.935,1022.4111
-303689.8541,-261031.9596,42657.8945,490.3835,1011.1176
-303671.4672,-260963.1508,42708.3164,486.608,1070.7896
-303873.2892,-261080.3908,42792.8984,509.9911,1033.7484
-303730.7353,-261010.2704,42720.4648,488.4952,1011.243
-304007.3342,-261006.8889,43000.4453,507.1654,1066.2121
-303968.1184,-260969.7786,42998.3398,472.3397,1008.5573
-303451.2162,-260900.56,42550.6562,486.0043,1063.7635
-303552.8398,-260975.9804,42576.8594,476.8519,1085.199
-303805.2326,-260980.7717,42824.4609,505.9393,1059.9173
-303756.7772,-260935.7655,42821.0117,474.8691,1082.4044
-303849.1424,-261080.7791,42768.3633,480.6231,1056.9725
-303750.9109,-261006.5516,42744.3594,512.0593,1063.5432
-303788.9578,-261072.1492,42716.8086,471.7093,1070.7757
-303646.258,-260975.2502,42671.0078,522.6338,1034.7867
-303963.0277,-261099.4145,42863.6133,488.2089,1044.1486
-303884.9956,-261090.3237,42794.6719,509.0485,1067.6733
-303475.8097,-260969.8292,42505.9805,513.4748,1008.9151
-303705.4649,-260958.8907,42746.5742,469.2231,1062.66
-303703.8175,-260995.2511,42708.5664,464.8044,1050.1513
-303647.2334,-260976.124,42671.1094,512.09,1070.3221
-303689.929,-261004.8977,42685.0312,480.2801,1081.5105
-304142.3306,-261049.061,43093.2695,518.8546,1063.2574
-304017.8909,-261067.2776,42950.6133,468.1832,998.5957
-303749.6235,-261128.4594,42621.1641,499.9084,1039.5567
-303825.6536,-261091.177,42734.4766,486.2184,1109.8015
-303831.7099,-261001.8388,42829.8711,481.2723,1025.5839
-303769.9868,-261021.229,42748.7578,465.8273,1057.8598
-304008.4464,-261051.8019,42956.6445,482.5847,1105.5209
-303625.4159,-261036.2284,42589.1875,517.5604,1055.5816
-303731.3704,-261046.4915,42684.8789,494.5373,1050.5935
-303993.9751,-261068.6158,42925.3594,464.6612,1046.7771
-303561.2719,-260976.3969,42584.875,488.0465,1040.2415
-303497.3007,-261043.2421,42454.0586,495.7366,1061.3653
-303807.2804,-261126.7296,42680.5508,497.9179,1039.0615
-303868.2136,-261014.8425,42853.3711,484.2174,1037.718
-303754.1892,-261026.447,42727.7422,508.1566,1038.7234
-303627.2632,-260994.4156,42632.8477,523.9883,1011.4961
-303771.2467,-261046.0474,42725.1992,487.1153,1017.1047
-303556.2962,-260999.3821,42556.9141,525.717,1014.9142
-303717.5571,-261075.1313,42642.4258,467.7461,1067.9855
-303731.9595,-260966.147,42765.8125,500.9346,1012.1865
-303819.1336,-261099.7703,42719.3633,474.8567,1047.3293
-303898.2122,-261067.2161,42830.9961,514.7022,1046.507
-303496.8056,-260930.0673,42566.7383,483.9232,1071.6917
-303431.5693,-260906.8271,42524.7422,484.5791,1057.4041
-303481.7342,-260933.0819,42548.6523,467.3536,1089.5792
-303721.1483,-261120.9296,42600.2188,500.1872,1040.4375
-303749.5846,-261031.3815,42718.2031,483.7101,1060.0982
-303879.291,-261105.1503,42774.1406,501.1561,1034.5021
-303641.2337,-260940.0931,42701.1406,475.1712,1055.081
-303870.0922,-261138.7836,42731.3086,472.5105,1040.167
-303982.0503,-261050.2261,42931.8242,484.8472,1018.3461
-303909.5403,-261053.8059,42855.7344,477.5337,1027.3275
-303814.5571,-260954.1469,42860.4102,481.1718,1072.6646
-303484.4749,-260910.0569,42574.418,459.79,1045.0719
-303806.2584,-260977.6334,42828.625,480.8451,1067.2642
-303854.4539,-261056.1571,42798.2969,498.1912,1031.0408
-303459.521,-260985.8608,42473.6602,519.9739,1012.7592
-303570.1265,-260945.439,42624.6875,517.2526,1020.8875
-303633.3124,-261026.4139,42606.8984,522.6142,1035.1325
-304019.2703,-261064.243,42955.0273,480.2179,996.1418
-303733.657,-261069.9773,42663.6797,501.1529,1013.9668
-303442.9598,-260956.8387,42486.1211,506.9474,1031.4446
-303728.0676,-261016.7395,42711.3281,495.7781,1056.9693
-303651.2795,-261038.0138,42613.2656,497.7976,1038.6178
-303772.6206,-261039.9956,42732.625,494.5124,1030.3056
-303823.4167,-261099.8777,42723.5391,481.0613,964.6849
-303561.7801,-261128.4091,42433.3711,500.5714,1067.4338
-303847.8655,-261088.803,42759.0625,499.3961,1029.4519
-303697.8283,-261127.6877,42570.1406,507.3676,1063.3926
-303822.2317,-261120.4231,42701.8086,485.0062,1020.1074
-303790.5821,-261094.4923,42696.0898,475.3279,1061.3385
-303595.0248,-261038.7475,42556.2773,531.4089,1076.2566
-303786.1129,-260947.4566,42838.6562,480.4495,1028.7522
-303725.6776,-261046.2557,42679.4219,493.2138,1027.3219
-303611.7619,-261054.4729,42557.2891,508.9063,1047.3329
-303656.3899,-261022.1243,42634.2656,522.564,1017.0126
-303714.5698,-260905.6011,42808.9688,484.764,1026.5289
-303409.5063,-260957.2953,42452.2109,500.9319,995.764
-303580.2021,-261015.6318,42564.5703,488.9619,1077.2135
-303899.3454,-261132.404,42766.9414,502.612,1033.8807
-303801.1421,-261020.56,42780.582,503.0081,1028.7215
-303878.411,-261035.4032,42843.0078,520.1795,1035.3521
-303772.935,-260976.3803,42796.5547,509.3592,1016.56
-303673.5197,-260889.6838,42783.8359,473.0779,1020.299
-303747.4668,-261080.5449,42666.9219,507.8442,1035.1772
-303594.9761,-261119.6871,42475.2891,540.4268,1026.9627
-303592.7433,-261165.3175,42427.4258,498.9613,1023.6985
-303619.2843,-260976.4561,42642.8281,508.3113,1057.7616
-304108.1623,-261033.8967,43074.2656,487.8852,1042.1061
-303547.9225,-260923.6607,42624.2617,488.0072,1069.8236
-303683.1128,-260987.7808,42695.332,487.0117,1023.4697
-303640.5273,-261029.9375,42610.5898,471.1132,1028.3032
-303594.1313,-260986.7563,42607.375,490.9585,1058.4321
-303696.0926,-260983.3933,42712.6992,495.2881,1032.5229
-303554.094,-261070.4768,42483.6172,478.8593,1108.706
-303656.3192,-261001.1825,42655.1367,507.3274,1018.3457
-303916.1401,-261192.812,42723.3281,496.0282,1077.7379
-303597.1406,-260880.4375,42716.7031,447.9323,1052.9712
-303649.6636,-260922.0269,42727.6367,458.1349,1056.8514
-303523.8096,-260989.5947,42534.2148,498.0189,1078.3304
-303851.2471,-261051.2432,42800.0039,485.2752,1028.5258
-303764.33,-261098.705,42665.625,481.5603,1055.2571
-303712.4578,-261021.9578,42690.5,478.6999,1080.5907
-303601.4407,-260941.5853,42659.8555,510.8116,1032.5116
-303855.3592,-261084.0702,42771.2891,517.1272,999.7873
-303434.8051,-261022.2661,42412.5391,481.5565,1004.2824
-303733.1273,-261016.9241,42716.2031,491.5442,1054.3964
-303484.8114,-260923.1082,42561.7031,475.3888,1027.9696
-303778.83,-261021.4785,42757.3516,449.018,1012.1522
-303813.4932,-261011.7198,42801.7734,514.9917,1097.0044
-303655.8733,-260936.8577,42719.0156,488.2814,1052.8322
-303672.6354,-261107.7175,42564.918,480.6331,1099.2104
-303747.0508,-261091.5508,42655.5,510.0963,1052.7413
-303900.093,-261117.1477,42782.9453,498.2473,1043.1941
-303684.7522,-261037.3303,42647.4219,483.6663,1058.741
-303860.6324,-261081.3355,42779.2969,495.0561,1019.9565
-303712.2879,-261127.1746,42585.1133,496.8567,1041.799
-303666.7837,-261081.8579,42584.9258,511.5455,1087.1334
-303597.9312,-261088.0132,42509.918,504.4644,1057.3722
-303595.5532,-260960.1782,42635.375,517.7317,1044.3658
-303959.4586,-261062.7984,42896.6602,509.9275,1029.8083
-303555.1893,-260978.8729,42576.3164,490.4269,1041.3875
-303461.2826,-260865.9779,42595.3047,484.1243,1059.9328
-303677.7352,-260876.4032,42801.332,479.0181,1023.4897
-303319.9776,-260896.5635,42423.4141,491.5157,1002.2829
-303909.7354,-261075.9815,42833.7539,526.2334,1036.2983
-303690.9692,-261031.0864,42659.8828,495.4293,1061.2929
-303541.1385,-260890.0721,42651.0664,495.3695,1053.8978
-303806.9512,-261040.1035,42766.8477,509.8535,1049.5241
-303877.5134,-261127.5408,42749.9727,486.0376,1091.3144
-303770.8751,-261095.0548,42675.8203,518.0016,1058.9752
-303766.2969,-261002.8203,42763.4766,438.6336,1003.0583
-303621.353,-260927.1225,42694.2305,524.0994,1044.6914
-303755.3291,-261109.1611,42646.168,504.057,1039.7563
-303538.8263,-260987.2443,42551.582,534.1898,1028.2554
-303776.7938,-260976.204,42800.5898,510.0102,1040.4682
-303718.568,-260988.9118,42729.6562,528.4871,1029.6225
-303902.1886,-261056.216,42845.9727,477.4511,1039.2444
-303692.3457,-260945.5762,42746.7695,493.1715,1050.9409
-303694.1539,-261062.2594,42631.8945,519.1118,977.1891
-303692.6973,-261016.1348,42676.5625,477.9722,1073.4596
-303813.1932,-261067.1346,42746.0586,488.7408,1096.1038
-303596.7839,-261062.8972,42533.8867,502.1488,1042.1164
-303730.9467,-261036.7788,42694.168,507.1361,1035.844
-303745.6473,-260990.7996,42754.8477,469.2555,1074.1835
-303541.5339,-261012.5886,42528.9453,510.1168,1042.1793
-303623.7746,-260996.0676,42627.707,453.6689,1078.7922
-303658.6276,-260961.2487,42697.3789,476.8552,1040.0977
-303811.4899,-260992.6852,42818.8047,479.3621,1073.1987
-303910.6143,-261088.4229,42822.1914,470.5503,1052.7568
-303586.7908,-260917.5915,42669.1992,490.5056,1009.334
-303684.8033,-260953.8189,42730.9844,476.4954,1073.2675
-303887.1409,-261054.6019,42832.5391,487.9966,1092.8669
-303695.3121,-260994.109,42701.2031,507.8618,1045.1436
-303643.1715,-261107.359,42535.8125,499.5587,1033.1137
-303382.2402,-260924.3144,42457.9258,513.8411,1077.3179
-303924.8906,-260958.582,42966.3086,472.9939,1020.4061
-303594.8925,-260976.08,42618.8125,497.7754,1016.5249
-303604.3265,-261004.6859,42599.6406,469.0899,1077.6544
-303551.1025,-261008.415,42542.6875,497.9341,1058.5127
-303798.6663,-260910.5218,42888.1445,509.7189,1057.8273
-303695.4628,-261105.7909,42589.6719,490.2719,1051.6387
-303801.1592,-260996.3038,42804.8555,503.0099,1089.3349
-303834.1094,-260962.3477,42871.7617,486.2551,1081.2348
-303617.4097,-260947.8706,42669.5391,472.8823,1038.4538
-303691.977,-260980.8403,42711.1367,510.1834,1045.1757
-303892.6019,-261059.2894,42833.3125,477.3403,1034.764
-303710.8356,-261096.5153,42614.3203,486.8308,1019.9485
-303830.9636,-261067.9206,42763.043,485.5304,1058.5597
-303782.1828,-261116.718,42665.4648,508.9496,1048.4089
-303760.9676,-261102.9129,42658.0547,501.2933,1060.5636
-303724.4806,-260993.2853,42731.1953,506.1766,1016.5433
-303675.868,-260979.1453,42696.7227,538.373,1062.0031
-303828.575,-260983.2742,42845.3008,512.0385,1024.5582
-303536.1675,-261069.4918,42466.6758,488.1313,1058.7203
-303875.7556,-261100.908,42774.8477,495.3998,1076.5687
-303734.0402,-261156.091,42577.9492,512.2957,1056.2784
-303614.1875,-261056.8789,42557.3086,481.9704,1111.9282
-303378.2031,-260967.125,42411.0781,476.4764,1050.5001
-303604.9641,-260990.2336,42614.7305,479.2671,1076.5696
-303773.6668,-261031.7645,42741.9023,496.7221,1067.5397
-303872.417,-261032.1045,42840.3125,495.3701,994.8179
-303797.962,-261071.9815,42725.9805,491.0098,1025.3743
-303910.4937,-261026.8999,42883.5938,530.8127,1036.026
-303509.5826,-260975.5631,42534.0195,490.248,1045.6776
-303767.3308,-261048.4285,42718.9023,455.0593,1082.3097
-303739.4101,-261079.8789,42659.5312,495.0712,1037.3832
-303550.7951,-261005.5568,42545.2383,493.5088,1044.1125
-303725.1437,-261028.0656,42697.0781,504.2267,1002.0655
-303709.348,-261020.8832,42688.4648,469.8326,1044.9929
-303709.959,-261002.0137,42707.9453,470.3337,1032.193
-303707.1299,-260976.8994,42730.2305,476.3685,1044.3265
-303666.1618,-261091.3806,42574.7812,516.4502,1067.1383
-303439.2847,-260934.605,42504.6797,499.0896,1036.3428
-303695.3347,-260971.1159,42724.2188,508.723,1053.1811
-303750.873,-261033.7285,42717.1445,505.4319,1041.3898
-303974.9513,-261028.8771,42946.0742,472.7798,1042.7325
-303648.3101,-260994.8765,42653.4336,485.9144,1020.5391
-303365.321,-261040.1062,42325.2148,496.6897,1029.1653
-303769.2573,-260987.3823,42781.875,484.5243,1026.9752
-303591.3406,-261103.1804,42488.1602,505.8934,1053.5985
-303883.3335,-261165.8335,42717.5,467.472,1021.482
-303891.4949,-261071.8074,42819.6875,508.4458,1019.2535
-303846.0361,-261056.9775,42789.0586,487.7564,1051.0847
-303600.0857,-261011.4568,42588.6289,511.3241,1065.205
-303514.0598,-260959.3528,42554.707,492.1774,1037.5744
-303850.8139,-261056.853,42793.9609,462.6106,1009.1943
-303725.1723,-261007.1216,42718.0508,483.3922,1049.0202
-303890.5213,-261062.5525,42827.9688,486.8354,1039.7795
-303437.4904,-261030.3498,42407.1406,457.6731,1048.9729
-303728.1729,-260965.1964,42762.9766,467.6441,1092.4077
-303853.2783,-261047.6845,42805.5938,477.5886,1034.26
-303818.2024,-261101.1204,42717.082,503.5383,1021.3205
-303911.1745,-260999.5495,42911.625,519.8095,1055.5431
-303839.0107,-261091.5575,42747.4531,517.6598,1041.4531
-303563.2994,-261024.522,42538.7773,508.0541,1077.6496
-303552.1491,-260981.4343,42570.7148,480.6457,1029.7091
-303965.7479,-261001.3963,42964.3516,493.9412,1034.3033
-303872.5446,-261073.5797,42798.9648,462.7516,1035.5362
-303694.3858,-260984.1944,42710.1914,507.1069,1021.9687
-304003.2589,-261205.1612,42798.0977,497.6259,1037.0421
-303616.3268,-261060.8736,42555.4531,511.9735,1076.4821
-303760.6452,-261069.6139,42691.0312,487.1562,1067.5478
-303844.6809,-261080.7121,42763.9688,517.9199,1084.185
-304002.1442,-261095.2341,42906.9102,490.5284,1042.5741
-303588.7261,-260986.4839,42602.2422,504.3456,1028.2833
-303725.8833,-261096.9341,42628.9492,534.7767,1067.1708
-303781.3568,-261062.3373,42719.0195,517.1229,1066.8923
-303524.2985,-260920.3024,42603.9961,472.4387,1029.1361
-303999.5821,-261080.6602,42918.9219,491.6231,1085.6065
-303545.0686,-260962.3147,42582.7539,471.5048,1063.5936
-303893.7653,-261102.3551,42791.4102,493.22,1028.4807
-303891.3571,-261002.4118,42888.9453,488.1259,1040.9348
-303669.5349,-261047.9373,42621.5977,480.9961,1036.0907
-303642.4817,-261017.9895,42624.4922,460.9822,1078.0363
-303815.9353,-261035.0212,42780.9141,501.3272,1033.1975
-303660.4055,-260983.3078,42677.0977,513.8558,1050.1048
-303549.0964,-260886.7683,42662.3281,493.2022,1033.9326
-303716.3816,-261012.5262,42703.8555,506.3548,1042.2961
-303681.3311,-260973.2491,42708.082,520.7337,1066.0785
-303791.4845,-260997.0079,42794.4766,485.0696,1035.3593
-303743.3075,-261018.2606,42725.0469,486.5867,1062.6403
-303856.6906,-261074.5929,42782.0977,506.2981,1078.3902
-303565.0989,-260987.888,42577.2109,472.7257,1022.3699
-303736.414,-261038.6172,42697.7969,515.6754,1071.9416
-303752.8438,-260953.6016,42799.2422,499.607,1054.5784
-303699.1096,-261028.6018,42670.5078,505.5871,1056.0846
-303788.1805,-261085.1024,42703.0781,469.9953,1068.6216
-303411.8353,-260912.183,42499.6523,505.2788,1032.7762
-303643.5971,-261031.6323,42611.9648,492.7512,1013.7253
-303981.3503,-261033.0768,42948.2734,530.7851,1074.5409
-303711.2091,-261033.4357,42677.7734,466.4547,1044.8387
-303617.8433,-260933.8394,42684.0039,484.3664,1023.6203
-303831.4703,-260997.3453,42834.125,462.7368,1066.0653
-303507.3707,-261042.9683,42464.4023,497.9443,1000.7318
-303777.7464,-261101.8519,42675.8945,518.2558,1041.3869
-303574.8627,-261013.5775,42561.2852,485.8025,1051.0454
-304035.0804,-261122.9749,42912.1055,485.6244,1044.2147
-303546.5113,-261016.6949,42529.8164,489.3995,1055.9102
-303976.3518,-261141.3596,42834.9922,476.728,1062.2777
-303960.5974,-261115.0349,42845.5625,481.8815,1029.1886
-303871.2369,-261002.9401,42868.2969,491.4399,1050.4186
-303833.1028,-261069.4895,42763.6133,492.3994,1000.7374
-303961.7101,-261069.0773,42892.6328,503.6735,1050.9392
-303630.5365,-260981.1147,42649.4219,481.2854,1119.0274
-303519.8473,-260983.8551,42535.9922,505.489,1023.6764
-303574.9428,-261037.2982,42537.6445,470.1222,1025.5846
-303804.2192,-261074.7582,42729.4609,489.3452,1059.9429
-303730.5107,-260905.0498,42825.4609,534.6757,1095.0289
-303807.2174,-261046.0221,42761.1953,494.4495,1044.0897
-303541.9986,-260992.8892,42549.1094,506.5598,1081.4142
-303674.0116,-261016.7147,42657.2969,458.8836,1025.2502
-303539.7288,-260970.8694,42568.8594,519.147,1051.5552
-303920.861,-261124.5798,42796.2812,499.9255,1028.3431
-303924.403,-261113.9616,42810.4414,531.097,1019.653
-303661.2286,-261033.0528,42628.1758,497.2583,1024.4579
-303869.8732,-261058.4396,42811.4336,480.5907,1054.2494
-303729.7572,-261000.5423,42729.2148,482.801,1051.1179
-303551.2515,-261026.3296,42524.9219,482.2887,1052.8454
-303605.1329,-260987.7501,42617.3828,501.3308,1091.5537
-303793.2447,-261031.4127,42761.832,479.5444,1083.113
-303955.6903,-261037.6044,42918.0859,501.5132,1029.8459
-303437.9036,-261003.0325,42434.8711,484.815,1043.5797
-303664.403,-261025.5945,42638.8086,512.6924,1018.5856
-303732.9829,-260962.1586,42770.8242,485.6823,1039.3957
-303728.6346,-261036.7635,42691.8711,510.5196,1073.0873
-303790.3598,-261037.5317,42752.8281,489.998,1076.6007
-303513.9223,-261058.0551,42455.8672,510.056,999.1889
-303743.681,-261097.3412,42646.3398,475.9599,1077.5068
-303629.2755,-261101.1348,42528.1406,496.3138,1053.1529
-303689.8331,-261048.5792,42641.2539,482.0138,1064.3568
-303642.4628,-260989.8456,42652.6172,501.0228,1052.1753
-303666.2267,-260943.7228,42722.5039,469.8742,1036.4784
-303770.8137,-261045.6027,42725.2109,461.1933,1015.4885
-303493.4304,-261017.3523,42476.0781,509.7265,1033.9059
-303592.2153,-260960.7231,42631.4922,492.5194,1053.5557
-304027.8839,-261153.1885,42874.6953,499.754,1031.5236
-303839.141,-261079.1488,42759.9922,511.9272,1095.7354
-303945.9131,-261034.5967,42911.3164,489.8151,1061.4166
-303694.899,-261025.8365,42669.0625,494.453,1040.623
-303735.498,-261032.5526,42702.9453,503.9102,1041.3412
-303672.3667,-261084.5894,42587.7773,525.3432,1027.1566
-303797.0873,-261120.9272,42676.1602,516.5739,1057.5039
-303799.0529,-261035.1701,42763.8828,466.2294,1061.1034
-303728.2466,-260893.6958,42834.5508,491.7045,1037.4851
-303508.9063,-261055.0782,42453.8281,530.1973,1059.9386
-303578.5509,-260964.7462,42613.8047,517.3799,1075.6285
-303678.0261,-261080.2253,42597.8008,490.6622,1018.6291
-303554.2379,-260948.1324,42606.1055,507.817,1049.2122
-303571.4946,-261037.1587,42534.3359,503.9891,1061.0431
-303750.0296,-261121.8382,42628.1914,513.5472,1072.5927
-303617.469,-261086.3205,42531.1484,508.7785,1053.549
-303525.6679,-261032.164,42493.5039,497.2599,1094.6368
-303574.5543,-260944.5426,42630.0117,483.2125,1073.1867
-303589.9418,-261019.2738,42570.668,524.1495,1001.5785
-303657.8956,-261083.8683,42574.0273,503.9357,1042.1943
-303539.8254,-261043.0676,42496.7578,507.0149,1027.8904
-303382.9212,-260974.179,42408.7422,518.1532,1037.4183
-303775.1461,-261001.1813,42773.9648,497.5088,1054.836
-303488.1517,-260874.0385,42614.1133,460.5295,1067.4053
-303548.4494,-260980.465,42567.9844,496.769,1061.6133
-303637.9293,-260978.3746,42659.5547,488.8307,1011.8553
-303644.2861,-260958.501,42685.7852,485.784,1055.0936
-303866.6299,-261085.4814,42781.1484,515.192,1080.7612
-303746.7949,-261068.9902,42677.8047,495.3166,1037.3796
-303420.8869,-260926.469,42494.418,484.7866,1038.6406
-303816.5393,-261065.9377,42750.6016,517.2496,1021.9051
-303474.7541,-260824.2385,42650.5156,495.9485,1007.8966
-303688.2479,-260986.5565,42701.6914,505.3756,1044.8739
-303762.85,-261061.3305,42701.5195,475.2504,1044.5113
-303685.9117,-260990.9937,42694.918,481.0454,1033.3928
-303565.3248,-260924.2349,42641.0898,483.7088,1024.0612
-303873.0628,-260978.2933,42894.7695,495.9766,1038.9339
-303610.7755,-261062.049,42548.7266,483.4843,1043.5288
-303812.634,-261003.1067,42809.5273,513.5537,1029.1448
-303650.3963,-261020.6697,42629.7266,498.8329,1044.3848
-303570.3962,-260886.072,42684.3242,495.837,1034.9049
-303695.3355,-260979.2378,42716.0977,510.4445,1072.0344
-303719.572,-261030.2752,42689.2969,504.3637,1092.8859
-303766.3762,-261082.97,42683.4062,487.4151,1061.9654
-303699.2646,-260974.7021,42724.5625,504.8354,1059.2096
-303690.1285,-260896.7496,42793.3789,500.0214,1056.4249
-303414.247,-260967.6298,42446.6172,505.7723,1057.7524
-303606.1399,-260959.7649,42646.375,521.0702,1110.1322
-303490.0396,-260899.7818,42590.2578,499.3363,1013.9135
-303876.6664,-261113.0961,42763.5703,506.8749,1075.1705
-303950.3852,-261185.147,42765.2383,509.523,1065.8721
-303515.0828,-261015.2117,42499.8711,514.2312,1088.6814
-303810.6425,-261013.5917,42797.0508,474.5545,1059.9771
-303747.7562,-261064.3812,42683.375,489.2533,1041.6827
-303755.9648,-261057.2109,42698.7539,486.3075,1007.6661
-303479.3755,-260995.1841,42484.1914,523.4451,1071.374
-303690.5497,-261070.4911,42620.0586,520.4127,1050.9273
-303559.8243,-260938.7188,42621.1055,493.5312,1029.518
-303703.9717,-260961.2959,42742.6758,532.3183,1028.4408
-303612.0462,-260915.8469,42696.1992,486.9165,1008.2582
-303679.2806,-260969.9173,42709.3633,485.0572,1031.3067
-303802.5283,-261042.5165,42760.0117,494.6182,1050.6095
-303746.1247,-261008.8903,42737.2344,483.356,1069.5386
-303706.2362,-261094.1893,42612.0469,482.4629,1064.0456
-303878.5579,-261105.7298,42772.8281,499.8445,1004.5261
-303905.6182,-261078.7666,42826.8516,499.7488,1061.5896
-303717.6499,-261047.1499,42670.5,503.7711,1057.5332
-303725.6165,-261020.7806,42704.8359,475.3091,1040.4896
-303732.9393,-261101.9354,42631.0039,462.9488,1086.482
-303764.3176,-261082.7004,42681.6172,465.906,1071.4533
-303689.9877,-260959.4213,42730.5664,506.5634,1072.9931
-303787.5363,-261055.2746,42732.2617,489.5672,1058.39
-303817.5119,-261033.3947,42784.1172,504.6759,1100.4348
-303657.8828,-261082.8477,42575.0352,536.7109,1047.0436
-303731.5844,-260992.4477,42739.1367,495.996,1066.1293
-303595.6292,-260981.1956,42614.4336,512.682,1027.4964
-303835.349,-260992.7553,42842.5938,494.8466,1070.1509
-303897.2659,-261022.6565,42874.6094,494.1701,1013.4325
-303677.9653,-260970.6449,42707.3203,463.0512,1039.764
-303885.7363,-260995.0957,42890.6406,476.8173,1115.3387
-303721.1327,-260940.035,42781.0977,455.8682,1078.2836
-303506.3168,-260939.4222,42566.8945,501.3559,1050.6807
-304008.0176,-261004.0684,43003.9492,459.5994,1055.6434
-303715.8626,-260976.1985,42739.6641,479.054,1050.3289
-303745.3928,-261030.6037,42714.7891,521.9501,1029.0032
-303783.368,-261062.5164,42720.8516,470.8704,1035.5763
-303873.8881,-260990.642,42883.2461,482.3677,1030.3422
-303902.2829,-261068.6188,42833.6641,503.482,1025.7521
-303783.7221,-260952.519,42831.2031,479.831,1037.2446
-303797.1747,-261079.788,42717.3867,478.6688,1042.6066
-303816.6164,-260942.3039,42874.3125,498.43,1026.7788
-303860.6015,-261016.2773,42844.3242,474.7412,1010.5244
-303685.5968,-261044.3976,42641.1992,475.7512,1031.9297
-303845.4028,-261023.7895,42821.6133,503.7745,1071.7599
-303587.6796,-261009.2382,42578.4414,507.8307,1122.7197
-303453.6588,-260944.8346,42508.8242,510.4346,1038.6921
-303974.2886,-261055.9487,42918.3398,480.5627,1071.5625
-303670.2922,-260977.1047,42693.1875,465.8293,1038.5649
-303756.9181,-261106.8595,42650.0586,517.4518,1028.1902
-303578.6712,-260891.6282,42687.043,509.1881,1051.4309
-303634.8188,-261120.5024,42514.3164,506.4962,1073.9855
-303597.1805,-261061.661,42535.5195,464.8992,1051.2711
-303744.0686,-261024.2561,42719.8125,506.6581,1031.1006
-303741.047,-261103.9884,42637.0586,507.2566,1051.5541
-303892.4505,-261023.8529,42868.5977,484.7048,1025.6376
-303916.8475,-261166.0662,42750.7812,490.2025,1075.5027
-303498.2632,-260988.5445,42509.7188,514.5291,1059.7646
-303766.6618,-261072.1774,42694.4844,485.6248,1104.8846
-303762.6535,-260969.0715,42793.582,500.1543,1018.2613
-303855.7303,-261056.4999,42799.2305,488.1826,1058.2437
-303499.6005,-261006.1864,42493.4141,509.5958,1052.6022
-303834.5815,-261072.5151,42762.0664,538.1009,1022.3156
-303616.0721,-261012.9471,42603.125,486.2884,1038.3303
-303933.0641,-261066.9742,42866.0898,507.0147,1062.4013
-303545.1451,-261039.9302,42505.2148,495.44,1087.4144
-303661.413,-260915.3701,42746.043,504.0101,1000.2949
-303655.9958,-260961.7965,42694.1992,498.7235,1054.0463
-303709.6384,-261007.8025,42701.8359,493.1986,1029.3552
-303518.2831,-260975.7206,42542.5625,465.7724,1046.3787
-303758.931,-260980.2592,42778.6719,482.4668,1058.3517
-303521.5657,-260997.1907,42524.375,458.2865,1037.1966
-303859.4981,-261040.1309,42819.3672,496.3831,1046.848
-303516.9651,-260826.1604,42690.8047,519.5754,993.3693
-303730.7799,-261045.2603,42685.5195,475.3198,1031.47
-303822.8292,-261001.7472,42821.082,448.8252,1023.9238
-303555.4007,-261033.5609,42521.8398,515.1409,1070.8688
-303853.4803,-260993.8397,42859.6406,477.399,1072.5191
-303896.7916,-261077.5846,42819.207,482.8059,1064.3486
-303421.9657,-261016.7626,42405.2031,488.1332,1028.8798
-303889.9283,-261104.7447,42785.1836,495.9297,1053.371
-303685.7718,-261061.8929,42623.8789,485.6565,1072.6387
-303912.7756,-261036.0295,42876.7461,478.0268,1058.817
-303963.8598,-260987.4613,42976.3984,510.7532,1061.9776
-303457.5133,-260953.732,42503.7812,499.8367,1056.4241
-303681.5142,-260941.7329,42739.7812,508.1746,1004.9603
-303611.0964,-260914.7644,42696.332,479.9097,1021.2211
-303488.5618,-260936.5423,42552.0195,474.5693,1063.6531
-303785.1157,-261062.0727,42723.043,522.45,1122.1456
-303774.7283,-261026.74,42747.9883,478.3973,1068.5007
-303719.3221,-260996.287,42723.0352,495.5254,1040.6275
-303821.5711,-261012.5554,42809.0156,496.988,1080.2681
-303655.0143,-261029.2135,42625.8008,486.8726,1052.0285
-303790.9566,-261050.2535,42740.7031,534.2712,1009.934
-303644.0136,-260916.5996,42727.4141,527.5191,996.2808
-303455.9166,-261031.2643,42424.6523,480.9613,1067.9996
-303823.4438,-261111.3696,42712.0742,534.5574,1037.4457
-303547.5439,-261000.4033,42547.1406,502.1131,1054.7629
-303447.5199,-261021.6527,42425.8672,523.6375,1099.9084
-303778.4831,-261092.9792,42685.5039,472.9053,1018.7255
-303705.1194,-261036.7483,42668.3711,496.2662,1078.8655
-303722.2077,-261065.8835,42656.3242,482.5724,1078.4618
-303690.5379,-261099.8739,42590.6641,490.9033,1090.0728
-303832.8702,-261024.4131,42808.457,517.9231,1048.6682
-303749.2558,-261045.3222,42703.9336,510.1592,1079.2537
-303785.0616,-261055.8077,42729.2539,498.4427,1026.0666
-303827.6728,-260979.6024,42848.0703,497.7868,1020.6572
-303730.9777,-261005.2746,42725.7031,511.4296,1088.3714
-303284.5994,-260903.4666,42381.1328,489.7091,1047.8316
-303514.0562,-260963.9195,42550.1367,476.2418,1044.8257
-303696.7006,-260945.435,42751.2656,522.6673,1031.3135
-303582.9358,-260965.6585,42617.2773,481.656,1067.9458
-303367.9667,-260894.705,42473.2617,502.123,1064.9523
-303712.6958,-260971.2778,42741.418,479.5142,1088.6128
-303636.17,-260884.5216,42751.6484,482.4064,1007.0978
-303805.2996,-261111.6043,42693.6953,508.6275,1074.6963
-303825.5913,-260928.7163,42896.875,470.1705,1011.7096
-303592.9168,-261021.3036,42571.6133,482.1645,1025.3594
-303860.3907,-260985.5352,42874.8555,493.2038,1010.3686
-303592.966,-260971.7082,42621.2578,518.6263,1041.4311
-303649.1623,-261050.1467,42599.0156,481.2021,1010.8585
-303757.4734,-261037.4812,42719.9922,487.1384,1039.5663
-303536.2427,-260972.4068,42563.8359,491.5,1046.0739
-303437.694,-260980.3932,42457.3008,506.9315,1082.2932
-303816.3112,-261072.3737,42743.9375,500.0671,1038.1632
-303702.5046,-261036.9226,42665.582,491.5024,1087.1748
-303782.2273,-260980.2195,42802.0078,501.023,1046.8391
-303683.9724,-261075.8943,42608.0781,463.4741,1061.8077
-303580.9126,-260997.5376,42583.375,516.7291,1046.8821
-303575.3852,-261026.9321,42548.4531,504.8202,1084.6545
-304040.1074,-261147.3926,42892.7148,482.5335,1082.1692
-303620.2946,-261044.2946,42576.0,484.3853,1052.0405
-304056.2643,-261054.6979,43001.5664,504.707,1031.4322
-303505.5655,-260937.3389,42568.2266,497.1347,1079.7064
-303861.6898,-261145.1625,42716.5273,499.5933,1022.6205
-303731.3045,-260978.2341,42753.0703,490.9127,1022.684
-303916.0199,-260965.1917,42950.8281,483.9651,1001.3538
-303621.8651,-261035.369,42586.4961,464.418,1032.369
-303740.0225,-261023.6163,42716.4062,486.8569,1014.0624
-303742.0204,-260958.9032,42783.1172,479.0752,1019.4428
-303907.8439,-260976.7775,42931.0664,483.2294,1037.994
-303691.9528,-260983.7653,42708.1875,482.6927,1008.7045
-303770.2039,-260959.9617,42810.2422,518.2639,1055.8238
-303521.611,-261005.1814,42516.4297,448.7494,1036.6712
-303663.0978,-260997.965,42665.1328,485.198,1028.5023
-303784.2481,-260923.334,42860.9141,475.4494,1091.5539
-303881.2596,-261120.9784,42760.2812,504.2302,1072.2248
-303823.0644,-261084.8496,42738.2148,495.3913,1049.9583
-303744.0889,-260909.9639,42834.125,459.2829,1044.4374
-303657.6568,-261149.2467,42508.4102,514.3126,1056.4374
-303709.4553,-261031.2678,42678.1875,461.649,1069.4473
-303703.1272,-261023.221,42679.9062,499.5927,1052.4116
-303816.1388,-260990.1427,42825.9961,464.2452,1078.1961
-303844.4822,-261054.5486,42789.9336,493.2052,1064.1875
-303806.2454,-261077.4446,42728.8008,523.3116,1104.1103
-303818.0866,-261015.2936,42802.793,514.6575,1069.3717
-303475.8583,-260835.2372,42640.6211,470.6332,1064.3625
-303606.8082,-260937.2965,42669.5117,475.151,1081.6786
-303635.4018,-260987.2456,42648.1562,474.4224,1035.1082
-303569.1361,-260955.1869,42613.9492,432.9922,1034.8051
-303642.5166,-261031.6963,42610.8203,484.2162,1045.8206
-304068.3418,-261102.3926,42965.9492,485.9734,1007.5755
-303762.3567,-261095.0521,42667.3047,503.1795,1064.6254
-303701.367,-260996.6483,42704.7188,531.8443,1036.314
-303639.2478,-260961.0955,42678.1523,495.4191,1056.1709
-303744.5202,-261003.1179,42741.4023,512.4536,1048.9674
-303726.2329,-260956.1861,42770.0469,499.5439,1060.475
-303682.3354,-261012.1362,42670.1992,492.0112,1097.3383
-303960.2869,-261000.8142,42959.4727,457.6457,1045.1033
-303694.3664,-260985.9133,42708.4531,478.1416,1031.0951
-303824.2945,-261045.818,42778.4766,471.2784,1045.9574
-303717.8047,-261015.8125,42701.9922,482.7786,1059.286
-303560.5126,-260963.8954,42596.6172,517.3663,1067.7812
-303773.6855,-261025.2167,42748.4688,493.4763,1042.5074
-303783.4456,-261045.7191,42737.7266,502.6034,1058.1477
-303570.9177,-261029.9997,42540.918,455.7386,1045.9301
-303717.0743,-260922.875,42794.1992,502.3544,1102.1091
-303495.4506,-260924.7826,42570.668,477.3054,1049.9366
-303806.2999,-261088.1475,42718.1523,488.6162,1057.4801
-303667.7138,-260967.7255,42699.9883,470.5481,1087.3785
-303656.7659,-260932.1253,42724.6406,494.8693,1059.3748
-303661.5595,-261044.8993,42616.6602,497.2981,1078.669
-303927.0043,-261059.6879,42867.3164,495.2187,1096.281
-303615.3462,-261057.8305,42557.5156,503.2446,1097.6757
-303720.473,-260928.8206,42791.6523,488.0626,1050.6548
-303750.4306,-260958.5048,42791.9258,500.1438,1034.8062
-303824.3996,-260925.6222,42898.7773,503.9141,1079.1774
-303765.1972,-261057.873,42707.3242,494.993,1075.8804
-303711.2311,-260986.7624,42724.4688,472.0059,1066.1648
-303696.5426,-260933.109,42763.4336,475.3411,1061.505
-303862.5872,-260923.9309,42938.6562,486.4229,1055.1998
-303721.708,-260961.3095,42760.3984,483.4658,1065.7104
-303884.727,-261010.5825,42874.1445,495.9144,1035.2606
-303847.5861,-261005.6798,42841.9062,467.5892,1047.8545
-303777.7601,-261001.721,42776.0391,536.2384,1032.1844
-303604.585,-261049.8115,42554.7734,473.7492,1043.6371
-303855.5494,-261043.3345,42812.2148,529.1087,1017.5861
-303651.9789,-261055.3187,42596.6602,476.9443,1075.5449
-303712.0103,-260973.7486,42738.2617,479.442,1085.2828
-303985.4019,-261006.7769,42978.625,516.0043,1080.2899
-303683.7092,-261005.7834,42677.9258,477.0127,1100.3926
-303594.6734,-261017.3101,42577.3633,507.5099,1012.8907
-303903.123,-261065.662,42837.4609,513.254,1024.6307
-303789.4965,-261014.9535,42774.543,491.6331,1049.8269
-303735.8273,-261030.9367,42704.8906,486.737,1052.8583
-303699.5767,-261068.6704,42630.9062,504.2726,1086.0923
-303476.7253,-260917.5026,42559.2227,493.5442,1027.5798
-303617.7084,-260970.0013,42647.707,499.2249,1048.3145
-303847.9438,-260993.9867,42853.957,476.7532,1074.1643
-303562.7491,-261022.7608,42539.9883,485.5808,1051.8588
-303517.1099,-261026.7623,42490.3477,473.4248,1097.5105
-303648.1603,-261008.34,42639.8203,501.4902,1041.4586
-303728.925,-261023.093,42705.832,520.6126,1068.2535
-303670.0114,-260981.0466,42688.9648,495.9538,1073.1603
-303562.5064,-260928.4205,42634.0859,484.5226,1047.2342
-303598.7399,-260978.6383,42620.1016,512.6695,1077.0076
-303378.7473,-260797.5051,42581.2422,483.38,1015.7642
-303625.7159,-261013.6847,42612.0312,470.5016,1068.3888
-303740.8363,-260953.8441,42786.9922,514.1784,1116.4684
-303625.6994,-260930.5744,42695.125,476.3622,1042.7802
-303478.4119,-260940.5017,42537.9102,497.0912,1043.196
-303714.4588,-260992.8768,42721.582,496.6079,1052.6282
-303483.9412,-260974.8669,42509.0742,506.7295,1032.5235
-303671.8896,-261026.9248,42644.9648,530.4085,1052.2991
-303474.3453,-261033.3101,42441.0352,502.7106,1051.5055
-303668.8386,-260958.2879,42710.5508,496.2413,1031.4104
-303679.7439,-260898.3142,42781.4297,478.9268,1071.2625
-303697.777,-260954.4684,42743.3086,533.3594,1009.1942
-303762.2001,-261104.4071,42657.793,516.0505,1030.2901
-303752.0138,-260893.8927,42858.1211,466.1247,1042.522
-303808.9667,-261001.916,42807.0508,488.4095,1015.2682
-303702.6618,-261011.7985,42690.8633,505.0225,1087.7419
-303783.6836,-260977.2187,42806.4648,453.8832,1027.7562
-303645.1324,-260924.191,42720.9414,505.8955,1009.2209
-303602.3146,-260995.92,42606.3945,477.316,1067.6926
-303632.4581,-260945.1691,42687.2891,483.3997,1048.9701
-303716.1083,-261092.6591,42623.4492,506.8556,1042.1433
-303611.959,-261020.9278,42591.0312,480.9316,1072.0276
-303654.0494,-261013.108,42640.9414,475.0527,996.3989
-303844.7325,-261081.252,42763.4805,472.2158,1045.3843
-303639.9363,-261018.9558,42620.9805,482.7507,1077.2648
-303910.0265,-261120.1515,42789.875,464.082,1022.817
-303739.4706,-261034.4511,42705.0195,515.7733,1037.8397
-303668.939,-260968.2593,42700.6797,499.27,1085.3168
-303419.84,-260922.8673,42496.9727,486.3128,1034.7703
-303871.0535,-261028.8309,42842.2227,499.5459,1027.0711
-303646.0431,-260970.3127,42675.7305,506.7566,1046.3957
-303696.7552,-261021.8568,42674.8984,489.2835,1032.2842
-303754.1703,-261140.5922,42613.5781,541.42,968.0291
-303656.545,-261042.8496,42613.6953,511.7349,1039.6744
-303833.0587,-261013.1212,42819.9375,471.0131,1090.6712
-303467.1395,-260993.3074,42473.832,513.6148,1090.3495
-303559.4653,-260943.3988,42616.0664,492.1767,1030.7992
-303466.5805,-260905.2016,42561.3789,487.3844,1014.1652
-303666.9253,-260999.937,42666.9883,471.8355,1057.6814
-303698.6707,-261036.6785,42661.9922,474.1032,1079.7572
-303672.7168,-261029.1309,42643.5859,493.4641,1039.8612
-303710.7725,-261036.3271,42674.4453,474.2222,1026.4201
-303701.6195,-261027.3226,42674.2969,494.2821,1030.4162
-303539.5291,-261004.24,42535.2891,487.727,1085.4319
-303749.6706,-261060.7096,42688.9609,488.5278,1035.971
-303944.551,-261039.1174,42905.4336,488.8934,1088.0494
-304057.4644,-261116.7965,42940.668,470.7753,994.812
-304067.4751,-261023.4985,43043.9766,516.9546,1042.1619
-303633.8169,-260986.9615,42646.8555,480.0429,1047.8875
-303534.0822,-260928.4455,42605.6367,484.0687,1015.4839
-303486.3466,-261042.788,42443.5586,525.522,1047.3477
-303709.2265,-261107.3281,42601.8984,493.4338,1044.4243
-303738.3653,-261072.6621,42665.7031,518.1391,1085.4234
-303789.2335,-260975.9483,42813.2852,463.5983,1005.6799
-303524.5105,-260944.2683,42580.2422,476.3063,1077.6179
-303586.2157,-260991.868,42594.3477,510.813,1030.8893
-303834.3383,-261078.6235,42755.7148,499.1471,1038.7268
-303527.6382,-260951.9234,42575.7148,515.2771,1065.7993
-303686.7182,-261100.3315,42586.3867,492.7635,1057.4679
-303740.3141,-261046.5876,42693.7266,453.9991,1050.8903
-303698.2971,-261033.3322,42664.9648,481.3573,1026.6814
-303757.9774,-260973.3641,42784.6133,481.8575,1008.8102
-303827.6808,-261109.8332,42717.8477,490.4286,1057.0534
-303572.7706,-261020.3839,42552.3867,482.7099,1038.0621
-303780.5396,-261112.6294,42667.9102,499.3386,1021.5737
-303822.871,-260995.8554,42827.0156,532.1101,1071.0428
-303813.3122,-261007.6481,42805.6641,503.0599,1042.8834
-303808.1343,-261007.7085,42800.4258,483.5898,1031.4137
-303679.0923,-261001.7407,42677.3516,488.6384,1073.4355
-303609.8294,-260962.9622,42646.8672,503.7167,1068.4215
-303565.8161,-260994.5973,42571.2188,458.3931,1059.7109
-303600.5469,-261047.4414,42553.1055,536.8847,1048.3545
-303870.3806,-261067.9353,42802.4453,476.2833,1081.7295
-303743.3357,-261049.2614,42694.0742,512.4894,1061.9703
-303537.1141,-260981.7821,42555.332,511.1681,1040.3859
-303798.0743,-261048.8907,42749.1836,512.7118,1026.3111
-303776.4294,-260996.0349,42780.3945,465.729,1050.9777
-303799.1406,-260955.0468,42844.0938,537.4224,1060.4021
-303567.9626,-260925.2516,42642.7109,477.1331,1052.4583
-303845.0353,-260957.2072,42887.8281,484.3317,1056.8928
-303857.6282,-261086.0423,42771.5859,498.651,1053.1205
-303600.2289,-260991.5687,42608.6602,529.394,1051.0693
-303481.653,-261038.7389,42442.9141,484.4189,1031.8057
-303667.7282,-260941.0172,42726.7109,479.4687,997.0905
-303841.74,-261085.9471,42755.793,538.5517,1081.7665
-303539.651,-261044.6158,42495.0352,494.1405,1029.625
-303759.5914,-261108.5368,42651.0547,491.5206,1029.2781
-303769.2033,-261074.4846,42694.7188,497.5891,1078.842
-303457.3953,-260903.7508,42553.6445,491.0019,1042.8087
-303603.6988,-260951.0191,42652.6797,491.6242,1050.7439
-303791.2007,-260993.0015,42798.1992,527.0934,1046.9848
-303823.7948,-261156.8417,42666.9531,477.4136,1074.4178
-303748.1844,-261045.3954,42702.7891,511.3982,1040.5115
-303524.3972,-260942.5847,42581.8125,490.0642,1044.289
-303721.9047,-260989.4047,42732.5,479.8402,1057.1987
-303769.0383,-261032.8782,42736.1602,513.1191,1047.5973
-303604.8101,-260997.232,42607.5781,482.0677,1054.8856
-303667.9899,-260999.1774,42668.8125,492.795,1023.8643
-303814.6102,-261080.0203,42734.5898,496.1353,1053.1254
-303916.4679,-261111.335,42805.1328,497.7402,1057.2337
-303198.0268,-260956.4409,42241.5859,487.3015,1061.9706
-303842.5549,-261024.5471,42818.0078,477.4551,1019.7445
-303913.2767,-261002.6127,42910.6641,494.8722,1056.1001
-303649.1072,-260914.7205,42734.3867,452.0759,1031.5265
-304100.9663,-261165.0718,42935.8945,499.0018,1001.3731
-303677.2132,-261039.1702,42638.043,495.5736,1033.943
-303641.8939,-260935.7767,42706.1172,452.4091,1046.4057
-303494.1848,-261023.2434,42470.9414,487.8013,1059.2453
-303766.1554,-261085.0812,42681.0742,497.5243,1069.2173
-303687.6438,-261045.3664,42642.2773,516.8974,1071.9818
-303868.9808,-261056.7386,42812.2422,486.5691,1052.5476
-303768.7664,-261011.407,42757.3594,506.2301,1030.4906
-303539.5578,-261047.0031,42492.5547,488.8345,1011.0577
-303552.9612,-260970.0589,42582.9023,495.5987,1032.2038
-303659.7982,-260970.6888,42689.1094,482.4345,1056.6209
-303826.5363,-260981.2941,42845.2422,483.1396,1028.0321
-303767.9578,-261011.4773,42756.4805,520.0867,1059.1197
-303977.842,-261060.0763,42917.7656,492.9252,1007.5869
-303752.7589,-261077.6261,42675.1328,507.6155,1014.0012
-303678.9321,-261074.0024,42604.9297,485.8457,1040.5848
-303623.1523,-261012.6718,42610.4805,499.2279,1041.3249
-303770.5191,-261115.6441,42654.875,502.2303,1049.6686
-303591.9205,-261039.8268,42552.0938,486.2459,1054.3945
-303388.1149,-260928.1891,42459.9258,498.6128,1072.9183
-303504.3169,-261022.9497,42481.3672,479.6956,1012.3605
-303799.6363,-260992.0894,42807.5469,511.8572,1064.4409
-303810.7573,-261069.3433,42741.4141,497.5632,1052.1908
-303732.2167,-260942.037,42790.1797,470.142,1019.5686
-303684.2405,-260976.1311,42708.1094,493.205,1082.7358
-303744.6301,-261019.5207,42725.1094,517.2374,1051.9521
-303646.3294,-260857.1849,42789.1445,492.5598,1036.9369
-303867.2744,-261047.7822,42819.4922,464.4524,1014.6939
-303778.675,-260931.2375,42847.4375,496.0344,1016.9994
-303630.9881,-260901.7108,42729.2773,492.9427,1043.0268
-303614.5218,-260978.846,42635.6758,491.8763,1061.6624
-303884.2625,-260947.7312,42936.5312,469.1439,1038.7501
-303603.2414,-260936.5852,42666.6562,457.7667,1055.0996
-303581.5373,-260983.8341,42597.7031,473.2778,1072.9432
-303687.8984,-260956.9765,42730.9219,470.3586,1069.7221
-303843.9888,-261063.6216,42780.3672,524.2422,1083.0416
-303699.32,-260990.0388,42709.2812,468.1235,1043.3774
-303735.2007,-261065.0835,42670.1172,457.1463,1029.4716
-303588.8696,-260966.7798,42622.0898,489.2588,1047.2521
-303672.5795,-261008.3335,42664.2461,501.2285,1073.4082
-303733.2222,-261073.8433,42659.3789,470.8383,1046.5507
-303745.432,-261093.0766,42652.3555,512.0532,1037.8087
-303785.3453,-261060.8101,42724.5352,520.6935,1034.9582
-303567.8924,-261032.3026,42535.5898,535.1109,1011.7846
-303730.0893,-261037.0229,42693.0664,512.4594,1062.7321
-303769.9277,-261010.6113,42759.3164,492.5396,1043.7339
-303962.4301,-261053.059,42909.3711,501.1782,1070.0886
-303658.9994,-260981.5775,42677.4219,476.9166,1025.0648
-303894.663,-261018.2685,42876.3945,501.2454,1012.9762
-303864.342,-261091.2404,42773.1016,499.9666,1001.4447
-303489.2904,-261051.1771,42438.1133,480.1399,1017.1628
-303945.8977,-261111.4055,42834.4922,480.5697,1062.8462
-303823.0328,-261131.482,42691.5508,512.3219,1080.1256
-303951.0276,-260995.2463,42955.7812,466.964,1048.9448
-303714.0853,-261094.9447,42619.1406,497.7346,1088.1478
-303682.3847,-260961.662,42720.7227,505.2732,1028.5037
-303624.2043,-261009.091,42615.1133,506.1447,1056.0346
-303773.5165,-260975.1884,42798.3281,478.2922,1046.7154
-303723.8777,-260938.6824,42785.1953,458.3071,1070.375
-303468.7126,-260962.6852,42506.0273,502.304,1081.3019
-303763.3241,-260962.7538,42800.5703,486.6161,1033.2429
-303784.4261,-261002.5433,42781.8828,530.5315,1100.1161
-303773.7858,-260916.9499,42856.8359,475.286,1039.9007
-303694.6504,-261075.1895,42619.4609,518.5639,1024.2143
-303577.1908,-260992.5267,42584.6641,449.0682,1091.9336
-303725.0031,-260979.4171,42745.5859,487.576,1059.9902
-303495.5268,-261010.5424,42484.9844,493.0924,1034.4561
-303985.6218,-261061.1257,42924.4961,493.7975,1033.0187
-303928.4348,-261115.552,42812.8828,505.8864,1054.7805
-303650.6651,-261070.5245,42580.1406,480.7529,1013.2122
-303815.083,-261074.1103,42740.9727,456.9961,1085.7219
-303717.8029,-261104.1193,42613.6836,500.5613,1045.3769
-303788.4491,-261006.3671,42782.082,501.699,1030.9055
-303801.9013,-261016.1045,42785.7969,499.4364,1075.1739
-303807.6601,-261057.5546,42750.1055,455.9745,1048.1233
-303459.5027,-260946.2644,42513.2383,495.5324,1013.8152
-303490.4602,-261032.7415,42457.7188,520.2164,1063.1508
-303614.154,-261090.486,42523.668,531.445,1052.1807
-303592.8398,-260933.3281,42659.5117,505.5263,1021.4516
-303757.1523,-261022.8241,42734.3281,479.5915,1082.2031
-303700.2652,-260985.2144,42715.0508,495.9692,1086.2834
-303870.3313,-260986.3899,42883.9414,499.9835,1047.4331
-303745.2995,-261121.3855,42623.9141,514.1566,1040.2201
-303825.5483,-260961.5131,42864.0352,509.6698,1046.9975
-303651.0364,-261027.0246,42624.0117,536.0329,1017.1078
-303884.2045,-261045.0639,42839.1406,503.0216,1044.359
-303637.2792,-261001.4354,42635.8438,508.2096,1026.9567
-303843.0823,-260999.4338,42843.6484,484.1029,1044.4891
-303589.335,-261062.3389,42526.9961,482.8135,1036.7267
-303517.6606,-261065.4145,42452.2461,482.9555,1052.0473
-303771.5071,-261010.6086,42760.8984,474.0923,1021.9688
-303690.6678,-261076.4139,42614.2539,496.1989,1044.2348
-303407.2889,-260982.2186,42425.0703,464.447,1088.3224
-303819.8919,-260889.3138,42930.5781,478.2963,1020.3146
-303561.0417,-261005.9363,42555.1055,500.9911,1052.0508
-303759.0945,-261100.3366,42658.7578,511.3104,1056.4517
-303568.0314,-261048.254,42519.7773,466.876,1038.5425
-303781.5534,-261102.7174,42678.8359,499.9636,1048.2308
-303788.4583,-261055.1185,42733.3398,470.2205,1066.2752
-303941.4548,-261084.5837,42856.8711,487.2179,1026.2912
-303676.3095,-260962.2157,42714.0938,527.5635,1058.6093
-303708.125,-260985.3477,42722.7773,485.6196,1036.7008
-303702.4483,-261063.3976,42639.0508,504.5378,1004.2217
-303650.5199,-260970.6488,42679.8711,478.3927,1037.3443
-303781.0881,-260996.7678,42784.3203,512.6845,1050.0073
-304079.3534,-261141.3964,42937.957,475.7176,1048.7844
-303823.0228,-261000.7923,42822.2305,450.9977,1043.7262
-303597.2139,-260991.5967,42605.6172,458.0388,1030.8801
-303921.2869,-261020.4471,42900.8398,502.2223,1018.4973
-303590.7024,-260926.6321,42664.0703,487.0757,1091.3196
-303839.7526,-261112.3659,42727.3867,485.0352,1040.9836
-303860.7186,-260948.2811,42912.4375,438.4717,1028.2348
-303597.3689,-260895.5252,42701.8438,459.71,1065.1853
-303658.3146,-261032.6037,42625.7109,503.1086,1034.0285
-303686.2115,-260903.2779,42782.9336,494.398,1047.1718
-303629.9015,-261040.9054,42588.9961,509.4726,1034.9318
-303624.6573,-260980.9073,42643.75,480.6371,1055.5025
-303633.9134,-261025.1908,42608.7227,495.4183,1049.6776
-303580.8761,-260960.7394,42620.1367,505.3341,1044.4531
-303739.7889,-260972.5468,42767.2422,510.4036,1065.8524
-303927.5908,-261060.5361,42867.0547,489.3062,1095.8926
-303585.2905,-261014.6694,42570.6211,500.9691,1027.8585
-303726.7609,-261125.507,42601.2539,492.9136,1030.4175
-303795.847,-261054.6165,42741.2305,518.3721,1042.7451
-303543.2855,-261019.6488,42523.6367,479.664,1044.8625
-303699.3342,-261054.9006,42644.4336,503.2005,1045.8436
-304084.9211,-261008.843,43076.0781,461.4443,1036.802
-303658.3958,-261027.8216,42630.5742,517.9423,1046.5368
-303828.7907,-260917.4938,42911.2969,485.5054,997.4412
-303496.7845,-260914.9173,42581.8672,508.0234,1113.5811
-303659.0207,-260957.7434,42701.2773,498.6091,1008.4274
-303711.7036,-260945.895,42765.8086,493.817,1025.0839
-303544.228,-261076.7475,42467.4805,494.8744,1081.0976
-303738.7423,-260973.4688,42765.2734,483.9123,1030.3589
-303698.0599,-261050.4114,42647.6484,495.2482,1044.7303
-303620.7902,-261028.0246,42592.7656,500.7141,1107.9348
-303877.6582,-261036.5371,42841.1211,482.1024,1090.1759
-303659.7359,-261055.1226,42604.6133,498.7644,1052.9493
-303679.6435,-260971.8818,42707.7617,504.5169,1045.2722
-303752.4084,-261092.0568,42660.3516,494.7895,1048.9671
-303544.5361,-260903.7627,42640.7734,487.5549,1004.5883
-303604.0429,-260994.0155,42610.0273,498.1814,1063.6966
-303911.0809,-261147.8895,42763.1914,497.1517,1072.5328
-303834.87,-261022.0614,42812.8086,502.8276,1056.6394
-303480.8204,-260965.8204,42515.0,490.4995,1026.7465
-303712.9172,-261001.5383,42711.3789,501.7639,1041.9128
-303619.7436,-261003.1967,42616.5469,503.579,1043.4912
-303728.1655,-260990.3296,42737.8359,465.164,1061.563
-303722.2078,-261046.2547,42675.9531,515.8659,1037.9897
-303672.8664,-261011.6554,42661.2109,504.4632,1043.4689
-303457.7407,-261006.0337,42451.707,498.1224,1033.6145
-303579.6222,-261062.5675,42517.0547,501.5379,1057.0504
-303898.4017,-261049.9095,42848.4922,501.0333,1055.385
-303677.7124,-260962.2241,42715.4883,498.5561,1056.5594
-303806.3632,-261064.621,42741.7422,525.5352,1046.179
-303664.1812,-261008.9937,42655.1875,486.6313,1056.8258
-303797.1156,-260942.5062,42854.6094,530.3153,1014.5972
-303799.8586,-261114.6438,42685.2148,527.4247,1026.9676
-303726.1895,-261022.1661,42704.0234,497.0418,985.3776
-303843.4575,-261050.0239,42793.4336,497.81,1003.4446
-304072.2673,-261083.2556,42989.0117,528.2289,1010.6425
-303706.3571,-261059.6227,42646.7344,496.9902,1024.1226
-303634.3347,-260995.1824,42639.1523,541.5907,1048.4378
-303661.6341,-261068.2122,42593.4219,492.5239,1033.8206
-303897.9301,-261107.7426,42790.1875,508.5768,1036.4475
-303755.5768,-261020.7799,42734.7969,478.1933,1028.1922
-303992.6083,-261160.6708,42831.9375,508.6503,1036.0457
-303659.5197,-260966.2345,42693.2852,486.3581,1033.4372
-303714.4274,-260951.1931,42763.2344,497.9138,1058.4299
-303857.5294,-261066.9044,42790.625,482.1396,1058.7383
-303737.38,-261070.4932,42666.8867,472.9994,1029.9624
-304047.5864,-261088.5786,42959.0078,491.1207,1035.5174
-303527.0717,-261072.7397,42454.332,512.1531,1065.8499
-303743.2737,-260964.2034,42779.0703,500.3279,1026.2844
-303565.7429,-260958.3288,42607.4141,510.4086,1009.6968
-303718.0388,-261061.7967,42656.2422,497.7,1044.9564
-303938.4643,-261120.7572,42817.707,489.4902,1002.7981
-303837.1879,-261049.5004,42787.6875,497.2077,1043.035
-303884.594,-261193.801,42690.793,493.2611,1066.2686
-303819.0458,-261025.1825,42793.8633,503.9748,1012.3346
-303914.8157,-261084.718,42830.0977,505.5045,1070.4547
-303902.3689,-261025.4627,42876.9062,486.0129,1033.9475
-303803.107,-260948.8609,42854.2461,477.8861,999.7127
-303763.4928,-261001.317,42762.1758,464.5771,1023.8732
-303822.2092,-261024.4201,42797.7891,502.2086,1098.665
-303882.5965,-261068.6668,42813.9297,520.8257,1038.7422
-303646.9854,-261040.462,42606.5234,485.5404,1047.1681
-303807.9401,-261069.8581,42738.082,486.2175,1068.1263
-303836.4123,-261039.5764,42796.8359,473.7125,1053.5497
-303706.7874,-260973.7132,42733.0742,539.9288,1011.1372
-303867.1691,-261088.673,42778.4961,491.482,1026.9717
-303856.6935,-261127.0099,42729.6836,477.3162,1047.9783
-303807.7778,-261110.1957,42697.582,510.1752,999.9033
-303838.5695,-261135.7023,42702.8672,505.491,1005.5145
-303633.4808,-261024.8441,42608.6367,505.325,1033.988
-303573.6439,-261067.9017,42505.7422,505.7225,1050.7527
-303779.5173,-261118.3806,42661.1367,509.0639,1046.7144
-303866.3963,-261139.3963,42727.0,463.3879,998.2101
-303906.6128,-261103.1792,42803.4336,445.8078,1047.0553
-303733.6249,-261032.707,42700.918,513.21,1056.5153
-303839.3539,-261137.1898,42702.1641,510.5035,1014.3831
-303909.0733,-261034.0694,42875.0039,508.3892,1063.1937
-303791.9244,-261011.1978,42780.7266,499.3326,991.7202
-303741.8981,-261128.195,42613.7031,483.5806,1032.5343
-303793.812,-261032.5503,42761.2617,458.4401,1034.0017
-303623.0805,-261047.0609,42576.0195,491.6188,1032.7604
-303593.0704,-260982.9806,42610.0898,497.7329,1032.0738
-303544.8679,-261008.153,42536.7148,486.3857,1021.1204
-303693.8311,-261012.9249,42680.9062,505.1549,1059.9476
-303611.6084,-261011.0185,42600.5898,476.901,1104.3245
-303783.2152,-261032.1878,42751.0273,496.7961,1052.7596
-303690.5243,-260994.3875,42696.1367,474.4686,1023.4185
-303953.4167,-261035.7136,42917.7031,477.6939,1071.3517
-303812.82,-261030.5231,42782.2969,485.2899,1023.3097
-303651.6448,-261113.051,42538.5938,523.5124,1073.8182
-303978.0142,-261051.2799,42926.7344,481.1793,1062.0264
-303755.5382,-261057.003,42698.5352,478.5541,1022.5677
-303638.8768,-261159.9236,42478.9531,497.6219,1062.2495
-303664.7154,-261017.4029,42647.3125,508.832,1021.2296
-303484.6359,-260987.4601,42497.1758,474.5601,1005.8367
-303805.8775,-261082.9361,42722.9414,507.6651,1033.831
-303744.3321,-260978.4845,42765.8477,513.8042,1094.7525
-303778.3269,-261139.1276,42639.1992,481.3491,1055.8168
-303696.4287,-260983.1396,42713.2891,494.7448,1079.3534
-303646.855,-261008.4839,42638.3711,487.0792,991.2101
-303811.1155,-261112.1819,42698.9336,518.5856,1042.9532
-303674.1582,-261047.248,42626.9102,492.5581,1085.92
-303662.0666,-261066.4729,42595.5938,501.8122,1075.8689
-303912.6924,-261182.169,42730.5234,511.7923,1074.7154
-303756.2989,-261053.6817,42702.6172,496.7852,1041.9851
-303887.3822,-261013.1126,42874.2695,499.9152,1053.3693
-303853.4468,-261032.2671,42821.1797,518.6394,1001.6561
-303690.1875,-260990.9219,42699.2656,522.2312,1079.3572
-303589.1038,-260989.76,42599.3438,494.126,1051.2523
-303724.6856,-260983.2755,42741.4102,507.6518,1073.0076
-303531.0556,-260981.5439,42549.5117,481.915,1051.0083
-303723.8849,-261033.5489,42690.3359,482.1757,1079.5611
-303710.5991,-261065.0327,42645.5664,518.2907,1039.3235
-303816.28,-261101.3503,42714.9297,508.8389,1050.6939
-303777.5397,-260984.6881,42792.8516,488.6102,1047.8453
-303777.5983,-261137.2741,42640.3242,502.8714,1021.9341
-303823.0147,-261003.0304,42819.9844,510.9302,1029.4899
-303781.82,-260959.2028,42822.6172,464.0196,997.2638
-303972.5155,-261099.9882,42872.5273,491.308,1080.9047
-303609.1575,-260942.4349,42666.7227,512.5014,1065.1625
-303673.5887,-260957.5887,42716.0,483.0482,1055.34
-303709.2923,-261026.1595,42683.1328,501.1275,1073.6453
-303689.4046,-261015.4319,42673.9727,480.7838,1038.4355
-303739.6028,-261025.9935,42713.6094,448.7248,1047.5921
-303690.5701,-261115.0701,42575.5,504.1066,1100.3543
-303960.5301,-261059.5418,42900.9883,491.2786,1038.8384
-304026.4669,-261075.2169,42951.25,495.8671,1047.217
-303577.4192,-261006.9113,42570.5078,501.2525,1014.218
-303864.8706,-261007.3238,42857.5469,486.5807,1050.7559
-303670.3868,-260991.5743,42678.8125,486.0569,1010.993
-303927.4822,-261037.7908,42889.6914,525.7124,1024.5962
-303731.8238,-261033.8043,42698.0195,515.866,1072.5841
-303634.6963,-260969.8838,42664.8125,520.2585,1028.9013
-303849.3328,-261093.5672,42755.7656,477.8367,1054.9966
-303543.8591,-260999.363,42544.4961,526.9363,1003.8732
-303593.288,-261011.8075,42581.4805,543.8098,1039.3277
-303902.0524,-261051.8259,42850.2266,513.3261,1047.406
-303821.8995,-261070.3409,42751.5586,514.5498,1063.5744
-303896.0577,-261041.3545,42854.7031,501.0919,1033.527
-303748.0177,-261007.9943,42740.0234,492.4846,1032.498
-304007.1344,-261074.0485,42933.0859,499.6419,1058.8579
-303767.9429,-261009.8023,42758.1406,495.8628,1092.1418
-303423.4154,-260966.4114,42457.0039,526.1814,1052.1395
-303754.9827,-260918.9085,42836.0742,535.5453,1051.6761
-303483.2202,-260889.6264,42593.5938,501.1022,1021.8068
-303675.725,-260881.0375,42794.6875,488.3607,1041.2558
-303766.434,-261021.184,42745.25,501.36,1067.2743
-303697.8324,-260906.7386,42791.0938,462.6327,1016.8388
-303880.0793,-261034.6926,42845.3867,467.07,1038.4551
-303471.3424,-260867.3932,42603.9492,494.6921,1025.6436
-304027.6631,-261090.749,42936.9141,474.9105,1064.4072
-304076.1484,-260993.2812,43082.8672,471.0319,1043.2317
-303664.3908,-260926.4142,42737.9766,488.332,1041.6512
-303771.8334,-261000.2396,42771.5938,468.4189,1069.2713
-303820.7003,-261068.8566,42751.8438,516.3289,1062.2614
-303688.9973,-261116.7552,42572.2422,473.9453,1029.5557
-303592.1659,-260927.8886,42664.2773,518.7715,1039.8595
-303737.9639,-261093.1944,42644.7695,462.58,1046.0721
-303694.4014,-260998.5264,42695.875,487.2939,1064.0712
-303751.5939,-261021.2579,42730.3359,504.0777,1065.9129
-303900.1251,-261108.504,42791.6211,499.3447,1067.8418
-303913.017,-261043.7827,42869.2344,485.4243,1035.8237
-303660.4579,-261039.3095,42621.1484,509.2391,1034.3065
-303872.65,-261104.4703,42768.1797,503.8381,1034.2229
-303969.151,-261152.151,42817.0,523.5517,1037.917
-303785.3496,-261091.2989,42694.0508,495.7175,1039.6686
-303546.5561,-261024.3413,42522.2148,517.4904,1058.859
-303741.0909,-260934.8292,42806.2617,496.4909,1062.7938
-303472.8705,-261017.933,42454.9375,485.2156,1035.2251
-303589.9087,-260988.4907,42601.418,474.101,1048.9838
-303711.053,-260951.3733,42759.6797,493.7347,1052.4354
-303616.2001,-260914.5946,42701.6055,496.7237,983.6632
-303664.4332,-261031.6949,42632.7383,512.2377,1051.1807
-303663.2664,-261006.618,42656.6484,500.5954,1026.4398
-303600.3115,-261007.0615,42593.25,491.5406,1026.7938
-303578.2067,-260976.0231,42602.1836,497.4769,1026.7991
-303892.9188,-260997.618,42895.3008,507.9871,1023.8621
-303873.6518,-260986.0464,42887.6055,494.354,1016.8106
-303650.4084,-260976.8693,42673.5391,512.3606,1042.4678
-303562.884,-261047.2121,42515.6719,477.4052,1027.5938
-303542.1361,-260975.3119,42566.8242,477.7856,1033.1846
-303688.8126,-261010.59,42678.2227,501.5121,1070.0037
-303625.2374,-260990.964,42634.2734,474.3114,1012.4642
-303762.5946,-260934.3446,42828.25,466.6709,1018.7361
-303567.1437,-260945.632,42621.5117,490.8024,1034.67
-303772.2292,-261031.7526,42740.4766,516.3984,1069.9681
-304027.9043,-261068.8066,42959.0977,484.6071,1037.0316
-303628.8787,-261002.3279,42626.5508,495.8275,1059.7581
-303603.6573,-260976.1534,42627.5039,498.2036,1095.6994
-303833.4078,-261055.7398,42777.668,533.2747,1031.3902
-303762.6816,-260976.1113,42786.5703,483.6117,1061.1324
-303566.4896,-261047.3724,42519.1172,509.9934,1011.7831
-303737.3036,-261067.5965,42669.707,491.1582,1040.3488
-303648.7272,-261050.6452,42598.082,495.8179,1039.1616
-303538.2698,-261008.805,42529.4648,494.6241,1056.5951
-303677.5314,-261005.5548,42671.9766,490.7161,1012.041
-303399.1025,-260896.1416,42502.9609,466.2289,1068.5611
-303804.733,-260982.1822,42822.5508,496.2796,1011.7435
-303662.669,-260998.3643,42664.3047,510.2326,1021.8355
-303827.9723,-261062.0973,42765.875,520.6553,1040.2239
-303420.9725,-261053.0702,42367.9023,506.2486,1008.7866
-303872.3706,-261027.1245,42845.2461,497.3792,1023.2298
-303939.7132,-261166.7053,42773.0078,471.5865,1020.8713
-303486.2793,-260990.5254,42495.7539,505.7329,1059.2894
-303801.9393,-261038.3299,42763.6094,507.5616,1015.7078
-303637.7053,-261060.2639,42577.4414,477.0329,1100.4188
-303616.405,-261005.4441,42610.9609,509.5829,1045.778
-303786.1634,-261064.7455,42721.418,465.019,1039.5866
-303670.0769,-261052.819,42617.2578,501.8713,1048.0533
-303525.9507,-260963.3843,42562.5664,465.8011,1010.5313
-303810.1374,-261058.5827,42751.5547,484.0512,1052.8422
-303761.1506,-261011.5295,42749.6211,508.5481,1056.5122
-303594.6637,-260891.9684,42702.6953,513.4883,999.7366
-303730.0464,-260967.9761,42762.0703,497.9137,1091.9385
-303793.2285,-261077.8027,42715.4258,472.5268,1063.6837
-303601.9891,-261012.6102,42589.3789,556.3016,1061.0
-303708.7603,-261090.4126,42618.3477,500.9393,1078.0687
-303678.9557,-261072.4205,42606.5352,500.1945,1052.9261
-303840.4965,-261111.8012,42728.6953,491.5809,1077.3715
-303663.3595,-261051.7658,42611.5938,492.6744,1035.5971
-303470.8345,-260922.1509,42548.6836,555.2195,1019.9837
-303731.283,-260983.5448,42747.7383,509.9489,1071.2378
-303504.6113,-260936.127,42568.4844,465.7069,1036.7207
-303798.2022,-261038.1866,42760.0156,492.3398,1025.9788
-303697.1978,-261024.2407,42672.957,523.536,1019.8864
-303813.239,-261016.1765,42797.0625,479.8254,1030.8222
-303649.2,-260996.7156,42652.4844,520.1864,1043.8139
-303857.955,-261191.6191,42666.3359,507.1741,1037.3683
-303981.872,-261117.4697,42864.4023,526.8761,1016.0908
-303783.0638,-260987.1575,42795.9062,459.9632,1022.2695
-303656.2548,-261131.6923,42524.5625,496.0731,1028.9732
-303923.9018,-261031.6869,42892.2148,446.2208,1028.4106
-303879.5843,-260999.3812,42880.2031,473.2649,1041.0161
-303862.5852,-261089.2453,42773.3398,530.386,1057.6344
-303785.2085,-261053.8609,42731.3477,525.0786,1067.0229
-303574.2223,-261014.5231,42559.6992,500.1533,1039.1029
-303464.6504,-260965.705,42498.9453,507.1792,1029.4444
-303643.2894,-261036.6331,42606.6562,515.4368,992.1555
-303594.8098,-260993.5715,42601.2383,493.7854,1056.2239
-303738.024,-261092.7154,42645.3086,499.8217,1075.3219
-303979.4635,-261023.6236,42955.8398,473.9508,1022.9776
-303732.6983,-261024.835,42707.8633,476.6537,1033.185
-303697.7892,-261088.1486,42609.6406,503.1364,1021.8339
-303787.7954,-261014.8149,42772.9805,472.698,1048.3954
-303713.3021,-260981.2435,42732.0586,470.7279,1056.9076
-303787.0153,-261096.8903,42690.125,468.4473,1022.4101
-303937.0475,-261057.8053,42879.2422,522.8654,1053.9719
-303810.8793,-261055.8363,42755.043,481.4379,1069.8157
-303791.1329,-260953.0548,42838.0781,480.9607,1037.5727
-303579.6415,-261073.5361,42506.1055,491.4821,1043.1049
-303938.2504,-261199.4223,42738.8281,506.0065,1103.1785
-303760.6553,-261104.1163,42656.5391,539.8758,1017.214
-303790.9107,-261101.6919,42689.2188,481.8981,1064.6204
-303501.1553,-260975.3506,42525.8047,494.192,1062.9838
-303609.206,-261050.7607,42558.4453,530.2134,1053.1885
-303697.2642,-261009.5142,42687.75,510.3858,1016.8517
-303587.7529,-261011.9717,42575.7812,495.7989,1012.4099
-303658.1932,-261028.455,42629.7383,479.9332,1064.6823
-303911.3178,-261131.7553,42779.5625,537.257,1039.2742
-303772.7393,-260983.3018,42789.4375,506.3994,1032.0944
-303684.5816,-261057.0387,42627.543,478.3379,1058.4035
-303767.3132,-261074.8561,42692.457,482.9079,1062.1672
-303804.8308,-261023.8503,42780.9805,476.3289,1056.9811
-303714.7599,-260923.2717,42791.4883,501.8781,1099.9516
-303857.1826,-261042.2647,42814.918,471.9045,1038.7887
-303884.4331,-261093.8706,42790.5625,493.2012,1040.1988
-303730.5183,-260951.7332,42778.7852,485.8873,1008.0097
-303641.1747,-260916.1551,42725.0195,533.2785,1028.3797
-303739.5735,-261035.2884,42704.2852,486.4351,1081.8392
-303707.1107,-260963.3802,42743.7305,505.1997,1067.5979
-303674.5295,-260960.0061,42714.5234,490.1747,1041.5628
-303849.2271,-260986.0357,42863.1914,525.5736,1068.5429
-303625.4025,-260991.6877,42633.7148,527.051,1094.9597
-303730.0662,-261089.0858,42640.9805,490.2447,1053.5825
-303637.8468,-260965.9327,42671.9141,472.394,1037.1471
-303974.0336,-261049.5922,42924.4414,480.4359,1031.0914
-303765.8222,-261068.2284,42697.5938,486.8866,1059.9791
-303598.9154,-261036.9779,42561.9375,470.2692,1093.9949
-303711.9867,-261026.4203,42685.5664,475.303,1065.4292
-303901.0115,-261019.5623,42881.4492,495.0387,1017.9028
-303756.8497,-261074.7716,42682.0781,532.5619,1050.7939
-303714.8065,-261035.869,42678.9375,497.5028,1076.7681
-303858.6969,-261095.5797,42763.1172,511.1933,1057.6067
-303697.2979,-260944.9463,42752.3516,506.3549,997.7424
-303852.2277,-261066.6223,42785.6055,496.9383,1045.6212
-303860.4157,-261024.0642,42836.3516,500.5139,1069.0635
-303795.0586,-261090.1328,42704.9258,518.0582,1008.4013
-303614.2937,-260967.8796,42646.4141,483.2163,1049.0335
-303643.8019,-260931.7394,42712.0625,471.2835,1048.9681
-303748.8726,-261091.8961,42656.9766,497.2508,1047.708
-303581.6454,-261052.6454,42529.0,505.3627,1057.9357
-303458.7276,-260962.7081,42496.0195,459.7635,1034.8116
-303603.3655,-260930.8148,42672.5508,451.2727,1046.8623
-303814.1348,-261016.084,42798.0508,501.7337,1047.2052
-303581.5672,-261045.5633,42536.0039,488.7532,1055.709
-303686.8116,-261101.7218,42585.0898,477.8822,1068.0152
-303774.9481,-261077.0926,42697.8555,503.0266,1089.5912
-303878.4833,-261143.0029,42735.4805,520.8758,1041.8407
-303686.7137,-260986.2528,42700.4609,510.1517,1043.6133
-303551.1447,-261002.7697,42548.375,567.7882,1056.3483
-303498.1132,-261013.121,42484.9922,484.7274,1053.7245
-303642.2684,-260936.6629,42705.6055,494.6257,1033.1827
-303925.4293,-261032.2144,42893.2148,495.297,1086.3118
-303573.1046,-260921.4132,42651.6914,497.9654,1068.0726
-303659.6597,-260924.355,42735.3047,478.215,1038.867
-303577.2466,-260945.0278,42632.2188,477.1472,1025.8321
-303573.3353,-260958.7532,42614.582,457.7972,1074.0984
-303659.688,-261047.6841,42612.0039,518.5577,1072.5019
-303834.1197,-261048.6548,42785.4648,469.8851,1022.5971
-303679.5407,-261002.2282,42677.3125,463.1353,1033.8399
-303594.115,-260833.5799,42760.5352,453.6409,1070.4458
-303839.7364,-261082.1114,42757.625,500.9039,1052.2698
-303842.753,-261103.4991,42739.2539,482.0761,1040.6728
-304074.801,-261019.2385,43055.5625,516.178,1104.6549
-303785.52,-261054.1333,42731.3867,507.9508,1034.6101
-303726.0252,-261114.8846,42611.1406,463.2413,1060.9808
-303739.01,-260985.0452,42753.9648,517.0219,1043.8901
-303716.1464,-261003.748,42712.3984,494.7118,1006.1544
-303789.5077,-261073.1132,42716.3945,518.8779,1056.8311
-303802.8847,-260938.6425,42864.2422,490.2718,1063.0628
-303499.4543,-260952.7511,42546.7031,525.0973,991.6463
-303683.9392,-260999.9744,42683.9648,498.0396,1075.0239
-303893.9433,-261097.2637,42796.6797,519.9951,1031.3804
-303485.7324,-261025.9277,42459.8047,482.8231,1049.2489
-303605.3017,-260996.3095,42608.9922,510.3728,1047.2338
-303551.4635,-261030.7213,42520.7422,481.2139,1049.8205
-303581.2502,-261066.4377,42514.8125,539.1232,1051.0742
-303723.7049,-261033.5409,42690.1641,480.1163,1014.588
-303573.7371,-261001.8035,42571.9336,518.3855,1000.4396
-303686.2712,-260926.7712,42759.5,468.2197,998.09
-303783.0282,-261005.5907,42777.4375,466.5827,1019.4079
-303873.033,-261059.0994,42813.9336,514.2712,1021.8509
-303832.6789,-261169.7414,42662.9375,475.8963,1101.2446
-303575.5291,-260872.7791,42702.75,481.5011,1109.5064
-303683.4835,-261017.5968,42665.8867,516.3946,1071.2714
-303788.1077,-261139.514,42648.5938,486.9624,1052.4917
-303663.5475,-261026.5787,42636.9688,506.9792,1064.9727
-303403.8869,-260932.7424,42471.1445,485.8504,1104.9093
-303640.6444,-260981.8983,42658.7461,479.6935,1057.8963
-303757.7981,-261054.1497,42703.6484,521.4496,1071.7695
-303590.9808,-261013.2035,42577.7773,486.595,1060.7856
-303879.5589,-260997.9261,42881.6328,479.9696,1016.8439
-303852.5237,-260970.2463,42882.2773,477.5767,1007.4423
-303423.6446,-260913.4844,42510.1602,501.3769,1077.6293
